gene,ks_pvalue,wil_pvalue,q_ks,q_wil
AAK1,0,1.0295177434147811e-19,0,3.5232824117246733e-19
AANAT,0.42495116617487405,0.1612052905089598,0.4268664390365073,0.17515480376445783
AATK,0,4.7304763122979716e-24,0,2.9184910950959454e-23
ABCB11,0.1699129227861853,0.7053156062751488,0.17341427666157322,0.7198498717736636
ABCF2,0,2.6491126910951012e-27,0,3.3233386991006976e-26
ABCF3,3.672939730137159e-11,7.821388103365891e-11,6.952071697276597e-11,1.3766569583713113e-10
ABCG1,0,4.496444248662558e-18,0,1.3207842002249327e-17
ABHD16B,1.5210055437364645e-14,8.040228754361103e-18,3.7048536673252957e-14,2.3010799147714038e-17
ABI2,2.574607194105738e-13,9.59080568629361e-12,5.752537126679863e-13,1.761112928801391e-11
ABRA,2.220446049250313e-16,1.0833249073061184e-17,6.522331640549108e-16,3.061122519376877e-17
ACAA2,1.4201703701921531e-8,1.7764582026103888e-8,2.2588436842574566e-8,2.810492435895584e-8
ACAD11,0,2.7056847202248495e-21,0,1.0989147736129627e-20
ACAP3,9.232525532976155e-8,1.4392992771720294e-6,1.4057722481038842e-7,2.072916487235645e-6
ACBD4,0.10949932250139771,0.03903441112943964,0.11318103885216935,0.04447179236024976
ACKR1,1.0620792113558153e-6,3.0258180211773005e-6,1.5185944136707448e-6,4.285173575662531e-6
ACMSD,0.10214846060926941,0.03216567212119856,0.10582841677299673,0.03683454938477651
ACOT1,0.006378292958683751,0.05599186110015812,0.007197782497046284,0.06310587126522245
ACP2,0,2.235170535677846e-26,0,2.189730255556923e-25
ACSL6,0,5.81812942283852e-24,0,3.503497656290587e-23
ACSS2,3.3306690738754696e-16,3.5745834354775495e-18,9.609357538381816e-16,1.055212295605376e-17
ACTBL2,6.187558138758265e-4,0.46285053509495255,7.439255671885358e-4,0.4814833746057762
ACTG1P4,1.9489341983369712e-5,4.4016211697251877e-4,2.5913122115099327e-5,5.617817140744459e-4
ACTR10,3.0276573821153008e-5,3.870717928778284e-7,3.981056867486417e-5,5.713154028983179e-7
ACTR1B,6.014289066769152e-11,2.3327935918600047e-11,1.1170288964634789e-10,4.1971452818227936e-11
ACTR3B,0,5.018245106693874e-24,0,3.0747529296340815e-23
ADARB1,1.4432899320127035e-15,6.386170799254538e-15,3.91092089480038e-15,1.4268850294574992e-14
ADCY8,0,1.4876594377367213e-16,0,3.838634989123841e-16
ADD2,0.0025551314140610515,0.00767149935412171,0.002958311241084971,0.009173898959355473
ADD3.AS1,3.346814803073528e-8,9.464705231631462e-9,5.243735319754042e-8,1.517587178776879e-8
ADIPOR2,0,6.725231734345573e-22,0,2.9828577568005364e-21
ADIRF,2.2194894555571665e-7,8.229995800715043e-6,3.30882081877795e-7,1.1340094677492212e-5
ADNP2,0,4.894747443731264e-23,0,2.4864201402201833e-22
ADPGK.AS1,0,1.0058585089907968e-19,0,3.4489340798665204e-19
ADRBK2,0.00758189216943439,0.001844926060441848,0.008502209898177055,0.0022796279735050693
ADSS,0,6.4499439916982915e-24,0,3.833416712399351e-23
ADSSL1,2.0853874183046628e-11,2.3217470933249864e-15,4.0415714856926236e-11,5.3622734033658695e-15
AFM,0,7.604438979860496e-25,0,5.380442341702882e-24
AGA,0,4.615713418057412e-21,0,1.8167366499771225e-20
AGPAT4,0,7.281903481299826e-23,0,3.616611116199885e-22
AGPAT9,4.045097590221758e-12,2.372779465235945e-13,8.214588842101816e-12,4.8572511900294955e-13
AHCYL2,0,3.525067882844817e-24,0,2.2855258309499304e-23
AHSA2,4.1762580689219675e-6,9.095848087206827e-4,5.799274249912669e-6,0.0011413016987677532
AIFM2,0,1.151765413799051e-19,0,3.919079642755168e-19
AIM1L,2.6665442483753132e-5,6.830938718086809e-4,3.516603842347029e-5,8.656406349928059e-4
AIMP2,0,7.278935270683119e-24,0,4.283281052022442e-23
AK3,6.063487933971601e-9,2.0780880551761336e-9,9.945905231160408e-9,3.4660720321600055e-9
AKAP11,6.768585691929729e-12,5.892281609519653e-14,1.3514432574144129e-11,1.2566911614561655e-13
AKAP8L,1.2206299169115198e-4,0.02148075900840882,1.5369937442466383e-4,0.024918798511381214
AKIRIN2,0,3.4038448298503084e-28,0,5.784544754419476e-27
AKNAD1,0.18240728173085463,0.8898803991576536,0.18552891233663396,0.8959100800102182
AKT1S1,0,7.620674939425872e-30,0,1.9137554108445534e-28
AKT3,1.1502554464470904e-10,4.4155042884473353e-13,2.101337562515535e-10,8.895869091866213e-13
ALAS1,0.046466972772481796,0.9690933755376029,0.04922793372153003,0.9701816331182178
ALDOB,7.584639249991199e-9,1.1601734872750855e-9,1.2350147746789321e-8,1.9496600639127967e-9
AMDHD1,2.69865252033874e-7,1.2548891864735316e-6,4.00307607634274e-7,1.8148061040927602e-6
AMH,0,3.089251063929382e-19,0,1.0088158694113715e-18
AMZ2P1,5.349455323155894e-10,1.0570639501453508e-7,9.369429117079528e-10,1.6081442176699322e-7
ANAPC1P1,0,1.66239651603044e-21,0,6.889321561930493e-21
ANAPC7,5.220301968478225e-11,4.360818133414584e-8,9.746385769420602e-11,6.757304367590744e-8
ANKH,0,1.9527378134475097e-25,0,1.5270752286740832e-24
ANKK1,4.6833203981577753e-11,1.6219229718154509e-12,8.78985291570033e-11,3.129749630678516e-12
ANKMY1,0.11124408168839484,0.1923672513905066,0.11485130147678517,0.2077473102539511
ANKRD12,2.993400860518136e-9,2.0243202672832512e-10,5.025643817611899e-9,3.4906799193095135e-10
ANKRD13B,0,9.193219106338251e-23,0,4.478554553716148e-22
ANKRD18A,0,4.2848511272725415e-24,0,2.6996076183487425e-23
ANKRD44.IT1,1.8984813721090177e-14,8.890690126665216e-18,4.5805037705959115e-14,2.5322844242562426e-17
ANP32A.IT1,1.1394852950097345e-8,5.364290166398319e-8,1.822154512109737e-8,8.280977806656453e-8
ANP32C,9.992007221626409e-16,1.60145612942758e-17,2.757855863182645e-15,4.449614331879924e-17
ANXA13,4.572786593826095e-12,1.4763128554677103e-15,9.223165720352858e-12,3.4726462022413294e-15
ANXA7,0,8.732012647991326e-29,0,1.71089874190863e-27
ANXA8,0,4.761137384401638e-19,0,1.5159121350693072e-18
AP1B1P1,4.604337679237069e-6,2.2143638589879213e-4,6.363979908588911e-6,2.856881881747803e-4
AP1M2,0.007140349563026338,0.10722852730640649,0.008037401054845935,0.11816345129006352
AP2B1,1.5210055437364645e-14,4.795422078159144e-13,3.7048536673252957e-14,9.650380999275118e-13
AP2M1,6.106226635438361e-13,1.0867222152581585e-15,1.3133175019284196e-12,2.5732081139512574e-15
AP2S1,0,7.081350124442725e-29,0,1.4347780990774293e-27
AP3M1,0.010546920173460372,0.05315402568408861,0.011716609762791179,0.06002129689343255
AP3M2,0.0029419961967472874,0.1193164894984355,0.003393000788357318,0.13091772355428338
APBB2,0.05623833642418041,0.33921656852350224,0.05933310878361756,0.3572493453499141
APELA,2.8487342484950773e-9,7.175354567544612e-13,4.7872697125982305e-9,1.421511257186276e-12
APEX2,0.013883985037781765,0.3420801528320921,0.015299842597258893,0.3598539614599238
APH1B,0,7.017267197458681e-22,0,3.0893302254490932e-21
APIP,2.711736390992314e-10,2.207786566462999e-10,4.825375234669957e-10,3.8033656502449535e-10
ARAP1,1.2630085421960757e-8,5.609654051198152e-10,2.016064664937872e-8,9.507617084872913e-10
AREG,0.014688662635897631,0.1773852397992734,0.016146661824787592,0.19214938187248146
ARF1,4.3160065400948966e-5,1.9002277505755175e-4,5.617109241597957e-5,2.462286394822782e-4
ARF3,2.033935131429132e-9,4.0925660420032497e-10,3.434191609221726e-9,6.969479706677932e-10
ARF4,4.6444769985498624e-7,2.1349182622126292e-7,6.798934719552057e-7,3.1827418574624735e-7
ARFGAP1,0,4.0863551813171905e-24,0,2.5921738921045608e-23
ARFGAP3,3.47499806707674e-14,5.591689884388725e-12,8.206518614036858e-14,1.0439772841743558e-11
ARFGEF1,0,9.90141641329044e-29,0,1.9189375505322666e-27
ARFGEF2,1.8532758994105336e-8,3.5253531918431765e-10,2.9372363810213166e-8,6.026562551348403e-10
ARFIP1,2.6645352591003757e-15,4.176333140652535e-17,7.080277745120671e-15,1.1130645724638967e-16
ARHGAP10,0,4.7559513082944723e-26,0,4.463084832994233e-25
ARHGAP31,1.6056045382129014e-12,3.28847709327437e-15,3.3759350137188714e-12,7.478768695546176e-15
ARHGDIB,0.006749517325763232,6.566952067408202e-4,0.0076022674616777275,8.333719242839021e-4
ARHGDIG,1.5654144647214707e-14,5.4031222473922574e-18,3.8078226338313536e-14,1.5767212712111938e-17
ARHGEF10,9.773128892154315e-5,5.1848247717987496e-5,1.237605739681189e-4,6.945561658991112e-5
ARHGEF25,0,2.4138008678319126e-22,0,1.117871934375143e-21
ARHGEF3.AS1,1.1394852950097345e-8,5.303921582381918e-6,1.822154512109737e-8,7.405553783388379e-6
ARHGEF7,4.3985370901111764e-11,3.478554193556621e-14,8.281511754665498e-11,7.508791921442441e-14
ARHGEF7.AS1,2.1116441928370477e-13,5.3191464924975337e-17,4.735926535633279e-13,1.4092181569276527e-16
ARID1B,0.6352559314718372,0.8302405654044585,0.6356124162818663,0.8391830658254815
ARID4B,0,3.142357226484277e-19,0,1.0205506256505402e-18
ARIH2,3.830262842263732e-5,0.0033539858654620114,5.0031931485393656e-5,0.0040903945267570215
ARIH2OS,0,4.3539582371228376e-17,0,1.1586727666850776e-16
ARL3,0,3.6595092989951357e-28,0,5.9861514496406676e-27
ARL6IP4,0.011882914487486684,0.04803044083027441,0.013135298531425144,0.05447727480940157
ARL6IP6,0,5.784951110581435e-32,0,3.438189276722232e-30
ARMC9,1.8469977508539515e-6,1.5148815197134115e-6,2.615724376308654e-6,2.1764977837622987e-6
ARPC1B,1.1102230246251565e-16,3.679539190146186e-19,3.355131615096024e-16,1.1820934010866036e-18
ARPC2,0,1.9763893646025648e-21,0,8.119590408033116e-21
ARPC3,0,1.8617545007460172e-19,0,6.193112453041322e-19
ARPC4,1.2445600106048005e-13,2.6937148102864875e-13,2.8376604845375437e-13,5.482755144681287e-13
ARPC4.TTLL3,0,4.4601159624900316e-27,0,5.301591174079818e-26
ARPC5L,1.1102230246251565e-15,1.5683779682820776e-18,3.0407490828059204e-15,4.755812784773715e-18
ARPP21,7.777323757784949e-6,5.0935710893181425e-6,1.058547195429814e-5,7.123009609611175e-6
ARRDC1,0,1.1507455417107708e-23,0,6.61864290603324e-23
ARRDC3,9.198868666793203e-9,8.983111620193015e-6,1.4856506189214021e-8,1.2368253296373856e-5
ASB7,5.280220705117245e-13,2.429385446686874e-13,1.142552611313598e-12,4.961734537735047e-13
ASB8,6.627886939281069e-8,4.893210477691599e-12,1.0213934669609461e-7,9.183783454446442e-12
ASB9,0,1.5893877996940628e-25,0,1.2940084232212394e-24
ASCC3,2.2874154044116857e-5,1.8335856350224658e-4,3.0255650341736167e-5,2.3776604998145866e-4
ASIC1,0.04132666447234423,0.02546009381215362,0.043965061309182436,0.029344115880458887
ATF3,1.7152945730458669e-13,1.5099920941518108e-14,3.8762613735624594e-13,3.311326779788044e-14
ATF5,1.569970261339204e-5,3.0641656794437346e-5,2.0952522275208092e-5,4.1452256498089365e-5
ATF7,5.12097697580316e-10,5.527140453927692e-12,8.995765465868999e-10,1.0330074873535718e-11
ATG13,6.661338147750939e-15,5.984129231152062e-15,1.6847043854524716e-14,1.3404148767769004e-14
ATG14,0,3.6937948307952676e-21,0,1.4733861707624075e-20
ATG4C,0,1.48786286943623e-23,0,8.395124987989869e-23
ATG9B,2.55351295663786e-15,1.4590239537939548e-18,6.805550974118543e-15,4.44690548652072e-18
ATN1,0,4.07912829820512e-30,0,1.1364196493280827e-28
ATP11C,3.441691376337985e-14,1.86870575013035e-17,8.138641543780674e-14,5.141824618028417e-17
ATP1A1.AS1,0.5916555356673624,0.393992863258488,0.5926527079184871,0.41274340492942657
ATP2A3,0,1.5928208012485999e-21,0,6.635512823893117e-21
ATP2C2,0,3.4651374495755125e-26,0,3.32168821107158e-25
ATP5B,0,1.9139264436248852e-29,0,4.32738716922203e-28
ATP5C1,1.1102230246251565e-16,5.3901204416398516e-20,3.355131615096024e-16,1.8993250489019478e-19
ATP5D,2.1649348980190553e-14,4.546478576173876e-16,5.209283297122774e-14,1.111985089344036e-15
ATP5G1,7.13007430874768e-11,2.9888809850441885e-11,1.3174012945592863e-10,5.355954569179687e-11
ATP5G3,0,9.338314245800473e-25,0,6.4786826071059314e-24
ATP5H,0.0011600103290330122,0.10912952759297731,0.001378865611110574,0.12010984425819662
ATP5L2,6.2867488992424114e-12,3.0556406414259035e-12,1.2608856341225219e-11,5.814522159725065e-12
ATP5S,3.084116295681838e-10,1.3231621863238615e-9,5.471621248955937e-10,2.2172915208791777e-9
ATP6AP1L,0,3.213825388429999e-31,0,1.3326164343187648e-29
ATP6V0A1,0,7.760690098938045e-25,0,5.469292666563847e-24
ATP6V0E2,0.009059727865456835,0.008962231852455602,0.010102248145159184,0.010674455172296819
ATP6V1E2,0,6.12936185770725e-26,0,5.519521309238398e-25
ATP6V1G2,0,5.445825287412601e-26,0,5.005106436833333e-25
ATRIP,3.2233238300705125e-10,1.8178180212384563e-11,5.712908935403304e-10,3.283859708073118e-11
ATXN1L,4.5233520473697553e-7,8.58809802542426e-9,6.643440445189682e-7,1.3795116017415726e-8
ATXN2,8.786013828698813e-6,0.0017716267710200931,1.1921965492062393e-5,0.002193618425506129
ATXN3,5.12086355086705e-5,5.554840949462704e-4,6.621102038575743e-5,7.069437125547468e-4
ATXN7L3B,0.11398560562811622,0.029713994102509043,0.11747765019360185,0.03407077265901841
ATXN8OS,0,5.793912373769744e-26,0,5.297715775605873e-25
AURKA,0,2.999175346855995e-19,0,9.811980997145393e-19
AZU1,0,4.892569023631129e-18,0,1.432422096737981e-17
B4GALT1.AS1,0,6.183480330481181e-24,0,3.687339608444129e-23
BACE1,1.2795631221251824e-10,2.979920592902032e-9,2.3327822563897753e-10,4.924187596982691e-9
BAGE,2.3314683517128287e-15,1.5124886930213449e-19,6.23239590870161e-15,5.088240263503883e-19
BARD1,1.0769163338864018e-14,3.5346236252874634e-18,2.652129590220241e-14,1.046882711609227e-17
BAZ1B,0.002250222573752292,0.009518925676546499,0.0026240332563769366,0.01128473702212926
BAZ2A,1.5365943119338699e-4,7.204246349668955e-4,1.9253321561335838e-4,9.110050525857977e-4
BAZ2B,2.2194894555571665e-7,1.544155734812781e-6,3.30882081877795e-7,2.213207134381984e-6
BCAR1,9.795791067190862e-9,1.415924550029498e-7,1.577768335393072e-8,2.128662287270316e-7
BCDIN3D,3.8202774277351637e-13,4.3464773075200033e-16,8.461558575964965e-13,1.0659929902762264e-15
BCL7C,0.0061871824151733534,0.0035724319300981786,0.006999838988739904,0.004344915505706038
BCMO1,1.1102230246251565e-15,1.5650119565353336e-18,3.0407490828059204e-15,4.755812784773715e-18
BECN1P1,1.1102230246251565e-15,9.996821587927446e-18,3.0407490828059204e-15,2.833757216418861e-17
BFSP1,0,3.870515298293636e-20,0,1.3885570979592662e-19
BID,1.5543122344752192e-15,7.007083415514593e-17,4.205369824080904e-15,1.8427182492422594e-16
BIN3,3.448530350169676e-11,3.5404587183131695e-9,6.555148842593319e-11,5.823466692575997e-9
BIRC3,8.896535730329447e-10,1.6402295007365715e-10,1.541547444818018e-9,2.842108065902145e-10
BLID,1.5183675471375224e-6,3.74708331175397e-7,2.1588910179794277e-6,5.535252315540454e-7
BLVRA,1.308649502096415e-7,1.3339591931882842e-5,1.9790687550788024e-7,1.830984789418561e-5
BMS1P17,0,3.7265536786214696e-20,0,1.3396058889076774e-19
BNIP3,4.007905118896815e-14,2.089672374393448e-12,9.415144699595548e-14,4.014963193473618e-12
BPY2,7.153383506652844e-6,7.902297256315233e-5,9.781045086167193e-6,1.0429160627690645e-4
BRAT1,2.7978415715002036e-5,3.073446786958495e-5,3.6843068847746405e-5,4.154628977366942e-5
BRD3,0,4.324518830256912e-26,0,4.1013920608234437e-25
BRD4,2.220446049250313e-16,1.6021606287531752e-17,6.522331640549108e-16,4.449614331879924e-17
BRD7,0.007328725479734954,0.11642638326158067,0.0082390400569782,0.1279040304099805
BRDT,1.765254609153999e-14,3.2540673554273233e-15,4.270622751861031e-14,7.419440018832375e-15
BRMS1,6.36550046007045e-9,5.3985502936435835e-6,1.0422118751428478e-8,7.5317802610066584e-6
BRMS1L,3.016284111367895e-9,1.5370924915616405e-10,5.054543769331726e-9,2.6659882416871644e-10
BRPF3,3.4329628049256655e-4,0.0011190474334925146,4.2039647535593833e-4,0.0013982211450015093
BSG,1.9271251261443467e-12,7.351852997656114e-12,4.02821113706374e-12,1.36119978139365e-11
BSN,3.037726746082381e-4,7.486867527551903e-5,3.7405157377519926e-4,9.924970112732373e-5
BTBD10,1.346700528870315e-13,2.3446417705070542e-17,3.054919902004798e-13,6.40716949410822e-17
BTF3L4,3.77856245181718e-8,4.260280725004453e-8,5.868620950862397e-8,6.611036146808477e-8
BTF3P11,1.2695584001853888e-5,1.6398543262832748e-5,1.7006931837194202e-5,2.2422241286526678e-5
BTG2,1.928801807160596e-8,1.3722239596966742e-7,3.051511643449284e-8,2.0647049115098484e-7
BTN2A2,0,9.01735857555952e-19,0,2.7913108229553164e-18
BUD13,2.220446049250313e-16,8.2079509228863405e-19,6.522331640549108e-16,2.5675046483344465e-18
C10orf55,5.8626307142262135e-9,9.768139754262123e-11,9.634166417940405e-9,1.710863770319191e-10
C10orf82,0,6.910333397112047e-25,0,4.908814520737363e-24
C11orf63,4.3809400551708677e-13,1.880922604842669e-11,9.572568772511835e-13,3.39098584877096e-11
C14orf164,0.04548629452070041,0.2814267742646258,0.048246319530284854,0.29885880792961755
C14orf169,0,5.74191322404378e-18,0,1.6728482481160228e-17
C16orf70,3.119157652387017e-6,1.0016241362900063e-6,4.351688649613498e-6,1.454312569222379e-6
C16orf74,3.643774534499711e-4,9.84639333239823e-4,4.456001368321663e-4,0.0012328735471675593
C17orf64,1.899493460731927e-4,7.555555166190075e-5,2.3667343399615834e-4,1.0001318609969477e-4
C17orf89,2.1208328023325507e-4,0.06735429482493473,2.633318166127394e-4,0.07548253153542339
C19orf10,0,1.713258455130547e-24,0,1.1570984187491536e-23
C1orf50,1.8261258061258445e-9,6.392744816594651e-8,3.0979850735702957e-9,9.83456773769479e-8
C4orf32,4.130751296571589e-11,6.6634893733574406e-12,7.802044027316889e-11,1.2376043284058663e-11
C6orf118,0,3.494423397351941e-28,0,5.87788388441369e-27
C6orf99,0,2.5501475601738606e-24,0,1.690302267579923e-23
C7orf31,0,2.982928695820652e-19,0,9.776768133544527e-19
C9orf84,0,1.7586131565867914e-24,0,1.183248021960094e-23
CAB39L,0,3.248886184175258e-23,0,1.750079778363893e-22
CALCOCO2,0,8.673121203725422e-30,0,2.1183801515400583e-28
CALCR,0.0014255267833690466,0.005490812787902017,0.0016877252687563149,0.006597115364440227
CALM2,0,3.1083808649271897e-19,0,1.0130928115113577e-18
CALML3,2.1116441928370477e-13,1.9627198494804438e-13,4.735926535633279e-13,4.0363661956443267e-13
CALR3,0.017296202991326837,0.06139806697407677,0.018896525694568473,0.06902443468775465
CAMK2N1,1.7763568394002505e-15,2.5560955291930334e-16,4.7843568650311885e-15,6.383078891528261e-16
CAND1,0,7.974968702605849e-22,0,3.476618385512525e-21
CAND1.11,1.9100276915651193e-12,7.126015663495445e-14,3.997158889742497e-12,1.5107831067791176e-13
CAP1,0,9.199309917150293e-24,0,5.377826092550482e-23
CAP2,8.987177668728918e-11,2.6556469935710567e-10,1.6485738460230104e-10,4.561674941750669e-10
CAPN10,5.0700665887859486e-11,1.3578693800949491e-15,9.47581627652552e-11,3.2067299400123105e-15
CAPN3,0,8.230779806141155e-33,0,6.988323997309371e-31
CAPNS2,0,3.00346536849076e-21,0,1.2170860800043239e-20
CAPRIN2,0.14796700166195442,0.6453051840243168,0.1515365674688482,0.6620133159466955
CARD10,0.04984246440378248,0.973212449780617,0.05267878721514177,0.9737585847131538
CARD9,2.7168461469440075e-7,1.3871637618263647e-5,4.0267137822121077e-7,1.9025484517972372e-5
CARS2,0.005051521960084515,0.01690353057028752,0.005751509358129432,0.01975032438192834
CASC4,0,6.226720303112019e-33,0,6.167912389138184e-31
CASC5,4.762257255208624e-11,3.443766289948446e-13,8.919227611383379e-11,6.953833856147315e-13
CASP3,0,2.6653810093740875e-27,0,3.3233386991006976e-26
CASP5,1.3980314887973577e-6,2.128102092504429e-6,1.994152115620551e-6,3.033145148212035e-6
CBFA2T3,0,1.2737109766521333e-25,0,1.0662097048688984e-24
CBL,0.24261879704875677,0.9530377245740999,0.2453711373442617,0.9555929176708766
CBX2,4.846089180027269e-4,0.0010045579166095976,5.88194486588742e-4,0.0012569310633788859
CBX3P2,1.4432899320127035e-15,1.4741540675950576e-13,3.91092089480038e-15,3.063422730212107e-13
CCAT1,0,1.8360200043050104e-28,0,3.2412115521542906e-27
CCDC116,0,8.828627169915032e-22,0,3.820738408727792e-21
CCDC23,0,5.540127600633033e-28,0,8.664953957832192e-27
CCDC7,1.2212453270876722e-15,1.025590115619025e-21,3.3294807617696017e-15,4.406330544936678e-21
CCDC89,0,7.241631724602362e-30,0,1.871279618111016e-28
CCDC94,6.99790109193188e-7,1.2712912591969942e-6,1.0135871362237646e-6,1.836420328843467e-6
CCNDBP1,0,1.0603578060313976e-33,0,1.3504414058242729e-31
CCNE1,3.3306690738754696e-16,1.162542843491616e-14,9.609357538381816e-16,2.5749240868888836e-14
CCNI2,0,1.655128952362392e-30,0,5.365627131022083e-29
CCNL1,0,3.2523020596174687e-22,0,1.4907081162719657e-21
CCNT2.AS1,6.348155334734429e-11,1.3064826892504596e-8,1.1765863785687616e-10,2.083594485629311e-8
CCNYL1,0.0872294806684556,0.19742540395687408,0.09105981500694164,0.2128231531167512
CCT3,0.0030517418711213384,0.005118750921847163,0.003515023098326451,0.006158389266972666
CCT4,0,1.1572840757206177e-23,0,6.634847289420776e-23
CCT5,0,6.95610347152208e-20,0,2.422408689399193e-19
CCT6A,0,1.4418099129337058e-21,0,6.057446428069509e-21
CCT6B,0.058614557374891074,0.24973645647307086,0.061803522057617265,0.26695449753686173
CCT8,0,6.572373199493337e-30,0,1.7755365779843363e-28
CD164L2,0.09719347118564803,0.936178482404273,0.10098832116783825,0.9409279786509689
CD38,0,6.174103312681451e-28,0,9.490022591819852e-27
CD40,1.0900457411811004e-5,6.073930176593138e-5,1.46793924208905e-5,8.09403400961552e-5
CD46,3.787955060730042e-9,1.1882062237946398e-11,6.2768809231242234e-9,2.1706677223625438e-11
CD47,1.8688346425932423e-9,1.838265297944866e-11,3.1674260149655428e-9,3.317436261372162e-11
CD48,0,3.01334556253899e-20,0,1.0920315321152476e-19
CD5,0,2.8066006508491693e-25,0,2.120410576467826e-24
CD55,6.7322112329293304e-9,1.4880244417977162e-11,1.0982189046946931e-8,2.7128298361199673e-11
CD79A,3.3551366129813687e-9,1.4276634944789985e-4,5.585628927120243e-9,1.8675891494175016e-4
CD99,0,2.0955600733134318e-23,0,1.1603675809682762e-22
CDC14A,0,1.9789776444544898e-16,0,5.026377692396517e-16
CDC42BPA,8.376061522152867e-8,2.6017257688039217e-5,1.2808334214407e-7,3.5276631526824276e-5
CDC42SE2,4.138148598897828e-6,1.5348989879012163e-6,5.750833165888408e-6,2.201709489483402e-6
CDC6,0,1.665157721800562e-25,0,1.3434281529277838e-24
CDK13,5.3290705182007514e-15,1.5874454127469613e-14,1.3671557890578332e-14,3.468646042803715e-14
CDK14,3.3306690738754696e-16,1.929118015904225e-17,9.609357538381816e-16,5.299872761721468e-17
CDKAL1,3.29385397752624e-5,1.961744245685312e-5,4.318339442595063e-5,2.674151368545039e-5
CDSN,0.003965480778674535,0.4035240994603162,0.004541074006664545,0.42248001722709555
CDX1,0.02677243437428445,0.5387144854169466,0.028808238074441262,0.5568277840570526
CELF2,0.22338931912692883,0.433831346153218,0.22618009994509602,0.45235163169075304
CELF2.AS2,0,5.861305419030532e-20,0,2.05722589805737e-19
CEP170,5.0544898377857805e-8,1.604799066761387e-11,7.823051545809069e-8,2.91084103360687e-11
CERKL,0.0011600103290330122,0.015909907886587603,0.001378865611110574,0.018625978832426587
CERS3,2.220446049250313e-16,5.057265240913304e-20,6.522331640549108e-16,1.792664796132887e-19
CFL1P1,1.3016254740705335e-12,6.845834549349295e-13,2.7530227998431333e-12,1.3592564589632287e-12
CFLAR.AS1,0.010628828456637152,0.24445733932759828,0.011792906744358457,0.26162511165732755
CGN,1.1102230246251565e-15,4.028041404232961e-18,3.0407490828059204e-15,1.1871070783053503e-17
CHD1L,8.939520639879017e-4,0.061528617387920696,0.001069742637644583,0.06912761487250321
CHD3,0.002069118252531088,3.12953359637208e-4,0.002423940764955933,4.00571313878781e-4
CHD4,0.13383908958924362,0.7137759795173197,0.13730442850265903,0.7276515560202292
CHD5,0,3.462940259347692e-19,0,1.118833061434244e-18
CHD9,0.0035220769560679877,0.44391050262161463,0.0040436981408043925,0.4620504531081955
CHGA,9.992007221626409e-15,2.9210976091978256e-17,2.4675552460055247e-14,7.879450888350564e-17
CHMP4B,2.827091893919942e-9,7.368196232628962e-9,4.7553819309992986e-9,1.1921500801068458e-8
CHMP4C,5.524967184380447e-4,0.00413533932390533,6.669611705992104e-4,0.005009042129431524
CHPT1,5.732343932862705e-9,1.7882472618582676e-10,9.428753904330445e-9,3.0895783603617163e-10
CHTOP,1.6801233804208948e-7,2.0719216536169627e-8,2.5258515913072977e-7,3.263459636394916e-8
CHUK,0.030771612265315107,0.04879907999912091,0.03299205331873532,0.05531389678222034
CIAPIN1,1.5962848898265491e-7,7.22433803075066e-7,2.4038648298654874e-7,1.0549545216075697e-6
CIDEA,6.836059496251323e-10,6.236402826479308e-12,1.1937996162405592e-9,1.1594897017322842e-11
CIRBP.AS1,8.403222604536076e-6,6.557706740088232e-5,1.1419928280402304e-5,8.719158178655718e-5
CKAP2,0,2.3487443499829135e-22,0,1.0934232835560142e-21
CLIC2,0,8.630001991309179e-23,0,4.2272784479407327e-22
CLIP1,0,1.794355434117878e-21,0,7.388766140951908e-21
CLIP1.AS1,0,1.3279917775122699e-28,0,2.466468061775393e-27
CLK4,0.04222902976328757,0.2505843471167803,0.04487148990938125,0.26770035404986176
CLOCK,0,7.15254290952576e-21,0,2.754424191724499e-20
CLPTM1L,5.911196021141096e-4,6.421813789015376e-6,7.116585081495324e-4,8.924469201725966e-6
CLPX,3.751732469137181e-8,2.017186133661517e-8,5.8371195396785285e-8,3.1800555935618785e-8
CLRN1,1.995205889393503e-9,3.1929761104259955e-11,3.371992512595845e-9,5.7159401655517574e-11
CLSTN2,0.09848518131169426,0.770376401820587,0.10215187799811068,0.7804438207080152
CLTCL1,0.002210917105284649,0.31300977723776174,0.0025798856012581996,0.33180525137629563
CMPK2,3.787955060730042e-9,3.4173906737113264e-9,6.2768809231242234e-9,5.626230444346533e-9
CMTM4,3.379603940700804e-6,2.2361630501624836e-8,4.7076826767730735e-6,3.5159424324865154e-8
CMTR2,0.24829048181177615,0.9485119085350215,0.2509648123981842,0.9517145373764453
CNDP1,1.132494228683889e-5,0.0016988280551989848,1.5239526111270749e-5,0.002104941224753155
CNEP1R1,0,2.7249307179907616e-22,0,1.258692090719567e-21
CNOT10,4.9960036108132044e-15,1.0767092216798956e-16,1.2891279939334216e-14,2.790367067231474e-16
CNOT11,9.793358246579231e-8,6.405862751862845e-7,1.4873558563586686e-7,9.392806979088365e-7
CNOT2,5.160721738839413e-9,7.015105939116453e-9,8.519969315139513e-9,1.1360521243818925e-8
CNOT3,0,3.838855988394424e-22,0,1.7505576028918817e-21
CNOT8,6.755962456139741e-11,1.3479961604470281e-11,1.2508703072998088e-10,2.4600584995670943e-11
CNP,0.04481792966838205,0.004815899045904832,0.04756569559447928,0.005813641163742936
CNPY1,0,1.1527960989566506e-26,0,1.2393595975539417e-25
CNPY4,1.2630085421960757e-8,1.003563153378851e-8,2.016064664937872e-8,1.6048009887663598e-8
CNTROB,0.07316679217583799,0.8768361894873253,0.0766488780549466,0.8832762292971191
COBL,0.12871949349721246,0.4839303762041755,0.1321282998880428,0.5028250936900028
COG3,1.0173717635009183e-7,1.0465618912195537e-7,1.5438075355933084e-7,1.5935267737356655e-7
COG4,0,1.0362288469430748e-20,0,3.906122693656453e-20
COLGALT2,2.3092638912203256e-14,6.263886639006651e-17,5.549080212999785e-14,1.6521464315604821e-16
COMMD8,0,1.3787541151189237e-19,0,4.6471050798809845e-19
COPB1,2.886579864025407e-15,1.1117355844875775e-14,7.65888675231741e-15,2.465453416842476e-14
COPB2,8.393445882770578e-7,3.533276966279922e-6,1.2098232828601406e-6,4.987991156672289e-6
COPG2,8.881784197001252e-16,9.141736745228124e-17,2.4590405626169618e-15,2.389698709413069e-16
COPS4,0,3.5443932263438933e-23,0,1.879944774130669e-22
COPS6,4.3021142204224816e-13,8.180835053760235e-13,9.435018025846597e-13,1.6099811148846024e-12
COPS7A,0,3.91587709819633e-24,0,2.5205808180808866e-23
COPZ2,8.393445882770578e-7,1.2438614279743067e-7,1.2098232828601406e-6,1.8782083462491865e-7
CORO1B,1.2446936814569654e-9,2.959590412990032e-9,2.1339315711901624e-9,4.8996747505675275e-9
COX10,0,1.2552608819933496e-26,0,1.3243373683989009e-25
CPNE4,0,1.1319451324771523e-20,0,4.240038174804123e-20
CPT1A,5.650391265987764e-11,1.3226823620964816e-12,1.0516333640142154e-10,2.5662052792361554e-12
CRCP,8.215650382226158e-15,2.5174033605495632e-17,2.054488728121913e-14,6.852717850167743e-17
CRCT1,0.06534229629620025,0.4061369162844599,0.06869417116516807,0.4249660338821549
CREB3,8.70159500010459e-12,3.272355227390528e-15,1.7219693546266907e-11,7.451608391363104e-15
CREBRF,1.4892087563112e-11,2.077178216631608e-12,2.911468434761918e-11,3.995262956045477e-12
CRKL,0,2.108903577831542e-19,0,6.937592397183837e-19
CRLF1,2.220446049250313e-16,3.2410276107608013e-15,6.522331640549108e-16,7.399170588971202e-15
CRTC3,7.153383506652844e-6,1.3700330829762125e-9,9.781045086167193e-6,2.29152813034389e-9
CSAD,0,1.7305872111169406e-20,0,6.401736509173247e-20
CSE1L,1.1102230246251565e-16,3.9298070456754407e-19,3.355131615096024e-16,1.2579615731488888e-18
CSMD1,0.0013313033116940653,0.003100944187909506,0.0015782671574139087,0.003799988650888419
CSNK1A1L,9.325873406851315e-15,4.875891176569258e-15,2.3126609574987335e-14,1.1018648881904927e-14
CSNK1E,0.0061871824151733534,0.014192353348640444,0.006999838988739904,0.016669938090003895
CSNK2A2,0,4.6547799244414965e-22,0,2.1011323051339717e-21
CSPG4,0,8.063820526790659e-21,0,3.0737210512505785e-20
CSRP2,4.0135177632460994e-6,7.982919948916915e-7,5.581982973375815e-6,1.1619221444015395e-6
CTCFL,0,1.22090819023381e-28,0,2.2914518980914556e-27
CTDP1,3.2649549730479066e-11,1.0317622989162934e-12,6.232778069533638e-11,2.0127266728312376e-12
CTDSP2,1.5210055437364645e-14,7.693442487389259e-17,3.7048536673252957e-14,2.017265875737507e-16
CTDSPL,0,4.854213945049942e-23,0,2.472875275435442e-22
CTNNBIP1,0.002148400046497967,0.15859690284855701,0.0025085771335336443,0.1725309809511758
CTNND1,1.6142642778049776e-13,1.9453497311440813e-16,3.6525802123429886e-13,4.955083672328424e-16
CUL2,0.5226691220370406,0.6257828178693272,0.5238443196132903,0.6427250946203976
CUL4B,0,1.781762121198923e-21,0,7.353893199300185e-21
CUL5,0,1.076942785867807e-24,0,7.385342258470384e-24
CYTH2,4.440892098500626e-16,2.0018212787562414e-19,1.2608456387940472e-15,6.634288736101075e-19
DAPK1,1.028066520802895e-13,2.415036979573707e-14,2.3591281938115336e-13,5.23845612479309e-14
DAZL,1.2386647263440409e-11,4.988900698743514e-11,2.4296360913877062e-11,8.833376311677941e-11
DBP,0,8.051077676695095e-23,0,3.9654893639633574e-22
DCAF11,1.765254609153999e-14,1.0795329764440066e-15,4.270622751861031e-14,2.559584171542106e-15
DCAF12,0,4.445385015608569e-23,0,2.3108225897463784e-22
DCAF6,0.16239999634552504,0.6926953942458974,0.16593650056393763,0.7073745062659994
DCAF8L1,3.3551366129813687e-9,1.9899794459449507e-8,5.585628927120243e-9,3.1399410195750856e-8
DCPS,2.6395552410463097e-12,7.372568875096809e-16,5.4661172994025205e-12,1.773993293427478e-15
DCTN1,3.185595100596572e-4,0.0019109145445108697,3.909095708440253e-4,0.002359529524143269
DCTN1.AS1,0,5.393144133871869e-35,0,3.205325330231181e-32
DCTN3,0,1.6226090749044968e-21,0,6.743850770523818e-21
DDB2,9.885183481527227e-4,7.894965889473056e-5,0.0011789486386329796,1.0427203096985525e-4
DDR1,2.4707056699424523e-4,1.2720017420760975e-6,3.0549710190758616e-4,1.836420328843467e-6
DDX10,2.5404268688689058e-9,1.3175402412211155e-13,4.277224841542265e-9,2.750789520020198e-13
DDX18,0,1.6613618821191415e-31,0,8.005968204914673e-30
DDX19A,7.871660204299413e-4,0.002236964774684522,9.444932802332338e-4,0.002750695305698278
DDX19B,0.13912284894239513,0.49138238391531697,0.142642921026044,0.5099736848201456
DDX23,0,2.276997030759572e-25,0,1.7499507352777228e-24
DDX24,1.0277551587556388e-8,1.874325137680104e-8,1.6523782218767394e-8,2.9626965607124338e-8
DDX25,1.0485216052069646e-6,5.742636022816439e-7,1.501617688420898e-6,8.427259282865606e-7
DDX28,1.1248424414134206e-9,4.002473290512446e-9,1.9377720512465015e-9,6.57127981306049e-9
DDX42,1.4944758541801662e-6,9.242021763771711e-10,2.128315054315684e-6,1.5575165221932855e-9
DDX43,0,2.4300897207879806e-29,0,5.349197496499962e-28
DDX47,2.0967672043070706e-12,1.7436271863959388e-17,4.3776767274935676e-12,4.8199802687503243e-17
DDX49,0,7.21481791746381e-27,0,8.193643533017817e-26
DDX50,4.6491424926131675e-4,0.0541966787311268,5.666043106171755e-4,0.061159922897214614
DDX51,0,8.334737488264436e-25,0,5.827779192774702e-24
DDX60,1.5279000287193867e-11,1.4783173482842587e-15,2.9838398151223075e-11,3.472779752293588e-15
DEDD2,2.021925049611184e-8,2.6172474156764806e-7,3.1875264044710354e-8,3.8823229136032986e-7
DENND1A,0,2.1009486175533112e-30,0,6.458605836375093e-29
DENND4C,0,2.3566681451785568e-24,0,1.5678877995721518e-23
DENND5B,4.115429463880105e-8,2.4975417623440814e-8,6.380704986172372e-8,3.9199973259326557e-8
DEPDC1,0.01154638386044815,0.08214694869502576,0.012787082250421772,0.09142822067617411
DERL2,5.5007750576763215e-9,3.4075820131687985e-11,9.064585885246656e-9,6.087894518517002e-11
DESI2,5.212301977808309e-7,2.6044259865485508e-5,7.598965189233209e-7,3.528640983294883e-5
DET1,0,4.828100829939498e-23,0,2.472875275435442e-22
DGCR5,0.03399109352559038,0.21388139044101226,0.036378223142933756,0.23014515338341873
DGKE,2.220446049250313e-16,8.247283952991617e-19,6.522331640549108e-16,2.5752902431145453e-18
DHRS1,0,3.719285807118381e-24,0,2.4027125340913308e-23
DHRS7B,0,1.3452616085582372e-18,0,4.1142391904962895e-18
DHX16,7.189404627183649e-11,3.673120928248473e-12,1.3269884524087418e-10,6.952414665676249e-12
DHX29,0.003332148270796309,0.1288111051568783,0.0038305740598515918,0.14107506172893983
DHX32,5.46927186056978e-5,3.7481297353217274e-5,7.046034485112658e-5,5.043709674021615e-5
DHX40,1.0552793890949985e-6,4.2838402807207e-6,1.5100827855187658e-6,6.023728091896694e-6
DHX57,0,1.7375381734358998e-22,0,8.195848050889442e-22
DHX9,4.440892098500626e-16,2.4785611702885193e-17,1.2608456387940472e-15,6.757300560587813e-17
DIABLO,8.084977132227777e-12,1.5386486549712951e-9,1.6017238029735697e-11,2.5711439098536264e-9
DIAPH1,4.8601432730221994e-5,8.290128609757708e-4,6.30686714395821e-5,0.001045353558076237
DIAPH2,0,3.0755867013147347e-21,0,1.240672191955695e-20
DKFZP434A062,0.03601268868413776,0.42657699276758376,0.038495577891976995,0.4458304678221582
DLEC1,3.448530350169676e-11,1.6178114368459645e-11,6.555148842593319e-11,2.931461170626377e-11
DLG1.AS1,1.2625186639469987e-6,4.392292298397384e-5,1.803742610430688e-6,5.9016255976206e-5
DLGAP5,0.2716739196707728,0.0993616629054852,0.2739788454598348,0.10990188893330032
DLX1,0,1.036716623620857e-21,0,4.443427259413433e-21
DNAJA3,0,8.893957577389871e-23,0,4.344637359037299e-22
DNAJC11,1.786792935831727e-12,7.8875716238521e-16,3.7480609465740815e-12,1.8877235174937305e-15
DNAJC12,0.09271457670839034,0.6744882165398325,0.09650326343903091,0.6903630827155691
DNAJC15,3.370826051618536e-8,2.4401272015264707e-8,5.276718920136831e-8,3.833257092794447e-8
DNAJC5B,3.010680593718007e-10,1.0641768687036448e-10,5.346656871114748e-10,1.8584009372170407e-10
DNAJC8,0.022383982028714722,0.10431879418761356,0.024261787208023314,0.11509926363645727
DNAJC9,3.3306690738754696e-13,3.4668543745578306e-14,7.4139612468414e-13,7.49260769677165e-14
DNM1P35,2.1208328023325507e-4,3.220464981553788e-4,2.633318166127394e-4,4.1191456686588267e-4
DNM3,6.217248937900877e-15,2.561060753871775e-13,1.5791103783870746e-14,5.218710084746714e-13
DNMT3A,0,2.3588414876495283e-22,0,1.095264159499768e-21
DNPH1,0.003737731435619729,0.09914934165940842,0.004288529697368067,0.10973511867084124
DOCK2,8.846257060213247e-13,5.313627075507568e-13,1.886707695976103e-12,1.0657139567637789e-12
DOCK3,0.001377665018383878,0.004878123364605304,0.001632144005168408,0.005880793751921067
DPF3,5.732343932862705e-9,7.391475644040639e-10,9.428753904330445e-9,1.2491944145331242e-9
DRAM1,0,4.746456185012856e-25,0,3.426288007238025e-24
DRG2,1.0836521427304291e-5,0.0063883967943246635,1.4615368914435365e-5,0.00765491363190919
DSCR4,0.004376646278714702,0.029793626844097424,0.004995877282297256,0.034140126390119346
DXO,0.03008795133152886,0.354039957432621,0.03229790320536782,0.37220120524903494
DYRK1B,0.008323799069513416,0.0017973177192650326,0.00929325844767841,0.0022223422284670964
E2F5,3.673438129259132e-5,2.6255198095992936e-4,4.805385315091e-5,3.372695836106297e-4
ECHDC1,0.09067526820556682,0.953449130979523,0.09454620070790973,0.9555929176708766
EDC4,8.630042275001859e-4,0.042069349593370525,0.001033402644481418,0.0478072978489354
EDDM3A,0,1.2782964627242857e-22,0,6.1434032157342355e-22
EEF1A2,5.03712443679083e-5,0.003890408505542995,6.522289666520006e-5,0.0047187743982198375
EEF2K,1.7443016098184216e-7,5.708722954105773e-5,2.6201261754896763e-7,7.618752265846252e-5
EFCAB14.AS1,3.8558045645231687e-13,4.484721089382824e-16,8.529652032934007e-13,1.098387047028788e-15
EGF,2.220446049250313e-16,3.4638017381475193e-19,6.522331640549108e-16,1.118833061434244e-18
EGLN2,0,5.880374065383527e-24,0,3.5183580397915534e-23
EHD1,1.0103029524088925e-14,1.7199404680939705e-14,2.4915216654841707e-14,3.7535542896102195e-14
EHMT1.IT1,0,1.3697185479393276e-23,0,7.777733028585417e-23
EID1,1.4094072575687733e-9,3.2515588168107005e-10,2.4093702207527543e-9,5.563847764273972e-10
EID2,1.0900457411811004e-5,2.026148293757066e-5,1.46793924208905e-5,2.7598337721687153e-5
EIF1AD,6.460214374892637e-6,3.305562299750912e-8,8.867253449140547e-6,5.1609611037266864e-8
EIF2AK1,0.007169040295358586,0.17905209613458134,0.008064604950551647,0.19383721154095843
EIF2AK2,0,8.885455123560648e-34,0,1.2186743450237412e-31
EIF2B2,1.1102230246251565e-16,7.141767910305085e-18,3.355131615096024e-16,2.060480935934299e-17
EIF2D,0,1.533537291841001e-20,0,5.708344449587692e-20
EIF2S3,0.0023513356533728658,0.05695263509605822,0.0027383615087941343,0.06414816700964737
EIF3B,1.9580522869766526e-7,3.913082164294886e-7,2.9313242885637037e-7,5.766136775981637e-7
EIF3C,1.6495592780607637e-8,7.337888743645109e-10,2.6213584605903223e-8,1.241314575893665e-9
EIF3E,1.1102230246251565e-16,4.5563083165082084e-23,3.355131615096024e-16,2.347947320327785e-22
EIF3F,2.735158526334658e-7,8.903313936661888e-7,4.0504880834341316e-7,1.293774144178333e-6
EIF3I,5.316157468682192e-7,1.3235461190496845e-7,7.737721442171713e-7,1.9948290196665996e-7
EIF3IP1,9.037112169707484e-10,5.622576081526728e-12,1.5643855338435383e-9,1.0486457273391376e-11
EIF3J.AS1,1.2323475573339238e-14,2.2858638348997413e-16,3.030725096174326e-14,5.740415799473576e-16
EIF3L,1.5830442512410059e-9,1.770471919658355e-10,2.6932899808804517e-9,3.061834561349027e-10
EIF3M,1.8199997064982654e-11,3.4965373940346276e-12,3.5387780552741626e-11,6.632261886769937e-12
EIF4A1,0,5.914333517834415e-26,0,5.352922163603432e-25
EIF4A3,0,2.346540482138344e-17,0,6.40716949410822e-17
EIF4E,8.93729534823251e-14,9.183603877742422e-14,2.0561545297933635e-13,1.9377947590549987e-13
EIF4E3,9.992007221626409e-16,1.9720573779327712e-16,2.757855863182645e-15,5.015946226610743e-16
EIF4EBP3,1.6609913983789415e-4,0.003588120154373945,2.0797385276050934e-4,0.004361021291921434
EIF4G1,0,2.393158757887354e-20,0,8.779839640562041e-20
EIF4G2,5.026352299793979e-4,5.655318327531765e-6,6.092444697846814e-4,7.877681701554014e-6
EIF4G3,0,1.5835919154962304e-27,0,2.1553773933815105e-26
EIF5,0,2.0876004694022088e-26,0,2.079436668683876e-25
EIF5A2,0,6.872450669494882e-28,0,1.0355841193456467e-26
ELAC1,0,2.055837740018333e-31,0,9.646207080138651e-30
ELANE,3.787955060730042e-9,5.988750768872865e-11,6.2768809231242234e-9,1.056176322542069e-10
ELAVL2,1.5210055437364645e-14,2.7651696053004508e-17,3.7048536673252957e-14,7.492853200988911e-17
ELF2,5.995204332975845e-15,8.718937986519977e-16,1.5270641893851333e-14,2.072782190662016e-15
ELF5,2.993756735136799e-5,7.819284921453092e-5,3.9393861688183853e-5,1.0342570485868591e-4
ELMO3,0,1.0427575940048689e-25,0,8.93863841399366e-25
ELN,0,8.637852729880076e-22,0,3.7472728509431086e-21
ELOVL2,0.4822081358590864,0.47557778529619404,0.4835641767360805,0.49443451380939596
ELOVL6,4.130751296571589e-11,5.906323323235932e-12,7.802044027316889e-11,1.0992666477379609e-11
EMBP1,1.0207612533008614e-11,3.1640316307508906e-15,2.011068855950758e-11,7.251244727029354e-15
EMC6,0,1.2003321124394484e-29,0,2.8921515628101845e-28
EMR1,0,1.0533749407922841e-18,0,3.249424774104918e-18
ENO1.AS1,0,5.5986278624785836e-27,0,6.524414038430925e-26
ENOSF1,0,1.7410535263372287e-20,0,6.427118918135153e-20
ENTHD1,0,1.3167745426474148e-27,0,1.8150369153328406e-26
EOGT,0,1.56259444209285e-20,0,5.804387271357398e-20
EPC2,7.348498619386135e-6,6.890537928931488e-4,1.0040132596448641e-5,8.719538060528633e-4
EPS15,3.672939730137159e-11,5.313963591643388e-15,6.952071697276597e-11,1.1948041719924542e-14
EPS15L1,2.1456292298438484e-10,9.756020142570507e-13,3.8487494132913296e-10,1.9115366938684852e-12
EPS8,0.0018431352012109325,0.0021950985725206094,0.0021691815602371558,0.002702942510223927
ERBB3,0,2.339432139733333e-29,0,5.2140093814306665e-28
ERCC4,0,5.706960066407785e-23,0,2.850282856696101e-22
ERGIC2,0.025984346996420826,0.1935006800835204,0.027977107907378222,0.20884486234195937
ERH,8.326672684688674e-15,2.223970202528235e-14,2.0793357698599308e-14,4.829889002567409e-14
ERP44,0,3.944745539997882e-23,0,2.0626044861631154e-22
ESYT2,1.1795414508286584e-4,8.931796333536749e-5,1.4884093466578188e-4,1.1770430792827807e-4
ETFA,1.4207524046128128e-11,1.7556052012858e-12,2.783737953213896e-11,3.3840476474514397e-12
EXD1,0,1.906409923991818e-23,0,1.0589186587157045e-22
EXOC3L1,0.0655467500913538,0.2299117087924814,0.0688685064306917,0.24650185013649692
EXOC8,9.325873406851315e-15,1.6557508048902018e-15,2.3126609574987335e-14,3.864140949108939e-15
EXOSC2,0,3.0165598929814815e-29,0,6.4801521556457605e-28
EZH2,0,1.114923872986225e-30,0,3.8978613049694883e-29
FAF2,0,1.6106888476538558e-27,0,2.165932629079528e-26
FAH,4.8627768478581856e-14,4.317210009500992e-18,1.1348600942056473e-13,1.270228621607305e-17
FAM104B,1.0836521427304291e-5,6.6178536132681655e-6,1.4615368914435365e-5,9.189745321228301e-6
FAM120AOS,0,3.2811919616343716e-25,0,2.4478515763991987e-24
FAM120C,3.552713678800501e-15,3.299518578666837e-18,9.301745211896173e-15,9.82143844033885e-18
FAM134B,0.016700505338744676,0.27251289115646266,0.01829054116645071,0.2900838716011779
FAM135A,1.924120009544339e-6,1.510182319446433e-8,2.7227825214425053e-6,2.402011664204273e-8
FAM13C,0,6.609724493014824e-26,0,5.834227114378926e-25
FAM168B,0,5.026250256928794e-19,0,1.5946270832925338e-18
FAM169A,4.9960036108132044e-15,5.871481446291923e-16,1.2891279939334216e-14,1.4282198388456342e-15
FAM193B,4.848025065840034e-7,7.39084695530608e-9,7.085269419994082e-7,1.1947307453590881e-8
FAM205A,0,4.289027660470585e-28,0,6.889492178936085e-27
FAM208B,0,6.327818601281124e-22,0,2.820625141521061e-21
FAM35A,0,1.559077674589754e-25,0,1.275153896235565e-24
FAM50A,0.12675239982219955,0.2775159463056224,0.1303342150420887,0.29505720468868496
FAM65C,3.477651500105594e-11,3.622522280916217e-11,6.596438962434334e-11,6.458957226873615e-11
FAM78A,2.1882209482182446e-6,1.6334738071943755e-8,3.0842671546823167e-6,2.593485127540135e-8
FAM78B,1.8356586128920327e-7,1.1819175392254237e-6,2.755033086520618e-7,1.7119081823224454e-6
FAXC,3.3786307085392764e-12,1.0477685207846713e-12,6.932219278855615e-12,2.039488288819944e-12
FBRSL1,9.861167514224611e-6,2.0720588965390687e-5,1.3350388517739166e-5,2.8180633200069866e-5
FBXL4,9.232525532976155e-8,4.388141172109719e-6,1.4057722481038842e-7,6.1655285341778e-6
FBXO15,2.747278190273761e-6,1.5258753428614648e-8,3.844895614802288e-6,2.424809034155073e-8
FBXO2,0,2.863760239872161e-22,0,1.3194016815741764e-21
FBXO3,6.673149584612847e-5,6.166913632797867e-5,8.572208724326157e-5,8.211805083852575e-5
FBXO39,0.031795399420077475,0.07378228415222238,0.03404876706666555,0.0824272009043938
FBXO8,2.6395552410463097e-12,1.8719929614376458e-14,5.4661172994025205e-12,4.080395415945382e-14
FBXW10,0.010284646841628331,0.11499163634609644,0.01143237239315668,0.1264057260204007
FBXW12,0.016333807088942276,0.0012842983942851361,0.017899925039695192,0.001599094997912289
FBXW4,6.757678152280455e-6,4.8917416261194594e-5,9.261291426222945e-6,6.562810624056431e-5
FCN1,7.641273391811865e-9,1.1528006913285646e-11,1.2431013191241383e-8,2.108147315527006e-11
FDPSP2,0.0488002885240274,0.3703638815889226,0.05163852488922306,0.38890388743995813
FES,0.01222827180036945,0.02775324610497923,0.013491960779739435,0.03186351436263874
FGD4,1.2293685503594887e-5,2.3785629158845123e-5,1.649333427607952e-5,3.2275324802298974e-5
FGD5P1,4.107825191113079e-15,1.0732889836698882e-17,1.0676752646872623e-14,3.037578187116525e-17
FGFR2,4.2046718563570895e-4,1.6018949348046777e-5,5.131368870557625e-4,2.1920020481632697e-5
FIRRE,0,4.0617727761136644e-23,0,2.1175850467282643e-22
FLII,0,2.4429395180113008e-31,0,1.0889402901535374e-29
FLJ10038,3.238888347834035e-5,3.7848027672872608e-6,4.252531608385923e-5,5.334627141559831e-6
FLNB,0.005231828587275,0.020437464950009067,0.005952999598667087,0.023739413684603364
FLRT1,4.461986335968504e-13,5.4349076611493e-15,9.713945832761712e-13,1.2204584836056928e-14
FMNL2,6.017408793468348e-14,5.0505529879990956e-15,1.3951937423607368e-13,1.1370121183841398e-14
FNBP1L,0.00424135391927527,0.006288910893250803,0.0048507594856111655,0.007540772106702207
FNDC1,4.3021142204224816e-13,2.2051138126284026e-14,9.435018025846597e-13,4.79477796087371e-14
FOXJ3,2.857387659815913e-10,8.162027544310403e-11,5.079483746213134e-10,1.4351967565587227e-10
FOXK1,7.66053886991358e-15,2.1204283741184827e-18,1.9210605914283986e-14,6.3434962937135146e-18
FOXL1,0,1.8729024425160243e-29,0,4.32738716922203e-28
FTLP10,0,3.390389692985523e-23,0,1.8198346656728297e-22
FTSJ2,1.0201960831679457e-8,1.3695946118372034e-9,1.6417054298632197e-8,2.29152813034389e-9
FTX,0,9.27144666615391e-28,0,1.343982878516457e-26
FUBP3,1.8551826741486366e-13,6.543509266145762e-16,4.1712367061879184e-13,1.5830497993945581e-15
FUCA1,0,7.500550118030813e-28,0,1.1052463521032183e-26
FUT1,0.6206734148252007,0.4432950657778334,0.6213704091147292,0.46167938217399357
FXR2,0,8.434748813413116e-20,0,2.9145653361076716e-19
FXYD6,4.917452748063322e-4,9.160539095721298e-4,5.964502210746193e-4,0.001148610492803873
FYCO1,1.9944556824258441e-4,0.014274284880819846,2.48158721686342e-4,0.016755134919356013
FYTTD1,0,4.080407421264181e-24,0,2.5921738921045608e-23
FZD1,1.1102230246251565e-16,3.1760260204236093e-16,3.355131615096024e-16,7.886983836233001e-16
G6PC,0.0012805189981799359,0.0391328623699927,0.001519072104959964,0.0445554876153876
GABARAPL3,0,2.489702493870557e-29,0,5.413584812891711e-28
GAL,0,1.3665582530263217e-31,0,7.16639225042921e-30
GANC,1.133762386981152e-4,1.5846577178595326e-4,1.4316560453168513e-4,2.0638748801632916e-4
GAPDHS,1.2434497875801753e-14,1.1684605758939224e-13,3.053816764814673e-14,2.456798592946773e-13
GAR1,0.1287194934972128,0.7249839022163528,0.1321282998880428,0.7386550272295754
GART,2.820299549455285e-12,9.523334147322506e-12,5.81340357997546e-12,1.752332795116205e-11
GATAD2A,0.052321166150687715,0.3319332231881305,0.055265781544239445,0.3504067122228755
GATC,7.64244223461219e-12,4.149081187527391e-15,1.519116444182111e-11,9.411974246006791e-15
GBA3,3.693988370501167e-5,1.727058992629532e-6,4.828725267304677e-5,2.4694035155240226e-6
GBGT1,5.9365874590211476e-5,0.0012316175933873854,7.642552663851774e-5,0.0015367209020361848
GCNT1,0.3226456918000141,0.939466502532957,0.3246485713766508,0.9437007177556408
GDNF,7.16138259804211e-12,2.884409421044484e-13,1.4250831665523528e-11,5.86419840105167e-13
GGA3,0.20716969004302044,0.2921810354542382,0.20999633732046927,0.3099100453390284
GGACT,2.0229517781245043e-5,3.173804034050309e-6,2.685720789572592e-5,4.491184597390239e-6
GGPS1,6.907299875402728e-7,2.0872387729582916e-8,1.001277697385615e-6,3.2846837883359524e-8
GHR,1.1102230246251565e-15,6.201488786314589e-20,3.0407490828059204e-15,2.168089118823316e-19
GIF,0.02282874023335668,0.8496285127904528,0.024713809250804467,0.8582932794931317
GIMAP1,0.007358104861649117,0.10622193160452618,0.008261650483829201,0.11712659496034025
GJA1,3.297362383136715e-14,7.9792761814197645e-16,7.80769871066768e-14,1.907111183843357e-15
GLG1,3.854583319196081e-12,8.648274337726156e-12,7.863526382295895e-12,1.5946094254566428e-11
GLI1,1.812416211666168e-6,1.516560527132179e-5,2.5687902268686626e-6,2.078422305823732e-5
GLOD5,5.248963220017e-5,0.0012726279237303944,6.771998134074031e-5,0.0015856712704481433
GLT8D2,0,6.934061260308586e-21,0,2.681872283542345e-20
GLUD1P3,6.295630683439413e-11,7.183295808888585e-13,1.168065505574659e-10,1.421511257186276e-12
GM140,7.721697710560971e-5,8.505468526044599e-4,9.876461275416221e-5,0.0010694816912508829
GMIP,0,8.2761388496435555e-22,0,3.59911111436938e-21
GML,3.122784731912631e-5,0.003309669576883782,4.1031136160650125e-5,0.004039110784109365
GMPS,0.02962251904262947,0.5482953927480159,0.03181744063434237,0.5657469243458983
GNA14,2.1208328023325507e-4,0.009433784483923268,2.633318166127394e-4,0.01119869356513661
GNAI3,1.9570014497816146e-8,2.4981925281163616e-10,3.090640907848201e-8,4.2994954417292205e-10
GNAL,0.017232614815492764,0.0751257946584042,0.018838597312092947,0.08387557412394157
GNAS.AS1,0.08503643842477648,0.2839679555696821,0.08887454262097363,0.3013778957028233
GNB1L,3.7570562472222235e-7,4.286287930233303e-4,5.545390139732801e-7,5.474535372210587e-4
GNB2L1,6.627886939281069e-8,8.099374046012252e-8,1.0213934669609461e-7,1.2374622042879045e-7
GNB3,0,4.211240210911891e-25,0,3.0773120065802874e-24
GNL3,0,6.994718017849283e-24,0,4.129662988683865e-23
GNPDA1,3.0999441740231504e-6,5.341306569134453e-9,4.3316618042972394e-6,8.721199279090412e-9
GOLGA2P2Y,4.5835275153116584e-7,1.72198876832695e-7,6.720747993257144e-7,2.5800890537201276e-7
GOLGA7B,2.3174484553578623e-9,4.269530740116566e-11,3.909186940305646e-9,7.582244332298643e-11
GOLPH3L,0.09326482500963684,0.10128454671238524,0.09701935997210182,0.11188992985637106
GOPC,0,6.526305627535596e-24,0,3.8659145959787265e-23
GORAB,0,7.241461161539819e-34,0,1.1737750228204998e-31
GOSR1,3.930189507173054e-14,8.856288724092087e-15,9.24475975104163e-14,1.9738453493820238e-14
GOSR2,0,3.387434134029549e-16,0,8.38860425135373e-16
GOT1,8.454255073786499e-10,1.3653980484986678e-7,1.4691946195478878e-9,2.0561695274266255e-7
GPATCH3,6.772360450213455e-15,7.936010562898183e-21,1.7103567539278457e-14,3.036460693915764e-20
GPBAR1,0,1.0203583738206055e-18,0,3.1530311620834307e-18
GPBP1L1,2.7710056471619282e-12,4.066013553639428e-11,5.725032524785305e-12,7.228018111803689e-11
GPC1,5.974157520127754e-6,1.7664194352897322e-7,8.212739289427745e-6,2.6444381638300525e-7
GPIHBP1,0,1.6346243934903045e-25,0,1.324788769815097e-24
GPN2,0,1.8604256675524454e-18,0,5.593826248306931e-18
GPR108,9.651390797671411e-12,9.370095907186597e-11,1.9078081809587723e-11,1.644378051428514e-10
GPR110,2.1791326567210945e-5,0.009265020190881509,2.8866222339774973e-5,0.011005683544531466
GPS2,0.2697128947460907,0.7072367001593353,0.27215511676982446,0.7213976180687042
GPT,0.0027571728264200734,0.009249243927056708,0.0031901616804068727,0.010994267947961408
GRB7,0.02353153982388323,0.02632390534418016,0.02541292277770067,0.030300531458149278
GRK1,0.09040622010594379,0.08574589893155812,0.09432082530655223,0.09525541295636643
GRK7,2.220446049250313e-16,1.7552573631236508e-19,6.522331640549108e-16,5.871714593713826e-19
GRTP1,1.0583795301288834e-4,2.178207910889921e-4,1.3374136798155912e-4,2.8143077573309635e-4
GSK3B,1.8762769116165146e-14,9.557185670730748e-15,4.5330646794203865e-14,2.124745891635028e-14
GSPT2,5.653255641391297e-13,3.2161360562078857e-16,1.217361691859986e-12,7.97548065120815e-16
GSTM1,0,8.587600803258888e-16,0,2.0442846771976767e-15
GTF2F2,0,2.959686325945403e-27,0,3.6393935994211405e-26
GTF3C1,1.360526136195972e-10,2.9509326251690797e-9,2.477853014134237e-10,4.889881850071068e-9
GTF3C2,3.971325103324652e-5,2.7846325690880866e-6,5.1836549481902304e-5,3.949880565381113e-6
GTF3C2.AS1,0.0018431352012110436,0.016832056898231258,0.0021691815602371558,0.019679709802981202
GTF3C4,0,6.192480658436984e-21,0,2.40548867407258e-20
GTPBP10,0,7.452285575630945e-22,0,3.264723631781321e-21
GTPBP3,2.0113920029651844e-5,7.906337512937721e-4,2.672363592613207e-5,9.976645283487585e-4
GTPBP6,2.5990321006474915e-13,3.734306204186556e-16,5.799842597565053e-13,9.209222630794785e-16
GUCY1A2,3.1934320743332023e-9,1.3185047647422344e-8,5.341359651534802e-9,2.1008882891290474e-8
GYS2,1.470799371183773e-9,1.702393801941125e-8,2.5071082971516895e-9,2.6981050212098004e-8
H2AFX,0,5.809089592983401e-21,0,2.26643473616836e-20
H2AFY2,0,7.549819202580843e-29,0,1.512508723393443e-27
H3F3C,1.021627227260069e-12,2.5491119972048943e-17,2.1737008904590727e-12,6.928455321671229e-17
HADHB,0,5.666755049859367e-24,0,3.4366749162922627e-23
HARS2,1.587796560897914e-11,1.5998773540208512e-11,3.090656406201944e-11,2.9048689635633175e-11
HBQ1,5.939731733080045e-4,0.0017816862474778936,7.146114493982267e-4,0.0022045430806752844
HCN1,0.009257238086280761,0.5586795366821689,0.010316034692399122,0.5757951525458421
HDAC10,1.1102230246251565e-16,4.3672894981414314e-21,3.355131615096024e-16,1.7304171500413716e-20
HDAC4,5.96189764223709e-14,1.1709750195993327e-13,1.3841228510558246e-13,2.4591854651891757e-13
HDAC6,9.43689570931383e-15,9.278252691459026e-17,2.3369423680148e-14,2.418585460361322e-16
HDGFL1,0,7.523035906930029e-33,0,6.988323997309371e-31
HDX,0,7.911849934640974e-27,0,8.872219140543935e-26
HEATR6,7.573355276235816e-10,6.323153968132782e-10,1.3212614929088512e-9,1.0706726994473648e-9
HECTD1,4.6444769985498624e-7,5.874017336722263e-8,6.798934719552057e-7,9.052180562986859e-8
HECTD2,3.26405569239796e-14,6.815930764488345e-16,7.749415844934172e-14,1.64672148415755e-15
HERC4,0,5.453033583090899e-25,0,3.9047224412253305e-24
HEXA.AS1,0,1.3638278760127975e-21,0,5.748711827259617e-21
HIATL1,1.2212453270876722e-15,5.630521950053605e-17,3.3294807617696017e-15,1.48729194621416e-16
HIF3A,9.077302299043133e-6,1.6211222643565526e-4,1.2307855512694985e-5,2.1082866501442255e-4
HIPK1.AS1,0.028018633526920578,0.24973283467279261,0.03013101542732171,0.26695449753686173
HK2,6.322655561264989e-4,0.08434135436654498,7.596559882571076e-4,0.0937535129897442
HLA.F,0,1.7920809439259967e-26,0,1.8258744702971726e-25
HMG20B,0.006025799991779102,0.7315797523649402,0.006825922099963239,0.7449495707976518
HMGN5,3.3306690738754696e-16,6.035244334499203e-18,9.609357538381816e-16,1.7554389312254615e-17
HMGXB4,2.27441419675678e-5,1.5749863295923586e-4,3.010601717013614e-5,2.0527782351339001e-4
HMHB1,0,1.1307287822201713e-22,0,5.4488903208069335e-22
HNRNPA3,0,8.901529802803924e-19,0,2.7602482849390255e-18
HNRNPA3P1,4.532929587242052e-12,6.333738842270198e-15,9.153129619538593e-12,1.416945590435102e-14
HNRNPC,2.6318876411579595e-8,8.490706012493727e-7,4.130858859317466e-8,1.2348229054058984e-6
HNRNPCL1,4.694794033569538e-4,0.00486219873752255,5.717771695255798e-4,0.005865561805820505
HNRNPDL,9.296851954943008e-8,1.0671911324173924e-6,1.4143589620873194e-7,1.54825206598878e-6
HNRNPF,1.779687508474126e-13,8.280901511715276e-17,4.0065439742542506e-13,2.16811268654748e-16
HNRNPH1,6.7322112329293304e-9,5.2193728346731943e-11,1.0982189046946931e-8,9.232283496252286e-11
HNRNPH2,0.012135302213309496,0.11654260186282561,0.013405975121642398,0.12795286891712937
HNRNPK,1.0295986285768777e-11,2.734478595085361e-12,2.0262410096606765e-11,5.23692302367046e-12
HNRNPKP3,1.0862129640187845e-8,1.419301794315761e-7,1.7432202653874824e-8,2.1319419538879544e-7
HNRNPLL,0.07294227461809932,0.32606953759007196,0.07645859826224051,0.3448305560070783
HNRNPR,0.017011700336839297,0.017263681349938054,0.018608504110788016,0.02013155254868512
HNRNPU,0,7.498819992751928e-28,0,1.1052463521032183e-26
HNRNPU.AS1,0,1.6258158432333597e-31,0,8.005968204914673e-30
HNRNPUL2,0.11862220692230319,0.9127882649732595,0.12204465951671471,0.9179365349392677
HNRNPUL2.BSCL2,0.008080146063115357,0.004442281815178195,0.009043879742959624,0.0053698904925171
HPCA,0.3994876443901628,0.3342730800088015,0.4015143573549382,0.35245943326770734
HPS3,2.747278190273761e-6,3.040733764849054e-7,3.844895614802288e-6,4.499276599772501e-7
HSP90AB1,0,5.256153081814564e-21,0,2.059718888983597e-20
HSP90AB4P,2.4733148862310372e-9,2.458154483612352e-11,4.168166769517901e-9,4.4137859459021386e-11
HSPA1A,3.8288994197444026e-10,8.127322108459635e-9,6.759334322182445e-10,1.3078533681754088e-8
HSPA4L,1.4347323329388928e-10,1.0080500371110177e-10,2.602368005727412e-10,1.7638402513924873e-10
HSPA6,0,3.677824556125308e-29,0,7.537426647783247e-28
HSPA9,1.1834426936196962e-5,3.2291917712252944e-5,1.5901117729645205e-5,4.361855248556591e-5
HSPB1,4.9253934264470445e-12,6.068345612106629e-16,9.923137264808e-12,1.4720898267192e-15
HTATSF1P2,0,5.318631213699645e-26,0,4.913533395868636e-25
IBA57,4.4209080840573733e-13,6.559988245250878e-14,9.63628253529865e-13,1.394095237339966e-13
ICAM4,2.574607194105738e-13,2.098035120982386e-16,5.752537126679863e-13,5.298578782877612e-16
IDH3G,1.4347323329388928e-10,8.073139094068885e-9,2.602368005727412e-10,1.3003077691711672e-8
IDUA,0,3.762086797556059e-27,0,4.532297810839495e-26
IFNB1,8.478751922780248e-9,1.7113348147660766e-9,1.3718343628237007e-8,2.857031811542991e-9
IGBP1P1,0,5.68681501195636e-24,0,3.437149547904472e-23
IKBIP,0,6.773840394697576e-32,0,3.896050781853477e-30
IKBKE,2.4268365095281297e-12,3.271701184050037e-11,5.0490659235573575e-12,5.850996199760498e-11
IKZF2,9.819367541297197e-12,5.804221428006852e-9,1.9367181776695687e-11,9.451074708800198e-9
IL10RB,2.84584523795095e-4,0.09175272846562858,3.5115169960322107e-4,0.1016750247695561
IL17A,6.581571887487314e-8,5.4228551236332755e-8,1.0160123528476089e-7,8.364144191555476e-8
IL6ST,0,1.2084310928183499e-26,0,1.2901991847276155e-25
ILF3,1.0096796492331528e-5,4.454463258614203e-6,1.3648664250058465e-5,6.253785818983561e-6
ILF3.AS1,0.002781180209511458,0.014419631763136672,0.0032137681876597077,0.016903486807148378
ILKAP,8.084977132227777e-12,2.8980949443244336e-13,1.6017238029735697e-11,5.884905895601359e-13
IMP3,0.09094498654438288,0.36160206339411005,0.09477201110966374,0.3799272121577479
IMPDH1,3.808064974464287e-14,2.2140168915463503e-16,8.969326089127905e-14,5.567830913437437e-16
INPP4B,4.227596074324325e-6,7.550765746682968e-6,5.861433748460553e-6,1.0428361987866562e-5
INPP5E,0,4.993452523818753e-20,0,1.7771109480975723e-19
INPPL1,0,1.533969788272479e-26,0,1.5901558909824594e-25
INS,2.2648185584728253e-6,3.515726182861058e-6,3.187191388916375e-6,4.967147213978816e-6
INTS12,0,2.5220220439224174e-20,0,9.214683000642767e-20
INTS4,3.807341768524708e-7,1.2602711206634162e-5,5.614963087906993e-7,1.7311736580453553e-5
INTS6.AS1,4.227596074324325e-6,3.09574770161826e-9,5.861433748460553e-6,5.101403097953196e-9
INTS9,0.013936370519981534,0.011030201307589832,0.015348084396001898,0.013033034414468304
IP6K2,0.035227621047516866,0.10193181398338806,0.03767897320199315,0.11253524726463214
IPO5P1,2.2648185584728253e-6,3.32522316840105e-7,3.187191388916375e-6,4.916146690927921e-7
IPO8,5.246445763495977e-6,1.238246410972445e-7,7.2458658375781e-6,1.8725982618862336e-7
IPO9,2.332134485527604e-12,5.8732162945638454e-15,4.857705359457615e-12,1.3172257425418034e-14
IPO9.AS1,3.3306690738754696e-16,6.653248271874855e-19,9.609357538381816e-16,2.0921942978400117e-18
IQSEC2,9.734990591425685e-12,4.734762881407376e-14,1.9222024611862676e-11,1.0122400740466848e-13
IRAK1BP1,0,8.526238961690711e-20,0,2.940480477503779e-19
IREB2,2.940309768642013e-4,0.0014844554847714476,3.6255686842937137e-4,0.0018444488706254292
IRF1,3.552713678800501e-15,7.93667700845543e-18,9.301745211896173e-15,2.2750956762180112e-17
IRF2BP1,2.220446049250313e-15,3.3378769405027306e-18,5.944527486206169e-15,9.91905764152728e-18
IRF2BPL,0.3854738807782374,0.33065414142410227,0.3876480143415664,0.34926323113695157
ISX,1.176524790580391e-5,1.5105627865413842e-4,1.5820088247396963e-5,1.9716935932674143e-4
ITGA5,4.440892098500626e-16,7.413414892445962e-19,1.2608456387940472e-15,2.3230437176153163e-18
ITGA6,0,3.5985836907544594e-27,0,4.364812735112382e-26
ITGAM,0.005916337203957567,0.003110345611258133,0.006706185145998946,0.003808891637962398
ITGB2.AS1,3.169238871336688e-9,1.807715563365356e-7,5.305871274735507e-9,2.7039906455372733e-7
ITM2C,0,8.32322465572616e-29,0,1.6489232845733045e-27
IVD,0.0024620197038216496,0.02345622881360714,0.0028597922683478833,0.027104637702308185
IYD,3.3551366129813687e-9,1.354540713378876e-12,5.585628927120243e-9,2.625158795602756e-12
JAK2,1.7095180826487422e-10,5.275597816178512e-10,3.0913496362704943e-10,8.949943773783336e-10
KANTR,2.475797344914099e-14,3.575520507020776e-14,5.933261647825052e-14,7.708770331339835e-14
KAT2A,6.661338147750939e-15,1.4457662168577378e-15,1.6847043854524716e-14,3.409789900340405e-15
KAT6A,1.1102230246251565e-16,4.40963818957565e-15,3.355131615096024e-16,9.977645802047441e-15
KBTBD3,0,1.1538625529666535e-26,0,1.2393595975539417e-25
KCNA1,9.346431629958518e-4,0.011015933506820692,0.0011169361659662225,0.01302480732271969
KCTD19,0.25101112701384565,0.20711344649720595,0.25357101386157893,0.2229971468022453
KCTD20,0,7.839325035173625e-23,0,3.871888237594065e-22
KCTD21,1.3344880755994382e-13,7.726147389995536e-16,3.03493908009413e-13,1.851575375855113e-15
KDM1B,2.9260593947810776e-11,5.208624588737163e-12,5.60985365687598e-11,9.744992278823045e-12
KDM2B,8.393445882770578e-7,1.4905980279306966e-6,1.2098232828601406e-6,2.143335712742284e-6
KDM3A,0,1.4137060635192395e-23,0,8.002025115094617e-23
KDM4A,0,8.067871295486657e-21,0,3.0737210512505785e-20
KDM4D,1.1712852909795402e-13,2.2134298467843103e-16,2.680875062665623e-13,5.567830913437437e-16
KDM5B,0,1.652108321107294e-28,0,3.005825649524801e-27
KHDRBS2,0,2.205651404613436e-26,0,2.172749422334672e-25
KHSRP,6.26301007500274e-7,3.347725691165205e-5,9.101016270358505e-7,4.5117119481085116e-5
KIAA0020,0,6.254264373345616e-27,0,7.216455537398081e-26
KIAA0101,0,1.1935711440434785e-21,0,5.079086753769742e-21
KIAA0195,7.943609270366636e-7,4.746268380562756e-6,1.1477678548673998e-6,6.647758462327882e-6
KIAA0196,8.503705567708408e-6,1.3087219332929996e-7,1.1547682427436476e-5,1.9741549975138904e-7
KIAA0226,0,9.379428713006745e-25,0,6.481985036934506e-24
KIAA0226L,3.162803352552146e-12,2.365848160919024e-13,6.511868796305399e-12,4.848629047032896e-13
KIAA0319,4.606315329169774e-13,2.9589244937193687e-15,1.0003727444469801e-12,6.789912963065166e-15
KIAA0355,0.06402657072947482,0.9579759056137847,0.06735066407708178,0.9595904717468415
KIAA0391,2.1316282072803006e-13,6.675516555384226e-15,4.774740067312533e-13,1.4896678370776064e-14
KIAA0513,1.233457780358549e-13,6.762458460290907e-14,2.8195579774093495e-13,1.4354123136546058e-13
KIAA0930,0,4.7360742225887294e-34,0,1.161968407814783e-31
KIAA1024,0.0024999729084319577,0.07034879557695109,0.0028982130661470615,0.07878888348850742
KIAA1210,0.11188420148612943,0.7727497732643536,0.11544533058435694,0.7823542810341468
KIAA1430,0.09848518131169504,0.8674785216812185,0.10215187799811068,0.8753334488724464
KIF5C,1.887379141862766e-15,1.565998748590421e-18,5.0680677860561924e-15,4.755812784773715e-18
KLC2,0,4.0125859916752814e-28,0,6.504037111960934e-27
KLF14,5.060188634775642e-7,3.411245871626218e-8,7.383237590675098e-7,5.3213048023705564e-8
KLF3.AS1,1.2206299169115198e-4,0.005986470465235458,1.5369937442466383e-4,0.007187795851525133
KLHDC2,0.009777734972253094,0.078039457583773,0.010889257623689735,0.08691090123164724
KLHDC4,0,3.4093760513929865e-23,0,1.8200351795310463e-22
KLHL13,0,1.7284917828420296e-23,0,9.691512103167731e-23
KMT2E.AS1,2.55351295663786e-15,4.279894013195931e-16,6.805550974118543e-15,1.051108956684345e-15
KPNA2,2.163066392668611e-10,7.339140727096411e-12,3.87612801821923e-10,1.3602586191697403e-11
KPNA5,1.1285359224899594e-7,6.737367942316808e-8,1.7095833048424788e-7,1.0355799173405921e-7
KPNA7,6.707572807185258e-7,6.732332613009637e-7,9.731165431416856e-7,9.855294785711153e-7
KPRP,0.002148400046497967,0.017048005351402273,0.0025085771335336443,0.019906086143778815
KRBA1,3.5993430458347575e-13,4.988775691032257e-14,8.002030736562809e-13,1.0652679110311993e-13
KTN1.AS1,0,4.670786501789316e-24,0,2.9017464573833975e-23
KY,4.4727777037678607e-11,1.758941618869016e-12,8.403543357026444e-11,3.3868173935674465e-12
L3MBTL3,4.091171845743702e-13,1.640278908390602e-11,8.994524538792873e-13,2.969154612853242e-11
LAMP2,3.3306690738754696e-16,1.6316587456432114e-16,9.609357538381816e-16,4.185967688463088e-16
LARGE,1.1074335892757858e-9,5.244729700964874e-10,1.9133276062778353e-9,8.906050530305114e-10
LARP1B,0,7.723291971408256e-21,0,2.9614257172088004e-20
LARP6,5.62139753190749e-7,7.134180028921573e-8,8.175327731966603e-7,1.0946852832673979e-7
LARS,4.440892098500626e-16,3.8285083581737374e-23,1.2608456387940472e-15,2.0103837823430881e-22
LARS2,5.440092820663267e-15,1.1755872607017817e-13,1.39363297402911e-14,2.4659671598015023e-13
LASP1,1.8370013806923158e-4,0.0031745342156142132,2.2920738011017488e-4,0.0038848280757996854
LAT,9.547918011776346e-15,3.2112439307748746e-15,2.3611564237166745e-14,7.349997340913481e-15
LBX1,1.3016254740705335e-12,2.2984280099098565e-16,2.7530227998431333e-12,5.763849706989134e-16
LCP2,0,3.571377796227379e-17,0,9.590009955833457e-17
LCT,4.5835275153116584e-7,1.9163805388555735e-6,6.720747993257144e-7,2.735713771640903e-6
LDHAL6A,0.09634020082584949,0.1292018074595519,0.10016010383235548,0.14141609742196504
LETM2,0,5.535238528390833e-33,0,5.805488409482856e-31
LGALS8.AS1,0.19661731648322767,0.43261938664782,0.19952684990870512,0.45135188203221943
LIME1,1.7430501486614958e-14,1.5537142130892751e-15,4.22837879600469e-14,3.640305442757132e-15
LINC00658,3.042011087472929e-14,2.0211718475889596e-16,7.241529731594436e-14,5.126243818280391e-16
LMAN2L,0,4.125798558006155e-22,0,1.8766068441135138e-21
LRAT,0,1.7325763408756631e-22,0,8.194120996767393e-22
LRP1,4.038089398283873e-5,5.164917072757708e-6,5.263094588552738e-5,7.217121583641844e-6
LRPPRC,2.0328960737003854e-11,1.037730678646416e-12,3.94842450915881e-11,2.022157158498972e-12
LRR1,6.109025285638836e-9,1.716000637481628e-8,1.0011389783358496e-8,2.717255005887871e-8
LRRC42,3.6637359812630166e-15,9.69432493323167e-18,9.578359610838648e-15,2.756775335877523e-17
LRRC48,2.220446049250313e-16,1.7628682604670476e-19,6.522331640549108e-16,5.886131289162445e-19
LRRFIP2,3.1380059972718755e-7,2.3403386506578015e-9,4.6432072142205427e-7,3.892559528099683e-9
LSM14B,0,6.564883289897033e-34,0,1.170518690588641e-31
LSM2,5.220235522362948e-5,4.7074582822517936e-4,6.74469560606749e-5,5.999569776450999e-4
LUC7L,2.2037260904994582e-11,3.9144186132650314e-14,4.266279717003837e-11,8.429237182912502e-14
MAATS1,0,6.111943344534233e-28,0,9.476169550699598e-27
MAEA,4.340972026284362e-14,5.430807787247621e-17,1.0157418796410784e-13,1.4366662143416184e-16
MAFA,9.380274335057948e-13,2.861998214829136e-12,1.9982113667154503e-12,5.463536206681317e-12
MAMDC2,0,2.0220141623961483e-20,0,7.433507735159448e-20
MAML2,1.6863177521031503e-12,6.483033971423367e-14,3.541465903415685e-12,1.3810334015588845e-13
MAN1B1.AS1,0.0082581803599346415,0.14332039783463885,0.009231558358472391,0.156198208642519
MAN2A2,7.395932950515771e-7,7.13549521221446e-7,1.070369192432599e-6,1.0428350789654411e-6
MAN2B1,9.129371880689519e-7,1.335244088249484e-4,1.313774823508427e-6,1.7505442715800223e-4
MAN2B2,0.015534987141314849,0.17132251849896746,0.017034982824701336,0.18592090717203832
MAN2C1,0,5.662167187448652e-23,0,2.8358550829272327e-22
MAP2K2,2.7710056471619282e-12,1.518881227408013e-14,5.725032524785305e-12,3.32290212082023e-14
MAP2K4,5.902570423543807e-6,1.3716107489896676e-4,8.120588784860036e-6,1.7969007828424523e-4
MAP3K14.AS1,1.5343282200319663e-13,2.351100784982378e-16,3.476120986425662e-13,5.879400700734333e-16
MAP3K3,0,1.5344809382854315e-21,0,6.407446166189518e-21
MAP3K5,8.973562757297326e-5,2.5615687697107037e-4,1.1428473140186524e-4,3.2958264812564054e-4
MAP3K7CL,1.1925380682953346e-9,5.617278795680438e-9,2.0464825560833316e-9,9.155034819651025e-9
MAP4K1,0.06382617407011748,0.594995865659431,0.06717949726506603,0.6118094743199339
MAP4K5,0,1.1162263395313014e-25,0,9.477293158972907e-25
MAP7D2,1.9570014497816146e-8,2.3928672005908607e-9,3.090640907848201e-8,3.976218283926845e-9
MAPK10,0,5.247529151245274e-24,0,3.1932916302629085e-23
MAPK15,1.4892087563112e-11,3.5759951993393817e-12,2.911468434761918e-11,6.775769862297681e-12
MAPK3,0,1.1536273569490965e-30,0,3.9556107258466135e-29
MAPKAP1,0,3.3182683596510644e-31,0,1.344652837558602e-29
MAPKAPK2,2.007318933294755e-8,1.4834179751984695e-10,3.167300582358007e-8,2.577908625515469e-10
MAPKAPK3,7.105427357601002e-15,1.5267388586425283e-17,1.7868796866858372e-14,4.253399038999419e-17
MAPKAPK5.AS1,0,2.10553168977135e-17,0,5.775635389018949e-17
MAPRE2,0.10259556494255884,0.6786433258170007,0.10622990260893288,0.6942174698403398
MARCH7,0.002148400046497967,0.004441810950753709,0.0025085771335336443,0.0053698904925171
MARCH8,3.542496721176125e-5,2.3424159795781077e-5,4.640904962422506e-5,3.1809045632808574e-5
MARK2P9,0,3.8335977902223777e-23,0,2.0103837823430881e-22
MARK4,0,5.0249342638171816e-20,0,1.7847525482840707e-19
MARS2,2.4604873694045182e-11,2.8819055824921057e-12,4.7581876135013624e-11,5.495655244474251e-12
MAST4,1.5587395818528194e-9,9.222146903617225e-10,2.6544724684274853e-9,1.5556374578192538e-9
MATK,1.574296248918472e-11,1.004285131156913e-12,3.071083382737019e-11,1.965576716633124e-12
MAU2,0,1.3867266571536124e-25,0,1.150015641723205e-24
MAVS,0,3.6498666172032956e-19,0,1.1746772885331184e-18
MAX,9.560230385119439e-11,9.18671489053907e-13,1.7500914555100575e-10,1.801970588540282e-12
MB,4.440892098500626e-16,6.678753178727524e-13,1.2608456387940472e-15,1.3275604144560954e-12
MBD2,1.0186251335753127e-6,1.1077554798909003e-7,1.4611493267616915e-6,1.6809600175706172e-7
MBD3,3.169716209914242e-4,0.023804413811800228,3.894971745194413e-4,0.027489164395362573
MBNL1.AS1,3.820943561549939e-12,1.2754179421235386e-13,7.803828602799016e-12,2.6687357265543854e-13
MBTPS2,0,1.8715696087711905e-24,0,1.2545145159545236e-23
MCCD1,0,8.797005230192418e-19,0,2.732588906869875e-18
MCHR1,1.1102230246251565e-16,1.2406968083035276e-17,3.355131615096024e-16,3.483720329456992e-17
MCM3AP.AS1,0,6.880165372246577e-30,0,1.8040198321640655e-28
MCMDC2,8.325294365230107e-5,0.009503323761150043,1.0625626237083236e-4,0.011273736704012327
MCTP1,3.292555117440088e-11,1.0190214783970484e-13,6.278744143738692e-11,2.1476540141630466e-13
MDH1B,0,2.7863068079569963e-19,0,9.149143717472052e-19
MDK,0,8.53867026870477e-21,0,3.246151191705886e-20
ME3,2.439503394846554e-7,5.80296412954862e-4,3.62771855964254e-7,7.379946535652775e-4
MECOM,9.390255769470279e-5,3.2742874493514866e-5,1.1908126626575754e-4,4.419420531562226e-5
MECR,7.105427357601002e-15,2.309653921659948e-13,1.7868796866858372e-14,4.738910175281574e-13
MED25,4.977129819394577e-13,4.216816425782063e-12,1.0782773351130655e-12,7.939370313800864e-12
MED30,0,1.024590017202893e-15,0,2.432548602759998e-15
MED4.AS1,6.489882675708714e-8,4.552766633677696e-6,1.0027262401030015e-7,6.381747569062367e-6
MESP1,8.760133698182404e-5,1.0041072943837759e-5,1.1164630724702805e-4,1.3814223039245928e-5
METAP1D,0.17537982997794954,0.5825415996900185,0.17868699248610517,0.5996949608818146
METRN,0,1.7514121713170357e-26,0,1.7946941962403878e-25
MFGE8,9.793358246579231e-8,2.0479351888780173e-7,1.4873558563586686e-7,3.058181274513823e-7
MFNG,4.6491424926131675e-4,0.2524861600884931,5.666043106171755e-4,0.2695705529567564
MFRP,5.229150445984487e-14,3.833642729261974e-16,1.2171769249595745e-13,9.441139483804005e-16
MGAT2,0,4.887215187125191e-30,0,1.3406007197914177e-28
MIAT,2.600677282416086e-7,2.3410083711715313e-7,3.8609555325128075e-7,3.484155196827079e-7
MIEF2,0.008323799069513416,0.039675460586294835,0.00929325844767841,0.0451444455809596
MIER2,0,2.68990270855478e-24,0,1.7697773171044917e-23
MKL2,0,1.5732055753185224e-26,0,1.621402046701113e-25
MKRN2,0.16524078029728972,0.5438452274943304,0.16874244631733537,0.5618053537789056
MKRN2OS,1.1102230246251565e-16,5.621832005242425e-22,3.355131615096024e-16,2.5185242375244334e-21
MLF1,9.545163720002803e-4,0.0012866239016310205,0.001139921427512726,0.0016008725866071944
MLH1,4.361877525838054e-11,6.740944225241751e-12,8.221170854724365e-11,1.2506871543814821e-11
MLLT10P1,5.10702591327572e-15,1.6115126282126684e-18,1.3139721794185583e-14,4.8700457900054036e-18
MLXIP,6.91243043368095e-5,2.1281349301252134e-6,8.8668082469447e-5,3.033145148212035e-6
MLXIPL,5.557054816307527e-11,2.9939185632534857e-13,1.0353426057968987e-10,6.066087270773825e-13
MOB3B,0.15327960819147046,0.38037823987805097,0.156797212510265,0.3991844624500087
MON2,0.005373666657606635,0.11967063541560317,0.0061104895730310135,0.13122554916729426
MORC1,5.551115123125783e-16,1.5631359464759955e-16,1.5611416821030393e-15,4.027559815847833e-16
MORC4,9.83920257886517e-4,0.08996942343665659,0.0011742502140640293,0.09976087188281013
MORF4L2.AS1,0.1164505882109127,0.7668258934531474,0.1198795604965689,0.7781733454905873
MPHOSPH9,3.774758283725532e-15,6.252876663281054e-16,9.839757339009685e-15,1.5147933547051791e-15
MRAP,1.6023860960334702e-6,1.3637819827641809e-6,2.274724848111208e-6,1.967332746981015e-6
MRFAP1L1,2.4870795856113403e-6,1.5252014888690866e-6,3.4944546108313786e-6,2.1895605915085197e-6
MRPL30,3.277325165695899e-7,5.60629066062224e-7,4.845332313794186e-7,8.233950780798561e-7
MRPS17,0,2.0886351567131536e-19,0,6.883616422217288e-19
MRPS28,0,7.009410216806578e-31,0,2.4995556833132255e-29
MRPS6,0.10777723700465935,0.18191030311580167,0.1114656691295288,0.19681193595599172
MSL2,0,8.67361697034448e-26,0,7.543931247865467e-25
MSL3,0,2.5361143323953994e-28,0,4.4332273084911735e-27
MSR1,6.461341239827334e-9,1.9184155246232942e-8,1.0569331587717556e-8,3.02970317130499e-8
MTA3,0,3.0702715224313463e-27,0,3.749516523626774e-26
MTCH2,2.6665442483753132e-5,2.8458584319932044e-6,3.516603842347029e-5,4.033517952499113e-6
MTERF,1.1102230246251565e-16,2.5141790386567208e-21,3.355131615096024e-16,1.0234660333161948e-20
MTFMT,8.713364479517871e-5,0.001102604066860774,1.1112967716008845e-4,0.0013786416908925384
MTMR2,2.9778054325690917e-6,1.6418942096456836e-6,4.164256538251522e-6,2.349516352968101e-6
MTMR4,0,3.63143534262809e-23,0,1.9156358626940488e-22
MTMR6,5.162529524040949e-4,0.05238935174887089,6.249008921496952e-4,0.059195319498248924
MTOR.AS1,1.7878845879448768e-5,2.7211834048638855e-4,2.382509880647022e-5,3.490553964656337e-4
MX1,4.235889417003591e-11,6.095296111341295e-13,7.992159609013125e-11,1.2142919515666514e-12
MYL1,0.021711767221218814,0.22243402307613036,0.02356182650969759,0.23905959201009067
MYL12B,3.922876824491439e-7,1.7959010135182883e-5,5.780569733940691e-7,2.4518311692979388e-5
MYL2,0,1.833762690884969e-19,0,6.111399771678317e-19
MYL6B,2.616351579831644e-12,3.908896296823254e-16,5.430680869429361e-12,9.613189099635673e-16
MYO1G,2.1609911038389384e-6,5.843955765879867e-6,3.0482967865069836e-6,8.134092998098208e-6
MYO1H,1.621421885644736e-10,1.1439494016022564e-11,2.935020530055395e-10,2.0941086068345208e-11
MYOC,5.3290705182007514e-15,2.4623481167628022e-15,1.3671557890578332e-14,5.672308387839892e-15
N4BP2,0,1.0836859569041702e-26,0,1.1781780860732533e-25
N4BP2L2.IT2,0,1.3255086952050337e-25,0,1.1043841138086801e-24
NAA60,4.689097623944427e-5,5.548979734386896e-5,6.0893379923473515e-5,7.416664817400177e-5
NAAA,0,1.361367396715972e-19,0,4.59719331125867e-19
NACA2,0.0019444262334946671,0.18563166571135958,0.0022823646967221798,0.20071634928038454
NAP1L2,0.03668889758614968,0.03296037849510448,0.0391479978432709,0.03772038180794049
NAP1L5,0,1.3077527141976333e-22,0,6.268072821006398e-22
NAPA.AS1,1.0170796458486286e-4,2.654395188370047e-6,1.28613688549511e-4,3.76814221406353e-6
NARS2,2.9260593947810776e-11,1.0978605159995011e-13,5.60985365687598e-11,2.3110806375762816e-13
NAT14,0.0055190172131101,0.5469275169422401,0.006271770357536843,0.5646622829808998
NBR2,0.1101311461279032,0.029638100339062275,0.11376815385055121,0.03400561962969629
NCBP2.AS2,0.0927145767083899,0.19510149040795371,0.09650326343903091,0.2104452252857722
NCKAP5,0.004340185999705759,0.09396667667016988,0.0049574321828798,0.10406371708255459
NCLN,2.0187532978610534e-7,5.6502970201064834e-5,3.019662021884445e-7,7.546426656816375e-5
NCOA4,4.282241228281691e-12,4.2489409596418e-13,8.666556311040018e-12,8.569979333757159e-13
NCOR1P1,1.1336468430656055e-9,9.894050709615275e-12,1.951054364079126e-9,1.8130619131802708e-11
NDC1,0,6.555411884346967e-34,0,1.170518690588641e-31
NDFIP2,0,1.1924306204824676e-20,0,4.4572406631451564e-20
NDRG2,1.1102230246251565e-16,4.969011396342909e-19,3.355131615096024e-16,1.5792775970908035e-18
NDRG4,0,1.1230211106353169e-22,0,5.426413659248698e-22
NDST3,4.8627768478581856e-14,3.8182951886642303e-19,1.1348600942056473e-13,1.2244640865806336e-18
NDUFA11,0.001970543806982472,0.00330918171523415,0.0023114997420064128,0.004039110784109365
NDUFAB1,4.398669946392708e-6,0.003415929937562773,6.089152573306055e-6,0.0041630916463940015
NDUFS2,0,8.731250588024266e-25,0,6.081179608768463e-24
NDUFS3,0,7.436490489205037e-26,0,6.531656424754967e-25
NEDD1,5.6755598002444785e-6,8.912314995367574e-4,7.820342445004563e-6,0.0011190603969535482
NEK8,1.931645304820151e-7,4.1189654127949345e-8,2.8966556589523376e-7,6.408477601233305e-8
NELFA,0,3.018249844695357e-26,0,2.908940255725309e-25
NELFCD,4.0329461992172355e-10,2.430225372484333e-12,7.105477345063567e-10,4.664253863444096e-12
NELFE,1.2445600106048005e-13,7.501402887468607e-16,2.8376604845375437e-13,1.8004868709382676e-15
NELL1,2.9260593947810776e-11,6.933027383278798e-13,5.60985365687598e-11,1.3750375777960064e-12
NENF,9.706176105073183e-7,5.600911947125594e-6,1.3934067629102644e-6,7.807995310183686e-6
NFE2L2,0.024731008906241136,0.3194850288813524,0.026643739504427767,0.33826710599492354
NFKB2,0.008953614022288114,0.02587341138511631,0.009990171340262647,0.029801222545001536
NFXL1,0,3.567997128363601e-21,0,1.426398851989305e-20
NFYC.AS1,0,2.9815214165862267e-24,0,1.9472720460707846e-23
NHS,0.09848518131169315,0.17523461920327102,0.10215187799811068,0.19005068493882737
NINJ1,0.0210196377924885,0.0071679857143774955,0.02283852174528153,0.008577529213916156
NIT1,1.2132239657347554e-10,1.1235235940377158e-9,2.2141026928403982e-10,1.8898514794049503e-9
NMT2,0.012228271800369561,0.007714598854908675,0.013491960779739435,0.009219255870175715
NNT.AS1,0.014442968549198132,0.020328434540003788,0.01588637441284409,0.023628160876679762
NOM1,7.415697932722232e-5,0.0044135251717439,9.498699291698088e-5,0.005342372967562372
NOP10,0,1.0725438765962588e-26,0,1.1732182404730855e-25
NOP14.AS1,0.0021389287591034867,0.13543937776368645,0.002502434368426192,0.14788022691528044
NOS1,5.246700549577099e-7,4.831976175375856e-8,7.642865261352915e-7,7.478657570047874e-8
NPFF,5.88418203051333e-15,1.7435216663237675e-18,1.5009294077833e-14,5.251180964620401e-18
NPM1,8.061138045967198e-8,1.5337088966986787e-11,1.2347945993092366e-7,2.790411186544637e-11
NRBP2,0.007780833922233277,0.04710458727586904,0.008714338494561515,0.0534611579330837
NRDE2,2.7302755365443687e-6,7.33026315328294e-7,3.8271079258322395e-6,1.0695465795665697e-6
NSMAF,0,1.8199887659099294e-13,0,3.7558332981682917e-13
NSMCE1,0,6.314350617036863e-28,0,9.622638589894637e-27
NT5C3A,1.0733636202076013e-12,3.849600351637214e-12,2.2810576100478584e-12,7.278724736976832e-12
NUBP1,0.010711311691540826,0.06118387133355202,0.01187703280224956,0.06882703002380015
NUCB1.AS1,0,9.94592230915959e-25,0,6.846941883100984e-24
NUDT1,0.015022093137784354,0.009098822974806537,0.0165030142111334,0.010829907452656913
NUDT22,0,2.0123307371336895e-21,0,8.24824299841234e-21
NUDT6,0,2.1536243938044047e-23,0,1.188827335651162e-22
NUGGC,4.3809400551708677e-13,3.987838835111753e-12,9.572568772511835e-13,7.532115087928238e-12
NUMB,1.7375545446896012e-10,3.6006702976046083e-10,3.138864998157608e-10,6.149420632786414e-10
NUP153,1.7178066238432432e-4,4.723030075827077e-5,2.1478605962920775e-4,6.341236916566024e-5
NUP155,0,1.8335745452130168e-26,0,1.8575360307470505e-25
NUP188,0,2.2782152316230376e-23,0,1.2498639255335005e-22
NUP205,4.78449319607499e-7,4.2286831938076054e-6,6.99815534749935e-7,5.9508619846558485e-6
NUP210,3.8202774277351637e-13,2.6804017666883123e-12,8.461558575964965e-13,5.1388777957045815e-12
NUP210L,3.3196778659316806e-12,6.12510120232324e-13,6.8269730506991765e-12,1.2188677950605287e-12
NUP35,5.349455323155894e-10,2.0870812998347734e-9,9.369429117079528e-10,3.4778186519676644e-9
NUP50.AS1,1.2567724638756772e-13,2.7209660069978174e-16,2.861845853244358e-13,6.76636316663474e-16
NUP62CL,1.309207742217211e-9,7.9008479588308e-10,2.2423798312903816e-9,1.3340162794124353e-9
NUP98,4.091171845743702e-13,9.404339953071475e-15,8.994524538792873e-13,2.093375547606297e-14
NUPL1,4.440892098500626e-16,1.2511055185035202e-15,1.2608456387940472e-15,2.9585161001217194e-15
NXF2,0.0015573088428481041,0.026499909954214813,0.0018413008400518366,0.030483444805396782
OAZ2,3.185595100596572e-4,0.022832680207075982,3.909095708440253e-4,0.02645267628928946
OCIAD2,0.0018889363239119605,0.08679872407817321,0.00221869134751978,0.09636495954631559
ODF2L,4.610284443096191e-8,1.439931324170136e-7,7.141735153814516e-8,2.1611090496593876e-7
OGDHL,2.7233881816357552e-11,2.8224232586210644e-12,5.238188918939106e-11,5.393762776121499e-12
OPA1.AS1,0.023615471753719364,0.0773527351604953,0.025488127201502196,0.08630783904328106
OSBP,0,9.563335464566341e-22,0,4.119991096256732e-21
OSBP2,1.587796560897914e-11,1.6523008630906143e-13,3.090656406201944e-11,3.417694244652628e-13
OSBPL3,8.084977132227777e-12,5.965056754507736e-13,1.6017238029735697e-11,1.1896751894057376e-12
OSCAR,0,1.6215470678157106e-20,0,6.010849110011251e-20
OTUB2,3.608890963846534e-12,2.4754762277194624e-13,7.387660836439001e-12,5.050084798654235e-13
OTUD5,6.41819930535803e-13,7.238156335694394e-14,1.3770937859751347e-12,1.5327354805870668e-13
OTUD6A,4.4988666281220446e-5,2.3317760681309804e-6,5.8465591821731816e-5,3.3180819868136773e-6
OXCT1,0.001880531049057943,0.0038477608576854565,0.002211732757566169,0.0046702230151485155
OXT,0,3.0924670983171366e-24,0,2.012360889160385e-23
P4HTM,0.04848343563906066,0.5207792167738134,0.0513337088743736,0.5389143026742365
PABPC1L,0,7.900287241133692e-34,0,1.1738510125784478e-31
PABPC4L,0.08127946759489901,0.7573767125135805,0.08504770582259678,0.7703380937887702
PAFAH1B1,2.518256598027513e-6,4.362118523329752e-8,3.535473633293744e-6,6.757304367590744e-8
PAFAH1B2,0,4.470831751621216e-25,0,3.2429191503795936e-24
PAIP2B,0,1.8303640480242357e-28,0,3.2412115521542906e-27
PAK3,1.4570015978154771e-6,6.707435352212974e-6,2.0766057944884058e-6,9.306892788323527e-6
PAN3.AS1,7.842755445075511e-9,1.1011627712475863e-7,1.2735549142595298e-8,1.6723792343564277e-7
PAPD5,0.02299240618874243,0.06476902360532785,0.02487588606464063,0.07263092395490539
PAPOLB,0,9.61836397556072e-24,0,5.60442580667476e-23
PARL,0,2.800557605663847e-32,0,1.9621145499807187e-30
PARP1,8.848477506262498e-14,6.4222478971921055e-18,2.038350826055043e-13,1.8619297562103292e-17
PARP8,1.308649502096415e-7,2.1498562723893897e-6,1.9790687550788024e-7,3.0616563367973497e-6
PASD1,8.881784197001252e-15,1.5117330335095163e-14,2.2086779948749278e-14,3.311326779788044e-14
PATL2,2.1194164978588503e-8,6.476675727012561e-7,3.3382682117335073e-8,9.488835514596053e-7
PBX1,0,4.36741028078939e-32,0,2.685204320912925e-30
PBX3,6.304090843789467e-7,4.4721069203583776e-6,9.153252422212232e-7,6.273616553106992e-6
PCBP1.AS1,1.7764581173740357e-4,0.006151983094830029,2.2180846101385894e-4,0.007381551721454873
PCBP2.OT1,0.002532934302099221,0.01119523047587435,0.0029345171284229444,0.01321052014459561
PCGEM1,0,1.176604845200732e-25,0,9.895690749966532e-25
PCGF6,0,2.664217764081978e-23,0,1.4482622784628558e-22
PCK1,3.477651500105594e-11,1.2733670363415992e-10,6.596438962434334e-11,2.2172006111299524e-10
PCNA,0,2.8688803618673016e-30,0,8.38559620526131e-29
PCNT,2.6645352591003757e-15,8.722968227862292e-19,7.080277745120671e-15,2.7143197818985104e-18
PDC,1.1102230246251565e-16,6.06989363783188e-21,3.355131615096024e-16,2.363017545033677e-20
PDCD1LG2,1.470799371183773e-9,9.704360378454054e-9,2.5071082971516895e-9,1.554615862963484e-8
PDCD2L,1.3918866059725588e-12,1.628298774682236e-16,2.9369630987562986e-12,4.18336702486805e-16
PDCD4.AS1,0,3.4123149601276116e-29,0,7.157832439891214e-28
PDCD6IP,4.863234259744331e-10,9.283750189721002e-11,8.551426711167793e-10,1.6308302057411376e-10
PDCD6IPP2,9.108210852204479e-10,1.5204875497167088e-13,1.5751639136256631e-9,3.15235965249406e-13
PDHA2,4.080735749312225e-12,8.209933169365883e-13,8.277533380004207e-12,1.6139262228202171e-12
PDHX,2.2036234186395554e-4,0.27049638394397135,2.7323091484244275e-4,0.288109350401494
PDIA3P1,0.018578854304921788,0.21674551280522075,0.020248225688066463,0.23308639887316565
PDIK1L,2.1116982352742397e-5,1.911947832199484e-4,2.7993739431181928e-5,2.475673917800784e-4
PDPN,2.220446049250313e-16,6.788719866548167e-18,6.522331640549108e-16,1.9617970051953616e-17
PDS5B,3.419351934930148e-8,2.943764077594708e-12,5.347986403491627e-8,5.607618964050602e-12
PEG10,0.04132666447234279,0.2251343761127002,0.043965061309182436,0.24181601964394242
PEX2,1.6696148617845186e-4,1.5975671956179702e-4,2.0890689814468747e-4,2.079169569187475e-4
PEX26,0,6.607882400301021e-25,0,4.712741727894688e-24
PEX3,1.9799165640321803e-9,4.4348260216281255e-14,3.34932754617588e-9,9.503960092022774e-14
PFDN6,7.436847190844809e-6,0.0026592006162711552,1.014529345162685e-5,0.0032653957980795247
PFKM,8.493513692364729e-8,1.9071243983342927e-6,1.2965697699902663e-7,2.7246817325561247e-6
PFN1P2,1.779687508474126e-13,3.1063643541002184e-17,4.0065439742542506e-13,8.366537225620378e-17
PGK2,0,6.462078745357088e-26,0,5.760943201485844e-25
PHF13,3.552713678800501e-15,8.18085814218289e-16,9.301745211896173e-15,1.95006284325028e-15
PHF20,7.158701642584475e-8,1.4696133053983212e-6,1.102242230460114e-7,2.1148672506256713e-6
PHF21A,8.096855408368242e-10,2.9011958958124483e-13,1.4098333196406812e-9,5.884905895601359e-13
PHF21B,4.1167069753100805e-12,1.3597937673043008e-14,8.34100970111122e-12,2.993225045806874e-14
PHGDH,1.1311270586844557e-8,2.9399186607462407e-7,1.8120391245591957e-8,4.3537167542446404e-7
PHKA2.AS1,0,2.2287957026242397e-27,0,2.879668650564507e-26
PHKG1,0,3.7513933716253448e-25,0,2.775408457098751e-24
PI4KAP1,2.220446049250313e-16,1.9132442097383993e-16,6.522331640549108e-16,4.880278148731853e-16
PIANP,0,1.6156423985842807e-27,0,2.165932629079528e-26
PIGT,3.640754364653276e-12,4.670772609960524e-16,7.444340633230266e-12,1.1408202141862484e-15
PIGU,0.001468254568025129,0.010599540337554792,0.0017371585234165926,0.012540796563941735
PIK3CG,1.6072244124476498e-7,4.153024378444988e-9,2.4182963100372655e-7,6.8121825821227356e-9
PIK3R6,7.361776643843854e-8,4.318561740646979e-9,1.1315558410322061e-7,7.077201823137466e-9
PILRA,0,8.559266760379175e-19,0,2.6680371737335785e-18
PIP4K2C,0,4.8368878115359817e-20,0,1.724834193593731e-19
PIP5K1B,0,9.13026295347276e-28,0,1.334365479183765e-26
PITPNA,1.5822226878681178e-6,1.2048884999624825e-4,2.2478908784612385e-6,1.580806619156075e-4
PITPNA.AS1,1.802291649255494e-10,2.772665252007118e-9,3.252516205083549e-10,4.598755483096458e-9
PITPNC1,1.4432899320127035e-15,4.069410861212926e-17,3.91092089480038e-15,1.0878200248189875e-16
PITRM1.AS1,0.31401645800082556,0.5726655153139275,0.3161441810364043,0.5898686388242246
PKMYT1,0,8.36753458983797e-20,0,2.896954208481767e-19
PKN2,4.877757531218663e-9,2.604657816142586e-7,8.075247612036096e-9,3.8668650176371613e-7
PLEKHA3,4.339971843558832e-5,1.8078197901220497e-4,5.644179283052806e-5,2.345955375391277e-4
PLEKHD1,0,4.351271755101508e-22,0,1.9741266003424907e-21
PLEKHM3,7.838174553853605e-14,1.4700925649727012e-14,1.8126414046071308e-13,3.232028413497319e-14
PLS1,0,2.7829243927932415e-20,0,1.0126437127245611e-19
PMS1,0,3.15356128435436e-20,0,1.1405273367147717e-19
PNKD,0,3.3987938512005174e-23,0,1.8198346656728297e-22
POC1A,0.11645058821091125,0.5325911241863008,0.1198795604965689,0.5508178505940687
POGLUT1,0,1.2348537836251016e-26,0,1.3105620810735452e-25
POLA1,0,1.3607161589439085e-23,0,7.751300036412105e-23
POLDIP3,0,1.7523530389020024e-17,0,4.8366028922016566e-17
POLE,5.551115123125783e-16,1.6396808808164062e-17,1.5611416821030393e-15,4.546735630630875e-17
POLE4,0.023447872725269048,0.6816642120532908,0.0253379133752454,0.6965084756968581
POLG2,0,1.2334776001630908e-24,0,8.426400617206096e-24
POLR1E,2.711736390992314e-10,3.2763704764875493e-13,4.825375234669957e-10,6.630838319611011e-13
POLR2B,6.637044089741195e-5,0.012640731263369103,8.531975206927578e-5,0.014886673608049612
POLR2C,0,1.5409715363089323e-25,0,1.2661531102483069e-24
POLR2D,9.390255769470279e-5,0.05048257633697444,1.1908126626575754e-4,0.05711321929493999
POLR2F,8.447798016675279e-11,4.695811643730235e-12,1.5544297072994864e-10,8.831890464948321e-12
POLR2H,5.565437000143447e-12,2.3699537648708822e-11,1.1199970847918473e-11,4.259705204399983e-11
POLR3D,1.893152301590817e-12,2.6385836590256023e-15,3.966498888056906e-12,6.062621989745681e-15
PPDPF,1.569970261339204e-5,0.004033829448981353,2.0952522275208092e-5,0.0048894071431228765
PPIA,0,1.0882426941788214e-31,0,5.879808253699511e-30
PPIH,0,3.739335367358027e-25,0,2.775408457098751e-24
PPM1B,8.881784197001252e-16,9.260018090216289e-20,2.4590405626169618e-15,3.181235501898968e-19
PPM1D,1.4643924531432262e-5,1.1239699372397917e-6,1.9572801678818383e-5,1.6292995106492265e-6
PPM1H,1.0116900208290147e-4,0.023054445400837453,1.2802294585792287e-4,0.026674935853142883
PPM1N,3.3306690738754696e-15,3.416001881368733e-16,8.771909835627715e-15,8.447616303024202e-16
PPP1CB,5.162529524040949e-4,8.335660898282735e-4,6.249008921496952e-4,0.0010503521824479234
PPP1CC,3.774758283725532e-15,1.6549626875643683e-19,9.839757339009685e-15,5.557059269166232e-19
PPP1R10,1.1102230246251565e-16,3.0328873726860796e-18,3.355131615096024e-16,9.042873219898462e-18
PPP1R12A,1.2787374330525125e-6,1.4599038145787137e-7,1.8254514356546276e-6,2.189241801004076e-7
PPP1R12B,0.01682436636360929,0.189453799710907,0.018414883502956024,0.20472492417245283
PPP1R1A,3.77856245181718e-8,4.200327593182867e-8,5.868620950862397e-8,6.52936713046648e-8
PPP1R26,2.493485729004874e-8,1.0697215486392312e-7,3.917079343449948e-8,1.6260132320748074e-7
PPP1R8,7.13007430874768e-11,3.851346280918971e-9,1.3174012945592863e-10,6.328986561178365e-9
PPP1R9A,0,8.622649669337995e-32,0,4.804432612634264e-30
PPP2CA,2.220446049250313e-16,1.7921035409884152e-20,6.522331640549108e-16,6.601902094178398e-20
PPP2CB,2.514322083868592e-12,2.631478060298573e-15,5.224984004123193e-12,6.054097266467556e-15
PPP2R1B,0,4.3464454266891595e-21,0,1.7259938075248935e-20
PPP2R3A,4.846089180027269e-4,3.8177625151936107e-4,5.88194486588742e-4,4.879620476408752e-4
PPP2R5A,0,1.9475310361150585e-18,0,5.844219092109773e-18
PPP2R5B,2.4027307316842883e-4,0.011787731203016408,2.9750478434674205e-4,0.013900479322075566
PPP2R5D,6.995515278163111e-13,4.710563549155214e-16,1.4973593926728483e-12,1.148965090033344e-15
PPP2R5E,8.019566011263635e-9,7.447739800860428e-9,1.2998987452802782e-8,1.2028369624034549e-8
PPP3CC,0,6.522745226029269e-26,0,5.786096884582182e-25
PPP6R1,0.0018064307868509433,1.1529532712118656e-4,0.002131612238884998,1.5148973342452149e-4
PPP6R2,0.03098470245428986,0.6553425340254586,0.03320055557451852,0.6719239437420315
PPP6R3,1.8133009427323543e-8,1.6815594444786001e-10,2.878998736323943e-8,2.910893679131402e-10
PPRC1,0,3.0266353682649072e-30,0,8.704017518736015e-29
PRCD,5.551115123125783e-16,1.241055977199826e-13,1.5611416821030393e-15,2.600238316506804e-13
PRDM4,0,8.258279540874368e-30,0,2.045071169635972e-28
PRDM5,0.0024728087082055428,6.445045610138888e-4,0.0028685868098442943,8.184840685810283e-4
PREPL,0,2.798386526005782e-25,0,2.120410576467826e-24
PREX2,1.1102230246251565e-16,3.982323396485744e-17,3.355131615096024e-16,1.0661385309210332e-16
PRKAA2,0,3.412433424800839e-18,0,1.012374175777021e-17
PRKAG2.AS1,0,1.4499847317260823e-31,0,7.386636504764585e-30
PRKCD,0.002392946193066292,0.00205875784509378,0.002785001998849346,0.002538565171370823
PRKCZ,0,5.420159437239386e-27,0,6.357989655656464e-26
PRKX,1.1248424414134206e-9,4.9649975640691816e-12,1.9377720512465015e-9,9.29893976547831e-12
PRMT6,7.763393446602596e-5,0.0035484561323949116,9.922674204510702e-5,0.004321651150314295
PRNT,6.161737786669619e-13,2.4546532262224183e-18,1.323660057064088e-12,7.331066503106486e-18
PROSER2,3.3306690738754696e-16,1.1396269290336616e-18,9.609357538381816e-16,3.491331296335084e-18
PRPF3,0,5.531055098665462e-28,0,8.664953957832192e-27
PRPF38B,0,8.190718093616897e-25,0,5.749626126346035e-24
PRPF39,2.074730684142878e-6,2.811264920054568e-5,2.9335803408618175e-6,3.805987359496807e-5
PRPF40B,0,7.695404193563594e-20,0,2.6694369021641807e-19
PRPF8,0.004259168150248627,0.027281549004689473,0.00486801077685468,0.03136234808211562
PRPH,0.004515891664667038,6.769645751287521e-4,0.0051482319936709256,8.584835259278557e-4
PRR11,0,4.6639842886014816e-24,0,2.9017464573833975e-23
PRR14,2.5404939748763233e-4,7.838867058187734e-4,3.1390857638284716e-4,9.898512722909866e-4
PRR15,0.0017234108408836768,7.151086499110557e-5,0.0020349943902619842,9.501033701873415e-5
PRRC2B,8.317928101853056e-8,1.0406549801832361e-8,1.2730356914681544e-7,1.6611350310355507e-8
PRRC2C,7.901266196874701e-9,8.85435810351878e-9,1.2818887742518282e-8,1.4210009449661551e-8
PRRG1,0,1.0973998501861037e-21,0,4.692239647198616e-21
PSMA2,0,3.038844566201233e-22,0,1.3964587272002057e-21
PSMA3,0,3.591565424461529e-20,0,1.293689121578769e-19
PSMA6,1.183287245964948e-9,1.0871044749879805e-9,2.0325637375293856e-9,1.8303184881053534e-9
PSMA8,0,5.844400394704374e-26,0,5.316615257019336e-25
PSMB10,0.044377104936732414,0.5061343522703353,0.047125895236565754,0.524063617943094
PSMB3,2.220446049250313e-16,7.242947423297364e-17,6.522331640549108e-16,1.9019403911250663e-16
PSMB5,0,2.409031446377595e-25,0,1.8434777119704944e-24
PSMB8,1.432187701766452e-14,7.469215347124384e-14,3.5076794948483297e-14,1.5797877774522865e-13
PSMB9,0.024167533343644965,0.16463349367337834,0.02606818629868056,0.17877071816055637
PSMC3,0,2.4708305940922215e-25,0,1.882688439857449e-24
PSMC3IP,3.090960820628652e-11,1.2767423302024065e-13,5.913286634314256e-11,2.6687357265543854e-13
PSMC5,0.0010873195439953243,0.07156022735339831,0.0012950505991607636,0.080045097472465
PSMC6,6.6521232966465504e-12,9.407990261686008e-11,1.3311712500472277e-11,1.6494047823585202e-10
PSMD10,4.887201754399939e-13,1.3500343261602133e-14,1.0600828136368724e-12,2.9754155791639806e-14
PSMD12,2.864375403532904e-14,5.992052273600326e-16,6.836922817267962e-14,1.455562561829616e-15
PSMD14,7.596922635411119e-8,6.270784445786761e-8,1.1666936312608118e-7,9.655275187251983e-8
PSMD3,0,1.454896344190801e-20,0,5.426945986803762e-20
PSMD4,0.008225547633486374,0.03716211696661808,0.009200847823404143,0.042447184209788616
PSMD5,4.440892098500626e-15,2.0111438559434886e-15,1.1508881702945664e-14,4.663029252467153e-15
PSMD6.AS2,2.795541576006144e-12,5.914257572100514e-13,5.769040081040457e-12,1.1808646417755e-12
PSMD8,0.01820874368808867,0.3381752005111435,0.019869149324273007,0.3563631102313055
PSMD9,0,5.022951544427182e-31,0,1.9055154475986525e-29
PSME2,0.0012805189981798248,0.010348717412439088,0.001519072104959964,0.012252166763863809
PSME4,0.24261879704875378,0.48910773167449445,0.2453711373442617,0.5079086112845799
PSMG1,0,7.42332775529944e-20,0,2.580076683761969e-19
PSPH,3.7816616265740066e-4,0.014337679251003616,4.618289506973599e-4,0.01681847506877595
PTBP2,0.0031247541089163278,0.2319157827278383,0.0035967957238204084,0.2483518562184599
PTCD1,0.07637209752994834,0.22691136346655968,0.07995974744327532,0.24357794163809504
PTDSS2,2.594184866921978e-10,7.419280495119389e-13,4.6254316177218866e-10,1.466582829578478e-12
PTENP1,0,3.5233429591797705e-21,0,1.411712471060119e-20
PTGES3L,0,2.017457046158879e-19,0,6.673702993137812e-19
PTK6,5.551115123125783e-16,1.0603598384412626e-18,1.5611416821030393e-15,3.2653222658735256e-18
PTMS,0.036813031048598344,0.10903435406201127,0.03925695834907348,0.12007921759886726
PTP4A3,0.174919022858954,0.8760215048988244,0.17831939265724125,0.8829544054463561
PTPN11,0,1.691888557192638e-22,0,8.065875126937095e-22
PTPN12,0,6.273419003346621e-27,0,7.216455537398081e-26
PTPN2,0.011590751732159732,0.2669140916241027,0.012828249744531846,0.2846338668455593
PTPN20B,0,2.0424815218518882e-26,0,2.045923906439279e-25
PTPN7,0,2.957049275402394e-24,0,1.938389286045025e-23
PTPRB,1.3683867983171893e-7,2.6638179539293824e-10,2.067655645253855e-7,4.5713064599192385e-10
PTPRCAP,5.277841477069334e-5,2.2271535718637204e-4,6.804332142888374e-5,2.871305002626908e-4
PUM1,0.015419672078425428,0.611213253582513,0.01692935672157176,0.6281228997911359
PUM2,0,4.099792695308391e-24,0,2.5921738921045608e-23
PURA,0.1283600004602865,0.4326163523113664,0.1319111705018391,0.45135188203221943
PWP2,0.03029686954384947,0.0596976847061567,0.03250259831328737,0.06719758322669028
PWWP2B,5.353818370019692e-4,0.00862518226404648,6.467383572998042e-4,0.010279879663632937
PXN.AS1,5.238261397454425e-4,0.0021319972680396886,6.332081404516094e-4,0.002627056758061344
QDPR,0,4.832518658490687e-22,0,2.1703729894430464e-21
QRICH2,1.846754971168707e-10,4.2243500180061616e-14,3.322668126734414e-10,9.074718171210826e-14
R3HDM4,5.229150445984487e-14,6.507694769625896e-14,1.2171769249595745e-13,1.3846324312939106e-13
RAB11B,2.067745974443369e-11,2.0173258823912593e-13,4.011742189806885e-11,4.143884848276054e-13
RAB15,0.21924673372290282,0.6801581175292428,0.22211188990223624,0.6953680754327065
RAB20,0.19435765760678148,0.23010593400074533,0.19734607261554177,0.2465618271173852
RAB23,3.153911967362921e-4,9.524104897459617e-5,3.878224164005579e-4,1.254171272686152e-4
RAB36,5.060188634775642e-7,3.8331145555573585e-5,7.383237590675098e-7,5.154180431793945e-5
RAB3IL1,0,1.7363127939790272e-25,0,1.3774910093697395e-24
RAB5B,0,4.592256964113731e-21,0,1.8115031342953056e-20
RAB5C,0,3.2030870076965923e-25,0,2.3996235860180772e-24
RAB6A,0,9.187304374869348e-26,0,7.951924126403907e-25
RAB6B,6.661338147750939e-16,2.2316446246608225e-21,1.8645472397864873e-15,9.126198086629006e-21
RAB8A,1.1102230246251565e-16,1.1550300060869803e-17,3.355131615096024e-16,3.248294165383416e-17
RAB8B,0,1.3176791182966725e-21,0,5.5673503979217225e-21
RAB9A,3.3297492540995677e-9,1.0340308557540069e-8,5.564145192183251e-9,1.6520403367467693e-08
RABEP2,3.1147258025909785e-4,7.865187772617153e-5,3.8326819227189196e-4,1.0395574350316073e-4
RABGAP1L,0,1.1367314047225723e-19,0,3.8753194925819242e-19
RABGGTA,7.771561172376096e-16,7.089191865096138e-16,2.17189554394147e-15,1.7081120399278937e-15
RAC1,1.2365839342831642e-5,2.111034136091777e-5,1.6577662818247232e-5,2.8688825187893582e-5
RAC3,1.1102230246251565e-16,6.03268591625277e-20,3.355131615096024e-16,2.1132178759683084e-19
RAD21.AS1,0,3.177361791331282e-32,0,2.023298597837027e-30
RAD23B,0.0062123579871319334,0.06424650624748418,0.007023864483865719,0.0720903213588825
RAD50,0,1.5790373524896072e-18,0,4.780006111186705e-18
RAG1,3.8596204010588053e-10,2.9793776319014757e-9,6.806828066357913e-10,4.924187596982691e-9
RALGAPA1,1.1023407076038438e-8,2.1459118399710995e-7,1.7675121237928537e-8,3.1964584884448376e-7
RALGDS,0,1.830686042628385e-30,0,5.828773596440019e-29
RALYL,0,1.7382808587111127e-25,0,1.3774910093697395e-24
RANBP1,8.493513692364729e-8,4.197366109050052e-6,1.2965697699902663e-7,5.911456376331945e-6
RANBP17,0,4.8532885620533804e-23,0,2.472875275435442e-22
RANBP3L,2.8310687127941492e-14,1.4515151321483712e-15,6.766481923474488e-14,3.4188262623785283e-15
RANGAP1,0,1.0013545983154609e-20,0,3.782659425416243e-20
RAP1B,0,6.294851393409569e-26,0,5.640060318818725e-25
RAP2A,4.333013506885308e-7,7.231271275293097e-5,6.374391982488865e-7,9.600414507704834e-5
RAP2C.AS1,0,1.1529015555066896e-25,0,9.742291343452262e-25
RAPGEF2,2.84584523795095e-4,0.007801005167051095,3.5115169960322107e-4,0.009316270738681917
RASSF4,3.922862035210528e-12,3.2246332447320988e-15,7.99367201003471e-12,7.371180865842733e-15
RASSF6,0,3.574397696803825e-18,0,1.055212295605376e-17
RBAK,7.198665213736799e-5,1.4383423989463022e-4,9.22733290876543e-5,1.8801792502355256e-4
RBBP5,0,5.917604931626533e-23,0,2.947231729913438e-22
RBBP7,3.5563257672066584e-8,5.354420008586813e-8,5.557343420621798e-8,8.272903704774946e-8
RBBP8,3.751732469137181e-8,5.451444083366879e-7,5.8371195396785285e-8,8.013128442409848e-7
RBM12B,2.138423464970174e-7,4.904811423712524e-6,3.1933074020450755e-7,6.86442603491321e-6
RBM17,5.6056797905224e-4,4.987619116477039e-4,6.753329098987458e-4,6.352089203341828e-4
RBM18,0,2.3241776959065674e-23,0,1.2711683533133158e-22
RBM23,2.7004620761772458e-11,9.572199995402526e-12,5.205323115485437e-11,1.7595085146188352e-11
RBM24,0.007551700091671276,0.018666939466849566,0.008473682355852667,0.021739486002216053
RBM26,0.018578854304922454,0.40729852245295745,0.020248225688066463,0.4259315340373156
RBM33,0,4.632182502653617e-26,0,4.369937249857883e-25
RBM34,0,1.0438177638546832e-22,0,5.071190934476568e-22
RBM38,0,1.8693692673300123e-27,0,2.432909053758695e-26
RBM4,7.0995431755704885e-12,3.2990405171942526e-13,1.4143559197812494e-11,6.669148800631918e-13
RBM5.AS1,1.2697262116712071e-4,0.0011731079242720888,1.5954346972584654e-4,0.0014647418970428112
RBMS1,0,2.29756073211845e-22,0,1.072395493551622e-21
RBMS2,0,1.0821704892112248e-27,0,1.543607985810891e-26
RBMX2,2.0324879568267562e-7,7.915199538520163e-8,3.0376580276798883e-7,1.2103602724855445e-7
RCCD1,0,6.888376110102368e-21,0,2.6699944791983745e-20
RCSD1,1.9377794046038233e-5,5.291745309632754e-5,2.578403491349714e-5,7.083469885191592e-5
RCVRN,9.545774055097489e-6,2.0496772419531648e-5,1.2933218191670838e-5,2.7897515438186965e-5
REEP6,0,5.2135430524499514e-34,0,1.161968407814783e-31
RELB,2.353672812205332e-14,3.3296707255771036e-20,5.6481811899893764e-14,1.2017819643125456e-19
RERE,3.6074448428458084e-8,1.642960229302673e-8,5.6273614652616586e-8,2.6062260576927636e-8
REV3L,1.6653345369377348e-15,1.038816343664215e-16,4.4989264838787594e-15,2.6960837565550146e-16
RFC2,4.001777184070576e-7,2.3914193867264125e-7,5.891964260278974e-7,3.5532506387776614e-7
RFX6,0,4.559280740883942e-24,0,2.85235002140213e-23
RHOB,0,1.713413438417224e-25,0,1.3699624039004083e-24
RIC8B,0.0058205661718139234,0.1356993688614067,0.006601825371720245,0.14807342391670023
RING1,4.060581071718694e-5,3.281679140461495e-5,5.288543499543047e-5,4.426046828625451e-5
RIPK1,4.045097590221758e-12,1.5782971809811542e-13,8.214588842101816e-12,3.268413326003947e-13
RIPK2,5.60218538225854e-13,2.0514709469662468e-16,1.2092852949838957e-12,5.195699855739798e-16
RNF103,0.3027613209169491,0.86300870812764785,0.3049849916355481,0.8713162664731575
RNF112,0,2.6258793483010845e-20,0,9.574525312926041e-20
RNF115,5.773159728050814e-15,1.652402801138607e-17,1.4747197414204302e-14,4.5748978174381e-17
RNF125,0,3.587444135949293e-30,0,1.0153036340313634e-28
RNF168,0.009854218229627176,0.04344261265859561,0.01096758495844273,0.049336419344124825
RNF17,1.2465860307409038e-4,3.472373111624136e-5,1.568569437410749e-4,4.676164092164528e-5
RNF207,3.241851231905457e-14,1.6354540064059845e-15,7.706960995316575e-14,3.821775220736396e-15
RNF216.IT1,0,2.6771873369629363e-30,0,7.955708369674859e-29
RNF222,0,4.504268974323885e-23,0,2.3278584293389817e-22
RNF32,9.118583459943874e-5,9.560508301671349e-4,1.1588335216735515e-4,0.0011979189249388626
RNF39,4.941077705522545e-5,1.1470070050671123e-7,6.402573800106613e-5,1.7390420833628072e-7
RNF40,6.406850203821701e-5,8.219706772232843e-6,8.242001380529649e-5,1.1334676856064315e-5
RNF41,3.3306690738754696e-16,4.9253926849809203e-23,9.609357538381816e-16,2.494879306057097e-22
RNF43,0,8.701406916870347e-20,0,2.9950981723513185e-19
RNF5,2.4770611610547277e-5,6.113941050208531e-6,3.2739807636475756e-5,8.503242505867246e-6
RNF8,0,9.05945715712875e-27,0,9.970995130346025e-26
RNMTL1,0,3.57402058009642e-31,0,1.4161063765137594e-29
RNPS1,4.604337679237069e-6,3.8812690170285524e-7,6.363979908588911e-6,5.723988963905632e-7
RNU11,4.435507516831194e-11,3.1826443202279106e-12,8.342310023744746e-11,6.0497386172349305e-12
RPA2,4.014272847463474e-8,6.84406342899874e-9,6.229285019170909e-8,1.1093604630822503e-8
RPL10L,0.036688897586150127,0.43717245536759947,0.0391479978432709,0.45556895845729384
RPL12,8.353409373329512e-6,0.004606591389968626,1.1360891619104898e-5,0.005564737431107087
RPL17,1.3995304581904122e-8,4.280848055139091e-7,2.2280025062084864e-8,6.302850604717589e-7
RPL18A,1.94480536452879e-7,2.3899997753927213e-7,2.9139394663485986e-7,3.5532506387776614e-7
RPL19P12,8.520872896156106e-10,7.518576584752332e-8,1.4793297345517368e-9,1.1526760146701124e-7
RPL23A,0,3.575218247085673e-28,0,5.9024204949571805e-27
RPL26L1,0.086969035529888,0.13037561038880982,0.09084111912700076,0.14261332105720728
RPL29,6.70944191670797e-5,7.691530297680674e-4,8.612624145061419e-5,9.719346931796344e-4
RPL31,4.038089398283873e-5,6.35236145073143e-5,5.263094588552738e-5,8.452433184070255e-5
RPL31P11,3.2742780818395545e-4,2.4344126476137358e-4,4.012397127092733e-4,3.1362411493463085e-4
RPL37A,0,1.6562329742688275e-35,0,1.4765316965606597e-32
RPL38,8.033478327007515e-10,1.4829414059852447e-10,1.400165381921251e-9,2.577908625515469e-10
RPL41,8.881784197001252e-16,5.11975373287083e-16,2.4590405626169618e-15,1.2470656975011874e-15
RPL6,0,1.4182225451897687e-25,0,1.1706901842932211e-24
RPN2,1.1102230246251565e-16,4.9730343185810646e-23,3.355131615096024e-16,2.5118754079405207e-22
RPP14,3.5773606299471794e-12,7.715576541394148e-12,7.331533337006691e-12,1.4255826915342763e-11
RPS12,5.10702591327572e-15,8.069996040852409e-16,1.3139721794185583e-14,1.926211906404263e-15
RPS13,0.10577099511578714,0.1753971208909322,0.10945425669846111,0.19011128665564264
RPS14P3,0,2.2038796601773703e-23,0,1.2128140228692134e-22
RPS16P5,0,8.567240855105486e-23,0,4.2080965412267443e-22
RPS19BP1,0.001059943793350837,0.021362808078672597,0.001263288625363999,0.024798103388198725
RPS21,2.7233881816357552e-11,7.725713979647175e-8,5.238188918939106e-11,1.1834147788411439e-7
RPS25,0,7.679434504877573e-23,0,3.803453256165753e-22
RPS3A,0,6.296062478535438e-22,0,2.8135036088292448e-21
RPS6KA1,5.551749351764279e-4,0.011172564680113519,6.697408047493715e-4,0.013192505181882388
RPS6KA2,0,5.092402117242535e-26,0,4.729038007835125e-25
RPS6KA4,0,3.987339244318583e-19,0,1.2740906581756334e-18
RPS6KB2,1.6542323066914832e-14,1.8560886614920747e-16,4.018387197317322e-14,4.741269460516288e-16
RPSA,0,1.110501729394603e-20,0,4.177267053819783e-20
RRAD,0,6.846349239238863e-22,0,3.0261687924616037e-21
RRP7A,1.1102230246251565e-16,1.1651782826734907e-21,3.355131615096024e-16,4.970126502408694e-21
RSC1A1,1.1102230246251565e-16,6.913694197148583e-17,3.355131615096024e-16,1.820844424448438e-16
RSL24D1,0,4.590527506444957e-21,0,1.8115031342953056e-20
RSRP1,8.76645145364563e-9,7.931262664146241e-9,1.4170972748730877e-8,1.2786113318420205e-8
RTDR1,0,7.380492499092423e-19,0,2.3167989658242587e-18
RTFDC1,7.584639249991199e-9,8.397352990628858e-12,1.2350147746789321e-8,1.5499462093469207e-11
RTKN,1.1102230246251565e-16,5.345190234769257e-20,3.355131615096024e-16,1.8907787027571658e-19
RTN4IP1,0,7.562241730617053e-30,0,1.9137554108445534e-28
RUNX1.IT1,0,9.566328176389719e-22,0,4.119991096256732e-21
RYK,1.8532758994105336e-8,6.516982409433032e-9,2.9372363810213166e-8,1.0582677264133967e-8
S100A5,0,2.298212491648504e-21,0,9.376917328625361e-21
SAP25,3.219646771412954e-15,2.812699582293709e-17,8.517255479865425e-15,7.610080963929716e-17
SAP30L,3.885780586188048e-15,8.484036061755737e-18,1.0114374868866115e-14,2.4203258076976764e-17
SARDH,0.7342989608735713,0.49332824730541636,0.7342989608735713,0.5116953257391259
SARS2,7.633055686632195e-4,8.477193925848969e-4,9.164806928798118e-4,0.0010674319752675644
SART3,0,3.1609069221415966e-28,0,5.4717447011441425e-27
SASH1,3.065014908543162e-11,1.260016828640738e-10,5.869947993482769e-11,2.1960997120884027e-10
SASS6,9.021657774466174e-5,0.002023903035345076,1.1481524490987286e-4,0.0024973142643738896
SCAF4,0,2.774526822025636e-31,0,1.2065808106516362e-29
SCAF8,1.0824674490095276e-13,3.211509367000774e-14,2.4807705161747914e-13,6.957619928751372e-14
SCAI,0.0040328576462363985,0.0122092377517992,0.004615266484749358,0.014388017786819548
SCAMP3,1.5165081956869386e-7,2.151484684938162e-9,2.2875923121064397e-7,3.58179009640032e-9
SCAMP4,0,6.856826652577049e-22,0,3.0261687924616037e-21
SCP2D1,0,1.335402909596512e-16,0,3.450758533058813e-16
SCYL2,0.002472808708205654,2.0446169422212168e-4,0.0028685868098442943,2.6455384673297746e-4
SDHAF1,1.7763568394002505e-15,1.263448146918618e-16,4.7843568650311885e-15,3.269561750298833e-16
SDHAP1,0,2.770030664908107e-23,0,1.5012050685505029e-22
SDHC,1.5183675471375224e-6,1.6415133438084164e-4,2.1588910179794277e-6,2.1332494839725993e-4
SDHD,2.8690066100622857e-8,1.1699114932491365e-7,4.4990666541258184e-8,1.7707573790010273e-7
SEC14L1,0,1.0332751750362039e-25,0,8.90014317434566e-25
SEC16B,0.046466972772480464,0.7652482555649788,0.04922793372153003,0.7770146011801577
SEC24D,3.3306690738754696e-16,5.842141385539867e-19,9.609357538381816e-16,1.846903916740706e-18
SEC31B,2.5556011845395687e-5,5.949750863812669e-4,3.375286601506704e-5,7.561230071402701e-4
SEC61A2,0,7.90779307839179e-27,0,8.872219140543935e-26
SEC63,8.881784197001252e-16,6.98961521661938e-21,2.4590405626169618e-15,2.6975073444225878e-20
SECISBP2,0,8.703598062430001e-27,0,9.638829407026518e-26
SECISBP2L,1.2221935232537007e-5,1.4980925900172324e-4,1.6409420571998104e-5,1.9568491487184802e-4
SELM,0.17240162297426886,0.7680046095765871,0.17585360055098478,0.7789261768345022
SELT,0,8.513026457102319e-26,0,7.44055204559482e-25
SEMA4F,6.682152609016612e-9,1.7022322195271483e-11,1.092051155075767e-8,3.0781744902808374e-11
SENP3,1.1102230246251565e-16,4.595402490992782e-17,3.355131615096024e-16,1.2211032252518825e-16
SENP7,0,3.9734657055491245e-25,0,2.927557583881855e-24
SEPHS1,0,1.6370241502117983e-18,0,4.9387716748352566e-18
SEPT3,0,2.56513012442191e-24,0,1.6939359303126908e-23
SEPT7P2,4.440892098500626e-15,3.6282343249941335e-17,1.1508881702945664e-14,9.728032784157204e-17
SEPW1,0.14163276672892944,0.6579532071672678,0.14513288682625355,0.6742129703328956
SERF1A,1.506167857101559e-7,2.9025865100802064e-7,2.273918111102523e-7,4.3020047776167983e-7
SERF2.C15ORF63,4.5233520473697553e-7,1.6009318028905528e-6,6.643440445189682e-7,2.2927400839790006e-6
SERINC2,0,9.112504287385377e-21,0,3.449595572061173e-20
SERINC4,1.887379141862766e-15,1.6041439313083925e-16,5.0680677860561924e-15,4.1272563196578123e-16
SERP2,0,1.3178003418931894e-29,0,3.1328506794607423e-28
SETBP1,0.0018267374636674605,0.07278760099767617,0.00215272498196899,0.08136695459489443
SETD3,0,4.497047677297634e-23,0,2.3278584293389817e-22
SETD4,0,5.355262169895506e-20,0,1.8907787027571658e-19
SETD6,5.889622123333993e-12,5.642146311439666e-13,1.1825671448090664e-11,1.1277967346745431e-12
SETDB2,0,3.931969066272887e-27,0,4.705168352459434e-26
SETMAR,4.434785871865188e-12,2.343696804555262e-16,8.965105679745611e-12,5.869117138373642e-16
SF3A1,7.216449660063518e-15,6.06159526101034e-18,1.812243625900458e-14,1.760231978889485e-17
SF3A2,0,4.911294307476363e-25,0,3.530982963802562e-24
SF3B1,3.2579827186651755e-4,0.12394107248650932,3.9951741316231144e-4,0.13582478933217337
SF3B2,0,1.4438669276105112e-21,0,6.057446428069509e-21
SF3B3,0,9.779546668084888e-24,0,5.6797823156988135e-23
SF3B4,2.220446049250313e-16,1.67213957012576e-15,6.522331640549108e-16,3.897287390240824e-15
SF3B5,0,6.532251561210472e-19,0,2.061416731617393e-18
SFR1,9.652033394758064e-9,4.237669996495999e-8,1.5560194885039445e-8,6.581677355184988e-8
SFT2D1,1.831815810149351e-10,3.5583322566769745e-11,3.299118777268982e-10,6.350857270925972e-11
SH3BP1,0,8.968235661948385e-21,0,3.402205145798717e-20
SH3GLB2,5.352529530711081e-11,9.710345153866701e-12,9.982803507591901e-11,1.7812289515786346e-11
SH3PXD2A,0,2.0784365534459426e-22,0,9.752243091563462e-22
SHC2,8.225077285928251e-10,1.7431132183978992e-13,1.4307622244692751e-9,3.601356742066575e-13
SHISA6,2.2798407606217097e-10,2.6705785822755122e-8,4.0812812009924784e-10,4.1878993950723295e-8
SHMT1,0,1.082103481843942e-28,0,2.0746134495997297e-27
SIKE1,7.524447731555028e-11,5.747411131950818e-12,1.387392999520436e-10,1.07080815551393e-11
SIL1,5.653255641391297e-13,8.083158910594758e-13,1.217361691859986e-12,1.5942779134502713e-12
SIN3B,5.18765844357838e-4,0.0022184875847298304,6.275166217707091e-4,0.002729857393770385
SIRT3,1.1161048751873182e-9,2.9249071608255976e-11,1.926442393474335e-9,5.246589001762616e-11
SKP1P2,1.470799371183773e-9,1.1759067839798665e-9,2.5071082971516895e-9,1.9742389791300397e-9
SLAMF1,0.007358104861649339,0.007996242174192335,0.008261650483829201,0.009536655382331059
SLC10A1,0,4.7118228559715885e-24,0,2.9170764417351885e-23
SLC12A7,2.293307594158911e-6,2.205703763981636e-4,3.224737729010519e-6,2.847769595350657e-4
SLC25A30,0,5.079088176474273e-33,0,5.660008886658518e-31
SLC25A47,0,3.3686725434791446e-19,0,1.092062390004239e-18
SLC25A5.AS1,5.12086355086705e-5,1.571858297810104e-5,6.621102038575743e-5,2.1525524923159872e-5
SLC30A6,1.1102230246251565e-16,1.7010347633745033e-19,3.355131615096024e-16,5.701024404317179e-19
SLC35A5,0.006574778659556801,0.14217066158076622,0.007410132964595307,0.15503993247615055
SLC35E2,3.60598551019109e-10,5.058129174718521e-10,6.378444607808246e-10,8.59737303958353e-10
SLC38A3,4.091171845743702e-13,4.835951457621172e-13,8.994524538792873e-13,9.720971193842785e-13
SLC39A8,0.06575174957298524,0.38427678876385074,0.06904320935726306,0.4030385378623211
SLC3A1,0,1.298863716124879e-23,0,7.42267309567519e-23
SLC40A1,7.797096301942474e-13,1.0996620365067883e-12,1.6649368510614888e-12,2.138165115694224e-12
SLC44A3,0.001571447292396888,0.0032049072807518696,0.0018567862971130891,0.003919307051838535
SLC4A2,0,1.2857900568435475e-21,0,5.458484931790584e-21
SLU7,0.0018267374636674605,0.04973659836892122,0.00215272498196899,0.056304987232880334
SMAD3,0.0024512742737123894,2.9197805502701753e-4,0.0028491669035392376,3.742608713969607e-4
SMAD5,0,1.1384901558162276e-23,0,6.569346109450918e-23
SMARCA4,8.655649530453502e-10,9.454025730001782e-12,1.5012668397664002e-9,1.7413768467554938e-11
SMARCA5,0,1.920350954166397e-24,0,1.282391667145575e-23
SMARCA5.AS1,3.8913317013111737e-13,2.1948681269065205e-16,8.597576732884539e-13,5.53528977407967e-16
SMARCC2,2.3169954843638152e-10,3.8550633057782174e-11,4.1394819124455734e-10,6.862719857519564e-11
SMARCD1,1.9984014443252818e-15,1.356101761416295e-13,5.358119962754853e-15,2.8246839259407173e-13
SMARCD2,0,5.0423397522455064e-18,0,1.4738511111891373e-17
SMARCD3,3.3306690738754696e-16,7.885490220504402e-18,9.609357538381816e-16,2.2640626510723587e-17
SMC1A,1.0037388085692989e-5,1.0573441629668535e-5,1.3578651712284217e-5,1.4535425154740937e-5
SMC5.AS1,0.15327960819146746,0.09978305654388579,0.156797212510265,0.11029955971342117
SMCO2,0.0050306880496638895,0.13528990382366674,0.005731448429744866,0.14780753585637119
SMCR9,0.02344787272526916,0.2702760052842317,0.0253379133752454,0.28804669301959657
SMEK2,1.3776203768744999e-5,7.023248481058622e-7,1.8426835198553888e-5,1.027272521880847e-6
SMEK3P,0,4.077244743765009e-24,0,2.5921738921045608e-23
SMG7.AS1,0,3.201798377933757e-29,0,6.796198223637962e-28
SMIM13,0,1.1273092430145687e-20,0,4.2315629058841596e-20
SMUG1,0.036688897586149793,0.02452732832383001,0.0391479978432709,0.02828733919882853
SNAP25,0,1.9925029912618372e-26,0,2.0071371940225174e-25
SND1.IT1,0.0012601373868655896,0.013691234134275754,0.0014968853835984986,0.016091938339758517
SNRNP25,3.380712709777356e-9,2.784691974522935e-10,5.622957799937524e-9,4.769554073558494e-10
SNRPB2,0.006574778659556579,0.3420933621281945,0.007410132964595307,0.3598539614599238
SNRPE,3.6074448428458084e-8,9.833267646593594e-8,5.6273614652616586e-8,1.4998046376284325e-7
SNX1,1.1102230246251565e-16,1.238703666181808e-19,3.355131615096024e-16,4.1988757353653296e-19
SNX10,0,3.5297185123312676e-28,0,5.881764586436122e-27
SNX15,1.1741065897297176e-9,7.824820283159204e-9,2.0187387169605464e-9,1.2625931732916617e-8
SNX18,0,1.8095951397012737e-23,0,1.0082837919023035e-22
SNX30,1.579090032211017e-5,7.011758804476271e-6,2.105847066142291e-5,9.698965049170822e-6
SNX7,0,6.56772901110701e-22,0,2.920264545337606e-21
SORBS1,1.16139320383013e-11,4.123835330172857e-12,2.283091601355151e-11,7.772514158243344e-12
SP100,9.015010959956271e-14,4.3627369677900595e-14,2.0713614100002617e-13,9.360722037989984e-14
SP110,0.007642606210275904,0.15081175380982664,0.008564906896871111,0.16426228286067251
SP140,6.063487933971601e-9,4.946655103436298e-9,9.945905231160408e-9,8.099068915910853e-9
SP3,0,1.6653379658957053e-21,0,6.889321561930493e-21
SP4,4.2534921460557484e-6,7.465249897037453e-6,5.89275563047195e-6,1.0318248501099052e-5
SPATA13.AS1,0,8.567204010624413e-27,0,9.54707796933958e-26
SPDEF,7.650036160100626e-11,1.9144836916072575e-14,1.4090924042829976e-10,4.1679174873452255e-14
SPG20,5.889622123333993e-12,1.5105427560396593e-11,1.1825671448090664e-11,2.7510702083950074e-11
SPIN1,1.6390900858809232e-9,2.7661574573188466e-8,2.7859843881083755e-9,4.333970778909933e-8
SPOPL,3.23757687326065e-11,5.813289159708689e-11,6.187137797453098e-11,1.026246987303029e-10
SPR,9.560230385119439e-11,7.020997745400257e-11,1.7500914555100575e-10,1.2369998992142943e-10
SPTLC2,0,4.3721379700688e-24,0,2.744902112898828e-23
SRA1,0,3.0140409521547012e-21,0,1.2186020448280799e-20
SRCIN1,0,1.0935980300227587e-18,0,3.3560848322385174e-18
SREK1,1.4434849863809163e-4,6.992487258591308e-6,1.8112130406172934e-4,9.679817377382223e-6
SRFBP1,5.3293902624318434e-8,2.6192262084244047e-9,8.241372799580206e-8,4.348305707281856e-9
SRP14.AS1,0,1.4193895300656298e-29,0,3.329962542246076e-28
SRP72,3.29385397752624e-5,1.9341053629091924e-5,4.318339442595063e-5,2.638492625912081e-5
SRP9,0,1.2328004313724765e-27,0,1.7307741489268704e-26
SRPK1,0.18240728173085552,0.7331325577851168,0.18552891233663396,0.7461046521294882
SRPK3,1.1102230246251565e-16,2.4160994479353514e-20,3.355131615096024e-16,8.84580146954565e-20
SRPRB,0,2.079052833218434e-25,0,1.6047407799257437e-24
SRRM2,0.43276778892341494,0.5021791524218241,0.43447351782119864,0.5202704408879213
SRRM2.AS1,0,1.7029104106945364e-22,0,8.096771366048957e-22
SRSF10,6.768585691929729e-12,2.3211375252883046e-17,1.3514432574144129e-11,6.357278352671348e-17
SRSF11,1.934731375108356e-9,6.753811523576619e-9,3.2759981403781566e-9,1.0957275656539683e-8
SRSF3,5.3103708965718255e-6,1.8413747059781144e-7,7.328476245036815e-6,2.752029422262345e-7
SRSF4,7.0995431755704885e-12,8.132764741154606e-13,1.4143559197812494e-11,1.6022894512131118e-12
SRSF6,0.01002829076141376,0.15889467899046422,0.011154362088334832,0.17274951990243761
SRSF7,1.1102230246251565e-16,7.855743404730919e-24,3.355131615096024e-16,4.6074968719194826e-23
SRSF8,1.4210572883799344e-4,0.02771806122257464,1.784327567029171e-4,0.031843623170006816
SRXN1,4.045097590221758e-12,1.5504066539317755e-11,8.214588842101816e-12,2.8179154576558163e-11
SS18L1,0,5.652215198760406e-23,0,2.8358550829272327e-22
SSBP2,0,2.3250407474980737e-30,0,7.026351953879773e-29
SSR2,0.003965480778674424,0.004899230990699932,0.004541074006664545,0.005902249227309445
SSR3,0,6.631160283865335e-27,0,7.57907614495634e-26
SSSCA1,4.263256414560601e-14,3.9528757828228535e-14,9.988680929253025e-14,8.501782292850601e-14
SSUH2,3.3306690738754696e-15,6.571871104656738e-19,8.771909835627715e-15,2.070255508763775e-18
ST13P4,0,2.9617954923961015e-20,0,1.0755359191328409e-19
STAG3,0.02282874023335635,0.07155749775055661,0.024713809250804467,0.080045097472465
STAMBPL1,0,3.553232691430373e-23,0,1.879944774130669e-22
STARD7.AS1,2.3621722466948825e-8,7.608461291217515e-6,3.717346086369793e-8,1.0499912137957298e-5
STAT4,0,1.8547457193336558e-25,0,1.4568333117056865e-24
STAT5B,1.5269173447851614e-7,3.814582794629171e-8,2.3013471054538823e-7,5.9400883168766923e-8
STAT6,0,2.5202125261797014e-23,0,1.374170927883305e-22
STATH,0,4.1229718720407974e-25,0,3.0252094024068894e-24
STAU2,0,8.40342031724262e-18,0,2.401169619494165e-17
STIM2,8.881784197001252e-16,1.0119474163131259e-16,2.4590405626169618e-15,2.634017873410662e-16
STK11,4.3809400551708677e-13,1.3459677213677016e-14,9.572568772511835e-13,2.970124315839866e-14
STK17A,0,2.0692532102175545e-25,0,1.6041210755729999e-24
STK25,2.3792840142533578e-8,1.2440628474034153e-7,3.7409730135923604e-8,1.8782083462491865e-7
STK38L,4.722622293229506e-11,1.2330507455680934e-10,8.854296055550167e-11,2.1512030130605777e-10
STK4.AS1,1.470074526845888e-4,0.001561495267146164,1.8432791008201257e-4,0.001937471163063055
STL,0.0212864304758974,0.20489147135557187,0.023114315187895897,0.22073806249364633
STRBP,0,1.8387366865213073e-22,0,8.65031005822557e-22
STRIP2,0,4.540653552510794e-22,0,2.054818600032169e-21
STUB1,1.928801807160596e-8,2.766141370186406e-10,3.051511643449284e-8,4.742336599079194e-10
STX16.NPEPL1,0,9.917282104472542e-28,0,1.4260091929253664e-26
STX6,0.08503643842477904,0.8719497426610106,0.08887454262097363,0.8793475063148087
STXBP3,3.552713678800501e-15,1.1371475799785713e-17,9.301745211896173e-15,3.2030555056900357e-17
STXBP4,5.378334111405536e-9,3.8566715071422334e-11,8.871017317887208e-9,6.862719857519564e-11
SUCLG2,2.1116982352742397e-5,7.470531852415505e-5,2.7993739431181928e-5,9.910683253613723e-5
SUFU,0.10096408927808365,0.3152473685793668,0.10466219254815298,0.33397864419311407
SUGT1,0,4.4742462759022995e-25,0,3.2429191503795936e-24
SUMO1,0.04044114096184204,0.27774918589598196,0.04307440521801933,0.2951292005080667
SUN3,0.00205541218131311,0.0013673940074138942,0.002409467402551791,0.0017001837623563272
SUPT20H,0.07007635083495578,0.11204411864476017,0.07349772561101539,0.12324161847230561
SUPT20HL1,0.28375342188839703,0.2561671112525212,0.28599906796326285,0.2733368996787823
SUPT5H,1.8169954429936297e-10,6.756870351516774e-8,3.2757359705335104e-10,1.0376830178083039e-7
SUPT6H,0.26907360712685446,0.9826894047787516,0.27166378341290004,0.9826894047787516
SUPT7L,7.685094913223445e-6,7.915058418254694e-7,1.0475935955869573e-5,1.153928794746371e-6
SURF6,0.02079333196751121,0.01760655317929626,0.022606409084190537,0.02051796360698381
SUV420H2,0,3.0222856476542726e-25,0,2.2737279788048812e-24
SUZ12P1,2.220446049250313e-16,6.657438792806231e-20,6.522331640549108e-16,2.3229380367071447e-19
SYK,1.2769996406869488e-5,2.0707321238125717e-4,1.7093771466552777e-5,2.677386060012919e-4
SYN1,0,4.959845739956377e-31,0,1.9055154475986525e-29
SYNDIG1,0.0030255846660819374,1.5684665962918288e-4,0.0034871476791364536,2.0457761091355748e-4
SYS1.DBNDD2,5.551115123125783e-16,2.6811207500249014e-16,1.5611416821030393e-15,6.685927688523635e-16
SZT2,0,2.1927525626954474e-26,0,2.172043232936657e-25
TAC1,0.04017202093485306,0.06262453324154182,0.04281333731431142,0.0703145735325372
TACC2,0,1.4571810793852444e-18,0,4.44690548652072e-18
TAF1,1.6518052481373502e-9,5.175210163907697e-9,2.8049226261227573e-9,8.457744933315697e-9
TAF10,1.0485216052069646e-6,6.726091504923346e-6,1.501617688420898e-6,9.325521892129337e-6
TAF1A,0,1.2851527060693906e-27,0,1.7901775585325964e-26
TAF4B,4.606315329169774e-13,1.487850527280968e-14,1.0003727444469801e-12,3.2670412440172e-14
TAF6,3.016284111367895e-9,5.315454119896402e-8,5.054543769331726e-9,8.219821939093916e-8
TAOK1,4.581574009066003e-10,4.274321959849331e-10,8.064112989303734e-10,7.272057303827631e-10
TAP1,6.661338147750939e-16,1.3057409549907361e-17,1.8645472397864873e-15,3.6548447766852156e-17
TAPBPL,6.392408824495988e-10,4.6402814758553345e-11,1.1174181307917986e-9,8.232459573582152e-11
TAPT1,1.1481926520673369e-12,4.013555708977731e-15,2.4371755936143593e-12,9.116139909690822e-15
TATDN3,1.846487251516704e-4,6.841089937041965e-4,2.3022984401778205e-4,8.663113180217204e-4
TAX1BP3,0,6.731806576820198e-30,0,1.79146434723439e-28
TBC1D10A,0,5.759141486916981e-20,0,2.0253548858329344e-19
TBC1D15,0.1568350938123153,0.5896576671831142,0.16034230061201732,0.6066702946263662
TBC1D21,4.440892098500626e-16,4.6843351596664846e-18,1.2608456387940472e-15,1.373712103566668e-17
TBC1D3,0,3.707869026583767e-16,0,9.15669040775465e-16
TBCA,3.119157652387017e-6,1.0749705707430044e-4,4.351688649613498e-6,1.414518470579171e-4
TBL1Y,0,6.630153238806328e-18,0,1.919084939089559e-17
TBRG4,0,4.789338204568092e-23,0,2.4609193137593396e-22
TCERG1L,4.440892098500626e-16,3.1137120623007517e-19,1.2608456387940472e-15,1.0130928115113577e-18
TCF3,8.326672684688674e-14,4.903646880116932e-15,1.9206283825096904e-13,1.106734479398543e-14
TCIRG1,0,1.2703469635573415e-19,0,4.2979670512765462e-19
TCP1,0,1.6878339078455694e-32,0,1.3084381989950653e-30
TCP10,7.904787935331115e-14,5.118989284249118e-13,1.8256783534579506e-13,1.0278330961504703e-12
TERT,3.042011087472929e-14,3.306116611262383e-17,7.241529731594436e-14,8.891109981720708e-17
TESC,0.005714519603017276,0.023054138062875505,0.006485670561540295,0.026674935853142883
TEX264,9.188493189649094e-7,9.694976247019024e-8,1.3212163997697044e-6,1.4799779664755923e-7
TFCP2L1,0.0018889363239118495,0.017216794786431854,0.00221869134751978,0.020090016429455494
TFDP2,7.771561172376096e-15,3.371697672541326e-14,1.946164827295868e-14,7.295797269588816e-14
TFIP11,0.011792318117433753,0.049038962345516426,0.01304324020061066,0.055550489111852466
TGFBR3,0,2.5642037376591264e-27,0,3.242535648401576e-26
TGS1,1.036833265399828e-5,4.958326113940256e-5,1.4005103880362829e-5,6.647139444477802e-5
THAP1,3.9268588380991787e-13,4.5700313169656475e-14,8.665333302389647e-13,9.781951786494297e-14
THOC3,0,4.852634091319064e-28,0,7.725220165019546e-27
THOC6,1.0864718769099113e-7,1.0217010954101674e-10,1.6472613575938537e-7,1.7859735814865965e-10
THRB,7.259549805738175e-8,3.620329940694616e-8,1.1168056344806873e-7,5.642524724002186e-8
THUMPD2,2.573353752310936e-10,2.138060172931616e-11,4.592882622993393e-10,3.850667968017243e-11
TIAF1,0,6.9116382614768345e-28,0,1.0355841193456467e-26
TIAM1,0,4.681593877279582e-22,0,2.1078994654518928e-21
TIPARP,3.448530350169676e-11,2.7743248007484044e-12,6.555148842593319e-11,5.307533390272967e-12
TIRAP,5.578653382621868e-4,0.0012522779718112762,6.725313712788904e-4,0.0015614067298877659
TLE6,0,4.6324529922991075e-21,0,1.819309181777381e-20
TLN2,0.02064366931364947,0.7941775599999122,0.022457390107527155,0.8031869480883969
TM9SF1,1.1102230246251565e-16,2.898089584574533e-17,3.355131615096024e-16,7.829232923176353e-17
TM9SF3,0,1.6806198549455325e-27,0,2.2308342072729325e-26
TM9SF4,0,1.3922937469250097e-28,0,2.5592368564611258e-27
TMA16,0,1.6408405484474542e-24,0,1.1124025467231219e-23
TMBIM4,0.002781180209511347,0.022775370127869673,0.0032137681876597077,0.02640343624056673
TMC1,0,1.7121712491471013e-25,0,1.3699624039004083e-24
TMCO2,1.3716927593776518e-10,5.395195834228221e-13,2.4956410101738297e-10,1.0808577721830243e-12
TMED10P1,1.7474910407599964e-13,1.8789299374464277e-13,3.9440209185760424e-13,3.872985061811538e-13
TMED3,0,1.2955787505828082e-21,0,5.48697603869156e-21
TMED5,0,4.870550722744259e-24,0,2.9945489443631084e-23
TMED6,1.1102230246251565e-16,3.2643699010314677e-21,3.355131615096024e-16,1.3138536193090536e-20
TMEFF1,8.40949280035419e-4,0.0028681598393953244,0.001007669735418785,0.0035195657217080957
TMEM11,0,1.6977429789830622e-28,0,3.0576522540674745e-27
TMEM132A,1.346700528870315e-13,1.9710147918681816e-15,3.054919902004798e-13,4.581902703912605e-15
TMEM174,0,7.069832364800746e-16,0,1.7057525177861612e-15
TMEM204,8.770761894538737e-15,1.0708269518866973e-14,2.184115706419353e-14,2.3776892343885198e-14
TMEM215,5.456950831539409e-6,6.843597974869035e-6,7.524936838851326e-6,9.48106852307031e-6
TMEM231,0,1.2114111559506411e-27,0,1.714242929412693e-26
TMEM249,0,1.0977883173248925e-17,0,3.097083180047917e-17
TMEM30B,5.160721738839413e-9,9.909323329407536e-9,8.519969315139513e-9,1.5860254485039173e-8
TMEM44,0,2.9713060284825513e-32,0,1.9621624625127367e-30
TMEM50B,0,3.476920640451808e-23,0,1.8505520901270368e-22
TMEM59L,0,2.333147032461167e-27,0,2.992806589121051e-26
TMEM67,1.0727185806302941e-10,1.2367401460003895e-9,1.961699722321861e-10,2.074419266527464e-9
TMEM87B,4.799055512142436e-4,0.023198139592116064,5.840761759829326e-4,0.02682378916520295
TMIE,3.730349362740526e-14,4.4543989256128506e-20,8.79790067958513e-14,1.5916219006748924e-19
TMPO.AS1,6.477041125663163e-13,1.8967775568335404e-15,1.3880485970020938e-12,4.415084052002875e-15
TMSB15A,3.2669573580834665e-6,7.933475783076491e-7,4.554327575811432e-6,1.1556688987929235e-6
TMSB4Y,0.186486398783983,0.7644343173833031,0.18946168036002375,0.7766304204526665
TMX1,0.05964552673766854,0.32607084544471904,0.06285341263195214,0.3448305560070783
TMX4,0,6.4270347894754785e-31,0,2.3386536795173016e-29
TNFRSF10C,7.6154231376524e-7,2.5227294079646376e-6,1.1012408316653875e-6,3.5840848879688838e-6
TNIP2,0.0010923673209253248,0.038836723487726536,0.001300194214425804,0.044274858042593616
TNKS2.AS1,0.012582656070599385,0.006798209563052861,0.013874382049399323,0.008140502116133815
TNPO2,9.706176105073183e-7,3.1020009581687425e-8,1.3934067629102644e-6,4.851638340714797e-8
TNR,1.6082690734720018e-10,4.841812993865283e-12,2.9141704857729464e-10,9.096894170771127e-12
TNRC6B,7.731077322103985e-6,1.755075298097185e-5,1.0530565978083579e-5,2.3979304647565372e-5
TOMM20L,8.881784197001252e-16,2.6223946192778565e-17,2.4590405626169618e-15,7.116787832834731e-17
TOP1MT,6.325740849688621e-6,5.301037903233642e-5,8.689365127114647e-6,7.090585582494811e-5
TOP3A,5.7099300661000996e-6,7.555679286387485e-5,7.861625720352491e-6,1.0001318609969477e-4
TOPORS,2.020605904817785e-14,5.082339506243318e-17,4.8685680112028517e-14,1.3484838303023565e-16
TOR1AIP1,0.2037776608189108,0.7691941174159671,0.2066755228897144,0.7796890911612674
TP53,0.022303949361015096,0.037587977965049243,0.02418974556611309,0.04290612337495698
TP53I11,0.006352503871365656,0.7597048720172819,0.007173220014341332,0.7722655569024023
TPD52L3,3.3306690738754696e-16,7.63095798338281e-18,9.609357538381816e-16,2.1945158200599275e-17
TPI1P2,1.728671450429431e-6,1.4075061015466356e-4,2.4520455020808875e-6,1.8425722313198615e-4
TPM3P9,0.018715096822981336,0.015193806818371597,0.020384250235415836,0.0177993150835457
TPPP,1.4432899320127035e-15,1.0673670814190186e-18,3.91092089480038e-15,3.2812336313277764e-18
TPRA1,0.015477233259933443,0.04160203631528366,0.01698209655536082,0.04730639716208595
TPT1.AS1,1.300632812561986e-8,0.07745482680484454,2.0742650311252424e-8,0.0863677024346703
TRA2B,1.8775116147673465e-5,2.3563658908635295e-6,2.500077079260776e-5,3.350399029832275e-6
TRABD,5.722283757947366e-10,5.790655605739067e-11,1.0012592679509474e-9,1.0232645138783703e-10
TRAF3IP1,8.548717289613705e-15,4.709116617565022e-19,2.1317990108225503e-14,1.5020312932233335e-18
TRAFD1,0.48128491509364335,0.49625523854588893,0.48290996264038605,0.5144320292600697
TRAM1L1,3.8202774277351637e-13,8.726698454720452e-14,8.461558575964965e-13,1.8435667470102564e-13
TRAPPC10,8.981559915312021e-4,0.019487265014466522,0.001074052403018198,0.022680021880413712
TRAPPC11,4.986133728124287e-11,1.5704852575980968e-12,9.328726586826446e-11,3.0337759634858144e-12
TRAPPC12,0.0288608888297347,0.5538341553219688,0.03101806195504338,0.5711314626599597
TRAPPC3L,0,1.968163495500394e-25,0,1.5324172543568569e-24
TRAPPC9,4.822518448540647e-4,0.03646245634636791,5.861315878492142e-4,0.041674717734342295
TRIM23,0,1.2466653361288906e-24,0,8.483985856174854e-24
TRIM27,3.5516533047896814e-9,3.988110805065727e-10,5.901768725479964e-9,6.798089450699991e-10
TRIM29,4.440892098500626e-16,2.385145359194961e-13,1.2608456387940472e-15,4.87696579752823e-13
TRIM34,0,7.765797109366463e-22,0,3.393729472058922e-21
TRIM39,5.773159728050814e-15,9.855831862138928e-18,1.4747197414204302e-14,2.7982401608588705e-17
TRIM45,9.118583459943874e-5,0.0033034640125637767,1.1588335216735515e-4,0.004037063971488152
TRIP13,0,1.9173504563574897e-29,0,4.32738716922203e-28
TRPC5,0,2.2507893045819416e-22,0,1.053322133876536e-21
TRPM8,1.2697262116712071e-4,0.007859271175533873,1.5954346972584654e-4,0.009379571958485204
TRPV3,0,8.68778401475929e-33,0,7.041054044689007e-31
TSNARE1,5.349455323155894e-10,4.007576438458773e-12,9.369429117079528e-10,7.561384962721686e-12
TSPAN15,0,1.0340851872963116e-16,0,2.687717039284728e-16
TSR2,0,1.5213997197199476e-26,0,1.5863483627255359e-25
TTC18,0,3.5725027898570245e-22,0,1.6332749934141216e-21
TUBB1,0.054554677335502455,0.9029638623982792,0.057590876074127224,0.9085691685418351
TUBGCP3,0,2.86118779021305e-32,0,1.9621145499807187e-30
TUBGCP4,3.3551366129813687e-9,5.460486483714388e-9,5.585628927120243e-9,8.907637145894559e-9
TULP1,0,1.0549285644403247e-23,0,6.10694035843214e-23
TXLNB,2.220446049250313e-16,1.5639738678308482e-15,6.522331640549108e-16,3.659534653992654e-15
TXNDC11,2.311484337269576e-12,1.513785923832169e-13,4.820323477604274e-12,3.14211909452009e-13
TXNDC15,2.565911253471498e-7,1.40649043006199e-6,3.812516470783067e-7,2.0273018890869264e-6
TYMP,0,7.322013531453032e-21,0,2.813609941073439e-20
U2AF1L4,2.3825977746305682e-7,3.0308307257548724e-9,3.5460532822757125e-7,5.003677022241609e-9
U2SURP,0,5.835887851476749e-24,0,3.503497656290587e-23
UACA,0,1.5335038400614682e-22,0,7.33039503171474e-22
UBA2,2.556022060673513e-11,4.1028110237334676e-17,4.93758107711904e-11,1.0951065951073013e-16
UBA3,2.1456292298438484e-10,7.588102237651741e-12,3.8487494132913296e-10,1.4034840549515616e-11
UBA5,2.9999038534034295e-4,1.2040340819394234e-4,3.696495211208234e-4,1.580806619156075e-4
UBA6,1.2206299169115198e-4,5.8918221418128204e-5,1.5369937442466383e-4,7.857231771766836e-5
UBAC2.AS1,0.0029293273398582897,0.151822294104213,0.0033805764705290165,0.16526199657375565
UBAP1L,0.010628828456636819,0.035405453012404144,0.011792906744358457,0.04049257390706645
UBASH3A,9.267212219832288e-9,6.505973202774319e-9,1.4953338812634364e-8,1.0574430465402563e-8
UBC,0,3.4064901806732753e-28,0,5.784544754419476e-27
UBE2D3,7.30526750203353e-14,1.1720229085026075e-14,1.6915963579384136e-13,2.5927008013153216e-14
UBE2D4,0,1.5820104175251482e-30,0,5.223564026754332e-29
UBE2E2,3.7816616265728964e-4,0.009140041729696088,4.618289506973599e-4,0.010871710743194212
UBE2G2,0,1.4886684322475508e-35,0,1.4765316965606597e-32
UBE2H,4.773959005888173e-15,1.6448530403720413e-16,1.2354091302610468e-14,4.213754268654238e-16
UBE2I,0.1125273566980135,0.6665754172288709,0.11604180277186703,0.6826559270069367
UBE2J1,0,2.8995978211530403e-27,0,3.5902659132749106e-26
UBE2L3,0,1.6890780593485468e-27,0,2.2308342072729325e-26
UBE2L6,2.458213017275668e-4,0.024200676442916784,3.041633455796333e-4,0.027928677085903315
UBE2NL,3.7984171363802943e-10,3.2003279505384986e-12,6.712168240006011e-10,6.076874053045946e-12
UBE2Q1,0,2.6273749713369158e-33,0,3.1230730492624805e-31
UBE2Q2,2.655009527674501e-6,3.1585948187744375e-8,3.7245334286731987e-6,4.935823454754445e-8
UBE3A,6.839196807661985e-6,3.606005821431113e-6,9.365812525392718e-6,5.086636376275059e-6
UBE3B,4.822518448540647e-4,0.0023113659696780385,5.861315878492142e-4,0.0028402243445457913
UBE3C,8.810714325901969e-7,3.455973344614269e-6,1.2689421359517943e-6,4.88659831359813e-6
UBE3D,1.3877090587754992e-9,1.9466169307573402e-13,2.374553984449823e-9,4.0078729648271793e-13
UBE4B,0,3.5274194525746177e-29,0,7.313242888302957e-28
UBFD1,3.3306690738754696e-15,2.1674269413334506e-15,8.771909835627715e-15,5.018860047269536e-15
UBL7.AS1,5.329070518200751e-13,1.0178336756107467e-12,1.1517251798729624e-12,1.9899094776468875e-12
UBN2,0,4.250821160406453e-26,0,4.0530556839597354e-25
UBQLN1,2.131699121026287e-4,0.0035662925443204893,2.6449683596310855e-4,0.004340409287729306
UBQLN2,0,7.959517337306895e-33,0,6.988323997309371e-31
UBR7,0.002295214434572146,8.489173942964903e-4,0.0026747498933608737,0.0010681861072905025
UBXN10,8.987177668728918e-11,1.5022271018550138e-10,1.6485738460230104e-10,2.608053478683047e-10
UBXN6,3.4004828015632427e-6,2.671584152459836e-4,4.7330685676715545e-6,3.429398519680264e-4
UFD1L,6.341593916658894e-12,1.3389517293332025e-13,1.2704563992587425e-11,2.7922233139194153e-13
UFL1,2.577738023035181e-11,1.8499522699661432e-10,4.974141661333038e-11,3.19309283383314e-10
UFSP1,3.275453241968762e-10,1.0293261561475466e-12,5.799536375799704e-10,2.010173643385625e-12
UGGT2,0,5.057851698014908e-23,0,2.5474998806668307e-22
UGT1A1,1.2212453270876722e-15,1.9938379360707032e-15,3.3294807617696017e-15,4.628923229184979e-15
UNC45A,2.234545177781655e-7,1.2549949110187174e-6,3.3284829172804437e-7,1.8148061040927602e-6
UNC45B,0,3.111651243746667e-23,0,1.6812345962425172e-22
UPF2,3.1086244689504383e-13,1.2490337592445605e-17,6.928346785173288e-13,3.501615082913602e-17
UPF3A,8.292083908401082e-9,1.148487355560701e-7,1.3428506456565967e-8,1.739807098525684e-7
UQCRBP1,0,3.348360203227381e-21,0,1.3446230275573017e-20
UQCRFS1,3.6705989792107374e-7,5.947776175986161e-9,5.422268417508488e-7,9.675989892138072e-9
URM1,3.751732469137181e-8,3.055447827409127e-9,5.8371195396785285e-8,5.039651689426895e-9
UROC1,2.220446049250313e-16,7.307908417945218e-18,6.522331640549108e-16,2.1050081921157227e-17
USP11,0,2.513771911287253e-26,0,2.4492105561886185e-25
USP2,1.3433698597964394e-14,1.5358661163440965e-15,3.2946746355117626e-14,3.603222744002005e-15
USP24,8.552837638120536e-8,5.11845455641072e-9,1.3045089400144495e-7,8.372664655119553e-9
USP26,0,3.1147134770766425e-31,0,1.322270030863727e-29
USP34,4.95170027203784e-9,4.877776029134364e-11,8.19005712898281e-9,8.645203439310707e-11
USP4,0.002429913498543268,8.684355362091028e-4,0.002826181192369633,0.0010912054693874775
USP40,3.673438129259132e-5,0.0016545530347812194,4.805385315091e-5,0.002051507691943612
USP48,7.105427357601002e-15,1.950258193945774e-18,1.7868796866858372e-14,5.844219092109773e-18
USP49,0,2.082407887575722e-19,0,6.8758023399028e-19
USP50,4.4209080840573733e-13,1.36328222943015e-13,9.63628253529865e-13,2.8363269720816306e-13
USP8,5.96189764223709e-14,2.093917518381677e-16,1.3841228510558246e-13,5.295680759254653e-16
VAMP3,1.0430372676673016e-8,3.824751814407308e-10,1.6754373407664856e-8,6.525868406782996e-10
VAPB,1.2899681323119694e-12,4.343667669697203e-15,2.73485514852823e-12,9.840863348246649e-15
VAV2,0.04911893143657586,0.2759277891548991,0.05194487233179998,0.2935437040949791
VCPIP1,7.842755445075511e-9,2.0857936116948482e-7,1.2735549142595298e-8,3.112108794687795e-7
VDR,0,1.1694868830038254e-19,0,3.9718002140872776e-19
VEZT,8.58845217166504e-11,2.212319234292627e-15,1.5786814661936872e-10,5.116167567761031e-15
VHLL,0,5.672761208873971e-21,0,2.2180993937329583e-20
VIM.AS1,0,1.7092203711844762e-22,0,8.105159366547662e-22
VPS13A,5.248963220017e-5,0.004963374643086778,6.771998134074031e-5,0.005975487500758761
VPS28,2.712197536869354e-5,1.1145905219674777e-4,3.574167190124212e-5,1.465571460669626e-4
VPS37A,0.005587308091942855,0.01268124568136091,0.006345331419066313,0.01492452874578647
VPS41,0,2.1888557322526787e-31,0,1.0006999411811604e-29
VPS4B,0.024253474058455127,0.2293119554441404,0.026145069072687724,0.24600674883086784
VPS51,0,5.3184648981993745e-31,0,1.975588106976976e-29
VRTN,6.757678152280455e-6,0.0030853521340494044,9.261291426222945e-6,0.0037834820185764016
VTN,0,1.5154698498512246e-26,0,1.5863483627255359e-25
WAC.AS1,7.392546199858074e-6,2.9237177889809374e-4,1.0092580301950189e-5,3.7449632311444046e-4
WARS,0,1.7722587720144215e-23,0,9.905759844832957e-23
WASF1,2.3905630146980883e-4,8.538762527629615e-5,2.962038815293045e-4,1.1260808865949412e-4
WASF3,0.017845235510950963,0.08388827798064885,0.019484418197198757,0.09330804718621141
WBP11P1,6.217248937900877e-15,2.687655915225173e-16,1.5791103783870746e-14,6.692863822411289e-16
WBP2NL,3.5106332177503585e-4,0.013535094316742947,4.2961283646183177e-4,0.01591891369838567
WDR11,0.004478367262218064,0.05227067225252955,0.005108719659971086,0.0590986738276856
WDR27,0.06382617407011881,0.6430820721864376,0.06717949726506603,0.6601124552149789
WDR34,0.04146438727195412,0.3888580056564921,0.044085272812101485,0.40760365907438295
WDR38,0,2.8288983029722296e-34,0,9.138691986476924e-32
WDR46,1.9191228930659499e-4,0.0053018813673194505,2.3895224290059977e-4,0.0063744129992788804
WDR47,0,4.081736625994357e-24,0,2.5921738921045608e-23
WDR49,0,2.1641258533754084e-34,0,9.138691986476924e-32
WDR52,0.18240728173085774,0.428992242573344,0.18552891233663396,0.44809207293981973
WDR62,0.014334961445300887,0.08717992410499356,0.015777306331463875,0.096727943173119793
WDR83,0,3.0156662508482973e-26,0,2.908940255725309e-25
WDR86,0,1.115489163265582e-19,0,3.8101861649473807e-19
WDYHV1,0,1.8805951606030488e-19,0,6.244136259506957e-19
WHSC1L1,7.351896869067787e-13,7.502870135205457e-16,1.5717544505453075e-12,1.8004868709382676e-15
WI2.2373I1.2,0,4.245887668829282e-21,0,1.6898253824827254e-20
WIPF2,9.340295720106084e-5,1.6445369498737443e-4,1.1861643353952385e-4,2.1356222735796694e-4
WISP1,8.078992209361591e-4,0.00376595878904785,9.68718433711615e-4,0.00457404940113918
WNK2,0.019622625089292245,0.1322223903376369,0.021359670655804682,0.14454477128878393
WSB1,0,3.075274925342767e-34,0,9.138691986476924e-32
WTAPP1,3.297362383136715e-14,5.040906857942098e-15,7.80769871066768e-14,1.1362752120999697e-14
WWTR1,8.005127494215003e-8,7.89854530103515e-8,1.227269331228319e-7,1.2088503237549934e-7
XPNPEP2,7.65015893966492e-8,2.9450656867712724e-8,1.1738582951310285e-7,4.610230131267058e-8
XPO4,4.263256414560601e-14,5.460995964253291e-13,9.988680929253025e-14,1.0928120992439525e-12
XPO6,0,4.444676354497539e-20,0,1.59133693575685e-19
XPO7,0,1.7959647289781824e-27,0,2.3545625821824257e-26
XPOT,1.4230638889500824e-10,8.45391888765124e-9,2.586465763504584e-10,1.3591828112427558e-8
XPR1,2.2983448477731372e-10,2.6365255062446734e-10,4.1102797026875665e-10,4.5331966997437345e-10
XRCC6,1.1102230246251565e-16,9.154033755070813e-17,3.355131615096024e-16,2.389698709413069e-16
XRCC6BP1,0,1.6197748765585223e-23,0,9.110594968150931e-23
XRRA1,4.8869800098882976e-5,2.577502318197401e-4,6.337080260095153e-5,3.3134006008262194e-4
YARS2,0.0033179366711110214,0.3280755849791302,0.003816697473929646,0.34674497215043815
YBX2,7.496150738028895e-5,0.0015030542924987294,9.594857692681636e-5,0.0018662575233462635
YEATS4,0.002848200001750345,0.03879064760154059,0.0032890807015031514,0.04425062359152071
YIPF4,0.010899019378673436,0.016201185444669818,0.012077657894452911,0.018954536514334833
YLPM1,0,1.0781119142725455e-22,0,5.2235694107281215e-22
YME1L1,0.18552025003473216,0.9443996941195493,0.18858757457920608,0.9481219902112367
YOD1,0,4.717759606296094e-27,0,5.570705548361547e-26
YTHDC2,0,5.10356347209133e-24,0,3.116319750253028e-23
YTHDF2,0.0021389287591034867,2.5619828956934253e-4,0.002502434368426192,3.2958264812564054e-4
YTHDF3,0,1.051089561355608e-25,0,8.966950659794494e-25
YTHDF3.AS1,6.661338147750939e-15,2.359930569901122e-15,1.6847043854524716e-14,5.443410357223417e-15
YWHAE,8.03967869124067e-5,4.707185695168354e-4,1.0268443486018708e-4,5.999569776450999e-4
YWHAZ,1.3918866059725588e-12,4.928584070996797e-12,2.9369630987562986e-12,9.240447317126485e-12
YY1,4.440892098500626e-16,5.253803912380809e-19,1.2608456387940472e-15,1.663860102269091e-18
YY1AP1,0,7.196189039777514e-22,0,3.1602968122963818e-21
YY1P2,6.661338147750939e-16,3.545310607163732e-19,1.8645472397864873e-15,1.1430902011885956e-18
ZBTB11.AS1,1.7764581173740357e-4,0.019704117477974393,2.2180846101385894e-4,0.02291744387686128
ZC3H12A,0,1.3233583790985378e-27,0,1.8150369153328406e-26
ZC3H18,0.006352503871365545,0.3322101627470143,0.007173220014341332,0.35049155040113994
ZC3H3,0,1.773277059204233e-17,0,4.886789793757569e-17
ZC3H7B,0.0698599168921048,0.7731397886607777,0.07331385039353905,0.7823542810341468
ZC3H8,1.3995304581904122e-8,1.4351339005514153e-8,2.2280025062084864e-8,2.2846819148956906e-8
ZCCHC9,0,4.9488525844254045e-26,0,4.619792752895548e-25
ZDHHC4,0,1.932932514560842e-30,0,6.046348549933301e-29
ZDHHC6,1.4883649868124849e-12,8.386463274031744e-13,3.1331225165131767e-12,1.6468132177972026e-12
ZDHHC7,0.0034113201383449976,0.055224511546944105,0.0039190617311012435,0.06228039474269534
ZFP91.CNTF,0,2.4943789336109496e-27,0,3.1767697418773735e-26
ZFR2,5.551115123125783e-16,1.4625697931373146e-17,1.5611416821030393e-15,4.0810046027603004e-17
ZMAT3,0.0037854964241051947,0.07769669697284179,0.004340540272784284,0.08658325668911056
ZNF208,3.3490987760842472e-12,1.1883771167131486e-14,6.879542762394254e-12,2.6256213123910087e-14
ZNF248,0,1.1137418683322868e-28,0,2.11255505450688e-27
ZNF318,2.100912575575542e-6,1.0318843303428464e-7,2.9682465311023704e-6,1.5725211632489702e-7
ZNF385A,9.721235863702216e-5,0.00982374312512084,1.2319092782502522e-4,0.01163836145653851
ZNF414,3.1086244689504383e-15,1.3343467212297633e-17,8.235776267665128e-15,3.729059880803555e-17
ZNF593,0,1.795939029498912e-25,0,1.416884641414407e-24
ZNF639,2.1141226357324072e-6,4.894979436446624e-7,2.9845452569365654e-6,7.20111248777585e-7
ZNF658,0,1.430238968185513e-30,0,4.8115397741033387e-29
ZNF664.FAM101A,0,1.4846056648234534e-21,0,6.2137368553526224e-21
ZNF76,2.1456292298438484e-10,1.4996351310919985e-12,3.8487494132913296e-10,2.90320243076768e-12
ZNHIT1,2.808864252301646e-14,1.5186222160541088e-12,6.72242276758904e-14,2.936771595688152e-12
ZRANB1,1.1714185177424952e-11,7.851500541705121e-13,2.300263454994349e-11,1.5503018234618197e-12
ZSWIM8.AS1,0,2.5248926525115034e-32,0,1.8757848330950047e-30
ZYG11A,6.014289066769152e-11,1.2772180653630579e-12,1.1170288964634789e-10,2.4806969613750897e-12
ZZZ3,1.4883649868124849e-12,1.758199727812562e-16,3.1331225165131767e-12,4.497661570573598e-16
