gene,ks_pvalue,wil_pvalue,q_ks,q_wil
AAK1,0.22759061982465156,0.5057015774523077,0.9998962485192302,1
AANAT,0.1069490326961174,0.14885308279809328,0.9998962485192302,1
AATK,0.9907090680763875,0.903977314396141,0.9998962485192302,1
ABCB11,0.3659249616336402,0.6381021697022737,0.9998962485192302,1
ABCF2,0.16298159702880727,0.22403192037665054,0.9998962485192302,1
ABCF3,0.7169030800416858,0.3461602038344184,0.9998962485192302,1
ABCG1,0.8916701802765525,0.8846814698167857,0.9998962485192302,1
ABHD16B,0.8178603583726503,0.8441830989582066,0.9998962485192302,1
ABI2,0.3716950008395792,0.4535004196937757,0.9998962485192302,1
ABRA,0.17627415948433223,0.3878897315001449,0.9998962485192302,1
ACAA2,0.7478753911861356,0.8868221887429312,0.9998962485192302,1
ACAD11,0.6072330480707622,0.8739901094707001,0.9998962485192302,1
ACAP3,0.3895399459582571,0.25204689082419524,0.9998962485192302,1
ACBD4,0.7071381300397974,0.8868223408363499,0.9998962485192302,1
ACKR1,0.6873513125695699,0.8166979161359287,0.9998962485192302,1
ACMSD,0.8723532639752754,0.9902664641962732,0.9998962485192302,1
ACOT1,0.7006014631728495,0.5719113637399642,0.9998962485192302,1
ACP2,0.9615597256235373,0.46501747556352657,0.9998962485192302,1
ACSL6,0.038960126038667955,0.04735790216646902,0.9998962485192302,1
ACSS2,0.6000775174311023,0.7316443636193316,0.9998962485192302,1
ACTBL2,0.00706857911218893,0.8781994268888084,0.9998962485192302,1
ACTG1P4,0.6294513438610964,0.8418794930875827,0.9998962485192302,1
ACTR10,0.5024509182909374,0.9427282333979617,0.9998962485192302,1
ACTR1B,0.4873929418900645,0.2681062249221234,0.9998962485192302,1
ACTR3B,0.25682047513604594,0.6169404360983262,0.9998962485192302,1
ADARB1,0.671805857031644,0.7052863833752196,0.9998962485192302,1
ADCY8,0.682984273093643,0.3324436246997755,0.9998962485192302,1
ADD2,0.2517167806704446,0.6036449613211669,0.9998962485192302,1
ADD3.AS1,0.9202998152717876,0.6992578349550433,0.9998962485192302,1
ADIPOR2,0.2673378510092725,0.3878908550937851,0.9998962485192302,1
ADIRF,0.3041014091627959,0.5091750523377068,0.9998962485192302,1
ADNP2,0.6845457746540631,0.5793078669473004,0.9998962485192302,1
ADPGK.AS1,0.6897542320898145,0.2812035092453823,0.9998962485192302,1
ADRBK2,0.21623197685909473,0.17826719408823152,0.9998962485192302,1
ADSS,0.30297343512916697,0.7336851777823853,0.9998962485192302,1
ADSSL1,0.7107003125691402,0.8868218845542544,0.9998962485192302,1
AFM,0.2822216766551674,0.2498106164705686,0.9998962485192302,1
AGA,0.8034316643673698,0.3968940843997885,0.9998962485192302,1
AGPAT4,0.6590608652883376,0.5356136398942759,0.9998962485192302,1
AGPAT9,0.9557564905420707,0.7957130729101306,0.9998962485192302,1
AHCYL2,0.32752046753139885,0.2611401068925091,0.9998962485192302,1
AHSA2,0.7500776475858334,0.5144070196377644,0.9998962485192302,1
AIFM2,0.9996597934498779,0.9018302035951056,0.9998962485192302,1
AIM1L,0.8180007820628891,0.5391901952842395,0.9998962485192302,1
AIMP2,0.5175826969090949,0.5830239104280841,0.9998962485192302,1
AK3,0.465115768511299,0.6654487973750807,0.9998962485192302,1
AKAP11,0.2688725146543074,0.17483102238934264,0.9998962485192302,1
AKAP8L,0.040979401731204367,0.048273252778457815,0.9998962485192302,1
AKIRIN2,0.5094440017056094,0.3151762967885084,0.9998962485192302,1
AKNAD1,0.9430912125383786,0.9405685350094471,0.9998962485192302,1
AKT1S1,0.7371190074762647,0.5005120753029642,0.9998962485192302,1
AKT3,0.19312896711511227,0.3659338174105962,0.9998962485192302,1
ALAS1,0.8414368557876649,0.7521316801337191,0.9998962485192302,1
ALDOB,0.8836949024226683,0.7032589626465884,0.9998962485192302,1
AMDHD1,0.8068517053010016,0.7275697495251034,0.9998962485192302,1
AMH,0.6292432151965274,0.8272471043786884,0.9998962485192302,1
AMZ2P1,0.9799795065134804,0.8953936719280748,0.9998962485192302,1
ANAPC1P1,0.7739313592254213,0.5774536971515328,0.9998962485192302,1
ANAPC7,0.6286465170878988,0.8040906720738838,0.9998962485192302,1
ANKH,0.8959170660418263,0.8272465292757256,0.9998962485192302,1
ANKK1,0.3614354405989057,0.4453802939706199,0.9998962485192302,1
ANKMY1,0.4900323077406416,0.7873582757601714,0.9998962485192302,1
ANKRD12,0.4213387962712728,0.28485155182413474,0.9998962485192302,1
ANKRD13B,0.1754582997885137,0.5682271546167021,0.9998962485192302,1
ANKRD18A,0.6371528326107033,0.2910000493437758,0.9998962485192302,1
ANKRD44.IT1,0.540152749249933,0.6792938085174343,0.9998962485192302,1
ANP32A.IT1,0.26044154251922813,0.06234916407657287,0.9998962485192302,1
ANP32C,0.005349819152943445,0.018820698458436966,0.9998962485192302,1
ANXA13,0.30105305185061115,0.4437562706104102,0.9998962485192302,1
ANXA7,0.639141329095899,0.23345627426557172,0.9998962485192302,1
ANXA8,0.7026996344559054,0.6992626731552647,0.9998962485192302,1
AP1B1P1,0.2883712398241476,0.1872021483563489,0.9998962485192302,1
AP1M2,0.5737450107815695,0.6207742253034225,0.9998962485192302,1
AP2B1,0.339696234965313,0.37608349904935695,0.9998962485192302,1
AP2M1,0.0665686209836135,0.12065320668248133,0.9998962485192302,1
AP2S1,0.7675873819625566,0.5867449461645262,0.9998962485192302,1
AP3M1,0.06420223454920805,0.1206519506537585,0.9998962485192302,1
AP3M2,0.9837708558568684,0.9297919387927391,0.9998962485192302,1
APBB2,0.27903067514696167,0.6055458184707592,0.9998962485192302,1
APELA,0.42922378272063205,0.31779589235096223,0.9998962485192302,1
APEX2,0.36095770959798995,0.4650179285244704,0.9998962485192302,1
APH1B,0.44008685914941714,0.27638998054470554,0.9998962485192302,1
APIP,0.6148026600963181,0.8675862161199384,0.9998962485192302,1
ARAP1,0.6566244616581494,0.37754738728148696,0.9998962485192302,1
AREG,0.7125536382565435,0.4851289527083289,0.9998962485192302,1
ARF1,0.8337996640969216,0.844182682731635,0.9998962485192302,1
ARF3,0.4114009681935557,0.27758014087195815,0.9998962485192302,1
ARF4,0.884829132198825,0.737770205590209,0.9998962485192302,1
ARFGAP1,0.9550500785521041,0.9621605659286061,0.9998962485192302,1
ARFGAP3,0.8420888289379224,0.7398160360752912,0.9998962485192302,1
ARFGEF1,0.22676394329228397,0.33381119458663494,0.9998962485192302,1
ARFGEF2,0.8744880788780358,0.7978061682484061,0.9998962485192302,1
ARFIP1,0.5056900164214742,0.2812056247341975,0.9998962485192302,1
ARHGAP10,0.4289297133131964,0.8314733147250892,0.9998962485192302,1
ARHGAP31,0.22183692009310774,0.11804089395119043,0.9998962485192302,1
ARHGDIB,0.6151657708982355,0.7255326980328771,0.9998962485192302,1
ARHGDIG,0.24785589239208872,0.7808950197098098,0.9998962485192302,1
ARHGEF10,0.8276712969123496,0.7790077396831254,0.9998962485192302,1
ARHGEF25,0.7201536010685662,0.502235546523371,0.9998962485192302,1
ARHGEF3.AS1,0.5560331319466565,0.6188610473416152,0.9998962485192302,1
ARHGEF7,0.26193507106994246,0.10181547281216384,0.9998962485192302,1
ARHGEF7.AS1,0.7166550717407625,0.5338304102105103,0.9998962485192302,1
ARID1B,0.696666001122123,0.3938752039226588,0.9998962485192302,1
ARID4B,0.03003327574056565,0.40296513963245884,0.9998962485192302,1
ARIH2,0.6014993281835951,0.7936223207904752,0.9998962485192302,1
ARIH2OS,0.21659460471486022,0.05684900458310573,0.9998962485192302,1
ARL3,0.7422101889966456,0.5284965820407495,0.9998962485192302,1
ARL6IP4,0.33443096700075714,0.18720632484196195,0.9998962485192302,1
ARL6IP6,0.9175292420774331,0.9556796334956708,0.9998962485192302,1
ARMC9,0.9276571991916294,0.9535208084767023,0.9998962485192302,1
ARPC1B,0.28347062230178066,0.17226053840022898,0.9998962485192302,1
ARPC2,0.4861194794454058,0.8188012059805128,0.9998962485192302,1
ARPC3,0.8646180074488422,0.9168672835276093,0.9998962485192302,1
ARPC4,0.8597021779447003,0.5886125854946804,0.9998962485192302,1
ARPC4.TTLL3,0.23766297470796557,0.16720168429932475,0.9998962485192302,1
ARPC5L,0.924834957530054,0.9405705616401049,0.9998962485192302,1
ARPP21,0.7138302788740241,0.8484279634027867,0.9998962485192302,1
ARRDC1,0.18640933837764084,0.5409761079392215,0.9998962485192302,1
ARRDC3,0.6944455554824798,0.9600002381324793,0.9998962485192302,1
ASB7,0.8696696175033707,0.7336850044707565,0.9998962485192302,1
ASB8,0.8688496887097874,0.7174150109948403,0.9998962485192302,1
ASB9,0.7750322286240264,0.7052956006119881,0.9998962485192302,1
ASCC3,0.7062714407028153,0.8590611758152663,0.9998962485192302,1
ASIC1,0.6636146781869418,0.7978063689683133,0.9998962485192302,1
ATF3,0.6271153557754239,0.4469973371960639,0.9998962485192302,1
ATF5,0.739310287429673,0.9664823411305893,0.9998962485192302,1
ATF7,0.9261029578289326,0.7336828380468636,0.9998962485192302,1
ATG13,0.6003138329787648,0.5499929375672863,0.9998962485192302,1
ATG14,0.4528562251118403,0.39387904343773994,0.9998962485192302,1
ATG4C,0.5553537591365736,0.912572287307686,0.9998962485192302,1
ATG9B,0.7806189815680116,0.3968940843997885,0.9998962485192302,1
ATN1,0.3390358365672158,0.17569418162594794,0.9998962485192302,1
ATP11C,0.46642262862870654,0.262291356910662,0.9998962485192302,1
ATP1A1.AS1,0.1277848893526765,0.26808275254355085,0.9998962485192302,1
ATP2A3,0.22855038714181028,0.39689105017407955,0.9998962485192302,1
ATP2C2,0.41796524844140553,0.47837331775915637,0.9998962485192302,1
ATP5B,0.12795724965251587,0.19361127731217895,0.9998962485192302,1
ATP5C1,0.8221870832456601,0.6342085966889599,0.9998962485192302,1
ATP5D,0.5321776287362454,0.8124920449645063,0.9998962485192302,1
ATP5G1,0.6949419177351486,0.4885242061303022,0.9998962485192302,1
ATP5G3,0.11391825834782568,0.2219709495373026,0.9998962485192302,1
ATP5H,0.8474667629828252,0.5427801831351236,0.9998962485192302,1
ATP5L2,0.9165989488373707,0.9729670501800474,0.9998962485192302,1
ATP5S,0.031038357301552022,0.07781714964891631,0.9998962485192302,1
ATP6AP1L,0.9900910562037326,0.837822930188387,0.9998962485192302,1
ATP6V0A1,0.5064106713378932,0.8484283179288947,0.9998962485192302,1
ATP6V0E2,0.5637026654939131,0.3517384238219706,0.9998962485192302,1
ATP6V1E2,0.8825881660364268,0.8314738200487176,0.9998962485192302,1
ATP6V1G2,0.935455418687145,0.8739897713461289,0.9998962485192302,1
ATRIP,0.811674086917528,0.5998791594285671,0.9998962485192302,1
ATXN1L,0.7835418067441855,0.6972561048946351,0.9998962485192302,1
ATXN2,0.6194545528836998,0.5627284059917171,0.9998962485192302,1
ATXN3,0.5658992944450285,0.36449237536089096,0.9998962485192302,1
ATXN7L3B,0.2570866092683921,0.12195530572881094,0.9998962485192302,1
ATXN8OS,0.5894672154085929,0.4936445703933724,0.9998962485192302,1
AURKA,0.5487073362768089,0.8825412023275554,0.9998962485192302,1
AZU1,0.5112668071322983,0.7665790280325329,0.9998962485192302,1
B4GALT1.AS1,0.2086690896543427,0.12795474840842266,0.9998962485192302,1
BACE1,0.8735149584773447,0.7915334008290786,0.9998962485192302,1
BAGE,0.23284280437157806,0.22299292468962442,0.9998962485192302,1
BARD1,0.35412618108752425,0.12130295200384678,0.9998962485192302,1
BAZ1B,0.3979129091121255,0.7583134003226342,0.9998962485192302,1
BAZ2A,0.2963703421300937,0.9233299973640299,0.9998962485192302,1
BAZ2B,0.46591250602175754,0.8846794944095465,0.9998962485192302,1
BCAR1,0.05640043342963146,0.40144058968264057,0.9998962485192302,1
BCDIN3D,0.18722622733047872,0.23560184740434623,0.9998962485192302,1
BCL7C,0.058126210871174665,0.31127480522680145,0.9998962485192302,1
BCMO1,0.8702302630738326,0.6074368617193631,0.9998962485192302,1
BECN1P1,0.979470179371227,0.8209155218578557,0.9998962485192302,1
BFSP1,0.9207450844320831,0.8911063587272666,0.9998962485192302,1
BID,0.2948874132872519,0.5463803906559745,0.9998962485192302,1
BIN3,0.9704481082616765,0.7562279886177432,0.9998962485192302,1
BIRC3,0.8752359007131225,0.9686438943516817,0.9998962485192302,1
BLID,0.984603799008382,0.9297917493067652,0.9998962485192302,1
BLVRA,0.6412611266721897,0.6713700919067318,0.9998962485192302,1
BMS1P17,0.4291309089267758,0.6654501790186146,0.9998962485192302,1
BNIP3,0.7617234225773787,0.8761264997758206,0.9998962485192302,1
BPY2,0.8048234686341309,0.5057012895882518,0.9998962485192302,1
BRAT1,0.9009259140745365,0.754191182404407,0.9998962485192302,1
BRD3,0.6265626385938018,0.6832547112634726,0.9998962485192302,1
BRD4,0.08153789949438836,0.02285406157449845,0.9998962485192302,1
BRD7,0.6527593939950403,0.557251405770981,0.9998962485192302,1
BRDT,0.19136464002783912,0.14284419230998446,0.9998962485192302,1
BRMS1,0.47300594273464963,0.5214261864213767,0.9998962485192302,1
BRMS1L,0.2465224202683165,0.3297608475053626,0.9998962485192302,1
BRPF3,0.713463913941935,0.8145975587364638,0.9998962485192302,1
BSG,0.2865592248437762,0.5590741903527149,0.9998962485192302,1
BSN,0.3453797009799484,0.2634478890876863,0.9998962485192302,1
BTBD10,0.9198548378616183,0.9492026229484818,0.9998962485192302,1
BTF3L4,0.5270994749837377,0.4616710131041407,0.9998962485192302,1
BTF3P11,0.781719269176746,0.8505530674439853,0.9998962485192302,1
BTG2,0.7076331038981926,0.9233267913945172,0.9998962485192302,1
BTN2A2,0.8829497248050298,0.4766926629852228,0.9998962485192302,1
BUD13,0.5231091429024177,0.6381008059636365,0.9998962485192302,1
C10orf55,0.8222847977373837,0.5682056906165789,0.9998962485192302,1
C10orf82,0.04145565488823111,0.05307794061160471,0.9998962485192302,1
C11orf63,0.9122326045176217,0.7296044741092904,0.9998962485192302,1
C14orf164,0.6355760026741109,0.9664826810408018,0.9998962485192302,1
C14orf169,0.5243992855560831,0.4090903950288422,0.9998962485192302,1
C16orf70,0.056123978604991874,0.08012948023541909,0.9998962485192302,1
C16orf74,0.9333986076613775,0.921177354967587,0.9998962485192302,1
C17orf64,0.7323181182992342,0.797805967527901,0.9998962485192302,1
C17orf89,0.38777480853677926,0.36450129795170155,0.9998962485192302,1
C19orf10,0.476868457383412,0.7377717433609661,0.9998962485192302,1
C1orf50,0.8601586430933581,0.557253805807835,0.9998962485192302,1
C4orf32,0.45265867533190496,0.636165730039644,0.9998962485192302,1
C6orf118,0.3565362676555296,0.288530803757176,0.9998962485192302,1
C6orf99,0.18541401488823464,0.28730051825218006,0.9998962485192302,1
C7orf31,0.8096939485057261,0.8889641112469084,0.9998962485192302,1
C9orf84,0.5656655547457969,0.6112367001690067,0.9998962485192302,1
CAB39L,0.7706424020316126,0.8103891658457187,0.9998962485192302,1
CALCOCO2,0.18929304233552624,0.4919322556559057,0.9998962485192302,1
CALCR,0.827060714746704,0.47166941364977977,0.9998962485192302,1
CALM2,0.7310531103220456,0.7977971352339603,0.9998962485192302,1
CALML3,0.16910817466091752,0.248692017259568,0.9998962485192302,1
CALR3,0.2542667746234151,0.11491909493926107,0.9998962485192302,1
CAMK2N1,0.9041726266165837,0.6575884626643991,0.9998962485192302,1
CAND1,0.9257534041264328,0.745966213023981,0.9998962485192302,1
CAND1.11,0.35298975896670665,0.32043102405786505,0.9998962485192302,1
CAP1,0.7722036248667041,0.597983486675234,0.9998962485192302,1
CAP2,0.6528492876519026,0.9578364171441397,0.9998962485192302,1
CAPN10,0.7170683898323545,0.4902283957692753,0.9998962485192302,1
CAPN3,0.37012111720381796,0.38936363168530197,0.9998962485192302,1
CAPNS2,0.2752271754234049,0.43573485253915745,0.9998962485192302,1
CAPRIN2,0.931396633041205,0.871853780948922,0.9998962485192302,1
CARD10,0.9686261743676186,0.8505471226332322,0.9998962485192302,1
CARD9,0.021101127243630308,0.017364218706764332,0.9998962485192302,1
CARS2,0.9562804104217867,0.9945924294447812,0.9998962485192302,1
CASC4,0.3357131710298243,0.7727941867137383,0.9998962485192302,1
CASC5,0.2703818402079353,0.9276374127134102,0.9998962485192302,1
CASP3,0.23571221667534029,0.14284270551418465,0.9998962485192302,1
CASP5,0.22185341637741723,0.16720225870152675,0.9998962485192302,1
CBFA2T3,0.21595784591531955,0.18720602652321441,0.9998962485192302,1
CBL,0.40555190180072126,0.927637266261107,0.9998962485192302,1
CBX2,0.7842529125876241,0.8868220746724648,0.9998962485192302,1
CBX3P2,0.1294271005551759,0.24980965543953879,0.9998962485192302,1
CCAT1,0.6133688396204946,0.5682276780891212,0.9998962485192302,1
CCDC116,0.09614291665423653,0.1355958756343533,0.9998962485192302,1
CCDC23,0.8566844369032897,0.7707218952332141,0.9998962485192302,1
CCDC7,0.3864665409013883,0.4137147013372815,0.9998962485192302,1
CCDC89,0.6351857667448226,0.5811621349875709,0.9998962485192302,1
CCDC94,0.7205441898901431,0.6634814448394571,0.9998962485192302,1
CCNDBP1,0.5088396903775749,0.5126528456228854,0.9998962485192302,1
CCNE1,0.8639028607077571,0.6207724531819077,0.9998962485192302,1
CCNI2,0.80477335578904,0.4970677717332066,0.9998962485192302,1
CCNL1,0.17187981202563019,0.32841473164037205,0.9998962485192302,1
CCNT2.AS1,0.4641786090887491,0.2509266121179614,0.9998962485192302,1
CCNYL1,0.05594552263166716,0.21587758018329853,0.9998962485192302,1
CCT3,0.8564545869888199,0.8251353527101463,0.9998962485192302,1
CCT4,0.7477248670307364,0.9816157028370784,0.9998962485192302,1
CCT5,0.9496241200553781,0.8040915159932944,0.9998962485192302,1
CCT6A,0.6584578589988386,0.4357388889765947,0.9998962485192302,1
CCT6B,0.9765801503028937,0.9104220182229037,0.9998962485192302,1
CCT8,0.6792007283913042,0.6812818219222088,0.9998962485192302,1
CD164L2,0.7088542342085231,0.4277899907850755,0.9998962485192302,1
CD38,0.16754726505649445,0.04299030700720955,0.9998962485192302,1
CD40,0.5807400928773659,0.5755780341948424,0.9998962485192302,1
CD46,0.6040065440450636,0.38635283586596064,0.9998962485192302,1
CD47,0.826018331521268,0.6207686725732131,0.9998962485192302,1
CD48,0.5790294465149238,0.4518721779811818,0.9998962485192302,1
CD5,0.4867772091184984,0.8569230902229491,0.9998962485192302,1
CD55,0.37956434541673517,0.45837925667886864,0.9998962485192302,1
CD79A,0.009028237258307068,0.16517093767640256,0.9998962485192302,1
CD99,0.8730548933705901,0.8462980888448169,0.9998962485192302,1
CDC14A,0.8288177978741749,0.6497640967672813,0.9998962485192302,1
CDC42BPA,0.4897791122894637,0.8293557242179359,0.9998962485192302,1
CDC42SE2,0.8561011404532608,0.9384055821395046,0.9998962485192302,1
CDC6,0.9388141762418363,0.878264041078048,0.9998962485192302,1
CDK13,0.27618556538535244,0.7153900806769998,0.9998962485192302,1
CDK14,0.8376113287720099,0.5663925153257378,0.9998962485192302,1
CDKAL1,0.3064857094833108,0.14733231385250364,0.9998962485192302,1
CDSN,0.6159661659261169,0.6112368207243872,0.9998962485192302,1
CDX1,0.7564507478376126,0.5793017081594385,0.9998962485192302,1
CELF2,0.28506684804202875,0.4733382364052485,0.9998962485192302,1
CELF2.AS2,0.029042802708574986,0.15037931639097094,0.9998962485192302,1
CEP170,0.19187684469170133,0.7296057922213791,0.9998962485192302,1
CERKL,0.6318795385502383,0.705294935479497,0.9998962485192302,1
CERS3,0.6935603893970632,0.5463783549845372,0.9998962485192302,1
CFL1P1,0.47394443901445193,0.4356326713417616,0.9998962485192302,1
CFLAR.AS1,0.19661293477558692,0.23133080027098413,0.9998962485192302,1
CGN,0.4490032655531002,0.33652886416154515,0.9998962485192302,1
CHD1L,0.5111990931792945,0.8932496612925913,0.9998962485192302,1
CHD3,0.8417369825245424,0.9621601310819782,0.9998962485192302,1
CHD4,0.8926205243308215,0.8335834419369692,0.9998962485192302,1
CHD5,0.294199931550709,0.6342288940144927,0.9998962485192302,1
CHD9,0.6183677823789648,0.4551376338297607,0.9998962485192302,1
CHGA,0.6566115305241255,0.8675861717457548,0.9998962485192302,1
CHMP4B,0.304540915666613,0.24427541907810818,0.9998962485192302,1
CHMP4C,0.4345854566416629,0.38048583909334155,0.9998962485192302,1
CHPT1,0.45571737046496086,0.4293796548316516,0.9998962485192302,1
CHTOP,0.9981758094206992,0.9600003462780835,0.9998962485192302,1
CHUK,0.9261854176998573,0.9513615072504237,0.9998962485192302,1
CIAPIN1,0.7286845278079306,0.5756034828547609,0.9998962485192302,1
CIDEA,0.8319756110945598,0.5961134106638457,0.9998962485192302,1
CIRBP.AS1,0.24894128237689092,0.1503784884537962,0.9998962485192302,1
CKAP2,0.14065940352660383,0.19085781295773702,0.9998962485192302,1
CLIC2,0.8758880561912835,0.9211762919837779,0.9998962485192302,1
CLIP1,0.30465505475385746,0.7707218952332141,0.9998962485192302,1
CLIP1.AS1,0.7425231973723678,0.4885264120695557,0.9998962485192302,1
CLK4,0.5074437377827967,0.3688189892210888,0.9998962485192302,1
CLOCK,0.38496932947892637,0.539191293218217,0.9998962485192302,1
CLPTM1L,0.8969374597034827,0.6872570240101484,0.9998962485192302,1
CLPX,0.5031463849171041,0.29224162219038363,0.9998962485192302,1
CLRN1,0.4019233026655947,0.23240571998464965,0.9998962485192302,1
CLSTN2,0.6974763675949971,0.7562513825708606,0.9998962485192302,1
CLTCL1,0.6210498183250199,0.8761258347990813,0.9998962485192302,1
CMPK2,0.2135680336099654,0.5590739244905424,0.9998962485192302,1
CMTM4,0.9935687065489802,0.7727966530802772,0.9998962485192302,1
CMTR2,0.6448215560360846,0.6792945255688569,0.9998962485192302,1
CNDP1,0.12992208924944953,0.1105999207321331,0.9998962485192302,1
CNEP1R1,0.6085209066977415,0.26229119551330154,0.9998962485192302,1
CNOT10,0.4258092105415067,0.3702578683896376,0.9998962485192302,1
CNOT11,0.927196500332068,0.7500750712488743,0.9998962485192302,1
CNOT2,0.9470873419376444,0.6284504763604184,0.9998962485192302,1
CNOT3,0.6135997633784265,0.9147223371957044,0.9998962485192302,1
CNOT8,0.49181140799455586,0.557251405770981,0.9998962485192302,1
CNP,0.4213972957163552,0.14507094380034213,0.9998962485192302,1
CNPY1,0.7880322001936946,0.9535207927734067,0.9998962485192302,1
CNPY4,0.956446346283296,0.8633205873286086,0.9998962485192302,1
CNTROB,0.4342103285456646,0.8040898930616727,0.9998962485192302,1
COBL,0.7608044253516915,0.7336836179655519,0.9998962485192302,1
COG3,0.745275818185533,0.7541897341061605,0.9998962485192302,1
COG4,0.8457198332262106,0.7235021248495122,0.9998962485192302,1
COLGALT2,0.685895019460262,0.8103909903241407,0.9998962485192302,1
COMMD8,0.7968296292267112,0.7624432937759998,0.9998962485192302,1
COPB1,0.22936190534820278,0.05827424333289588,0.9998962485192302,1
COPB2,0.8019695738944674,0.6972560075561471,0.9998962485192302,1
COPG2,0.33951102133885713,0.38938159547505247,0.9998962485192302,1
COPS4,0.9413234378494786,0.8633219605983329,0.9998962485192302,1
COPS6,0.45421881086066745,0.5356146058326628,0.9998962485192302,1
COPS7A,0.7216323441319655,0.8420616314151946,0.9998962485192302,1
COPZ2,0.47850829392078564,0.5481851264924016,0.9998962485192302,1
CORO1B,0.2887473616793885,0.3876178060923038,0.9998962485192302,1
COX10,0.14718312337351813,0.1503165267139707,0.9998962485192302,1
CPNE4,0.6107132276755339,0.4834340692931206,0.9998962485192302,1
CPT1A,0.5860488329424278,0.5214252002278079,0.9998962485192302,1
CRCP,0.524238155516777,0.5091756254280153,0.9998962485192302,1
CRCT1,0.5109420672118871,0.5737559490366068,0.9998962485192302,1
CREB3,0.9211277086703782,0.6575881373762474,0.9998962485192302,1
CREBRF,0.7764023615350111,0.7852724901775501,0.9998962485192302,1
CRKL,0.8022895531269485,0.6265269891412758,0.9998962485192302,1
CRLF1,0.1440459070272063,0.10069364223347667,0.9998962485192302,1
CRTC3,0.4804056572975487,0.35879253918759507,0.9998962485192302,1
CSAD,0.3622083626632092,0.276389655645944,0.9998962485192302,1
CSE1L,0.9342569211443426,0.8611808170673314,0.9998962485192302,1
CSMD1,0.876859467818026,0.7894410519034241,0.9998962485192302,1
CSNK1A1L,0.3012585304056559,0.34063592262877707,0.9998962485192302,1
CSNK1E,0.07263155910802553,0.05579940108929034,0.9998962485192302,1
CSNK2A2,0.6481863653747169,0.6055465503186013,0.9998962485192302,1
CSPG4,0.2455547547692719,0.15038331806524832,0.9998962485192302,1
CSRP2,0.3071427892514973,0.540984183036763,0.9998962485192302,1
CTCFL,0.2738361017963178,0.24317898243917643,0.9998962485192302,1
CTDP1,0.9477683701784401,0.7624429820417863,0.9998962485192302,1
CTDSP2,0.9716582334508488,0.9233296871264917,0.9998962485192302,1
CTDSPL,0.1816903556584288,0.36019274455383277,0.9998962485192302,1
CTNNBIP1,0.4878860888075569,0.6074357681493341,0.9998962485192302,1
CTNND1,0.6185366335264579,0.8357050348859169,0.9998962485192302,1
CUL2,0.3241585489581925,0.59799512751545425,0.9998962485192302,1
CUL4B,0.6855265224491989,0.49364427808863276,0.9998962485192302,1
CUL5,0.8999832712184177,0.8975383449653658,0.9998962485192302,1
CYTH2,0.6991012855256052,0.9729664743336259,0.9998962485192302,1
DAPK1,0.7926559059809243,0.7686495213720415,0.9998962485192302,1
DAZL,0.31646017207070365,0.38043105122710885,0.9998962485192302,1
DBP,0.46255877313201205,0.7748708719759431,0.9998962485192302,1
DCAF11,0.8912652300606962,0.6112371823898586,0.9998962485192302,1
DCAF12,0.1455944743904041,0.11367980043287489,0.9998962485192302,1
DCAF6,0.6362596363403749,0.8484274569326029,0.9998962485192302,1
DCAF8L1,0.3536492129941706,0.2775894047913404,0.9998962485192302,1
DCPS,0.32176463770796543,0.29723963883524024,0.9998962485192302,1
DCTN1,0.5455442431832672,0.5161574397088431,0.9998962485192302,1
DCTN1.AS1,0.9167624958493038,0.8420614732614945,0.9998962485192302,1
DCTN3,0.6603915949517611,0.5091740494248828,0.9998962485192302,1
DDB2,0.8136793847936334,0.512654129108036,0.9998962485192302,1
DDR1,0.5311365340381784,0.30228857507192974,0.9998962485192302,1
DDX10,0.9154888659510781,0.8420614205434889,0.9998962485192302,1
DDX18,0.4266029801350876,0.38480599414498234,0.9998962485192302,1
DDX19A,0.42250987369235626,0.35879367704012727,0.9998962485192302,1
DDX19B,0.9659496479675832,0.7873582757601714,0.9998962485192302,1
DDX23,0.4895398475468685,0.7500747443922783,0.9998962485192302,1
DDX24,0.8226490521608868,0.5979945083471943,0.9998962485192302,1
DDX25,0.3567058898475419,0.18993893891654876,0.9998962485192302,1
DDX28,0.2839315293382206,0.3061214544453344,0.9998962485192302,1
DDX42,0.5703097759770094,0.47166986340998207,0.9998962485192302,1
DDX43,0.9172087628389424,0.7790263065401981,0.9998962485192302,1
DDX47,0.9081989664178579,0.5005112058851037,0.9998962485192302,1
DDX49,0.7378990079821082,1,0.9998962485192302,1
DDX50,0.2516956530951914,0.8460827072627062,0.9998962485192302,1
DDX51,0.19572652179960998,0.26693596554980575,0.9998962485192302,1
DDX60,0.2883625775879443,0.2634451436424767,0.9998962485192302,1
DEDD2,0.9074631101468205,0.9945924202996562,0.9998962485192302,1
DENND1A,0.2647834184375373,0.41062870415102465,0.9998962485192302,1
DENND4C,0.9842898877881574,0.7915287854124771,0.9998962485192302,1
DENND5B,0.2369568043040248,0.32841653128425413,0.9998962485192302,1
DEPDC1,0.530496560006863,0.5942345137440315,0.9998962485192302,1
DERL2,0.8509724028394073,0.760377848612035,0.9998962485192302,1
DESI2,0.44368711948643064,0.28730149644406433,0.9998962485192302,1
DET1,0.6714732240890378,0.6615136370981816,0.9998962485192302,1
DGCR5,0.023507923709622944,0.03481597357176077,0.9998962485192302,1
DGKE,0.16320135008650272,0.10644232281075766,0.9998962485192302,1
DHRS1,0.34177297333853207,0.2611401068925091,0.9998962485192302,1
DHRS7B,0.6504753750131042,0.7541905387194565,0.9998962485192302,1
DHX16,0.3383925238292539,0.4389365168657789,0.9998962485192302,1
DHX29,0.26269957610621897,0.20990380416907808,0.9998962485192302,1
DHX32,0.7800752248591803,0.6556285383492613,0.9998962485192302,1
DHX40,0.1503998648911279,0.48174506420285,0.9998962485192302,1
DHX57,0.5203772484624185,0.7174152854364801,0.9998962485192302,1
DHX9,0.26423957153413946,0.36881623596554447,0.9998962485192302,1
DIABLO,0.3706473778149615,0.2599826886624528,0.9998962485192302,1
DIAPH1,0.5666040462253418,0.6036543897706502,0.9998962485192302,1
DIAPH2,0.26807162221494857,0.2897457085746129,0.9998962485192302,1
DKFZP434A062,0.5335113875902565,0.2681065486647941,0.9998962485192302,1
DLEC1,0.3010027051379971,0.1936310211549825,0.9998962485192302,1
DLG1.AS1,0.7049303963758764,0.7153897123754612,0.9998962485192302,1
DLGAP5,0.7270311966325195,0.6773100695797425,0.9998962485192302,1
DLX1,0.905699437394509,0.5793053008184119,0.9998962485192302,1
DNAJA3,0.4345581968284608,0.48174491596504754,0.9998962485192302,1
DNAJC11,0.8297196223597053,0.9427284267814466,0.9998962485192302,1
DNAJC12,0.7688402404069308,0.4868254187672173,0.9998962485192302,1
DNAJC15,0.3690317056076029,0.25317290176942087,0.9998962485192302,1
DNAJC5B,0.6044120145993477,0.3489422290531029,0.9998962485192302,1
DNAJC8,0.35813890399758924,0.5737553010486078,0.9998962485192302,1
DNAJC9,0.8110941828415995,0.7998992480664598,0.9998962485192302,1
DNM1P35,0.1005692435502661,0.05791617499226095,0.9998962485192302,1
DNM3,0.8737529487270146,0.7133620541388537,0.9998962485192302,1
DNMT3A,0.4592259246052265,0.2634459511292288,0.9998962485192302,1
DNPH1,0.37745178946426594,0.4600643878661146,0.9998962485192302,1
DOCK2,0.27537896784418253,0.39237609465114304,0.9998962485192302,1
DOCK3,0.0740406272555277,0.03061225383276868,0.9998962485192302,1
DPF3,0.5734286995661338,0.9341022750991088,0.9998962485192302,1
DRAM1,0.5928199763348222,0.5126601185725655,0.9998962485192302,1
DRG2,0.8652766692939248,0.4486194117311031,0.9998962485192302,1
DSCR4,0.6932092107352095,0.9881036180523949,0.9998962485192302,1
DXO,0.16340859301737454,0.17482927213121366,0.9998962485192302,1
DYRK1B,0.35286254140370754,0.38048503349126034,0.9998962485192302,1
E2F5,0.2332951248797322,0.36737342837773557,0.9998962485192302,1
ECHDC1,0.8755523882466894,0.9405712839533901,0.9998962485192302,1
EDC4,0.8270701829662019,0.43096505055286516,0.9998962485192302,1
EDDM3A,0.7886160111413759,0.8103906757626524,0.9998962485192302,1
EEF1A2,0.09637181205315291,0.11700933304776463,0.9998962485192302,1
EEF2K,0.20515631569663628,0.32134846253404586,0.9998962485192302,1
EFCAB14.AS1,0.34872790614174654,0.6361644743363426,0.9998962485192302,1
EGF,0.8710716346910251,0.9211769297792239,0.9998962485192302,1
EGLN2,0.3110597151460245,0.20598869909143225,0.9998962485192302,1
EHD1,0.16161297990689433,0.08789587439610308,0.9998962485192302,1
EHMT1.IT1,0.17931951090589568,0.45024497256254725,0.9998962485192302,1
EID1,0.12211186811570315,0.20212554694839702,0.9998962485192302,1
EID2,0.2350576462619505,0.237747582398313,0.9998962485192302,1
EIF1AD,0.28302446041845625,0.19265117445467633,0.9998962485192302,1
EIF2AK1,0.18753440994879245,0.12727747879786436,0.9998962485192302,1
EIF2AK2,0.3782285283278984,0.23991012412695015,0.9998962485192302,1
EIF2B2,0.6372509789851091,0.4953572786650851,0.9998962485192302,1
EIF2D,0.8528881487675266,0.972967159860908,0.9998962485192302,1
EIF2S3,0.8286839819071796,0.4783724248986012,0.9998962485192302,1
EIF3B,0.28338644968698595,0.1973612646979274,0.9998962485192302,1
EIF3C,0.20938671866701408,0.12525959615208412,0.9998962485192302,1
EIF3E,0.7141894552251012,0.6852568870572002,0.9998962485192302,1
EIF3F,0.8248943310851415,0.8975357944213999,0.9998962485192302,1
EIF3I,0.3392405192907292,0.3587798598660654,0.9998962485192302,1
EIF3IP1,0.9998962485192302,0.8230240946828742,0.9998962485192302,1
EIF3J.AS1,0.38891458030367215,0.12863546481320984,0.9998962485192302,1
EIF3L,0.7922354931444675,0.8846807726258222,0.9998962485192302,1
EIF3M,0.3218545594369503,0.5848457619783088,0.9998962485192302,1
EIF4A1,0.28506981736840886,0.47837346656880886,0.9998962485192302,1
EIF4A3,0.07715012078340835,0.2680767627130675,0.9998962485192302,1
EIF4E,0.5754977775693385,0.5109023094233878,0.9998962485192302,1
EIF4E3,0.5546120927815849,0.8911065051372915,0.9998962485192302,1
EIF4EBP3,0.8229923842572843,0.5196622979956474,0.9998962485192302,1
EIF4G1,0.950657902169088,0.927637290669886,0.9998962485192302,1
EIF4G2,0.10618978895741951,0.05935908796117775,0.9998962485192302,1
EIF4G3,0.4785753161791182,0.4534472546788007,0.9998962485192302,1
EIF5,0.517230457175376,0.5682240137424117,0.9998962485192302,1
EIF5A2,0.8674938443581575,0.9405711435056473,0.9998962485192302,1
ELAC1,0.4978114824721764,0.5554336549560888,0.9998962485192302,1
ELANE,0.6298450433732345,0.6733482053698367,0.9998962485192302,1
ELAVL2,0.048862485458407726,0.09412488375554975,0.9998962485192302,1
ELF2,0.9895448392018391,0.6517144709367675,0.9998962485192302,1
ELF5,0.862980270186213,0.9513614908192993,0.9998962485192302,1
ELMO3,0.7544364141342793,0.6556290831550116,0.9998962485192302,1
ELN,0.17857728270790998,0.40296545782509874,0.9998962485192302,1
ELOVL2,0.4082539984878237,0.3074035182385219,0.9998962485192302,1
ELOVL6,0.9001049152102841,0.8124928541158317,0.9998962485192302,1
EMBP1,0.25557351895785435,0.2240272197096422,0.9998962485192302,1
EMC6,0.29563988119738105,0.46006423610862546,0.9998962485192302,1
EMR1,0.6941048354005029,0.48852376493906663,0.9998962485192302,1
ENO1.AS1,0.5879882913758661,0.3616078685118154,0.9998962485192302,1
ENOSF1,0.04692633505389984,0.04920457304853795,0.9998962485192302,1
ENTHD1,0.19841469716015767,0.20990488343142807,0.9998962485192302,1
EOGT,0.5907521655689021,0.33926433375344517,0.9998962485192302,1
EPC2,0.1820939334205878,0.3048409822176292,0.9998962485192302,1
EPS15,0.1790169287307331,0.21688626590228738,0.9998962485192302,1
EPS15L1,0.8843475352470149,0.9902664971175474,0.9998962485192302,1
EPS8,0.318065610252209,0.23029197797907186,0.9998962485192302,1
ERBB3,0.7395949617379649,0.8889624694310375,0.9998962485192302,1
ERCC4,0.9556711794278303,0.837822930188387,0.9998962485192302,1
ERGIC2,0.7222909797558469,0.4199452082940664,0.9998962485192302,1
ERH,0.9316751645551722,0.8804018622136482,0.9998962485192302,1
ERP44,0.5366061882837424,0.9061245859007507,0.9998962485192302,1
ESYT2,0.8674035710943736,0.962160655453992,0.9998962485192302,1
ETFA,0.2697191227758053,0.4357393547139107,0.9998962485192302,1
EXD1,0.399392043546669,0.7255305599647422,0.9998962485192302,1
EXOC3L1,0.5540006872965453,0.7769490009311818,0.9998962485192302,1
EXOC8,0.8278883237553039,0.354545359654399,0.9998962485192302,1
EXOSC2,0.9587070886770558,0.7012725931033488,0.9998962485192302,1
EZH2,0.18904262465647423,0.15982939943980248,0.9998962485192302,1
FAF2,0.8138655113937361,0.4600645396234779,0.9998962485192302,1
FAH,0.16734627836924348,0.09201263768286536,0.9998962485192302,1
FAM104B,0.6108448583244155,0.4453801400472677,0.9998962485192302,1
FAM120AOS,0.15343776122151137,0.12930940289302167,0.9998962485192302,1
FAM120C,0.6829806612492192,0.6852631340138784,0.9998962485192302,1
FAM134B,0.7741176335849116,0.6912499256108374,0.9998962485192302,1
FAM135A,0.1423383976054629,0.0712069442220324,0.9998962485192302,1
FAM13C,0.6586900238562817,0.32976068392409874,0.9998962485192302,1
FAM168B,0.50045378093556,0.3461592250647694,0.9998962485192302,1
FAM169A,0.6162306343640209,0.3061186732436202,0.9998962485192302,1
FAM193B,0.6451610965784423,0.6074397778615774,0.9998962485192302,1
FAM205A,0.7539578751063023,0.7541915042449867,0.9998962485192302,1
FAM208B,0.5311023562731951,0.9989184698925337,0.9998962485192302,1
FAM35A,0.19736983106487416,0.16637227211471678,0.9998962485192302,1
FAM50A,0.7473198905309375,0.6093361381160152,0.9998962485192302,1
FAM65C,0.24780540326757444,0.1348679008647597,0.9998962485192302,1
FAM78A,0.9385001048936765,0.8188085534548863,0.9998962485192302,1
FAM78B,0.7845531644817784,0.9061249335621981,0.9998962485192302,1
FAXC,0.5898150429538112,0.8846789908581316,0.9998962485192302,1
FBRSL1,0.6527486679416765,0.584884626542908,0.9998962485192302,1
FBXL4,0.7726540713834492,0.7235015867371237,0.9998962485192302,1
FBXO15,0.25049644158091044,0.19456101144456464,0.9998962485192302,1
FBXO2,0.3221326805352099,0.24647853476896858,0.9998962485192302,1
FBXO3,0.7071871435828178,0.6753286831001934,0.9998962485192302,1
FBXO39,0.890280151001533,0.8633217317229199,0.9998962485192302,1
FBXO8,0.41171344669947985,0.5481833673066914,0.9998962485192302,1
FBXW10,0.47677664613958537,0.3191114343758813,0.9998962485192302,1
FBXW12,0.34092592866365795,0.0990184640245671,0.9998962485192302,1
FBXW4,0.9982188739993672,0.9729670410399154,0.9998962485192302,1
FCN1,0.9097195217091859,0.9104226819891114,0.9998962485192302,1
FDPSP2,0.4100179704964957,0.7686502055612571,0.9998962485192302,1
FES,0.34588928015372167,0.3297520139547927,0.9998962485192302,1
FGD4,0.7380256391996561,0.7769473850616021,0.9998962485192302,1
FGD5P1,0.27996513084426533,0.12129967829336927,0.9998962485192302,1
FGFR2,0.9387856222336609,0.6852631340138784,0.9998962485192302,1
FIRRE,0.07932480239681369,0.136307722229053,0.9998962485192302,1
FLII,0.6522048938203109,0.713360849385754,0.9998962485192302,1
FLJ10038,0.768807022092797,0.7998942794815809,0.9998962485192302,1
FLNB,0.2679558858573566,0.9902391698758851,0.9998962485192302,1
FLRT1,0.7466627502446762,0.5126539864990709,0.9998962485192302,1
FMNL2,0.15263217854363914,0.14207638426095534,0.9998962485192302,1
FNBP1L,0.5350088308206061,0.7093192738629654,0.9998962485192302,1
FNDC1,0.4868873955161203,0.14961223056037273,0.9998962485192302,1
FOXJ3,0.9859238843545839,0.7336847445026791,0.9998962485192302,1
FOXK1,0.5227428982740325,0.40909182112601894,0.9998962485192302,1
FOXL1,0.4988038676302231,0.2836335191593471,0.9998962485192302,1
FTLP10,0.7519436546898156,0.944820814889705,0.9998962485192302,1
FTSJ2,0.26550791565408327,0.06787424887397428,0.9998962485192302,1
FTX,0.965907094073678,0.914722682006109,0.9998962485192302,1
FUBP3,0.8763795483322167,0.9772910658428975,0.9998962485192302,1
FUCA1,0.14948506615569523,0.10527214161767204,0.9998962485192302,1
FUT1,0.15399845899195333,0.03872045484175824,0.9998962485192302,1
FXR2,0.92044405806638,0.8996833338147989,0.9998962485192302,1
FXYD6,0.9469164852690117,0.825132443137498,0.9998962485192302,1
FYCO1,0.25896383057377226,0.28604297110127025,0.9998962485192302,1
FYTTD1,0.20620839134920754,0.2775817661444995,0.9998962485192302,1
FZD1,0.20086664717946406,0.34894239207084443,0.9998962485192302,1
G6PC,0.4590188306782315,0.3953835488430877,0.9998962485192302,1
GABARAPL3,0.5851582574867578,0.4885264120695557,0.9998962485192302,1
GAL,0.9730104540765876,0.9535203530746684,0.9998962485192302,1
GANC,0.16852005053609925,0.2984827764081103,0.9998962485192302,1
GAPDHS,0.4617938708802488,0.5107339694224786,0.9998962485192302,1
GAR1,0.8683422631753265,0.6517174414465412,0.9998962485192302,1
GART,0.9595875686053398,0.9924294107704992,0.9998962485192302,1
GATAD2A,0.47275502706709216,0.42622388584035664,0.9998962485192302,1
GATC,0.5812379376823453,0.663480697095858,0.9998962485192302,1
GBA3,0.7118587809159209,0.9859409222435535,0.9998962485192302,1
GBGT1,0.48653976712164054,0.32707642418423755,0.9998962485192302,1
GCNT1,0.6204226473523338,0.4357388889765947,0.9998962485192302,1
GDNF,0.6921500286485557,0.5074317292100186,0.9998962485192302,1
GGA3,0.8781545481151671,0.8420611042343465,0.9998962485192302,1
GGACT,0.3222584856114147,0.5904863557681457,0.9998962485192302,1
GGPS1,0.8898195728038838,0.9967554231135296,0.9998962485192302,1
GHR,0.9102285097331454,0.9233294544458664,0.9998962485192302,1
GIF,0.7046424428026941,0.4851276238039701,0.9998962485192302,1
GIMAP1,0.09307637906962837,0.08942735742313217,0.9998962485192302,1
GJA1,0.9528858575279592,0.7398162057102988,0.9998962485192302,1
GLG1,0.08394128982937506,0.12526138468764833,0.9998962485192302,1
GLI1,0.9402521038568412,0.8633191224619451,0.9998962485192302,1
GLOD5,0.3837684838531397,0.2138746745224797,0.9998962485192302,1
GLT8D2,0.9899600005277915,0.88468135361917,0.9998962485192302,1
GLUD1P3,0.012681636782951488,0.037215980299206905,0.9998962485192302,1
GM140,0.38372301994247,0.42621668825570813,0.9998962485192302,1
GMIP,0.3181028162727225,0.2250652397153192,0.9998962485192302,1
GML,0.7814433219695778,0.6303739370196553,0.9998962485192302,1
GMPS,0.3576724972211619,0.2751989585812782,0.9998962485192302,1
GNA14,0.8692803798548525,0.6419773472386741,0.9998962485192302,1
GNAI3,0.7979863089408143,0.6772622711005254,0.9998962485192302,1
GNAL,0.31224786540618726,0.11681166135261319,0.9998962485192302,1
GNAS.AS1,0.7591137833761192,0.5266889376985426,0.9998962485192302,1
GNB1L,0.35732473402429576,0.20693170524266566,0.9998962485192302,1
GNB2L1,0.7147724773083606,0.5793068405013542,0.9998962485192302,1
GNB3,0.15978159258235364,0.1288158947314266,0.9998962485192302,1
GNL3,0.8766206961821316,0.8167021790161225,0.9998962485192302,1
GNPDA1,0.6393110993475748,0.47837346656880886,0.9998962485192302,1
GOLGA2P2Y,0.40238365372345253,0.2178973987840141,0.9998962485192302,1
GOLGA7B,0.25216797921776396,0.5867491222889731,0.9998962485192302,1
GOLPH3L,0.30209281841854374,0.681282331307584,0.9998962485192302,1
GOPC,0.13359052368501512,0.14136950935892098,0.9998962485192302,1
GORAB,0.30257034397799054,0.2599928439106629,0.9998962485192302,1
GOSR1,0.5779510705377646,0.5231908664026965,0.9998962485192302,1
GOSR2,0.8202113436942026,0.793623003059587,0.9998962485192302,1
GOT1,0.8583266577847357,0.9448859612847473,0.9998962485192302,1
GPATCH3,0.4708526467246714,0.1890242212994964,0.9998962485192302,1
GPBAR1,0.7461692539850892,0.8633215486217617,0.9998962485192302,1
GPBP1L1,0.06801779998540974,0.08443041096926014,0.9998962485192302,1
GPC1,0.37084619037459754,0.3953824299674768,0.9998962485192302,1
GPIHBP1,0.9596626726954554,0.9384142531586608,0.9998962485192302,1
GPN2,0.8434690755618007,0.8975381381715991,0.9998962485192302,1
GPR108,0.3529828470249514,0.9147223371957044,0.9998962485192302,1
GPR110,0.18792156413540093,0.1136819995280703,0.9998962485192302,1
GPS2,0.6952596755607753,0.81670230080833,0.9998962485192302,1
GPT,0.3117295577340231,0.3999169464751572,0.9998962485192302,1
GRB7,0.6691336709913576,0.6912388307724715,0.9998962485192302,1
GRK1,0.6710189677944381,0.9643215147369587,0.9998962485192302,1
GRK7,0.5720926076347654,0.5320488032963813,0.9998962485192302,1
GRTP1,0.6333131798726414,0.5590747220756251,0.9998962485192302,1
GSK3B,0.6552431815697664,0.7032830570659468,0.9998962485192302,1
GSPT2,0.8496450363086689,0.630373474347454,0.9998962485192302,1
GSTM1,0.6605092808597334,0.29975414342741175,0.9998962485192302,1
GTF2F2,0.1734235770042006,0.24208712423186743,0.9998962485192302,1
GTF3C1,0.36227340797561347,0.5719108436490845,0.9998962485192302,1
GTF3C2,0.5552081355792321,0.5961149021652967,0.9998962485192302,1
GTF3C2.AS1,0.9162916716147679,0.8569328564712517,0.9998962485192302,1
GTF3C4,0.3196349312761941,0.4936453011530321,0.9998962485192302,1
GTPBP10,0.3723829587165487,0.2531733833584477,0.9998962485192302,1
GTPBP3,0.6244894785995246,0.440542779574219,0.9998962485192302,1
GTPBP6,0.9779005823533572,0.6400397108658091,0.9998962485192302,1
GUCY1A2,0.3308018394688287,0.2108921408763283,0.9998962485192302,1
GYS2,0.20962910417988118,0.4246483634715369,0.9998962485192302,1
H2AFX,0.06330571683072314,0.0946585274446524,0.9998962485192302,1
H2AFY2,0.8361766466528388,0.6992607379031678,0.9998962485192302,1
H3F3C,0.5557124263718014,0.30865869866270823,0.9998962485192302,1
HADHB,0.6560092632953617,0.8463024529751348,0.9998962485192302,1
HARS2,0.8844536061584308,0.6713704058410755,0.9998962485192302,1
HBQ1,0.9964992856142451,0.8825413600915332,0.9998962485192302,1
HCN1,0.23874522450823252,0.1756550250329157,0.9998962485192302,1
HDAC10,0.06104043864546119,0.0236778418528238,0.9998962485192302,1
HDAC4,0.3524825980689501,0.34754805850310777,0.9998962485192302,1
HDAC6,0.9106915359139182,0.6458681670779998,0.9998962485192302,1
HDGFL1,0.8714953044112496,0.7174140961836039,0.9998962485192302,1
HDX,0.7686713186273263,0.611234168480188,0.9998962485192302,1
HEATR6,0.8703960140170122,0.8675863492422216,0.9998962485192302,1
HECTD1,0.2883616297194499,0.24647501923105247,0.9998962485192302,1
HECTD2,0.6710098174185405,0.6773102755617695,0.9998962485192302,1
HERC4,0.38256852673143493,0.3602135422029241,0.9998962485192302,1
HEXA.AS1,0.44734282292698624,0.2138734350835181,0.9998962485192302,1
HIATL1,0.32466370351925056,0.44376490324422563,0.9998962485192302,1
HIF3A,0.9861898079300977,0.9989184746481663,0.9998962485192302,1
HIPK1.AS1,0.4818516803836541,0.18902242596747296,0.9998962485192302,1
HK2,0.7513739837658839,0.663479308415972,0.9998962485192302,1
HLA.F,0.18908396170637468,0.8177875443858517,0.9998962485192302,1
HMG20B,0.9431052833909626,0.9254836108154327,0.9998962485192302,1
HMGN5,0.8187680885852118,0.5231898826863821,0.9998962485192302,1
HMGXB4,0.3063185913599941,0.17311333395658865,0.9998962485192302,1
HMHB1,0.7381010319940879,0.9535184842158042,0.9998962485192302,1
HNRNPA3,0.7599191613903754,0.43562676863755495,0.9998962485192302,1
HNRNPA3P1,0.9602761993218949,0.9816155660570334,0.9998962485192302,1
HNRNPC,0.6065085985665126,0.9967554340879468,0.9998962485192302,1
HNRNPCL1,0.5271779117918985,0.6892390397616953,0.9998962485192302,1
HNRNPDL,0.1585037487911875,0.29849078502942905,0.9998962485192302,1
HNRNPF,0.6728090652930926,0.616938410974236,0.9998962485192302,1
HNRNPH1,0.13352041187475663,0.10585417898899185,0.9998962485192302,1
HNRNPH2,0.6966569629545079,0.6575742575530071,0.9998962485192302,1
HNRNPK,0.22443020807867106,0.16225933587130512,0.9998962485192302,1
HNRNPKP3,0.3691499212791304,0.47832241748390125,0.9998962485192302,1
HNRNPLL,0.4790118193549361,0.44054076978561285,0.9998962485192302,1
HNRNPR,0.5350048753653207,0.8975370697171909,0.9998962485192302,1
HNRNPU,0.7084215429692716,0.4650124929183289,0.9998962485192302,1
HNRNPU.AS1,0.22511130301406923,0.11364950110971819,0.9998962485192302,1
HNRNPUL2,0.5050421763485804,0.3392461999664822,0.9998962485192302,1
HNRNPUL2.BSCL2,0.8265678867365418,0.9470442337628409,0.9998962485192302,1
HPCA,0.48559762495115516,0.6536678020484973,0.9998962485192302,1
HPS3,0.8180221560054608,0.36163969992575035,0.9998962485192302,1
HSP90AB1,0.9467892279786714,0.9794527414580793,0.9998962485192302,1
HSP90AB4P,0.5970230519690277,0.47834117192791237,0.9998962485192302,1
HSPA1A,0.6879205133065388,0.30612194524239544,0.9998962485192302,1
HSPA4L,0.02402198205906106,0.017882625578923273,0.9998962485192302,1
HSPA6,0.9112925365678491,0.8718524918286104,0.9998962485192302,1
HSPA9,0.17371248305788256,0.24642004336385215,0.9998962485192302,1
HSPB1,0.7508550229948647,0.7357252885919346,0.9998962485192302,1
HTATSF1P2,0.25275678882863645,0.8761269153808446,0.9998962485192302,1
IBA57,0.7923339692034344,0.555432986267437,0.9998962485192302,1
ICAM4,0.8724411806886897,0.9082726877589722,0.9998962485192302,1
IDH3G,0.015228083187134533,0.1259288814661957,0.9998962485192302,1
IDUA,0.8979002633584691,0.5645521804788239,0.9998962485192302,1
IFNB1,0.5257448726525041,0.9492027945328328,0.9998962485192302,1
IGBP1P1,0.35710586145204615,0.5848860234327483,0.9998962485192302,1
IKBIP,0.028718818732039783,0.13630666184004478,0.9998962485192302,1
IKBKE,0.487635374186776,0.9341020304757147,0.9998962485192302,1
IKZF2,0.5952985100381891,0.6912366512888347,0.9998962485192302,1
IL10RB,0.49653044379742167,0.383416572464635,0.9998962485192302,1
IL17A,0.9646377641710595,0.9492015590866945,0.9998962485192302,1
IL6ST,0.9331155679006427,0.9125720516840143,0.9998962485192302,1
ILF3,0.168593591096146,0.1421041696155401,0.9998962485192302,1
ILF3.AS1,0.6425532156938133,0.9297897832992509,0.9998962485192302,1
ILKAP,0.30574253029262616,0.6792963693933176,0.9998962485192302,1
IMP3,0.9672453874510945,0.7811082503432653,0.9998962485192302,1
IMPDH1,0.5561774571502349,0.2836344962981285,0.9998962485192302,1
INPP4B,0.17566432802115917,0.14507298411146075,0.9998962485192302,1
INPP5E,0.7621215311982998,0.38787769262046595,0.9998962485192302,1
INPPL1,0.12606496177875767,0.29849813966135685,0.9998962485192302,1
INS,0.6588404406978114,0.9556800078894736,0.9998962485192302,1
INTS12,0.5231186298199613,0.6595496597519641,0.9998962485192302,1
INTS4,0.9789894917658766,0.7852734112290061,0.9998962485192302,1
INTS6.AS1,0.4075204280024395,0.6753286831001934,0.9998962485192302,1
INTS9,0.798661688269427,0.6517171113936457,0.9998962485192302,1
IP6K2,0.7791171358664153,0.6674204834033973,0.9998962485192302,1
IPO5P1,0.558539036762606,0.5284953269089592,0.9998962485192302,1
IPO8,0.8106856202596932,0.5663925153257378,0.9998962485192302,1
IPO9,0.605752898574142,0.6595496597519641,0.9998962485192302,1
IPO9.AS1,0.6455914715920932,0.7852734112290061,0.9998962485192302,1
IQSEC2,0.6004289984131379,0.8911047847822017,0.9998962485192302,1
IRAK1BP1,0.8034631520116609,0.6852631340138784,0.9998962485192302,1
IREB2,0.6033949470766212,0.62844931469824,0.9998962485192302,1
IRF1,0.5752760947821314,0.37462214937001626,0.9998962485192302,1
IRF2BP1,0.14004134158274562,0.18811439817071426,0.9998962485192302,1
IRF2BPL,0.9324816747830311,0.9600000623940016,0.9998962485192302,1
ISX,0.4936409203533455,0.929791488761046,0.9998962485192302,1
ITGA5,0.6804616808119992,0.46335307336412335,0.9998962485192302,1
ITGA6,0.8398679600495087,0.6226890241732533,0.9998962485192302,1
ITGAM,0.3467387106079002,0.8825327215782853,0.9998962485192302,1
ITGB2.AS1,0.4619423872913371,0.968615212763311,0.9998962485192302,1
ITM2C,0.9575147743282686,0.6092983706885862,0.9998962485192302,1
IVD,0.6591854458909434,0.764509429970061,0.9998962485192302,1
IYD,0.08054978132590013,0.07292351407513656,0.9998962485192302,1
JAK2,0.14786523385988043,0.053739609033751745,0.9998962485192302,1
KANTR,0.3400257927240122,0.7336851777823853,0.9998962485192302,1
KAT2A,0.6650301598197339,0.4486157286129943,0.9998962485192302,1
KAT6A,0.5736738851239501,0.6055458184707592,0.9998962485192302,1
KBTBD3,0.8916703281124667,0.6792961645255015,0.9998962485192302,1
KCNA1,0.15035152470000032,0.5214280179076805,0.9998962485192302,1
KCTD19,0.9947864673235864,0.9384144194733489,0.9998962485192302,1
KCTD20,0.3964003685471006,0.4029665714954388,0.9998962485192302,1
KCTD21,0.8191737589084889,0.6536704298831091,0.9998962485192302,1
KDM1B,0.8879244472061479,0.5904871096850168,0.9998962485192302,1
KDM2B,0.4319327491324891,0.1964093338638977,0.9998962485192302,1
KDM3A,0.2147498491262431,0.306121290846098,0.9998962485192302,1
KDM4A,0.2178313940015132,0.04827332859314818,0.9998962485192302,1
KDM4D,0.2101961070659051,0.3630682488808549,0.9998962485192302,1
KDM5B,0.8004193614946287,0.7852729861298064,0.9998962485192302,1
KHDRBS2,0.31241784744449186,0.31648112428527014,0.9998962485192302,1
KHSRP,0.3034782548095696,0.5867491222889731,0.9998962485192302,1
KIAA0020,0.9163845651040339,0.9708053635720084,0.9998962485192302,1
KIAA0101,0.16451492358617742,0.24207772732908206,0.9998962485192302,1
KIAA0195,0.33554528129204964,0.4584172633486168,0.9998962485192302,1
KIAA0196,0.31073234438845987,0.7459662959845035,0.9998962485192302,1
KIAA0226,0.43626600489801387,0.17569418162594794,0.9998962485192302,1
KIAA0226L,0.2506672139617344,0.45677693623157833,0.9998962485192302,1
KIAA0319,0.49858593869711787,0.9276372418523033,0.9998962485192302,1
KIAA0355,0.24045801912164444,0.398404736721654,0.9998962485192302,1
KIAA0391,0.05783987769604073,0.10296242015677838,0.9998962485192302,1
KIAA0513,0.6646858394427377,0.46501611667389353,0.9998962485192302,1
KIAA0930,0.7891138368965506,0.7624429820417863,0.9998962485192302,1
KIAA1024,0.6149278099283451,0.4902285425312194,0.9998962485192302,1
KIAA1210,0.7616165209757432,0.3804864835728183,0.9998962485192302,1
KIAA1430,0.3670164588793424,0.2997592109748648,0.9998962485192302,1
KIF5C,0.9313942814374682,0.5284967214992233,0.9998962485192302,1
KLC2,0.15986282063230242,0.0682828930753376,0.9998962485192302,1
KLF14,0.4797251201115876,0.331080093707344,0.9998962485192302,1
KLF3.AS1,0.23818356770558316,0.1300044251637934,0.9998962485192302,1
KLHDC2,0.5785099470157775,0.19737369348428027,0.9998962485192302,1
KLHDC4,0.8036500159078335,0.7998999767611266,0.9998962485192302,1
KLHL13,0.6061555891514608,0.7873588373291048,0.9998962485192302,1
KMT2E.AS1,0.9384407137236994,0.9902664181059279,0.9998962485192302,1
KPNA2,0.14683093978004128,0.1827132897343409,0.9998962485192302,1
KPNA5,0.676599328518382,0.9254833092427717,0.9998962485192302,1
KPNA7,0.8316057826279732,0.921177354967587,0.9998962485192302,1
KPRP,0.32034687855683414,0.2565570877937466,0.9998962485192302,1
KRBA1,0.7375413438909968,0.8040924248173882,0.9998962485192302,1
KTN1.AS1,0.9452964691477229,0.929791607191278,0.9998962485192302,1
KY,0.31347978048191627,0.5554335212185985,0.9998962485192302,1
L3MBTL3,0.6037002316091006,0.33110659160491296,0.9998962485192302,1
LAMP2,0.4904198672333425,0.579304146045162,0.9998962485192302,1
LARGE,0.40599536725081004,0.8653343054192273,0.9998962485192302,1
LARP1B,0.10879928072891604,0.4650100770409802,0.9998962485192302,1
LARP6,0.4082144751723918,0.5338291649488767,0.9998962485192302,1
LARS,0.4784237852568883,0.5284972793318916,0.9998962485192302,1
LARS2,0.5909024759965387,0.4919345990117195,0.9998962485192302,1
LASP1,0.05470071815957198,0.009290222810246399,0.9998962485192302,1
LAT,0.4710172867223097,0.4783600731966143,0.9998962485192302,1
LBX1,0.44579093502976824,0.7957130729101306,0.9998962485192302,1
LCP2,0.11967634214878456,0.4170748576099062,0.9998962485192302,1
LCT,0.9309592972157159,0.8953914556084119,0.9998962485192302,1
LDHAL6A,0.37822053140157086,0.4152709040988054,0.9998962485192302,1
LETM2,0.7422644826794103,0.33653098884711813,0.9998962485192302,1
LGALS8.AS1,0.756926692180373,0.7748702051231922,0.9998962485192302,1
LIME1,0.30950705102771864,0.23450865934908352,0.9998962485192302,1
LINC00658,0.4081936545021236,0.3351579543185734,0.9998962485192302,1
LMAN2L,0.05743863039807304,0.11617926555063585,0.9998962485192302,1
LRAT,0.6903443062930905,0.5886166207941416,0.9998962485192302,1
LRP1,0.2778022838073808,0.35737588171426315,0.9998962485192302,1
LRPPRC,0.3543849714128484,0.20212661517572814,0.9998962485192302,1
LRR1,0.9009590846873285,0.5126595481567986,0.9998962485192302,1
LRRC42,0.14213450486074714,0.11061909537832469,0.9998962485192302,1
LRRC48,0.7297294706926646,0.8230250365873425,0.9998962485192302,1
LRRFIP2,0.5532521767046763,0.4121560670839198,0.9998962485192302,1
LSM14B,0.848311018448733,0.9341011853921188,0.9998962485192302,1
LSM2,0.7775212997950921,0.9902664839490778,0.9998962485192302,1
LUC7L,0.6386121678516785,0.5338305485723026,0.9998962485192302,1
MAATS1,0.5560538303910061,0.49364018576971525,0.9998962485192302,1
MAEA,0.14461291799111453,0.5774544695844037,0.9998962485192302,1
MAFA,0.7338296375323791,0.9837782598869586,0.9998962485192302,1
MAMDC2,0.9846131128480302,0.9492026229484818,0.9998962485192302,1
MAML2,0.3220150396758735,0.2292403261229431,0.9998962485192302,1
MAN1B1.AS1,0.30541649765795537,0.34615857254933885,0.9998962485192302,1
MAN2A2,0.9376943528249588,0.9600002786871836,0.9998962485192302,1
MAN2B1,0.48667052150482254,0.18720125338865923,0.9998962485192302,1
MAN2B2,0.6647212546034719,0.5249500391230877,0.9998962485192302,1
MAN2C1,0.5207059309436985,0.6832725443449954,0.9998962485192302,1
MAP2K2,0.9449601979973632,0.9600003327599309,0.9998962485192302,1
MAP2K4,0.4716866215865775,0.26693612733070926,0.9998962485192302,1
MAP3K14.AS1,0.8799947815048832,0.7978062351551082,0.9998962485192302,1
MAP3K3,0.8299369814482036,0.6792949353103706,0.9998962485192302,1
MAP3K5,0.7283411701599785,0.7133665023265117,0.9998962485192302,1
MAP3K7CL,0.9919581317518298,0.919025160717515,0.9998962485192302,1
MAP4K1,0.2939436684024794,0.45513900637702237,0.9998962485192302,1
MAP4K5,0.8296296613275068,0.880401219828738,0.9998962485192302,1
MAP7D2,0.22848719447628668,0.483434809037058,0.9998962485192302,1
MAPK10,0.1492382168173113,0.1526984389117753,0.9998962485192302,1
MAPK15,0.06462754327527961,0.02253139757656829,0.9998962485192302,1
MAPK3,0.5005521758296754,0.7707227997931161,0.9998962485192302,1
MAPKAP1,0.4217265881161284,0.2704568126617719,0.9998962485192302,1
MAPKAPK2,0.4331329935417536,0.45024389997712266,0.9998962485192302,1
MAPKAPK3,0.5219845442572341,0.24869537830863575,0.9998962485192302,1
MAPKAPK5.AS1,0.5316511394497859,0.5039696698450224,0.9998962485192302,1
MAPRE2,0.7743439128501796,0.5356133639107806,0.9998962485192302,1
MARCH7,0.2963073989328021,0.10069237548206574,0.9998962485192302,1
MARCH8,0.9145973846588389,0.812492791873794,0.9998962485192302,1
MARK2P9,0.37276392784977375,0.3999222067893126,0.9998962485192302,1
MARK4,0.5061384653482859,0.4551382438520256,0.9998962485192302,1
MARS2,0.9510328095907638,0.9578402073102061,0.9998962485192302,1
MAST4,0.4403998138330436,0.4437636700349849,0.9998962485192302,1
MATK,0.8884809071838045,0.5774545983228057,0.9998962485192302,1
MAU2,0.4577871686323124,0.2611228477264077,0.9998962485192302,1
MAVS,0.7438311659860828,0.4060201515909151,0.9998962485192302,1
MAX,0.8542275364869574,0.6892523902101995,0.9998962485192302,1
MB,0.5044349483880283,0.6112363385021938,0.9998962485192302,1
MBD2,0.24045966526617796,0.23560168898726516,0.9998962485192302,1
MBD3,0.7733052725550611,0.6615142812552732,0.9998962485192302,1
MBNL1.AS1,0.43982516020353896,0.46168540860732016,0.9998962485192302,1
MBTPS2,0.2645445648850483,0.2199252926147211,0.9998962485192302,1
MCCD1,0.9187811581832761,0.9319467426680985,0.9998962485192302,1
MCHR1,0.6898282641401748,0.5961149021652967,0.9998962485192302,1
MCM3AP.AS1,0.42574417128705844,0.6303731273421658,0.9998962485192302,1
MCMDC2,0.5207620807693598,0.34339056212192737,0.9998962485192302,1
MCTP1,0.3530871095041906,0.12863636970096162,0.9998962485192302,1
MDH1B,0.4571441734104158,0.15584155380730197,0.9998962485192302,1
MDK,0.9268702658123653,0.5463790335447081,0.9998962485192302,1
ME3,0.7648851609548907,0.45513992140286136,0.9998962485192302,1
MECOM,0.36437510574486476,0.28241821027341174,0.9998962485192302,1
MECR,0.7803511505103342,0.5267255742307284,0.9998962485192302,1
MED25,0.8315594869355085,0.8188089750041755,0.9998962485192302,1
MED30,0.11854834409130711,0.13845950402078844,0.9998962485192302,1
MED4.AS1,0.8461410176484118,0.758313479523218,0.9998962485192302,1
MESP1,0.8953008621950005,0.7852734112290061,0.9998962485192302,1
METAP1D,0.18769634826458884,0.5144071619030339,0.9998962485192302,1
METRN,0.2128147492486642,0.15822470256696908,0.9998962485192302,1
MFGE8,0.6554134644164874,0.3230790722721478,0.9998962485192302,1
MFNG,0.19089567840649418,0.14358377481647544,0.9998962485192302,1
MFRP,0.8130892014797849,0.5179110851352399,0.9998962485192302,1
MGAT2,0.6597843112584674,0.8975376556479407,0.9998962485192302,1
MIAT,0.3929784558012859,0.2442736641801728,0.9998962485192302,1
MIEF2,0.0634766816576376,0.046755838635198284,0.9998962485192302,1
MIER2,0.690793623894169,0.7957140864249113,0.9998962485192302,1
MKL2,0.7167627741714556,0.6458670512211768,0.9998962485192302,1
MKRN2,0.3918896805736202,0.8846806176927797,0.9998962485192302,1
MKRN2OS,0.3757373097561041,0.33926498719672427,0.9998962485192302,1
MLF1,0.5992496400379864,0.35314256433656954,0.9998962485192302,1
MLH1,0.5897314378401342,0.7521314368676657,0.9998962485192302,1
MLLT10P1,0.8447872146575904,0.9924294568612172,0.9998962485192302,1
MLXIP,0.8513325163166066,0.6773107905151137,0.9998962485192302,1
MLXIPL,0.29897435857328963,0.6852626302408212,0.9998962485192302,1
MOB3B,0.9029421304612549,0.9427275952185628,0.9998962485192302,1
MON2,0.7796982717926999,0.8675860829972537,0.9998962485192302,1
MORC1,0.9156811914057191,0.8846813148865533,0.9998962485192302,1
MORC4,0.3402012151964498,0.6615142812552732,0.9998962485192302,1
MORF4L2.AS1,0.6135648621363335,0.7500755615313648,0.9998962485192302,1
MPHOSPH9,0.5218031959858391,0.43414474809036874,0.9998962485192302,1
MRAP,0.5186203210467126,0.446997644584965,0.9998962485192302,1
MRFAP1L1,0.904977128251971,0.9837782434287076,0.9998962485192302,1
MRPL30,0.925680222038135,0.9621608600810595,0.9998962485192302,1
MRPS17,0.11785162608502689,0.0864003248706589,0.9998962485192302,1
MRPS28,0.4198487417442394,0.4121744096942852,0.9998962485192302,1
MRPS6,0.460238937930351,0.6093377115219274,0.9998962485192302,1
MSL2,0.799378121920243,0.6575866193526372,0.9998962485192302,1
MSL3,0.49811066183177655,0.8378234170231728,0.9998962485192302,1
MSR1,0.06491987456457265,0.06068854317929602,0.9998962485192302,1
MTA3,0.9026409515190701,0.9039770558237353,0.9998962485192302,1
MTCH2,0.4869856698053844,0.5848856424641844,0.9998962485192302,1
MTERF,0.4466297522175576,0.6497631018722342,0.9998962485192302,1
MTFMT,0.9379974703492167,0.9190252153068416,0.9998962485192302,1
MTMR2,0.5373990574058236,0.7978048301004174,0.9998962485192302,1
MTMR4,0.3825211863154021,0.7275682453726466,0.9998962485192302,1
MTMR6,0.9045395613630858,0.962160936815354,0.9998962485192302,1
MTOR.AS1,0.6004216490793587,0.5373989082959499,0.9998962485192302,1
MX1,0.7648419951478153,0.5942315197353805,0.9998962485192302,1
MYL1,0.18921607283473302,0.36266388639826236,0.9998962485192302,1
MYL12B,0.38503404896234755,0.39687332301859,0.9998962485192302,1
MYL2,0.5817450802462147,0.48852067656882603,0.9998962485192302,1
MYL6B,0.5481582526424336,0.5338172652826061,0.9998962485192302,1
MYO1G,0.386130251671311,0.4633380984961013,0.9998962485192302,1
MYO1H,0.16326457060093363,0.1844906923184443,0.9998962485192302,1
MYOC,0.4130006428035421,0.5373788145351807,0.9998962485192302,1
N4BP2,0.8465910737741831,0.9924294389371492,0.9998962485192302,1
N4BP2L2.IT2,0.8396015483013634,0.6932492239422452,0.9998962485192302,1
NAA60,0.850853139838703,0.5774552420130583,0.9998962485192302,1
NAAA,0.4119811417115281,0.2947350844875631,0.9998962485192302,1
NACA2,0.318060131467274,0.5589564996125432,0.9998962485192302,1
NAP1L2,0.782897272721002,0.7295957740863406,0.9998962485192302,1
NAP1L5,0.760205007470499,0.6439222748997017,0.9998962485192302,1
NAPA.AS1,0.3338519643845885,0.7727965783430769,0.9998962485192302,1
NARS2,0.3836990856133507,0.25204801371569835,0.9998962485192302,1
NAT14,0.05373750588827538,0.07966233697771796,0.9998962485192302,1
NBR2,0.1738003537930525,0.34615808316154195,0.9998962485192302,1
NCBP2.AS2,0.07985007613670175,0.1219566941466362,0.9998962485192302,1
NCKAP5,0.08153874811261022,0.06868906291264233,0.9998962485192302,1
NCLN,0.737331176006023,0.8145846278848035,0.9998962485192302,1
NCOA4,0.55734737347384955,0.9816157277058496,0.9998962485192302,1
NCOR1P1,0.7176621160638446,0.6303743996901234,0.9998962485192302,1
NDC1,0.6926980767579968,0.6517146909771299,0.9998962485192302,1
NDFIP2,0.9637818216324554,0.7052962657399802,0.9998962485192302,1
NDRG2,0.9046317207937548,0.6674216465106537,0.9998962485192302,1
NDRG4,0.5946105731018853,0.46667532767841513,0.9998962485192302,1
NDST3,0.2131569555611538,0.12130345565008044,0.9998962485192302,1
NDUFA11,0.6919834436788809,0.5091751956104704,0.9998962485192302,1
NDUFAB1,0.42800313800698436,0.2824186986545343,0.9998962485192302,1
NDUFS2,0.7092547612586599,0.7459668767058851,0.9998962485192302,1
NDUFS3,0.4164767238346624,0.37901381365656706,0.9998962485192302,1
NEDD1,0.2515145207716394,0.4469974908905773,0.9998962485192302,1
NEK8,0.97989782356517,0.9319467885928069,0.9998962485192302,1
NELFA,0.8602094562029743,0.729603858983723,0.9998962485192302,1
NELFCD,0.2679928087625597,0.4152734284322823,0.9998962485192302,1
NELFE,0.3433670067949451,0.3151762967885084,0.9998962485192302,1
NELL1,0.8201497482445477,0.8145973124597983,0.9998962485192302,1
NENF,0.16352569167923922,0.32574069049833443,0.9998962485192302,1
NFE2L2,0.1200946828942815,0.4121748840499189,0.9998962485192302,1
NFKB2,0.9554393281615114,0.9319465360057602,0.9998962485192302,1
NFXL1,0.6955955448700141,0.5904878635977411,0.9998962485192302,1
NFYC.AS1,0.8401670084629689,0.9600003733143475,0.9998962485192302,1
NHS,0.13020021902392584,0.08491976493593124,0.9998962485192302,1
NINJ1,0.7882620783712455,0.8441797170207669,0.9998962485192302,1
NIT1,0.9527851007905704,0.8505517186835927,0.9998962485192302,1
NMT2,0.874378617361118,0.9967554351853823,0.9998962485192302,1
NNT.AS1,0.04785594081998687,0.0642782207451712,0.9998962485192302,1
NOM1,0.9274958829237336,0.8145971277516552,0.9998962485192302,1
NOP10,0.39135254242263556,0.7790191715956954,0.9998962485192302,1
NOP14.AS1,0.47841118431142116,0.7336849178148153,0.9998962485192302,1
NOS1,0.2268432560625257,0.11001625787270679,0.9998962485192302,1
NPFF,0.937914091551349,0.6439223870037154,0.9998962485192302,1
NPM1,0.6610784223227201,0.8718538668888929,0.9998962485192302,1
NRBP2,0.8323100203445627,0.8889631037776209,0.9998962485192302,1
NRDE2,0.2595853553417156,0.19643037317962064,0.9998962485192302,1
NSMAF,0.9324601195915501,0.9448860357334454,0.9998962485192302,1
NSMCE1,0.5050190665137055,0.22403348724952427,0.9998962485192302,1
NT5C3A,0.855313994297589,0.8019948338252757,0.9998962485192302,1
NUBP1,0.9265932137534544,0.82724675931759994,0.9998962485192302,1
NUCB1.AS1,0.1111320112109015,0.06350030146249548,0.9998962485192302,1
NUDT1,0.6067170161123508,0.22506743567148899,0.9998962485192302,1
NUDT22,0.8378833501890149,0.9816156468819744,0.9998962485192302,1
NUDT6,0.7323607073380534,0.8061907678439945,0.9998962485192302,1
NUGGC,0.4771462359786903,0.9018289151299997,0.9998962485192302,1
NUMB,0.9075938148908864,0.8739855868292958,0.9998962485192302,1
NUP153,0.1884224661969699,0.47669355753071535,0.9998962485192302,1
NUP155,0.3536627437328341,0.7073106832611487,0.9998962485192302,1
NUP188,0.584669272664485,0.3999239601974661,0.9998962485192302,1
NUP205,0.36349012059586233,0.5391903325264129,0.9998962485192302,1
NUP210,0.9678013499064624,0.7978053653628003,0.9998962485192302,1
NUP210L,0.9450469660627665,0.8975357599532852,0.9998962485192302,1
NUP35,0.6688899727207248,0.7769489274833261,0.9998962485192302,1
NUP50.AS1,0.9423785907172673,0.9924294312553666,0.9998962485192302,1
NUP62CL,0.5954701471864965,0.4152724818109687,0.9998962485192302,1
NUP98,0.9911620549171879,0.9643216232754505,0.9998962485192302,1
NUPL1,0.9896115622941921,0.9492025543142545,0.9998962485192302,1
NXF2,0.17136536057925233,0.37461843345142376,0.9998962485192302,1
OAZ2,0.4369488342076578,0.46497912075894987,0.9998962485192302,1
OCIAD2,0.8550185444261192,0.8761264582150882,0.9998962485192302,1
ODF2L,0.32315563699706673,0.2040523087063164,0.9998962485192302,1
OGDHL,0.3109261030955041,0.1370203239991162,0.9998962485192302,1
OPA1.AS1,0.20925480639641064,0.21287641299945123,0.9998962485192302,1
OSBP,0.5808861992661357,0.6342196058262032,0.9998962485192302,1
OSBP2,0.8917398181389166,0.8846813148865533,0.9998962485192302,1
OSBPL3,0.2336171555890638,0.16803651019601934,0.9998962485192302,1
OSCAR,0.3520310182095106,0.6246063823511734,0.9998962485192302,1
OTUB2,0.5426463967558642,0.4309669209754242,0.9998962485192302,1
OTUD5,0.8907141697302587,0.8463053279637636,0.9998962485192302,1
OTUD6A,0.3608981075103077,0.3138725705382525,0.9998962485192302,1
OXCT1,0.38058556159445855,0.1590253783242997,0.9998962485192302,1
OXT,0.6919630108667536,0.6419793744186713,0.9998962485192302,1
P4HTM,0.8795736320885736,0.7707160907191607,0.9998962485192302,1
PABPC1L,0.05794198115601826,0.23992532073616324,0.9998962485192302,1
PABPC4L,0.3049071729079693,0.2292365460886267,0.9998962485192302,1
PAFAH1B1,0.6183621259425152,0.3475487108026685,0.9998962485192302,1
PAFAH1B2,0.6566887211655745,0.7012704770841562,0.9998962485192302,1
PAIP2B,0.7516804795467124,0.4600649948948115,0.9998962485192302,1
PAK3,0.7892700161519344,0.5627232535253239,0.9998962485192302,1
PAN3.AS1,0.9098666596815295,0.9600003868324589,0.9998962485192302,1
PAPD5,0.7877587988649589,0.6017650088815587,0.9998962485192302,1
PAPOLB,0.344884308313776,0.28975631304430954,0.9998962485192302,1
PARL,0.8438044586930429,0.5627261600670976,0.9998962485192302,1
PARP1,0.2687478984717574,0.06311551561468684,0.9998962485192302,1
PARP8,0.7660338022564669,0.45187110705507944,0.9998962485192302,1
PASD1,0.6267040429282777,0.40448344787608154,0.9998962485192302,1
PATL2,0.7509185080749596,0.8633215486217617,0.9998962485192302,1
PBX1,0.3664048076054997,0.25770318298270123,0.9998962485192302,1
PBX3,0.10806837954797366,0.11306174671891683,0.9998962485192302,1
PCBP1.AS1,0.9571885324037482,0.8061797160841949,0.9998962485192302,1
PCBP2.OT1,0.9703306598177819,0.9945920800680337,0.9998962485192302,1
PCGEM1,0.3576001828313964,0.60933541192228,0.9998962485192302,1
PCGF6,0.4991973850520014,0.20308764821491204,0.9998962485192302,1
PCK1,0.3059867163663589,0.6693942511107269,0.9998962485192302,1
PCNA,0.9506475950568085,0.9816157152714766,0.9998962485192302,1
PCNT,0.6277379878852494,0.5756029661760144,0.9998962485192302,1
PDC,0.53794643016315,0.9772910965587612,0.9998962485192302,1
PDCD1LG2,0.08654989653988551,0.11183758188685682,0.9998962485192302,1
PDCD2L,0.9985595204117946,0.8019952273127402,0.9998962485192302,1
PDCD4.AS1,0.8947214286430766,0.6556291921158519,0.9998962485192302,1
PDCD6IP,0.48246217606538466,0.551803545111167,0.9998962485192302,1
PDCD6IPP2,0.27208973420017746,0.6074383197985667,0.9998962485192302,1
PDHA2,0.8395029959560433,0.697256786261425,0.9998962485192302,1
PDHX,0.509699004303232,0.25430111816179457,0.9998962485192302,1
PDIA3P1,0.308510528895604,0.2848523664127407,0.9998962485192302,1
PDIK1L,0.9878084934334024,0.799899579292295,0.9998962485192302,1
PDPN,0.2576133780260716,0.36450129795170155,0.9998962485192302,1
PDS5B,0.71705146211036,0.4851279191169284,0.9998962485192302,1
PEG10,0.8277521186786103,0.9578401788165305,0.9998962485192302,1
PEX2,0.7302735247655483,0.509172473406714,0.9998962485192302,1
PEX26,0.335721863032141,0.30229397151767257,0.9998962485192302,1
PEX3,0.6659012171109279,0.748020489886064,0.9998962485192302,1
PFDN6,0.406389402046744,0.3351563195245725,0.9998962485192302,1
PFKM,0.4384942854283911,0.6093363801796965,0.9998962485192302,1
PFN1P2,0.9906041059617523,0.9967551520100754,0.9998962485192302,1
PGK2,0.8035687144784521,0.7480108558551074,0.9998962485192302,1
PHF13,0.7362399269683658,0.5774543408458848,0.9998962485192302,1
PHF20,0.9795262979642159,0.7915327808655634,0.9998962485192302,1
PHF21A,0.3729078956428193,0.532049219487772,0.9998962485192302,1
PHF21B,0.38434889622745194,0.681282331307584,0.9998962485192302,1
PHGDH,0.7410159993384561,0.6674210120900244,0.9998962485192302,1
PHKA2.AS1,0.25439504598553936,0.14137072065122977,0.9998962485192302,1
PHKG1,0.79878730187911,0.5536168075967627,0.9998962485192302,1
PI4KAP1,0.426554421406542,0.8145953422111473,0.9998962485192302,1
PIANP,0.08817802568726668,0.06828102559966497,0.9998962485192302,1
PIGT,0.9311261234484352,0.7915328497506715,0.9998962485192302,1
PIGU,0.7707800775849027,0.6753285795564283,0.9998962485192302,1
PIK3CG,0.24549050517237303,0.1622465516571001,0.9998962485192302,1
PIK3R6,0.2484445287529416,0.15662354472422985,0.9998962485192302,1
PILRA,0.639894294753922,0.6952529233515249,0.9998962485192302,1
PIP4K2C,0.08779107111712642,0.06746548796049434,0.9998962485192302,1
PIP5K1B,0.6873236557459271,0.8782636325273582,0.9998962485192302,1
PITPNA,0.26259164245097666,0.11617963582941344,0.9998962485192302,1
PITPNA.AS1,0.6633663587892918,0.6575882458057342,0.9998962485192302,1
PITPNC1,0.19363736900630468,0.4044929844386467,0.9998962485192302,1
PITRM1.AS1,0.9466525744357028,0.8463047632465863,0.9998962485192302,1
PKMYT1,0.10780773137919096,0.3731329435266408,0.9998962485192302,1
PKN2,0.06851600804371624,0.5481820140730207,0.9998962485192302,1
PLEKHA3,0.19088264425259674,0.19085571217917632,0.9998962485192302,1
PLEKHD1,0.4285784140401067,0.5463803906559745,0.9998962485192302,1
PLEKHM3,0.2706779233598201,0.23774805852512224,0.9998962485192302,1
PLS1,0.09678118060397954,0.0764570426093567,0.9998962485192302,1
PMS1,0.38346813693127085,0.0678733183601069,0.9998962485192302,1
PNKD,0.19025089362510528,0.4987876953210967,0.9998962485192302,1
POC1A,0.9284258084739866,0.8251354690900317,0.9998962485192302,1
POGLUT1,0.8376372706091828,0.3864034432937481,0.9998962485192302,1
POLA1,0.9067638519973563,0.878263755092997,0.9998962485192302,1
POLDIP3,0.9377199232591586,0.6634810175580098,0.9998962485192302,1
POLE,0.581636367627436,0.28853031449936195,0.9998962485192302,1
POLE4,0.34761624696481186,0.40449091822128247,0.9998962485192302,1
POLG2,0.33499168368868454,0.38938319931009013,0.9998962485192302,1
POLR1E,0.5671371752181024,0.31387240685810863,0.9998962485192302,1
POLR2B,0.14867419149489605,0.3217499146444402,0.9998962485192302,1
POLR2C,0.9835968482599511,0.8103908015874356,0.9998962485192302,1
POLR2D,0.12999780586624426,0.05442452167676985,0.9998962485192302,1
POLR2F,0.9491959029834203,0.9600003733143475,0.9998962485192302,1
POLR2H,0.9413076906226374,0.9427284074431863,0.9998962485192302,1
POLR3D,0.9186540332655433,0.8739902785319651,0.9998962485192302,1
PPDPF,0.5861356712278353,0.7562513027394662,0.9998962485192302,1
PPIA,0.6640387903423097,0.5022417635427916,0.9998962485192302,1
PPIH,0.9240000503775384,0.8633216859476993,0.9998962485192302,1
PPM1B,0.6694754984280799,0.4014423414397582,0.9998962485192302,1
PPM1D,0.6126892433491042,0.6832710245973554,0.9998962485192302,1
PPM1H,0.20667211366924826,0.28485187765988407,0.9998962485192302,1
PPM1N,0.8763985006408429,0.7174149195141162,0.9998962485192302,1
PPP1CB,0.5059206174136789,0.5039675059720707,0.9998962485192302,1
PPP1CC,0.9993294039072791,0.9297917256209106,0.9998962485192302,1
PPP1R10,0.877068980238545,0.6169503230090647,0.9998962485192302,1
PPP1R12A,0.8604709308809811,0.7769489274833261,0.9998962485192302,1
PPP1R12B,0.20081728997363646,0.22714649974133616,0.9998962485192302,1
PPP1R1A,0.47139234691860527,0.3406305330122559,0.9998962485192302,1
PPP1R26,0.21357074581718355,0.18993968808467038,0.9998962485192302,1
PPP1R8,0.07669971759455607,0.05545322414995941,0.9998962485192302,1
PPP1R9A,0.36675560111272426,0.44376521154527726,0.9998962485192302,1
PPP2CA,0.5315258403496804,0.3587852242825017,0.9998962485192302,1
PPP2CB,0.5491341093072125,0.5374006973403957,0.9998962485192302,1
PPP2R1B,0.8219467907941453,0.8889634022898983,0.9998962485192302,1
PPP2R3A,0.8329236936450638,0.6536718532685961,0.9998962485192302,1
PPP2R5A,0.8223970053180294,0.3365311522836664,0.9998962485192302,1
PPP2R5B,0.253395661149816,0.22300231596774853,0.9998962485192302,1
PPP2R5D,0.37315424352040455,0.9125719338714642,0.9998962485192302,1
PPP2R5E,0.8500862672758784,0.7831894452401783,0.9998962485192302,1
PPP3CC,0.3705530258170354,0.5886168729964314,0.9998962485192302,1
PPP6R1,0.9969101379721064,0.9794533042833526,0.9998962485192302,1
PPP6R2,0.7880673953590535,0.4987814506828789,0.9998962485192302,1
PPP6R3,0.8365834970337522,0.839941192886158,0.9998962485192302,1
PPRC1,0.5477281967144771,0.787357924777329,0.9998962485192302,1
PRCD,0.23457693915936695,0.23453240068190936,0.9998962485192302,1
PRDM4,0.707858915172323,0.8782635508167266,0.9998962485192302,1
PRDM5,0.2485967460802076,0.15983067070414314,0.9998962485192302,1
PREPL,0.8302480795031978,0.5409848673476104,0.9998962485192302,1
PREX2,0.9794373703623829,0.9535192380683541,0.9998962485192302,1
PRKAA2,0.8731184406901843,0.7831895167421714,0.9998962485192302,1
PRKAG2.AS1,0.5642909674782026,0.8167023617043426,0.9998962485192302,1
PRKCD,0.47813557984130406,0.5719055126088173,0.9998962485192302,1
PRKCZ,0.8865423823389753,0.649760227683456,0.9998962485192302,1
PRKX,0.6742275320193523,0.7562513027394662,0.9998962485192302,1
PRMT6,0.04531088718376769,0.005808211335368725,0.9998962485192302,1
PRNT,0.7594580303906572,0.8868220746724648,0.9998962485192302,1
PROSER2,0.15876184075022248,0.7583132419212328,0.9998962485192302,1
PRPF3,0.4341453838141253,0.39840553447414234,0.9998962485192302,1
PRPF38B,0.21420881715534287,0.20021632215620655,0.9998962485192302,1
PRPF39,0.7635628222182154,0.9729669039368233,0.9998962485192302,1
PRPF40B,0.16564141480410477,0.4246466401878225,0.9998962485192302,1
PRPF8,0.3459438126839842,0.7562512229079932,0.9998962485192302,1
PRPH,0.8201408362895993,0.4851130051851122,0.9998962485192302,1
PRR11,0.5494113144107541,0.6773106875246417,0.9998962485192302,1
PRR14,0.7862578953515844,0.9082732437606823,0.9998962485192302,1
PRR15,0.9061657537773536,0.6634810175580098,0.9998962485192302,1
PRRC2B,0.6906868548316099,0.6674143504545575,0.9998962485192302,1
PRRC2C,0.5114439419892788,0.5320438089137326,0.9998962485192302,1
PRRG1,0.8042792426291141,0.6458536601182314,0.9998962485192302,1
PSMA2,0.8310600024965883,0.8441819022978233,0.9998962485192302,1
PSMA3,0.42021511277510565,0.13138610475266055,0.9998962485192302,1
PSMA6,0.7705492548251798,0.4716700133297978,0.9998962485192302,1
PSMA8,0.11418505009476496,0.09359287930247172,0.9998962485192302,1
PSMB10,0.44656801992304984,0.393877603627887,0.9998962485192302,1
PSMB3,0.009473790790969572,0.0031963758653636124,0.9998962485192302,1
PSMB5,0.7136332376623403,0.6400376744509849,0.9998962485192302,1
PSMB8,0.42263061516384115,0.3587930268393921,0.9998962485192302,1
PSMB9,0.5679574050598071,0.5126596907609263,0.9998962485192302,1
PSMC3,0.6152494311788069,0.47837287132944456,0.9998962485192302,1
PSMC3IP,0.5006908752298711,0.6478151437692355,0.9998962485192302,1
PSMC5,0.053339628379198575,0.2860752422886385,0.9998962485192302,1
PSMC6,0.5399365098519382,0.1480916876251088,0.9998962485192302,1
PSMD10,0.9009334066218928,0.5214268908416531,0.9998962485192302,1
PSMD12,0.8199232624120684,0.7255337670482207,0.9998962485192302,1
PSMD14,0.04413360010064263,0.06706096868912001,0.9998962485192302,1
PSMD3,0.5395509413875625,0.5645563950045392,0.9998962485192302,1
PSMD4,0.4527233743971595,0.5214261864213767,0.9998962485192302,1
PSMD5,0.7880892240961191,0.8825412417686094,0.9998962485192302,1
PSMD6.AS2,0.22573967271564344,0.32042971460671427,0.9998962485192302,1
PSMD8,0.18925405297426937,0.7665794113337452,0.9998962485192302,1
PSMD9,0.689501103950502,0.9989184768430526,0.9998962485192302,1
PSME2,0.45756096569885246,0.4970698092316871,0.9998962485192302,1
PSME4,0.47130337903640984,0.22923764860356288,0.9998962485192302,1
PSMG1,0.6359240053701365,0.7873566612247097,0.9998962485192302,1
PSPH,0.3952919470155632,0.3819603975420822,0.9998962485192302,1
PTBP2,0.8094117295835485,0.7336837046227613,0.9998962485192302,1
PTCD1,0.47979667254310554,0.22714225583014844,0.9998962485192302,1
PTDSS2,0.9778113452787502,0.9341019192823622,0.9998962485192302,1
PTENP1,0.6150086349580711,0.5249543846877274,0.9998962485192302,1
PTGES3L,0.8314462189428754,0.8061906393460212,0.9998962485192302,1
PTK6,0.49341395691841533,0.24867745225305657,0.9998962485192302,1
PTMS,0.6604308972693393,0.7336681049630007,0.9998962485192302,1
PTP4A3,0.28198176879011533,0.16635478383283234,0.9998962485192302,1
PTPN11,0.3151868403122271,0.3257380722624104,0.9998962485192302,1
PTPN12,0.6261071539161855,0.4535017944486567,0.9998962485192302,1
PTPN2,0.5948856064731974,0.313868478501673,0.9998962485192302,1
PTPN20B,0.46086163632644783,0.35879367704012727,0.9998962485192302,1
PTPN7,0.4383086254140063,0.8103857684007456,0.9998962485192302,1
PTPRB,0.877027461777518,0.947044251648258,0.9998962485192302,1
PTPRCAP,0.4374094139814908,0.7046613068140738,0.9998962485192302,1
PUM1,0.29355776990490695,0.35595999313057797,0.9998962485192302,1
PUM2,0.5629993942825626,0.4230748307057271,0.9998962485192302,1
PURA,0.5654422781412537,0.5961127892000495,0.9998962485192302,1
PWP2,0.264036782203041,0.08012927594341124,0.9998962485192302,1
PWWP2B,0.09513134869126741,0.14432805984029345,0.9998962485192302,1
PXN.AS1,0.9964716522537913,0.9018286508231945,0.9998962485192302,1
QDPR,0.6855490771324727,0.9664821371794978,0.9998962485192302,1
QRICH2,0.3135078682794266,0.5848850075142569,0.9998962485192302,1
R3HDM4,0.4681952788972584,0.9125717571517458,0.9998962485192302,1
RAB11B,0.10789044728604544,0.4121755165223545,0.9998962485192302,1
RAB15,0.903325032588025,0.8611908101398672,0.9998962485192302,1
RAB20,0.7439180568361957,0.9945924038383142,0.9998962485192302,1
RAB23,0.3919608226995613,0.9211774081156486,0.9998962485192302,1
RAB36,0.42628493900600056,0.7645100483565811,0.9998962485192302,1
RAB3IL1,0.9850510644090433,0.9945924239577117,0.9998962485192302,1
RAB5B,0.6821409552475813,0.7707221967543706,0.9998962485192302,1
RAB5C,0.590843454548819,0.5700662154007753,0.9998962485192302,1
RAB6A,0.2077704096473162,0.24317834482813402,0.9998962485192302,1
RAB6B,0.6062491975445852,0.5356128119423247,0.9998962485192302,1
RAB8A,0.7831570612267147,0.9859407605762596,0.9998962485192302,1
RAB8B,0.5290412355802643,0.9147226532720684,0.9998962485192302,1
RAB9A,0.13384388233079506,0.35033798551315004,0.9998962485192302,1
RABEP2,0.2124068932871016,0.19549533658277576,0.9998962485192302,1
RABGAP1L,0.7686772668058337,0.6131401142115429,0.9998962485192302,1
RABGGTA,0.40053698135243554,0.09465908544577191,0.9998962485192302,1
RAC1,0.10709169717761279,0.19737354191649373,0.9998962485192302,1
RAC3,0.9108120262557364,0.9686420497191437,0.9998962485192302,1
RAD21.AS1,0.9174030491849592,0.9125713742553465,0.9998962485192302,1
RAD23B,0.9884299415723492,0.9233303075978021,0.9998962485192302,1
RAD50,0.5309122052227623,0.9816156717509726,0.9998962485192302,1
RAG1,0.38388856463342286,0.2972368610460532,0.9998962485192302,1
RALGAPA1,0.7554323378067147,0.5793086367768523,0.9998962485192302,1
RALGDS,0.9013201473074639,0.7459658811810793,0.9998962485192302,1
RALYL,0.8776251845360182,0.6773104815434026,0.9998962485192302,1
RANBP1,0.28708606463468644,0.19456086051606958,0.9998962485192302,1
RANBP17,0.060265191036332585,0.15982996444666545,0.9998962485192302,1
RANBP3L,0.1394496480590452,0.2420872834987693,0.9998962485192302,1
RANGAP1,0.9784305510618951,0.7073100222235962,0.9998962485192302,1
RAP1B,0.25070910916043043,0.6497616647866724,0.9998962485192302,1
RAP2A,0.5427109792387075,0.6812829425668145,0.9998962485192302,1
RAP2C.AS1,0.15657326783787198,0.02401484271107789,0.9998962485192302,1
RAPGEF2,0.705821140788911,0.8804008584826772,0.9998962485192302,1
RASSF4,0.7535230479981359,0.9405710231210752,0.9998962485192302,1
RASSF6,0.8152353616091979,0.6852526550367578,0.9998962485192302,1
RBAK,0.17989148830752086,0.16971828767562963,0.9998962485192302,1
RBBP5,0.9009543014754567,0.7500750712488743,0.9998962485192302,1
RBBP7,0.10657629925469175,0.11306357457808522,0.9998962485192302,1
RBBP8,0.8310156678678753,0.9686437883471342,0.9998962485192302,1
RBM12B,0.7726260668030956,0.5998781724479048,0.9998962485192302,1
RBM17,0.5968250174813331,0.6323029212707836,0.9998962485192302,1
RBM18,0.21929421952809725,0.4325538310199574,0.9998962485192302,1
RBM23,0.2485866862344865,0.5609005226684755,0.9998962485192302,1
RBM24,0.6488502070701134,0.42779952355797246,0.9998962485192302,1
RBM26,0.2821460442057814,0.14210268597289843,0.9998962485192302,1
RBM33,0.2700932076079168,0.4341333994641217,0.9998962485192302,1
RBM34,0.3499848364695993,0.46336048471069613,0.9998962485192302,1
RBM38,0.7854383798024264,0.5499923978498507,0.9998962485192302,1
RBM4,0.665638661646319,0.5682223124070329,0.9998962485192302,1
RBM5.AS1,0.751445670828236,0.8996829625388767,0.9998962485192302,1
RBMS1,0.5310886386609308,0.9319467885928069,0.9998962485192302,1
RBMS2,0.21030532383762504,0.190857362791982,0.9998962485192302,1
RBMX2,0.04635711267891582,0.03276819911825863,0.9998962485192302,1
RCCD1,0.2683664958798427,0.09045510129080318,0.9998962485192302,1
RCSD1,0.7559273597780312,0.7707222721344739,0.9998962485192302,1
RCVRN,0.33671062902870824,0.2599743062705893,0.9998962485192302,1
REEP6,0.1383339476781544,0.17569199013495515,0.9998962485192302,1
RELB,0.5469739693712004,0.9319465360057602,0.9998962485192302,1
RERE,0.9205728912931022,0.8526785984876717,0.9998962485192302,1
REV3L,0.12663678135310832,0.27639160503252835,0.9998962485192302,1
RFC2,0.6163045040811397,0.41682800066381437,0.9998962485192302,1
RFX6,0.5604701620492284,0.6074378337739648,0.9998962485192302,1
RHOB,0.797139202711601,0.9190189095095072,0.9998962485192302,1
RIC8B,0.44562669534157984,0.9039770558237353,0.9998962485192302,1
RING1,0.6097022029471227,0.275193762646921,0.9998962485192302,1
RIPK1,0.4235990157361935,0.8124933520499031,0.9998962485192302,1
RIPK2,0.6687697871506673,0.8378229842813575,0.9998962485192302,1
RNF103,0.9451210757461389,0.7769455488035547,0.9998962485192302,1
RNF112,0.7795821918772754,0.6773115114456596,0.9998962485192302,1
RNF115,0.7967732011398155,0.6380988739742373,0.9998962485192302,1
RNF125,0.08571078063156984,0.027618289816132145,0.9998962485192302,1
RNF168,0.38977322590628694,0.4650176265506339,0.9998962485192302,1
RNF17,0.2736268776673043,0.25770398788347043,0.9998962485192302,1
RNF207,0.4005116817749274,0.568229510227672,0.9998962485192302,1
RNF216.IT1,0.3634267432729669,0.942728330089949,0.9998962485192302,1
RNF222,0.9057682770147794,0.7999001754946542,0.9998962485192302,1
RNF32,0.1982021099409816,0.6439220506913573,0.9998962485192302,1
RNF39,0.8902667918150636,0.758313479523218,0.9998962485192302,1
RNF40,0.6303828540453649,0.9881036663349113,0.9998962485192302,1
RNF41,0.6324071166732236,0.4029624349750261,0.9998962485192302,1
RNF43,0.4113204521414259,0.7255345688015369,0.9998962485192302,1
RNF5,0.5353044017631098,0.9384141284217604,0.9998962485192302,1
RNF8,0.9211581014663415,0.9686438519499917,0.9998962485192302,1
RNMTL1,0.708346834401028,0.39087902733725033,0.9998962485192302,1
RNPS1,0.3992893435907032,0.8357047609895849,0.9998962485192302,1
RNU11,0.29651819863750223,0.1964317353920809,0.9998962485192302,1
RPA2,0.10214836236959089,0.07736160735136592,0.9998962485192302,1
RPL10L,0.7891737437336459,0.3953677241843528,0.9998962485192302,1
RPL12,0.03111281440390945,0.01394121289133578,0.9998962485192302,1
RPL17,0.019678395274766,0.06990492205739789,0.9998962485192302,1
RPL18A,0.6535480626928356,0.575559558455478,0.9998962485192302,1
RPL19P12,0.5173863006156025,0.6053820264351858,0.9998962485192302,1
RPL23A,0.3842275616915074,0.3488696745414099,0.9998962485192302,1
RPL26L1,0.8207829411370783,0.4152555996437733,0.9998962485192302,1
RPL29,0.11650745019155694,0.22503935760594063,0.9998962485192302,1
RPL31,0.9559014813373762,0.940547514051741,0.9998962485192302,1
RPL31P11,0.2742647033850426,0.7603671627173353,0.9998962485192302,1
RPL37A,0.3657845188428265,0.9556745857410394,0.9998962485192302,1
RPL38,0.3951626487214418,0.6303442068089731,0.9998962485192302,1
RPL41,0.07830328086935605,0.16858296094249162,0.9998962485192302,1
RPL6,0.5481660831032057,0.9297717499133704,0.9998962485192302,1
RPN2,0.07640154919699432,0.10013203017613768,0.9998962485192302,1
RPP14,0.10728315115425027,0.0925322429553751,0.9998962485192302,1
RPS12,0.32036233986804696,0.20573379364173935,0.9998962485192302,1
RPS13,0.5248296174359631,0.9427239204372628,0.9998962485192302,1
RPS14P3,0.2871104450811583,0.39670300106405054,0.9998962485192302,1
RPS16P5,0.6521206830407975,0.7357069587944747,0.9998962485192302,1
RPS19BP1,0.06268670030488999,0.10407671432847836,0.9998962485192302,1
RPS21,0.24979594408953476,0.16715156443960189,0.9998962485192302,1
RPS25,0.8603519260107154,0.9082578882202607,0.9998962485192302,1
RPS3A,0.41298853333656765,0.3966866964900174,0.9998962485192302,1
RPS6KA1,0.742466761441185,0.9556602269120315,0.9998962485192302,1
RPS6KA2,0.5674900623458619,0.5774517660509093,0.9998962485192302,1
RPS6KA4,0.8222500006229797,0.9448857007119282,0.9998962485192302,1
RPS6KB2,0.5821751576159505,0.671370824418803,0.9998962485192302,1
RPSA,0.8860981414931881,0.7032564763807043,0.9998962485192302,1
RRAD,0.2755031478414506,0.3086915915295685,0.9998962485192302,1
RRP7A,0.4957674998407387,0.19456116237299242,0.9998962485192302,1
RSC1A1,0.9278143867222715,0.8526781551489837,0.9998962485192302,1
RSL24D1,0.8697882281729028,0.7707185784220041,0.9998962485192302,1
RSRP1,0.8790629754911735,0.8846813148865533,0.9998962485192302,1
RTDR1,0.7325374381859096,0.5590748550060539,0.9998962485192302,1
RTFDC1,0.6794328531860072,0.344772631231885,0.9998962485192302,1
RTKN,0.18752650963809048,0.6773101725708052,0.9998962485192302,1
RTN4IP1,0.13794375053824734,0.0909709936448485,0.9998962485192302,1
RUNX1.IT1,0.85771427591996,0.8441829428736332,0.9998962485192302,1
RYK,0.9747230999025187,0.6017662379680289,0.9998962485192302,1
S100A5,0.31874738978248873,0.41835750236463204,0.9998962485192302,1
SAP25,0.11616324370734665,0.27045503014608985,0.9998962485192302,1
SAP30L,0.48760224259735696,0.6892527887046347,0.9998962485192302,1
SARDH,0.46048709477131333,0.5923608269039009,0.9998962485192302,1
SARS2,0.14281354629595686,0.28607410145669576,0.9998962485192302,1
SART3,0.9208556318687284,0.9039772497532355,0.9998962485192302,1
SASH1,0.9908485678444909,0.8633220063732775,0.9998962485192302,1
SASS6,0.5626852459082468,0.9104203889160158,0.9998962485192302,1
SCAF4,0.7305893607071999,0.7957115863945039,0.9998962485192302,1
SCAF8,0.7522319050083577,0.49364471654555475,0.9998962485192302,1
SCAI,0.31203684257296954,0.7645102802502706,0.9998962485192302,1
SCAMP3,0.46480322267481294,0.3819597535268576,0.9998962485192302,1
SCAMP4,0.22424926107331247,0.2089212840480856,0.9998962485192302,1
SCP2D1,0.06714307348082724,0.19177874834539377,0.9998962485192302,1
SCYL2,0.358086631401361,0.4230773403695369,0.9998962485192302,1
SDHAF1,0.36089562208357634,0.2622920024991528,0.9998962485192302,1
SDHAP1,0.8861390733049016,0.8868222267663434,0.9998962485192302,1
SDHC,0.893642064962395,0.5302720153497134,0.9998962485192302,1
SDHD,0.6715979808704483,0.9341021639069946,0.9998962485192302,1
SEC14L1,0.4487231394130642,0.6131395138287818,0.9998962485192302,1
SEC16B,0.7398767754422015,0.6497625491491075,0.9998962485192302,1
SEC24D,0.23947801000129126,0.5091737628772433,0.9998962485192302,1
SEC31B,0.4496390500734186,0.3284148952449271,0.9998962485192302,1
SEC61A2,0.9602357417292888,0.9621600543427817,0.9998962485192302,1
SEC63,0.1727497305037472,0.07690854028782708,0.9998962485192302,1
SECISBP2,0.20477765362547554,0.5737555602441602,0.9998962485192302,1
SECISBP2L,0.7073917364081044,0.7978059006209333,0.9998962485192302,1
SELM,0.4560536640712928,0.24753675825085478,0.9998962485192302,1
SELT,0.8225231329613123,0.6753209170432832,0.9998962485192302,1
SEMA4F,0.5279248674937543,0.36020785553920825,0.9998962485192302,1
SENP3,0.8053587937576503,0.8569324735187955,0.9998962485192302,1
SENP7,0.35304699248405047,0.55180367964565,0.9998962485192302,1
SEPHS1,0.2982223908779792,0.10527108206091644,0.9998962485192302,1
SEPT3,0.45536299413821013,0.3923676083041009,0.9998962485192302,1
SEPT7P2,0.8779523781578377,0.878263591672063,0.9998962485192302,1
SEPW1,0.4435310168834151,0.6812551267155618,0.9998962485192302,1
SERF1A,0.7247521284058371,0.8335874910231142,0.9998962485192302,1
SERF2.C15ORF63,0.20701943372756298,0.26344675861359174,0.9998962485192302,1
SERINC2,0.7260588616649323,0.7377694366946912,0.9998962485192302,1
SERINC4,0.5104981141248061,0.25092821505035817,0.9998962485192302,1
SERP2,0.3417143984521276,0.4936420857871284,0.9998962485192302,1
SETBP1,0.8842950778025115,0.7562501052591402,0.9998962485192302,1
SETD3,0.9773547720980399,0.8251341888985133,0.9998962485192302,1
SETD4,0.8189360940558269,0.5719112337174211,0.9998962485192302,1
SETD6,0.5732556440323113,0.48512732849051,0.9998962485192302,1
SETDB2,0.18341694024523997,0.22610526199606815,0.9998962485192302,1
SETMAR,0.6013323501765958,0.7296057043478392,0.9998962485192302,1
SF3A1,0.2552617929099512,0.19361067442871593,0.9998962485192302,1
SF3A2,0.6595363176126141,0.7645062606627112,0.9998962485192302,1
SF3B1,0.7003147238892118,0.6284496631980345,0.9998962485192302,1
SF3B2,0.48021851456092635,0.6341817577619883,0.9998962485192302,1
SF3B3,0.16707575779919231,0.05175139365794147,0.9998962485192302,1
SF3B4,0.4851438356360786,0.3475465908222633,0.9998962485192302,1
SF3B5,0.9421893882176096,0.8611912748814199,0.9998962485192302,1
SFR1,0.009590073589448033,0.0208253254480437,0.9998962485192302,1
SFT2D1,0.7807305455681657,0.3775478713164426,0.9998962485192302,1
SH3BP1,0.4195332886809423,0.26690878498485754,0.9998962485192302,1
SH3GLB2,0.33848797496797034,0.8505523181371641,0.9998962485192302,1
SH3PXD2A,0.09281580355301491,0.09465607223740959,0.9998962485192302,1
SHC2,0.3643360044385526,0.48512629488944653,0.9998962485192302,1
SHISA6,0.4452816820357495,0.9147219061768168,0.9998962485192302,1
SHMT1,0.8206415875122586,0.5249535436199315,0.9998962485192302,1
SIKE1,0.5618391804886322,0.5196668175342103,0.9998962485192302,1
SIL1,0.29880203412700435,0.12393163501790454,0.9998962485192302,1
SIN3B,0.8308736442058176,0.793622525471919,0.9998962485192302,1
SIRT3,0.9760423516698722,0.9989184764772391,0.9998962485192302,1
SKP1P2,0.2718110470861459,0.33110577381320233,0.9998962485192302,1
SLAMF1,0.7927063975811527,0.3311074093937808,0.9998962485192302,1
SLC10A1,0.9123768825568369,0.9427285234724544,0.9998962485192302,1
SLC12A7,0.8438190907214597,0.7418650604076146,0.9998962485192302,1
SLC25A30,0.7102926273750314,0.5320431152369243,0.9998962485192302,1
SLC25A47,0.7258351692820525,0.9082735217577459,0.9998962485192302,1
SLC25A5.AS1,0.4695280847864533,0.7357260630064949,0.9998962485192302,1
SLC30A6,0.3952552094880927,0.7133677070083947,0.9998962485192302,1
SLC35A5,0.20286216266187249,0.2934862526429436,0.9998962485192302,1
SLC35E2,0.9960258084224798,0.8611909960370484,0.9998962485192302,1
SLC38A3,0.7616755001066651,0.6419786986958231,0.9998962485192302,1
SLC39A8,0.6924450022184439,0.43894038728202506,0.9998962485192302,1
SLC3A1,0.5297920247979244,0.5830235281361225,0.9998962485192302,1
SLC40A1,0.8694406809225781,0.7769484867946691,0.9998962485192302,1
SLC44A3,0.8204184417883797,0.6575855350377199,0.9998962485192302,1
SLC4A2,0.16169060085118106,0.15348477990986037,0.9998962485192302,1
SLU7,0.915152313915379,0.960000143504356,0.9998962485192302,1
SMAD3,0.99134871642825,0.8953938126420277,0.9998962485192302,1
SMAD5,0.15000950637377347,0.2588456986619396,0.9998962485192302,1
SMARCA4,0.1433442409808634,0.09412354844891131,0.9998962485192302,1
SMARCA5,0.2315638135643084,0.34200942758303593,0.9998962485192302,1
SMARCA5.AS1,0.30163591873129847,0.3324558899535388,0.9998962485192302,1
SMARCC2,0.7189384989662049,0.992429418452344,0.9998962485192302,1
SMARCD1,0.11430939082447963,0.16388953505623527,0.9998962485192302,1
SMARCD2,0.9307688925140529,0.8739901940014176,0.9998962485192302,1
SMARCD3,0.878280421018774,0.9405711435056473,0.9998962485192302,1
SMC1A,0.8975792401496785,0.5737554306464429,0.9998962485192302,1
SMC5.AS1,0.8600679487707321,0.754191182404407,0.9998962485192302,1
SMCO2,0.6793017033773526,0.6556252694605604,0.9998962485192302,1
SMCR9,0.5918383917160146,0.519665263957095,0.9998962485192302,1
SMEK2,0.8711375604255749,0.3688149403038666,0.9998962485192302,1
SMEK3P,0.6333853538321795,0.6792953450503159,0.9998962485192302,1
SMG7.AS1,0.46918210382657244,0.22094845446637323,0.9998962485192302,1
SMIM13,0.7975716847150344,0.7073109665615871,0.9998962485192302,1
SMUG1,0.7473690994839287,0.7957134107500665,0.9998962485192302,1
SNAP25,0.212808780809874,0.4936453011530321,0.9998962485192302,1
SND1.IT1,0.9227722191149638,0.779027398562572,0.9998962485192302,1
SNRNP25,0.9706471444040754,0.931944515208131,0.9998962485192302,1
SNRPB2,0.34138874725192436,0.8124929785997215,0.9998962485192302,1
SNRPE,0.70677243394572975,0.40602158062452204,0.9998962485192302,1
SNX1,0.8317641211529548,0.9989184764772391,0.9998962485192302,1
SNX10,0.9562650734210182,0.7603761986774665,0.9998962485192302,1
SNX15,0.8054764365765313,0.6536721817396824,0.9998962485192302,1
SNX18,0.6322180049563612,0.6753273370235304,0.9998962485192302,1
SNX30,0.6865356643004956,0.6654492224979882,0.9998962485192302,1
SNX7,0.9421948132548442,0.9254833092427717,0.9998962485192302,1
SORBS1,0.6111677383048854,0.4230577327686317,0.9998962485192302,1
SP100,0.8521935870033693,0.5830217440931262,0.9998962485192302,1
SP110,0.9597406016239067,0.7153856609642439,0.9998962485192302,1
SP140,0.3544449209007318,0.3217515514013371,0.9998962485192302,1
SP3,0.8113955435975366,0.7296059679682022,0.9998962485192302,1
SP4,0.811153657215736,0.5904858531545942,0.9998962485192302,1
SPATA13.AS1,0.4146569515512948,0.28852835745880495,0.9998962485192302,1
SPDEF,0.8428568579138935,0.8484273556379569,0.9998962485192302,1
SPG20,0.3752117093480042,0.19642946503491351,0.9998962485192302,1
SPIN1,0.1974835299909966,0.21688471114985894,0.9998962485192302,1
SPOPL,0.962220488181733,0.8167022399122567,0.9998962485192302,1
SPR,0.5477334204451203,0.2799978767299713,0.9998962485192302,1
SPTLC2,0.167591147972059,0.33245850645802605,0.9998962485192302,1
SRA1,0.6003988603642196,0.5998768153376115,0.9998962485192302,1
SRCIN1,0.3435365903890907,0.10702889410883629,0.9998962485192302,1
SREK1,0.7985838386123993,1,0.9998962485192302,1
SRFBP1,0.10033141229782783,0.13418132545967118,0.9998962485192302,1
SRP14.AS1,0.06780084629559438,0.17225908726055783,0.9998962485192302,1
SRP72,0.5495425264783322,0.8633218690483057,0.9998962485192302,1
SRP9,0.22249816564985156,0.4987927779956829,0.9998962485192302,1
SRPK1,0.31015880284521913,0.17569286673290846,0.9998962485192302,1
SRPK3,0.24126379808921744,0.24208600936109334,0.9998962485192302,1
SRPRB,0.9401889142152151,0.5774486762350979,0.9998962485192302,1
SRRM2,0.968477733828049,0.8675860386229364,0.9998962485192302,1
SRRM2.AS1,0.4480389244260312,0.3472745804432096,0.9998962485192302,1
SRSF10,0.7373638567401266,0.964321442377414,0.9998962485192302,1
SRSF11,0.11374884955398243,0.08891680624700071,0.9998962485192302,1
SRSF3,0.44766851782148137,0.8082871979332615,0.9998962485192302,1
SRSF4,0.37776343054893735,0.6832676810756404,0.9998962485192302,1
SRSF6,0.07370797960550446,0.18990432557843454,0.9998962485192302,1
SRSF7,0.7398454065048864,0.6733414389555346,0.9998962485192302,1
SRSF8,0.014959386730386957,0.027616713341150536,0.9998962485192302,1
SRXN1,0.9061240032902335,0.9816156717509726,0.9998962485192302,1
SS18L1,0.1716288833845337,0.10296242015677838,0.9998962485192302,1
SSBP2,0.7689121607578698,0.5144085845489144,0.9998962485192302,1
SSR2,0.7544555356874307,0.23346655220445744,0.9998962485192302,1
SSR3,0.6274480877577373,0.7873561698370539,0.9998962485192302,1
SSSCA1,0.5164441972307805,0.4919325485771356,0.9998962485192302,1
SSUH2,0.8509056937194377,0.9708053734423778,0.9998962485192302,1
ST13P4,0.3242802229511292,0.24427621675543892,0.9998962485192302,1
STAG3,0.30211015854840656,0.6112358562782119,0.9998962485192302,1
STAMBPL1,0.9191035183905931,0.50917447924541,0.9998962485192302,1
STARD7.AS1,0.7771440050489653,0.8040911914101961,0.9998962485192302,1
STAT4,0.7832599589150923,0.7541896536443966,0.9998962485192302,1
STAT5B,0.9558737371369593,0.7873576439898042,0.9998962485192302,1
STAT6,0.7499824322544048,0.47333374688942853,0.9998962485192302,1
STATH,0.831261394016974,0.6752873612816045,0.9998962485192302,1
STAU2,0.654725372932334,0.7665786447294328,0.9998962485192302,1
STIM2,0.28439971831790123,0.47333913429482305,0.9998962485192302,1
STK11,0.6682246242139817,0.7439020228053337,0.9998962485192302,1
STK17A,0.9082303727679996,0.7093275327434247,0.9998962485192302,1
STK25,0.8465911352909483,0.6400367693666607,0.9998962485192302,1
STK38L,0.8458783303601964,0.4486114315501951,0.9998962485192302,1
STK4.AS1,0.9312295464990925,0.8611891835076734,0.9998962485192302,1
STL,0.5487640033914414,0.3099794566721686,0.9998962485192302,1
STRBP,0.39400467358107283,0.39992300379487195,0.9998962485192302,1
STRIP2,0.14177675140101476,0.380486000213393,0.9998962485192302,1
STUB1,0.8489081247187342,0.9945924038383142,0.9998962485192302,1
STX16.NPEPL1,0.7154224839455476,0.743913474333499,0.9998962485192302,1
STX6,0.5764059971824679,0.9881036542643373,0.9998962485192302,1
STXBP3,0.2769746980209059,0.25884376560794664,0.9998962485192302,1
STXBP4,0.736705034780861,0.9276373150786401,0.9998962485192302,1
SUCLG2,0.666215687330798,0.7541909410231429,0.9998962485192302,1
SUFU,0.3198272075197493,0.6952531191752322,0.9998962485192302,1
SUGT1,0.868497381582704,0.6188612845990968,0.9998962485192302,1
SUMO1,0.521157272569352,0.2542995117075131,0.9998962485192302,1
SUN3,0.36907671975718626,0.40445531241705884,0.9998962485192302,1
SUPT20H,0.24435620220576346,0.4262226341055452,0.9998962485192302,1
SUPT20HL1,0.38917737229717186,0.7665788747115194,0.9998962485192302,1
SUPT5H,0.7701458290222267,0.6207739890219852,0.9998962485192302,1
SUPT6H,0.4111413120908224,0.24758521922459986,0.9998962485192302,1
SUPT7L,0.5669610367374778,0.8378220646934988,0.9998962485192302,1
SURF6,0.5552005448469115,0.713365482968449,0.9998962485192302,1
SUV420H2,0.5242142551596076,0.33381266610577337,0.9998962485192302,1
SUZ12P1,0.9351245615666315,0.8846808500921093,0.9998962485192302,1
SYK,0.060829636591430314,0.025226461351709768,0.9998962485192302,1
SYN1,0.21598010668263307,0.32042971460671427,0.9998962485192302,1
SYNDIG1,0.6299890859046016,0.8975378624446291,0.9998962485192302,1
SYS1.DBNDD2,0.2278428011314206,0.08106930929880252,0.9998962485192302,1
SZT2,0.45169293745212985,0.75419029733629706,0.9998962485192302,1
TAC1,0.7329922986746555,0.634233365853418,0.9998962485192302,1
TACC2,0.6187783409271042,0.4868227662578451,0.9998962485192302,1
TAF1,0.7233843755528669,0.9470442158774055,0.9998962485192302,1
TAF10,0.8917582504024486,0.9082732437606823,0.9998962485192302,1
TAF1A,0.6615842328239203,0.603651206213335,0.9998962485192302,1
TAF4B,0.12689434481308684,0.13069397971276017,0.9998962485192302,1
TAF6,0.7386931378890017,0.5249556462811134,0.9998962485192302,1
TAOK1,0.9065577216200039,0.7480203252110524,0.9998962485192302,1
TAP1,0.2674050722757286,0.06910795001501958,0.9998962485192302,1
TAPBPL,0.6557844087024863,0.5039626010895928,0.9998962485192302,1
TAPT1,0.2886458292212857,0.5463807977869948,0.9998962485192302,1
TATDN3,0.9061783564833618,0.8889639246805907,0.9998962485192302,1
TAX1BP3,0.6803827344906637,0.6852622272206359,0.9998962485192302,1
TBC1D10A,0.5225036097886344,0.748020489886064,0.9998962485192302,1
TBC1D15,0.22361973883648179,0.31910865169564545,0.9998962485192302,1
TBC1D21,0.625404623497466,0.910422470792373,0.9998962485192302,1
TBC1D3,0.46835378004830913,0.31911192543376526,0.9998962485192302,1
TBCA,0.34216162232744063,0.5338268127609882,0.9998962485192302,1
TBL1Y,0.8468278678546339,0.7377716579299667,0.9998962485192302,1
TBRG4,0.4501712312750755,0.7316435782245239,0.9998962485192302,1
TCERG1L,0.9513629605617178,0.7336850044707565,0.9998962485192302,1
TCF3,0.05786934812231817,0.09253698588109306,0.9998962485192302,1
TCIRG1,0.421292782395194,0.2787930120473636,0.9998962485192302,1
TCP1,0.12887891600709933,0.6952520421401753,0.9998962485192302,1
TCP10,0.5917914523460377,0.8996837725901196,0.9998962485192302,1
TERT,0.7785577906979639,0.7032830570659468,0.9998962485192302,1
TESC,0.9936720536277304,0.9794532000599395,0.9998962485192302,1
TEX264,0.7444276651874719,0.533829856762118,0.9998962485192302,1
TFCP2L1,0.17326509867001702,0.20021540899406173,0.9998962485192302,1
TFDP2,0.06480650103860683,0.082496697799308,0.9998962485192302,1
TFIP11,0.9076590725477887,1,0.9998962485192302,1
TGFBR3,0.6838101030682798,0.8889626186900352,0.9998962485192302,1
TGS1,0.8188992463535527,0.519625148246093,0.9998962485192302,1
THAP1,0.5281465486489956,0.7769488540353979,0.9998962485192302,1
THOC3,0.8305819338164001,0.5074368990199006,0.9998962485192302,1
THOC6,0.8889731645535244,0.6972574676236194,0.9998962485192302,1
THRB,0.3275634473118549,0.6226883182661476,0.9998962485192302,1
THUMPD2,0.906364473908485,0.661514710691295,0.9998962485192302,1
TIAF1,0.5181882347826293,0.46501702260144917,0.9998962485192302,1
TIAM1,0.8161813460783295,0.43893976802070617,0.9998962485192302,1
TIPARP,0.7415363306100681,0.9621607066110701,0.9998962485192302,1
TIRAP,0.3833145136514447,0.2763929046156051,0.9998962485192302,1
TLE6,0.5365812114206078,0.5005161325269122,0.9998962485192302,1
TLN2,0.4313240994413302,0.9362502788229502,0.9998962485192302,1
TM9SF1,0.3696523047134267,0.2520478533029012,0.9998962485192302,1
TM9SF3,0.7364701685684445,0.7113458618151167,0.9998962485192302,1
TM9SF4,0.7291083616921942,0.6892516928412533,0.9998962485192302,1
TMA16,0.5550793584282917,0.5774540833684954,0.9998962485192302,1
TMBIM4,0.12690879632291455,0.10069283611910909,0.9998962485192302,1
TMC1,0.9955334940030965,0.7956911097191153,0.9998962485192302,1
TMCO2,0.23534929101717755,0.5074373298301145,0.9998962485192302,1
TMED10P1,0.527923019018091,0.3616380759847661,0.9998962485192302,1
TMED3,0.9254534650415975,0.8782638368032172,0.9998962485192302,1
TMED5,0.7289029576096449,0.8314739884889171,0.9998962485192302,1
TMED6,0.30066964088980647,0.32307858127802475,0.9998962485192302,1
TMEFF1,0.9934871941771861,0.9794532764905975,0.9998962485192302,1
TMEM11,0.1951444837605213,0.20501845731245,0.9998962485192302,1
TMEM132A,0.9863282580763502,0.9104226216473386,0.9998962485192302,1
TMEM174,0.6442241779781555,0.6342324485664647,0.9998962485192302,1
TMEM204,0.5977358548846636,0.8061907678439945,0.9998962485192302,1
TMEM215,0.5097668696836659,0.383437810327628,0.9998962485192302,1
TMEM231,0.47967987325608047,0.5005159876277416,0.9998962485192302,1
TMEM249,0.5630494573891937,0.4421499274532162,0.9998962485192302,1
TMEM30B,0.7632951556053154,0.7665785680685864,0.9998962485192302,1
TMEM44,0.1484232244578199,0.17829920360827617,0.9998962485192302,1
TMEM50B,0.9978414011847374,0.9405713040172721,0.9998962485192302,1
TMEM59L,0.5675171821781675,0.9708051760330875,0.9998962485192302,1
TMEM67,0.11235717561192457,0.25881138494138656,0.9998962485192302,1
TMEM87B,0.6839693258979984,0.6693942511107269,0.9998962485192302,1
TMIE,0.7664459461088433,0.5608998600555719,0.9998962485192302,1
TMPO.AS1,0.7101127606108161,0.5445773787084196,0.9998962485192302,1
TMSB15A,0.0938994031548365,0.17041787094334873,0.9998962485192302,1
TMSB4Y,0.7286426604065881,0.8846146757675439,0.9998962485192302,1
TMX1,0.8783734377439592,0.7873580651706744,0.9998962485192302,1
TMX4,0.9399827652058299,0.6812832481951128,0.9998962485192302,1
TNFRSF10C,0.7366568217924432,0.5518017961519309,0.9998962485192302,1
TNIP2,0.7112931725619986,0.40908690897114636,0.9998962485192302,1
TNKS2.AS1,0.06018899132281748,0.21188105238674734,0.9998962485192302,1
TNPO2,0.26996461933689997,0.2972381682447719,0.9998962485192302,1
TNR,0.3994937175863301,0.6188608100836916,0.9998962485192302,1
TNRC6B,0.9737930389514694,0.839941566730335,0.9998962485192302,1
TOMM20L,0.07297731008308392,0.7012712465508784,0.9998962485192302,1
TOP1MT,0.38872182828193,0.46171086313465665,0.9998962485192302,1
TOP3A,0.6568910715872046,0.4783695974769884,0.9998962485192302,1
TOPORS,0.5448616474837786,0.48852464732040934,0.9998962485192302,1
TOR1AIP1,0.15875490376716977,0.16971843203762013,0.9998962485192302,1
TP53,0.16066589861351316,0.38789181816927454,0.9998962485192302,1
TP53I11,0.9981357682703937,0.9945924257867368,0.9998962485192302,1
TPD52L3,0.609313569277121,0.977291073521875,0.9998962485192302,1
TPI1P2,0.989339734188741,0.95136134293843,0.9998962485192302,1
TPM3P9,0.20181383097002267,0.19359379325785747,0.9998962485192302,1
TPPP,0.9431152013668795,0.9751290139963058,0.9998962485192302,1
TPRA1,0.06173458714680994,0.060837960670008066,0.9998962485192302,1
TPT1.AS1,5.129859906415771e-4,0.03794758034510905,0.914654021313932,1
TRA2B,0.313153293283788,0.16720355110337784,0.9998962485192302,1
TRABD,0.9586603419779014,0.779026597747747,0.9998962485192302,1
TRAF3IP1,0.6022565953480475,0.6439222748997017,0.9998962485192302,1
TRAFD1,0.7849359030638929,0.772796129918327,0.9998962485192302,1
TRAM1L1,0.8725207510885944,0.5904837170264383,0.9998962485192302,1
TRAPPC10,0.6450665803923029,0.6615139591771864,0.9998962485192302,1
TRAPPC11,0.5271734620499735,0.7873567314226683,0.9998962485192302,1
TRAPPC12,0.7438166755549018,0.9448861660179412,0.9998962485192302,1
TRAPPC3L,0.9146020669046696,0.7998999767611266,0.9998962485192302,1
TRAPPC9,0.9046407487273328,0.5463793049679296,0.9998962485192302,1
TRIM23,0.48024113967540033,0.32440065708572224,0.9998962485192302,1
TRIM27,0.9768881321472619,0.9168733354178257,0.9998962485192302,1
TRIM29,0.7234609143481869,0.861190484818003,0.9998962485192302,1
TRIM34,0.8217712563050255,0.5830237829975466,0.9998962485192302,1
TRIM39,0.2979256001277106,0.46667547840308654,0.9998962485192302,1
TRIM45,0.7205336351853293,0.6265248891798713,0.9998962485192302,1
TRIP13,0.6328894727864138,0.9535204315932154,0.9998962485192302,1
TRPC5,0.5988129543209468,0.35595836615085613,0.9998962485192302,1
TRPM8,0.9406029933416856,0.8526780566287318,0.9998962485192302,1
TRPV3,0.8427047127299135,0.544577923100699,0.9998962485192302,1
TSNARE1,0.07027301586059953,0.09412421610236439,0.9998962485192302,1
TSPAN15,0.5336011621927957,0.5267188628257365,0.9998962485192302,1
TSR2,0.25726208118429533,0.41063250307933613,0.9998962485192302,1
TTC18,0.7078509164258027,0.9945923983511668,0.9998962485192302,1
TUBB1,0.7153579441741034,1,0.9998962485192302,1
TUBGCP3,0.33814071724048766,0.4090921380351359,0.9998962485192302,1
TUBGCP4,0.7389474405806383,0.5161580074034727,0.9998962485192302,1
TULP1,0.5105324261411733,0.7500720477764516,0.9998962485192302,1
TXLNB,0.8861287533934901,0.8889638500538004,0.9998962485192302,1
TXNDC11,0.5377659561943684,0.43894085172669406,0.9998962485192302,1
TXNDC15,0.9154639043324503,0.8463053279637636,0.9998962485192302,1
TYMP,0.6250514091181245,0.5005129447163321,0.9998962485192302,1
U2AF1L4,0.23609114241993023,0.1881133524717941,0.9998962485192302,1
U2SURP,0.32623034245770155,0.19643203810521123,0.9998962485192302,1
UACA,0.7320979737175403,0.5126595481567986,0.9998962485192302,1
UBA2,0.056726437013283226,0.09791038275840909,0.9998962485192302,1
UBA3,0.9345026220904585,0.9405711836336754,0.9998962485192302,1
UBA5,0.21824593687498434,0.13630705948618538,0.9998962485192302,1
UBA6,0.018191010466196252,0.006901763852234699,0.9998962485192302,1
UBAC2.AS1,0.918688481171559,0.7707227244135331,0.9998962485192302,1
UBAP1L,0.9319132494645281,0.9427284461196873,0.9998962485192302,1
UBASH3A,0.9873942777891487,0.8868204396245443,0.9998962485192302,1
UBC,0.9644219444171286,0.705288568983734,0.9998962485192302,1
UBE2D3,0.2927554055257927,0.35596113200935037,0.9998962485192302,1
UBE2D4,0.3968929997975276,0.4293684172984201,0.9998962485192302,1
UBE2E2,0.7798788763325741,0.713367243671005,0.9998962485192302,1
UBE2G2,0.6995388404030007,0.5057014335203419,0.9998962485192302,1
UBE2H,0.3055264129895562,0.35033521518746463,0.9998962485192302,1
UBE2I,0.7378628032331283,0.4970744662790885,0.9998962485192302,1
UBE2J1,0.721849023052362,0.916873503507021,0.9998962485192302,1
UBE2L3,0.440564075478185,0.5627281417670775,0.9998962485192302,1
UBE2L6,0.5425412348918579,0.5231894610918277,0.9998962485192302,1
UBE2NL,0.21884917955736638,0.21188275253202804,0.9998962485192302,1
UBE2Q1,0.4176165296644292,0.626527922446116,0.9998962485192302,1
UBE2Q2,0.7709726912241962,0.893248943466817,0.9998962485192302,1
UBE3A,0.9756577121378023,0.9233297388330095,0.9998962485192302,1
UBE3B,0.9615397269977843,0.7418653130060184,0.9998962485192302,1
UBE3C,0.8452769794512454,0.9902664905333193,0.9998962485192302,1
UBE3D,0.766724719258207,0.9686438625504303,0.9998962485192302,1
UBE4B,0.36667352659137853,0.23991044211071424,0.9998962485192302,1
UBFD1,0.6171721767814201,0.7998997117821687,0.9998962485192302,1
UBL7.AS1,0.9180029063978292,0.6055453305699425,0.9998962485192302,1
UBN2,0.49610495320541864,0.6654481596876853,0.9998962485192302,1
UBQLN1,0.2374751338540127,0.9405711033775379,0.9998962485192302,1
UBQLN2,0.6922093694014191,0.6556274487300182,0.9998962485192302,1
UBR7,0.8652669261802738,0.5320494969480867,0.9998962485192302,1
UBXN10,0.12499929055025673,0.068283266570963,0.9998962485192302,1
UBXN6,0.3851700179766469,0.8868217704828681,0.9998962485192302,1
UFD1L,0.6491258482503979,0.5391903325264129,0.9998962485192302,1
UFL1,0.6417916053995134,0.8611910889853589,0.9998962485192302,1
UFSP1,0.7235845318249912,0.8145973740290566,0.9998962485192302,1
UGGT2,0.38151443366464466,0.18450108559267966,0.9998962485192302,1
UGT1A1,0.42105225731502277,0.2947324713606261,0.9998962485192302,1
UNC45A,0.3128447097719637,0.1836029823136163,0.9998962485192302,1
UNC45B,0.5052830064350233,0.8590616947075559,0.9998962485192302,1
UPF2,0.5510130215723661,0.5302713198722406,0.9998962485192302,1
UPF3A,0.3320351835635277,0.3244083488887043,0.9998962485192302,1
UQCRBP1,0.5938321571611328,0.2860747533612789,0.9998962485192302,1
UQCRFS1,0.5700978462633126,0.36737261812613714,0.9998962485192302,1
URM1,0.7084410558713715,0.5663930404628501,0.9998962485192302,1
UROC1,0.6581818016998339,0.6207741071627588,0.9998962485192302,1
USP11,0.4683710866246416,0.2873019855386161,0.9998962485192302,1
USP2,0.9225625390644838,0.996755443964827,0.9998962485192302,1
USP24,0.4378500241025944,0.38195717744647917,0.9998962485192302,1
USP26,0.6323737258671729,0.26114075207393816,0.9998962485192302,1
USP34,0.3950121354227438,0.6992631569624574,0.9998962485192302,1
USP4,0.9421328637461557,0.9018303357425044,0.9998962485192302,1
USP40,0.9109245949331224,0.7357253746383328,0.9998962485192302,1
USP48,0.5785372141508074,0.7583133211219725,0.9998962485192302,1
USP49,0.9547663179141799,0.7707218952332141,0.9998962485192302,1
USP50,0.5921939240298613,0.3559624335779982,0.9998962485192302,1
USP8,0.20713602433880585,0.1206466753056971,0.9998962485192302,1
VAMP3,0.2957107390670911,0.13702205095142775,0.9998962485192302,1
VAPB,0.8756514113076215,0.60365414488434,0.9998962485192302,1
VAV2,0.7410442398530486,0.9729669039368233,0.9998962485192302,1
VCPIP1,0.8686483877071675,0.9816154541438166,0.9998962485192302,1
VDR,0.8560437837644737,0.7957134107500665,0.9998962485192302,1
VEZT,0.29894518172880646,0.7296063194608207,0.9998962485192302,1
VHLL,0.13246394849878265,0.35595999313057797,0.9998962485192302,1
VIM.AS1,0.5877983019920839,0.725438040711741,0.9998962485192302,1
VPS13A,0.34913654892136,0.1496156733193123,0.9998962485192302,1
VPS28,0.67626102188811,0.8103906757626524,0.9998962485192302,1
VPS37A,0.3720567628714695,0.6972570782743568,0.9998962485192302,1
VPS41,0.6155783214487168,0.9427280593511504,0.9998962485192302,1
VPS4B,0.2946570389263344,0.18093836251789402,0.9998962485192302,1
VPS51,0.1499249236894821,0.12526164019227978,0.9998962485192302,1
VRTN,0.005178612749807342,0.014637088605332565,0.9998962485192302,1
VTN,0.3969655329814449,0.2972388218415931,0.9998962485192302,1
WAC.AS1,0.2161886722211065,0.27998990618883457,0.9998962485192302,1
WARS,0.3013538640306183,0.38048503349126034,0.9998962485192302,1
WASF1,0.7665346804104347,0.5700683025563835,0.9998962485192302,1
WASF3,0.3332967720587328,0.5463726549596628,0.9998962485192302,1
WBP11P1,0.8142568973010745,0.9427282333979617,0.9998962485192302,1
WBP2NL,0.12124528551002893,0.37026288615667363,0.9998962485192302,1
WDR11,0.6289207596155603,0.6342084820052283,0.9998962485192302,1
WDR27,0.9249849386575321,0.8251330832559406,0.9998962485192302,1
WDR34,0.7668091733704413,0.9513615565436971,0.9998962485192302,1
WDR38,0.5536972436928698,0.6992639310491141,0.9998962485192302,1
WDR46,0.11076996853993394,0.2972391486393692,0.9998962485192302,1
WDR47,0.6842859332177078,0.9859408889595664,0.9998962485192302,1
WDR49,0.29042778143897585,0.4152724818109687,0.9998962485192302,1
WDR52,0.7712471390826443,0.7790275441643322,0.9998962485192302,1
WDR62,0.9025757597909455,0.6992637375280097,0.9998962485192302,1
WDR83,0.9270363069638611,0.5517970873143857,0.9998962485192302,1
WDR86,0.7105618395918252,0.7214712732767075,0.9998962485192302,1
WDYHV1,0.8392494330682674,0.7439155638627715,0.9998962485192302,1
WHSC1L1,0.8980477235642215,0.7645106667382314,0.9998962485192302,1
WI2.2373I1.2,0.548122295405284,0.6812816181673758,0.9998962485192302,1
WIPF2,0.2153013976758146,0.0810554314789627,0.9998962485192302,1
WISP1,0.6605559881321533,0.7583127667151611,0.9998962485192302,1
WNK2,0.9346824090108987,0.9837779526580132,0.9998962485192302,1
WSB1,0.7855116076921085,0.5756036120241541,0.9998962485192302,1
WTAPP1,0.39821193217033957,0.3834365232448893,0.9998962485192302,1
WWTR1,0.6305064545049507,0.4014423414397582,0.9998962485192302,1
XPNPEP2,0.3929260071023068,0.36881801748780096,0.9998962485192302,1
XPO4,0.8243837292784313,0.4405418519821187,0.9998962485192302,1
XPO6,0.11111620915917175,0.16971828767562963,0.9998962485192302,1
XPO7,0.9758544610720237,0.9881035818401217,0.9998962485192302,1
XPOT,0.8979009767916655,0.8697194525894385,0.9998962485192302,1
XPR1,0.2928462730289876,0.6733486217508495,0.9998962485192302,1
XRCC6,0.6588267238645015,0.6693815221154786,0.9998962485192302,1
XRCC6BP1,0.563242769261541,0.2763864066363855,0.9998962485192302,1
XRRA1,0.8178342589325854,0.9945924074964032,0.9998962485192302,1
YARS2,0.21786759788903268,0.13846030458478664,0.9998962485192302,1
YBX2,0.7490153708747879,0.6892500988374812,0.9998962485192302,1
YEATS4,0.6159406694788332,0.41063266136646104,0.9998962485192302,1
YIPF4,0.3770075690796988,0.33110806362282824,0.9998962485192302,1
YLPM1,0.6988951083508983,0.6812829425668145,0.9998962485192302,1
YME1L1,0.8847096468711931,0.9535207613667678,0.9998962485192302,1
YOD1,0.4164115364752861,0.2622908727182947,0.9998962485192302,1
YTHDC2,0.9768250613304466,0.7583136379241523,0.9998962485192302,1
YTHDF2,0.26605816255563275,0.10013317854360833,0.9998962485192302,1
YTHDF3,0.21978261989684528,0.2934862526429436,0.9998962485192302,1
YTHDF3.AS1,0.24941400432286362,0.08541151569650633,0.9998962485192302,1
YWHAE,0.5696562161626737,0.25428698104699987,0.9998962485192302,1
YWHAZ,0.9682160058104801,0.9664825677385467,0.9998962485192302,1
YY1,0.5501152157434438,0.5960919063551428,0.9998962485192302,1
YY1AP1,0.8221493190197505,0.7645099710585324,0.9998962485192302,1
YY1P2,0.12708541408028373,0.30739926410342583,0.9998962485192302,1
ZBTB11.AS1,0.6484272932436805,0.7398174779622866,0.9998962485192302,1
ZC3H12A,0.2740419122799882,0.11935876845291417,0.9998962485192302,1
ZC3H18,0.7778196048910703,0.8019952928937563,0.9998962485192302,1
ZC3H3,0.48135523447111755,0.4405440163566427,0.9998962485192302,1
ZC3H7B,0.8678619333454523,0.5923602008989084,0.9998962485192302,1
ZC3H8,0.5427241174893815,0.9729669953391165,0.9998962485192302,1
ZCCHC9,0.4596325421593084,0.5231904448107297,0.9998962485192302,1
ZDHHC4,0.2774576960969356,0.1348866393802546,0.9998962485192302,1
ZDHHC6,0.5438514797987315,0.8103885367030182,0.9998962485192302,1
ZDHHC7,0.30324210796763534,0.36737634525867063,0.9998962485192302,1
ZFP91.CNTF,0.6809704532692225,0.41063155335397444,0.9998962485192302,1
ZFR2,0.2325752369460852,0.470000852745657,0.9998962485192302,1
ZMAT3,0.3452084491226851,0.5961142807083593,0.9998962485192302,1
ZNF208,0.894281475805844,0.7093246234453235,0.9998962485192302,1
ZNF248,0.5421622370750528,0.5463787621210028,0.9998962485192302,1
ZNF318,0.21957444713084884,0.3061191640461918,0.9998962485192302,1
ZNF385A,0.6204868711593983,0.9816157028370784,0.9998962485192302,1
ZNF414,0.37912894769909383,0.40755521561691505,0.9998962485192302,1
ZNF593,0.27552615512051093,0.3923768952321065,0.9998962485192302,1
ZNF639,0.8173841227579046,0.7811079617360555,0.9998962485192302,1
ZNF658,0.05274549876491681,0.05899899349641633,0.9998962485192302,1
ZNF664.FAM101A,0.9618234589470732,0.8040921651546518,0.9998962485192302,1
ZNF76,0.5543157501216963,0.6458681670779998,0.9998962485192302,1
ZNHIT1,0.398065464647676,0.2634475660955656,0.9998962485192302,1
ZRANB1,0.30963321748896394,0.4600639325932693,0.9998962485192302,1
ZSWIM8.AS1,0.4886221564585032,0.18360357528475818,0.9998962485192302,1
ZYG11A,0.8655545024764664,0.8804021432537917,0.9998962485192302,1
ZZZ3,0.12234306814880529,0.06828233283220625,0.9998962485192302,1
