att,pval.adj,pval.att,beta.raw.att,beta.Z.att,beta.0,pval.0,gene,p_adj_use,beta_use
MAN2B1,3.2239508771077485e-4,2.0840927724869737e-7,0.11618507269439246,5.063887090733223,-0.12664211504232983,3.9082020665004555e-5,AAK1,3.2239508771077485e-4,0
ANKK1,3.2239508771077485e-4,3.6163217914837334e-7,0.11281425438405787,4.957618865337293,-0.11748195701146011,7.788957751924102e-5,AANAT,3.2239508771077485e-4,0
ARHGAP31,4.2059974298256535e-4,8.074033972937018e-7,0.11083852906929186,4.79884897993963,-0.12187324711452223,8.900606186902791e-5,AATK,4.2059974298256535e-4,0
PSMD12,4.2059974298256535e-4,1.1383692276978e-6,0.10886137643772029,4.729440774434472,-0.11774388811737854,1.2491457009861532e-4,ABCB11,4.2059974298256535e-4,0
PRPF40B,4.2059974298256535e-4,1.1794720779096055e-6,0.10482890721829716,4.722220609595314,-0.11412355683786339,1.5038781618834657e-4,ABCF2,4.2059974298256535e-4,0
TAF4B,9.118636953711255e-4,3.0685261762348585e-6,0.1012425333915121,4.52360942782846,-0.10979380061235283,2.7565883204267155e-4,ABCF3,9.118636953711255e-4,0
PIGU,0.0020311524231315103,7.97423834095377e-6,0.09739946360270561,4.316907732345858,-0.10650931885643386,4.795734137157219e-4,ABCG1,0.0020311524231315103,0
CLOCK,0.002311833860251608,1.0372782323058252e-5,0.09434822344771839,4.258388226045816,-0.09853713470069808,7.643045702301319e-4,ABHD16B,0.002311833860251608,0
ZFP91.CNTF,0.0029382111420048675,1.4831127469458107e-5,0.0895183764317325,4.177630209745602,-0.09149670345240117,0.0012333612754275851,ABI2,0.0029382111420048675,0
MAP7D2,0.0034522138758158044,2.0331424465490123e-5,0.08820881867067411,4.10518886945201,-0.09760278133201407,0.001046914500899181,ABRA,0.0034522138758158044,0
IMPDH1,0.0034522138758158044,2.1298010450910738e-5,0.09076929568899861,4.094424629372426,-0.10175248519019156,8.980440125229037e-4,ACAA2,0.0034522138758158044,0
PSMC3IP,0.004793942014289243,3.22643321208474e-5,0.08720701554646855,3.9970034799405774,-0.0961413542684454,0.0013499803549562085,ACAD11,0.004793942014289243,0
RPSA,0.006335533567850029,4.619289757826718e-5,0.0870840670937966,3.9110770827812,-0.08995985738136153,0.002038172022061941,ACAP3,0.006335533567850029,0
ATF7,0.009107894166996046,7.151459244977265e-5,0.08547460029539948,3.8040816095479624,-0.09171992188695363,0.0022625792944097503,ACBD4,0.009107894166996046,0
VEZT,0.010124478107080129,8.517508222445425e-5,0.07912491900101302,3.760529514320651,-0.09007977754196393,0.002597930070230748,ACKR1,0.010124478107080129,0
GML,0.010404268328412718,9.336415774234632e-5,0.0882777183631889,3.737477708648254,-0.09582291569226613,0.0021788370660872614,ACMSD,0.010404268328412718,0
ERP44,0.010864356426051682,1.0358612408462065e-4,0.08357049322374721,3.711234672843519,-0.08970369400752115,0.002864560287774872,ACOT1,0.010864356426051682,0
PITPNA,0.0158453390709072,1.5996416336305641e-4,0.08119898530667193,3.599639334997909,-0.08729422690327046,0.0037762887442989086,ACP2,0.0158453390709072,0
EMR1,0.018080461401724816,1.9266896614288922e-4,0.08029029460621788,3.5509216471657306,-0.08570853035915318,0.0043398347608775015,ACSL6,0.018080461401724816,0
SETMAR,0.021274688008907607,2.3863923734052277e-4,0.0773396127170761,3.4941446062629002,-0.08634399929701997,0.004652399296951305,ACSS2,0.021274688008907607,0
TMED3,0.02318701861940378,2.7309444251681403e-4,0.0754877242676597,3.457939953364488,-0.07931676544189248,0.006412727509716276,ACTBL2,0.02318701861940378,0
DENND4C,0.0233579730794248,2.896426310601531e-4,0.07692967675295725,3.442042481709725,-0.08427025878101622,0.005449108918036947,ACTG1P4,0.0233579730794248,0
UBR7,0.0233579730794248,3.035844185258407e-4,0.0793553993701711,3.4292923044417476,-0.08621509225258239,0.005197226464829935,ACTR10,0.0233579730794248,0
VCPIP1,0.0233579730794248,3.1440905995860636e-4,0.07622118289492541,3.41976333786959,-0.08450418916499208,0.005598394701676334,ACTR1B,0.0233579730794248,0
YTHDC2,0.026369183995788636,3.6973056640197195e-4,0.07533940317642794,3.3753751695379837,-0.0775047357858024,0.007764495106508711,ACTR3B,0.026369183995788636,0
RBM24,0.02798479537930902,4.0807890065173e-4,0.0754427491901766,3.348097498690074,-0.08151648324492627,0.006963623346031945,ADARB1,0.02798479537930902,0
CLIP1.AS1,0.035342093985314064,5.35185943692361e-4,0.062057255779071015,3.2721336311308113,-0.06521219406076298,0.0149733365153173,ADCY8,0.035342093985314064,0
MRPS17,0.036657754854334555,5.906496214097835e-4,0.07356544293577212,3.2441269595928297,-0.08049254041946835,0.008474127344868548,ADD2,0.036657754854334555,0
ATP6V1G2,0.036657754854334555,6.08760513799673e-4,0.07200575188361219,3.2355071762947314,-0.07802023580616749,0.009341244109839941,ADD3.AS1,0.036657754854334555,0
SCAMP3,0.036657754854334555,6.167877990073116e-4,0.07141589355684368,3.2317621766343847,-0.07865049556335263,0.009193076175718492,ADIPOR2,0.036657754854334555,0
POLE4,0.05030301668899453,8.745897461350703e-4,0.07388987633780388,3.1305083903831563,-0.07822998287144908,0.010862535645061674,ADIRF,0.05030301668899453,0
ANKMY1,0.052198690779237805,9.368245120222153e-4,0.07135693120657208,3.1102454421683388,-0.07739187931601858,0.011504429967689515,ADNP2,0.052198690779237805,0
PLEKHD1,0.06200636175494526,0.0011747607702758038,0.06899292910890226,3.0427190340473262,-0.07545935306576815,0.01352897609300254,ADPGK.AS1,0.06200636175494526,0
TBC1D3,0.06200636175494526,0.0011823983733416372,0.0702843557252223,3.0407667397737193,-0.07325583352693753,0.01457114135870033,ADRBK2,0.06200636175494526,0
TAC1,0.06857256261705004,0.001346068251035755,0.06763143738385162,3.001483680600489,-0.075998222209090735,0.01414292315994361,ADSS,0.06857256261705004,0
CNOT8,0.07001753415541072,0.0014137023160935422,0.069373218750822,2.986514817460309,-0.07588598980137658,0.014510725726118058,ADSSL1,0.07001753415541072,0
TLN2,0.0715839377942099,0.0015941727914957212,0.06900126964792291,2.9495593116367007,-0.07404658070351874,0.0161972040296671,AFM,0.0715839377942099,0
COBL,0.0715839377942099,0.0015971523832793836,0.06700605475642772,2.9489818484935038,-0.07537108637715403,0.015584062430864598,AGA,0.0715839377942099,0
ANP32C,0.0715839377942099,0.0016008345639688534,0.0652253217999639,2.948269574305028,-0.07171422042776932,0.0174487171374794,AGPAT4,0.0715839377942099,0
SLC25A47,0.0715839377942099,0.001655475104907236,0.06605297281912174,2.9378718141989317,-0.06999330349324602,0.018720664015767427,AGPAT9,0.0715839377942099,0
EZH2,0.0715839377942099,0.0017097077855486777,0.06472048131022924,2.9278563248549943,-0.07063709268528054,0.01857877820412464,AHCYL2,0.0715839377942099,0
TACC2,0.0715839377942099,0.001750276207310886,0.06382476094061365,2.9205516932425333,-0.06925857337861925,0.01963091854381827,AHSA2,0.0715839377942099,0
PAPD5,0.0715839377942099,0.0017573457730224722,0.06617404605485831,2.919294561516912,-0.07329461736976918,0.017312958449566693,AIFM2,0.0715839377942099,0
POLR2F,0.0715839377942099,0.0017794044778217811,0.06400580862728998,2.9154013848897447,-0.06855758960289299,0.02023438368671952,AIM1L,0.0715839377942099,0
YME1L1,0.0715839377942099,0.00180666135767776,0.06635776251222593,2.9106509757523042,-0.07318440515179271,0.017588313851733706,AIMP2,0.0715839377942099,0
FAM135A,0.07942870390051718,0.002049198193731795,0.06522307439226284,2.871033591138157,-0.07114894120639428,0.019782549956010576,AK3,0.07942870390051718,0
CLSTN2,0.08198585883349042,0.002161152756687633,0.06647256117423284,2.85416580823682,-0.07253192225336529,0.019452143879291315,AKAP11,0.08198585883349042,0
HDAC10,0.08227639156613323,0.0022318162215823755,0.06268896797457664,2.8439226908277115,-0.068745760285374,0.022112057971517978,AKAP8L,0.08227639156613323,0
MLLT10P1,0.08227639156613323,0.0022611010581831343,0.06131800449268233,2.8397636069852163,-0.06657991926739994,0.023844937541544042,AKIRIN2,0.08227639156613323,0
GIMAP1,0.08614555127687802,0.0024334060801501447,0.06532795289255885,2.8162373984112588,-0.07042366923802007,0.0218302284555484,AKNAD1,0.08614555127687802,0
PSPH,0.08614555127687802,0.0024990048192211527,0.06489657270053914,2.8076754540577977,-0.07175634298799244,0.021265542390273732,AKT1S1,0.08614555127687802,0
REV3L,0.08614555127687802,0.0025123772666279624,0.06079861666369144,2.805955062080043,-0.06484683419228399,0.02636761178313854,AKT3,0.08614555127687802,0
CDC42SE2,0.11139690431797442,0.003311293285952128,0.05900363481044928,2.715717684824254,-0.06523795757644854,0.02918880591874115,ALAS1,0.11139690431797442,0
FOXJ3,0.1183654240134931,0.0035848193475763474,0.05989129315452543,2.6893162206298613,-0.06381332918893648,0.03154794442355767,ALDOB,0.1183654240134931,0
BAZ2A,0.11910274554434042,0.0036739489651927775,0.05959296960045777,2.681103528175482,-0.06596479412597292,0.029878578156388773,AMDHD1,0.11910274554434042,0
SYNDIG1,0.11930094839067557,0.003746973140705458,0.060349741898658375,2.6745070191536913,-0.06777480270977443,0.028636587267217514,AMH,0.11930094839067557,0
PITRM1.AS1,0.12078986025869601,0.0038614817917810838,0.05771904022257863,2.6643916485013635,-0.06420750102845915,0.03215849800798224,AMZ2P1,0.12078986025869601,0
MRPS28,0.13162407112124286,0.004281657950102123,0.05797906409282244,2.6294411163427176,-0.06279381100731701,0.03506855641645174,ANAPC1P1,0.13162407112124286,0
RPL23A,0.13669172907740487,0.004523169947036953,0.0561917490510232,2.610718009450749,-0.05822620032682441,0.04144922988463125,ANAPC7,0.13669172907740487,0
SDHAF1,0.14518715475136537,0.004885714685968549,0.05818637861801098,2.5842231367253703,-0.06327850357170166,0.03659716165813891,ANKH,0.14518715475136537,0
HSP90AB1,0.1479373800066492,0.005061233976671677,0.056274842897273455,2.57202066779742,-0.060571203752345454,0.04023846903480236,ANKK1,0.1479373800066492,0
RHOB,0.15931218375992337,0.005632708523014271,0.05167555710796861,2.53474360932229,-0.05462369420820512,0.050846679316420486,ANKMY1,0.15931218375992337,0
UBASH3A,0.15931218375992337,0.005716887367840318,0.05580015606411034,2.529539598448982,-0.06077122255906142,0.042110240553826575,ANKRD12,0.15931218375992337,0
MAPKAP1,0.15931218375992337,0.00571844069581329,0.054932390972933516,2.5294442112699005,-0.058529671797875236,0.04504107455373997,ANKRD13B,0.15931218375992337,0
CAPRIN2,0.1719820866234877,0.006269677863447393,0.05706051414399673,2.496962729074745,-0.06242885584505833,0.0418734912678884,ANKRD18A,0.1719820866234877,0
PPP1CB,0.17386891124346754,0.006435977645579841,0.056366336560541325,2.4876605629589736,-0.0631407936570981,0.04158786741350111,ANKRD44.IT1,0.17386891124346754,0
DBP,0.17469802918864386,0.006586191251034936,0.05057042658220917,2.4794392617886376,-0.052402099572534194,0.05812136231922476,ANP32A.IT1,0.17469802918864386,0
DCTN1.AS1,0.17469802918864386,0.0066626281462859125,0.05279003032467738,2.475319287053685,-0.0540976125858139,0.05508252004777256,ANP32C,0.17469802918864386,0
CELF2.AS2,0.17545445054099054,0.006942275584109361,0.052523170970265036,2.4605938060990815,-0.0554631451930866,0.05354638487636538,ANXA13,0.17545445054099054,0
PRDM4,0.17545445054099054,0.006977958041896433,0.05408375252616456,2.458752722675106,-0.057256617272959075,0.05078204610543061,ANXA7,0.17545445054099054,0
GRK7,0.17545445054099054,0.006986688720364739,0.0525033454289521,2.458303517742101,-0.0562380727431671,0.05240258408562191,ANXA8,0.17545445054099054,0
CCT4,0.17860985424198608,0.007296286261140597,0.05516665290642339,2.4426859966395864,-0.05959203307353834,0.048391079177653624,AP1B1P1,0.17860985424198608,0
VRTN,0.17860985424198608,0.0073629712868904925,0.054818701080923994,2.439398782520833,-0.059449583521605114,0.04877564056090985,AP1M2,0.17860985424198608,0
TM9SF1,0.17860985424198608,0.007498931036683329,0.0536054810603256,2.4327771933083877,-0.0564830846749035,0.05351878977888835,AP2B1,0.17860985424198608,0
CNDP1,0.17860985424198608,0.007513033689371259,0.056383986894045,2.4320964268523766,-0.05987124387570172,0.04864686930552136,AP2M1,0.17860985424198608,0
GLI1,0.17934000995934232,0.0076443302057823985,0.05650778247535897,2.425811906181564,-0.0608801066625735,0.047737287397424395,AP2S1,0.17934000995934232,0
RING1,0.18330371740433923,0.007916088749374156,0.055109210499262325,2.4131004347901546,-0.06018004664472568,0.049391679203041,AP3M1,0.18330371740433923,0
PGK2,0.18803400244318308,0.008225828486016983,0.05019820821389515,2.3990722135534464,-0.056150396009007474,0.05614680070066016,AP3M2,0.18803400244318308,0
GPIHBP1,0.1882483770699702,0.008340786196594304,0.04936630235807667,2.39398366030147,-0.05204630369826957,0.06408313833969533,APBB2,0.1882483770699702,0
FBXO15,0.19971538823511287,0.008960869915204166,0.05343370746563774,2.3675530311706092,-0.058814246478722805,0.054133172984330874,APELA,0.19971538823511287,0
FXR2,0.2042450590560071,0.009278659441131001,0.0544144808661557,2.3546234232941585,-0.059543886351840575,0.053981286164175364,APEX2,0.2042450590560071,0
LARS,0.21077423412040827,0.009800685249818192,0.051038723415428124,2.33420203631729,-0.05750544694408621,0.05831688804176278,APH1B,0.21077423412040827,0
CSNK1A1L,0.21077423412040827,0.0098117001861996,0.050915289970757095,2.33378147787815,-0.05466201609042271,0.06305922705560209,APIP,0.21077423412040827,0
ABCF3,0.21348486487815002,0.01018406866420653,0.05314112512127572,2.319801163113536,-0.057687418939367664,0.05904136198119084,ARAP1,0.21348486487815002,0
ATP5H,0.21348486487815002,0.010271292095627677,0.05195670752057202,2.3165910112269583,-0.05700441451847643,0.06032452758102835,AREG,0.21348486487815002,0
NFKB2,0.21348486487815002,0.010297082658172127,0.05347521205182422,2.315646375897169,-0.05826116668628305,0.05847890129572271,ARF1,0.21348486487815002,0
TAOK1,0.21387188096571214,0.010435700305113267,0.05257926896314689,2.3106042693075444,-0.057256709827783,0.0603579468994801,ARF3,0.21387188096571214,0
CCDC89,0.21516443886223166,0.010716965808308996,0.04990095404977876,2.300550322689444,-0.05482608813016934,0.06513998248103305,ARF4,0.21516443886223166,0
PPP1R12A,0.21516443886223166,0.010740120616230295,0.05038163384922857,2.2997329225070584,-0.05598734855754907,0.06319395786719884,ARFGAP1,0.21516443886223166,0
IDUA,0.22283220207197268,0.011544337247105239,0.04927504659912668,2.272252496997035,-0.05179551829300038,0.07319976610330695,ARFGAP3,0.22283220207197268,0
TMSB15A,0.22283220207197268,0.01155087850805338,0.050048400439897243,2.2720358926146367,-0.053673791688137885,0.06940659855466418,ARFGEF1,0.22283220207197268,0
C19orf10,0.22283220207197268,0.011590259772407371,0.0491933342298404,2.270734085894857,-0.05292405336974873,0.07098208196096349,ARFGEF2,0.22283220207197268,0
GLUD1P3,0.22283220207197268,0.011622767690798352,0.05033315020381767,2.269662378849327,-0.05548314616765526,0.06630346916878595,ARFIP1,0.22283220207197268,0
SNX7,0.23279217732935698,0.012272834923701377,0.05025743737086897,2.2487593171041387,-0.053731104603586856,0.07110812320027396,ARHGAP10,0.23279217732935698,0
DHRS1,0.23543810795599104,0.012544374792944,0.046212055239246694,2.240311104405853,-0.04810718060029337,0.08455727756293153,ARHGAP31,0.23543810795599104,0
RNF40,0.23579944590052584,0.012876708805686695,0.04989286214937971,2.2301843055336232,-0.05614739809858084,0.06827762826597117,ARHGDIB,0.23579944590052584,0
TAF1A,0.23579944590052584,0.012924101021173686,0.047675690309959586,2.228758653792648,-0.050720448813993284,0.0790150913912711,ARHGDIG,0.23579944590052584,0
C10orf55,0.23579944590052584,0.013026429048082504,0.05122300397672959,2.2256957785146985,-0.055145395890307904,0.0703592407637977,ARHGEF10,0.23579944590052584,0
ABCG1,0.23579944590052584,0.013092622066265876,0.05003416761763816,2.2237255560352387,-0.05438053659382964,0.07190517440403175,ARHGEF25,0.23579944590052584,0
KIAA0226L,0.239057007616233,0.013407571935851544,0.04908448867484338,2.214467431611401,-0.05358016825946763,0.07417400460607192,ARHGEF3.AS1,0.239057007616233,0
KIAA1024,0.24115761962504548,0.013716817770429464,0.05069996286360898,2.2055579540586137,-0.056227044109518405,0.07017115218065585,ARHGEF7,0.24115761962504548,0
C11orf63,0.24115761962504548,0.01393930440403231,0.04874724546638722,2.199254633354188,-0.05273211965740205,0.07712997808039301,ARHGEF7.AS1,0.24115761962504548,0
RAB6B,0.24115761962504548,0.01396570033593611,0.04518729878060108,2.198512572471662,-0.04709499062783244,0.09080007104317267,ARID1B,0.24115761962504548,0
RPS21,0.24115761962504548,0.014066400696020599,0.04877005483431603,2.195692673782028,-0.053044019174580084,0.07680349357897538,ARID4B,0.24115761962504548,0
MAN1B1.AS1,0.24301805582831199,0.014418746349916542,0.05069653854133092,2.1859609990865563,-0.054507937509724026,0.07483823832921407,ARIH2,0.24301805582831199,0
TOMM20L,0.24301805582831199,0.014447512012227185,0.04936141370204948,2.18517557583898,-0.05127112757378972,0.08143355963520853,ARIH2OS,0.24301805582831199,0
CCDC23,0.24404778768803048,0.014645604757498182,0.04916966346608327,2.1798030749345862,-0.05265649795578648,0.07895081916070294,ARL3,0.24404778768803048,0
COPS6,0.25295352555925077,0.015321918542007337,0.049868074258143505,2.161919762336752,-0.053610882632161565,0.07863867578353756,ARL6IP4,0.25295352555925077,0
DCTN1,0.2531709660283676,0.015608445640060307,0.04981326649617399,2.154547241225214,-0.05494340193321544,0.07682170463103911,ARL6IP6,0.2531709660283676,0
CHD4,0.2531709660283676,0.015629077496544647,0.04762893210132074,2.1540208667086738,-0.054123221581235406,0.07837182378844437,ARMC9,0.2531709660283676,0
MFNG,0.2531709660283676,0.015881990054625948,0.04874236163046934,2.1476163612072448,-0.05390259199366445,0.07937137554964425,ARPC1B,0.2531709660283676,0
ABCF2,0.2531709660283676,0.015953965877185883,0.04530082086111573,2.145809710688292,-0.05006741896286594,0.08769480752604486,ARPC2,0.2531709660283676,0
PDCD2L,0.2531709660283676,0.016147879806994093,0.04807172710848101,2.1409768586048736,-0.05297214084153118,0.08178920165218401,ARPC3,0.2531709660283676,0
PRPF8,0.2531709660283676,0.01631009463424399,0.043277766618893224,2.1369720878031035,-0.04604301489086018,0.09930449794310008,ARPC4,0.2531709660283676,0
NOP10,0.2531709660283676,0.01632903033834115,0.04586973924641454,2.1365068284760524,-0.04804511473882954,0.09364410008519654,ARPC4.TTLL3,0.2531709660283676,0
MAX,0.25390300615879147,0.01651864762446428,0.04684607316723589,2.131873144080022,-0.05284473906265087,0.0828873723154332,ARPC5L,0.25390300615879147,0
YY1,0.2546152115735448,0.016815078477525246,0.0477774684904483,2.1247196764872194,-0.0529378104900507,0.08337341349444496,ARPP21,0.2546152115735448,0
ADIPOR2,0.2546152115735448,0.016850586071608685,0.04747389954931713,2.1238700587495885,-0.051517053437532455,0.08642216195739708,ARRDC1,0.2546152115735448,0
ADPGK.AS1,0.257108105168852,0.017159766974253164,0.04467864493169468,2.1165360508687177,-0.04834262988970164,0.09470988474832434,ARRDC3,0.257108105168852,0
SEPW1,0.25722211858629324,0.017455959747849414,0.048400773758589456,2.1096152932948127,-0.05364356529772933,0.08342322963415304,ASB7,0.25722211858629324,0
MDH1B,0.25722211858629324,0.017605454997656325,0.045675046583875153,2.1061602372254256,-0.05072166571887408,0.08987891938652234,ASB8,0.25722211858629324,0
CRKL,0.25722211858629324,0.0177374940940347,0.04712552176361067,2.1031293847112895,-0.050281265825491646,0.09118532924840568,ASB9,0.25722211858629324,0
SDHAP1,0.25722211858629324,0.017744431063440307,0.04853381064390642,2.102970685090679,-0.05312761194969655,0.08507265944576417,ASCC3,0.25722211858629324,0
RPS12,0.26039481524591657,0.018109342170776026,0.047603026774960804,2.094696167016596,-0.05110619139567119,0.09012412959715053,ASIC1,0.26039481524591657,0
CHD9,0.26043268533304875,0.018258040194408916,0.04866860439116256,2.0913650964499912,-0.05334682027548351,0.08577814494158141,ATF3,0.26043268533304875,0
SIL1,0.2704000568837705,0.019108472892515473,0.047239690648280236,2.0727463196099216,-0.050685548077936855,0.0932625949024647,ATF5,0.2704000568837705,0
NEK8,0.27232705308896615,0.0193973840394272,0.045670366113109324,2.0665814268435914,-0.05073843128494748,0.09376227284036932,ATF7,0.27232705308896615,0
PSMG1,0.2737524455001393,0.019652447012909604,0.045126778386136226,2.061203311060184,-0.04803314465354286,0.10096772624927171,ATG13,0.2737524455001393,0
SECISBP2L,0.2785293295068563,0.02021863661979358,0.045499720857753737,2.049473553816034,-0.05037122643809213,0.09636880739458885,ATG14,0.2785293295068563,0
CBX3P2,0.2785293295068563,0.02047914927025604,0.046203361915379,2.0441698667723847,-0.04944837209848116,0.09911351243338296,ATG4C,0.2785293295068563,0
ARFIP1,0.2785293295068563,0.020554028168136954,0.0453533021507025,2.042656015574038,-0.047371496779618306,0.10467927881687757,ATG9B,0.2785293295068563,0
RNF115,0.2785293295068563,0.020665661595429,0.04654013979519497,2.0404077391155178,-0.04942208404681923,0.09957573881668814,ATN1,0.2785293295068563,0
TNIP2,0.2785293295068563,0.020892508122852274,0.04734701182985137,2.035870601783526,-0.05114486809050259,0.09604698728052234,ATP11C,0.2785293295068563,0
TIAM1,0.2785293295068563,0.020932658527155777,0.04263850137350752,2.035071905810823,-0.04644254464191785,0.10811962492852142,ATP1A1.AS1,0.2785293295068563,0
HMG20B,0.2829085777496258,0.021568819264047332,0.04681525432055471,2.0225868810242793,-0.05134306701201834,0.09704130456444668,ATP2A3,0.2829085777496258,0
SERINC4,0.2829085777496258,0.021579117540072412,0.04536462324492245,2.0223873466250932,-0.050926229323685936,0.09798204981224032,ATP2C2,0.2829085777496258,0
DDX19A,0.2837212654791411,0.02180023183995644,0.044223478415225746,2.01812243570971,-0.046970720078417974,0.10838969564153836,ATP5B,0.2837212654791411,0
BUD13,0.29186258178678953,0.022674894207690345,0.04317866753493978,2.001601796057997,-0.04706429387047829,0.10993294483513331,ATP5C1,0.29186258178678953,0
EIF3F,0.29186258178678953,0.022753168181920216,0.043473991587522125,2.000149703736385,-0.04826356301397561,0.10684915332985392,ATP5D,0.29186258178678953,0
KDM3A,0.3064837855437939,0.024064907445951286,0.043548922215050516,1.976420102711233,-0.04820653064650952,0.10967221401470285,ATP5G1,0.3064837855437939,0
KY,0.30722199289614976,0.02446174726547077,0.04366706093797578,1.9694556363511508,-0.04890131097900605,0.10870367662227146,ATP5G3,0.30722199289614976,0
TSPAN15,0.30722199289614976,0.024467483449945746,0.042607325000212644,1.9693556650961634,-0.04533496146683328,0.11865153899372559,ATP5H,0.30722199289614976,0
MTOR.AS1,0.30752246208985845,0.024665992269687582,0.044632657969698813,1.9659080787639982,-0.04957832073541781,0.10745995349070628,ATP5L2,0.30752246208985845,0
KDM4A,0.30752246208985845,0.025008814984459025,0.04446896884004978,1.9600085714583566,-0.04715092534280027,0.11440376837700686,ATP5S,0.30752246208985845,0
FAM205A,0.30752246208985845,0.02500883735447531,0.043680269879166185,1.9600081887200813,-0.04663974345618074,0.11584728885900125,ATP6AP1L,0.30752246208985845,0
PPRC1,0.31169154298503615,0.025522695050933977,0.04061721228536863,1.9512911426838528,-0.04289386680193398,0.12887103007951364,ATP6V0A1,0.31169154298503615,0
SHC2,0.31343800500396524,0.02618484650124921,0.04397017903112623,1.9402726126324614,-0.04783512051129138,0.11489232018076437,ATP6V0E2,0.31343800500396524,0
XPNPEP2,0.31343800500396524,0.02629320673368333,0.04347932191038573,1.9384916930776188,-0.048296345588869256,0.1139002429590941,ATP6V1E2,0.31343800500396524,0
HNRNPDL,0.31343800500396524,0.02640800458602296,0.04483171802810304,1.936611651509191,-0.047347285932522194,0.11663750836732946,ATP6V1G2,0.31343800500396524,0
AP1B1P1,0.31343800500396524,0.026479006296838928,0.04488743126376248,1.9354522746824552,-0.04901883483900597,0.11245100795662474,ATRIP,0.31343800500396524,0
TEX264,0.31343800500396524,0.026544665594839454,0.04414628269740352,1.9343824432320469,-0.04907392352757394,0.1124417620941078,ATXN1L,0.31343800500396524,0
SH3BP1,0.3220735792564176,0.027456637154781537,0.042968667845925866,1.919746993540131,-0.04741173618198743,0.11852033572282493,ATXN2,0.3220735792564176,0
ANKRD44.IT1,0.3242842515144582,0.027857502014061206,0.042326303063011904,1.9134418588462057,-0.046378154340484166,0.1221829235387363,ATXN3,0.3242842515144582,0
RRAD,0.3242842515144582,0.028145867256798716,0.03882936320629538,1.9089528010412795,-0.04023634640417877,0.1442185695844016,ATXN7L3B,0.3242842515144582,0
STRBP,0.3242842515144582,0.028190722930309043,0.04344230062703653,1.908257966875287,-0.045994354331107566,0.12393513106399759,ATXN8OS,0.3242842515144582,0
CARD10,0.3403077191717304,0.029849003360578302,0.04325785316255669,1.8831937114696227,-0.047919262886565346,0.12180671740870938,AURKA,0.3403077191717304,0
C16orf70,0.3403077191717304,0.029965402080741266,0.04196414507103891,1.8814782076019392,-0.04549953620959363,0.12879654875133642,AZU1,0.3403077191717304,0
PIK3R6,0.3446288919437514,0.030539183918739606,0.043147976784686765,1.873101593275309,-0.04732489227035344,0.12469849832601779,B4GALT1.AS1,0.3446288919437514,0
MBD2,0.3487237372517255,0.031097629962436545,0.04162124761719057,1.865073142857724,-0.045892070495240814,0.12976890739112035,BACE1,0.3487237372517255,0
CAND1.11,0.3488113417259879,0.03131258548262406,0.039958174767367204,1.862014636674882,-0.04247329766901807,0.1412962298408773,BAGE,0.3488113417259879,0
EPS8,0.3488113417259879,0.031578585984001865,0.042893626209166605,1.8582537820763316,-0.04687070191233924,0.12790221217496747,BARD1,0.3488113417259879,0
ANKH,0.3488113417259879,0.03184374635395366,0.040724527490657365,1.8545307783726919,-0.04313516036122172,0.13992652425197374,BAZ1B,0.3488113417259879,0
PSMB9,0.3488113417259879,0.03192218851417235,0.042460142012140135,1.8534343157500426,-0.045968082878838655,0.13109417660839232,BAZ2A,0.3488113417259879,0
SMARCD1,0.3488113417259879,0.03222010944228411,0.03862084583592179,1.849290153957489,-0.04139030569953739,0.14697335763128738,BAZ2B,0.3488113417259879,0
ZNF385A,0.3488113417259879,0.032279232408742566,0.04194337639308827,1.8484715021502183,-0.04706076957117775,0.12870509701807584,BCAR1,0.3488113417259879,0
GATC,0.3500069085807556,0.03258617320493855,0.042078478208855914,1.8442411978571525,-0.04591341447101667,0.13249636949466284,BCDIN3D,0.3500069085807556,0
C7orf31,0.35654738749916887,0.033421793068354765,0.03811119714451811,1.8328887949572896,-0.04113497819174639,0.15012682168415684,BCL7C,0.35654738749916887,0
RTFDC1,0.35654738749916887,0.03372241739574828,0.040949821688939056,1.8288617915854537,-0.04489984191732,0.13762328776696356,BCMO1,0.35654738749916887,0
GART,0.35654738749916887,0.03379501317294421,0.042009753647831265,1.8278937684243428,-0.045785929494722766,0.13511127662273456,BECN1P1,0.35654738749916887,0
NT5C3A,0.3567925273061636,0.03401835650142895,0.04131258166940358,1.8249263028681648,-0.045587787155344686,0.1361009153374072,BFSP1,0.3567925273061636,0
PATL2,0.359922285176686,0.034549121963930694,0.0401738808442793,1.8179380057096732,-0.0431383282865157,0.14483372200757977,BID,0.359922285176686,0
PWWP2B,0.359922285176686,0.03472048965249018,0.04024184085717497,1.8157005428371527,-0.044596725868488174,0.1403898992002657,BIN3,0.359922285176686,0
ARFGEF1,0.36935821865793705,0.035837897828279924,0.03931264463429308,1.8013293025075718,-0.04314856928932092,0.14711678621686544,BIRC3,0.36935821865793705,0
NDC1,0.36953740470967117,0.03606253977536892,0.037505095052062655,1.7984845937045557,-0.03919588520216931,0.1627606409953065,BLID,0.36953740470967117,0
LGALS8.AS1,0.37561715364498577,0.03690318571541468,0.0400841214014131,1.787966336676418,-0.04434400813816251,0.14513024611303443,BLVRA,0.37561715364498577,0
TBRG4,0.37561715364498577,0.03723697656318584,0.038561578777134134,1.7838442165963302,-0.04142849933100185,0.1557352170976743,BMS1P17,0.37561715364498577,0
DCPS,0.37561715364498577,0.03731803607837581,0.04017337607457026,1.7828477388263995,-0.04480995504271374,0.14443791254075902,BNIP3,0.37561715364498577,0
TRPC5,0.37561715364498577,0.03768887200534357,0.03960737773340091,1.778311414247145,-0.043238542581840594,0.15011388274591111,BPY2,0.37561715364498577,0
NOP14.AS1,0.37561715364498577,0.03770918143715785,0.04166721542273293,1.7780640295343626,-0.04489980105836039,0.14486708712795762,BRAT1,0.37561715364498577,0
PTBP2,0.3760258036432576,0.03805167665547512,0.04139438261839271,1.7739084636089446,-0.045160115157415075,0.14470559666090302,BRD3,0.3760258036432576,0
RAC1,0.3760258036432576,0.03817199689255728,0.04093218008706389,1.7724558362435587,-0.045334149230243266,0.14440969527955144,BRD4,0.3760258036432576,0
GPN2,0.3785733977229663,0.03864293796162639,0.03958285883421773,1.7668058242926796,-0.04287901915581613,0.1530149117398707,BRD7,0.3785733977229663,0
CARS2,0.3800793990024092,0.03905015858376269,0.04034682669736469,1.7619653447232693,-0.044904940017520364,0.14725458398193558,BRDT,0.3800793990024092,0
RELB,0.3800793990024092,0.03942963908911159,0.03904778747468068,1.7574914584918584,-0.04403072581875651,0.1506259674502347,BRMS1,0.3800793990024092,0
YWHAE,0.3800793990024092,0.0394361687130935,0.039296847000980094,1.7574147846967183,-0.04475247284674753,0.1484040593462568,BRMS1L,0.3800793990024092,0
ADSSL1,0.3855370476782833,0.04021867126649506,0.0388977665229086,1.748300155995925,-0.04376394008819533,0.15286563181992935,BRPF3,0.3855370476782833,0
DDX43,0.3871471935881198,0.041018524652404166,0.03676248160161829,1.7391311203148807,-0.04004368739271395,0.16765405779029305,BSG,0.3871471935881198,0
COPB2,0.3871471935881198,0.04108735527541866,0.040130453425580345,1.7383488874041066,-0.04413565036117089,0.15321897192675765,BSN,0.3871471935881198,0
SMARCD3,0.3871471935881198,0.04114374982692884,0.037912939288086145,1.7377087772540303,-0.03947455286348015,0.170206235416964,BTBD10,0.3871471935881198,0
CBL,0.3871471935881198,0.04159134919763509,0.03764933975647502,1.732653340394123,-0.0408366845592611,0.16549355070038366,BTF3L4,0.3871471935881198,0
WARS,0.3871471935881198,0.04176553889647917,0.035083004032567464,1.7306978578457268,-0.035187167022070844,0.1920058171478982,BTF3P11,0.3871471935881198,0
USP24,0.3871471935881198,0.04186626028245655,0.03899093028050887,1.7295701551914981,-0.043510154687878354,0.156567038074646,BTG2,0.3871471935881198,0
MPHOSPH9,0.3871471935881198,0.04207699113801248,0.039138206021654375,1.7272178463581203,-0.04367576906058685,0.15640404311946995,BTN2A2,0.3871471935881198,0
KIAA0319,0.3871471935881198,0.042123699134097164,0.03650836179101714,1.7266977543270083,-0.037727107316579536,0.179579278192186,BUD13,0.3871471935881198,0
AP3M2,0.3916097455831011,0.04282888412153938,0.04011941370686508,1.7189016878192815,-0.04309086416683359,0.15961243344825368,C10orf55,0.3916097455831011,0
STK17A,0.392359376455597,0.04328614380264296,0.03577357659589379,1.7139018104673018,-0.03779778478129439,0.18115424998818005,C10orf82,0.392359376455597,0
RNPS1,0.392359376455597,0.04335097990002951,0.0389447589570524,1.7131963221607682,-0.0440716663204823,0.1573807807438737,C11orf63,0.392359376455597,0
XRCC6BP1,0.3945054568588086,0.04397226994136697,0.03874444796973669,1.7064788296986004,-0.04179483995189014,0.16601417953120917,C14orf164,0.3945054568588086,0
SFT2D1,0.3945054568588086,0.04427374935842971,0.0393123029935791,1.7032467394247528,-0.04293376164792499,0.16262198804999883,C14orf169,0.3945054568588086,0
USP34,0.3945054568588086,0.044298653053714686,0.038588825044639966,1.7029805469656287,-0.042687891979218184,0.1634843527839242,C16orf70,0.3945054568588086,0
CSPG4,0.3945054568588086,0.0444731333867754,0.03719175668565951,1.7011189238368836,-0.03896875187160449,0.17786621351202145,C16orf74,0.3945054568588086,0
GTPBP3,0.39889496360325366,0.045191689651069684,0.03839456644559309,1.6935137222744503,-0.04256060899782698,0.16544164829615773,C17orf64,0.39889496360325366,0
SLC12A7,0.3993474604516279,0.045466929036276194,0.03867285219190274,1.6906263580715666,-0.04210316545448593,0.16747792305727882,C17orf89,0.3993474604516279,0
C16orf74,0.40495871730095623,0.046332909887490226,0.03897994578300534,1.6816326302640272,-0.04201835199364189,0.16923804125443967,C19orf10,0.40495871730095623,0
TFCP2L1,0.4076708037736681,0.0468718534905227,0.03787000794662551,1.6761033160446799,-0.04208042777867432,0.16993277602503415,C1orf50,0.4076708037736681,0
IRAK1BP1,0.4096069359170107,0.047324188894506,0.03700793475842928,1.6715017924473812,-0.04064890369564557,0.175856471297741,C4orf32,0.4096069359170107,0
SLU7,0.4162971013850284,0.048515991399202194,0.038312123999721656,1.6595443393962157,-0.04217200161289632,0.1723975287338119,C6orf118,0.4162971013850284,0
PDHA2,0.4162971013850284,0.04856410380711492,0.037780197454262796,1.6590665816391261,-0.04200665714390077,0.17304156671663454,C6orf99,0.4162971013850284,0
RPS6KA4,0.4176268311351609,0.048953453565478755,0.035769830718082735,1.655214183798207,-0.037617363644279166,0.19110122830954376,C7orf31,0.4176268311351609,0
DHX32,0.4245204643205461,0.049999606005224156,0.03717817687757302,1.644982973883158,-0.04095636632961111,0.17915354175172785,C9orf84,0.4245204643205461,0
CNOT11,0.43218832362718,0.051397235220547996,0.03542423095386253,1.631577446251976,-0.03908561201234235,0.1886733477146728,CAB39L,0.43218832362718,0
RTKN,0.43218832362718,0.05156909710732248,0.037345024111440965,1.6299491191429707,-0.04027303831579775,0.1842753326323973,CALCOCO2,0.43218832362718,0
POLR2D,0.43218832362718,0.051629900691300815,0.03682935465449345,1.6293740614162018,-0.04099545389259296,0.18170577596465548,CALCR,0.43218832362718,0
TAP1,0.43670763136295354,0.0524147129061537,0.035979129780070576,1.6219994857630502,-0.038793967952385704,0.1915026985111609,CALM2,0.43670763136295354,0
FAM104B,0.43956987393966396,0.05300478008806941,0.03551984765417952,1.6165123877014298,-0.039548297733745304,0.18940734276203794,CALML3,0.43956987393966396,0
RPS3A,0.44282506105662306,0.05364566078980963,0.03650946423470289,1.610607383012259,-0.04020893749651118,0.18790456841770034,CALR3,0.44282506105662306,0
ATP2C2,0.4606315676168367,0.05606116106161165,0.0354703405351311,1.5888410569063898,-0.037698844326268736,0.20195520992170346,CAMK2N1,0.4606315676168367,0
LCP2,0.46364053323392335,0.05686947290261495,0.03296088769161214,1.5817226687099188,-0.03505499784085993,0.2158535198689821,CAND1,0.46364053323392335,0
SEPT3,0.46364053323392335,0.05710784428841672,0.03322245797144818,1.579638680366081,-0.03606979842080451,0.21110100687662808,CAND1.11,0.46364053323392335,0
MAPKAPK5.AS1,0.46364053323392335,0.057207469047371354,0.03507186991869799,1.5787697287905618,-0.03690465725039031,0.20730342834746424,CAP1,0.46364053323392335,0
PPP2R3A,0.469098442188564,0.058144002088431096,0.03483363554371112,1.5706587175903688,-0.03886275437214139,0.20035084070177778,CAP2,0.469098442188564,0
NELFE,0.4726668635954215,0.05885139860806706,0.03487238283875287,1.5645999844708742,-0.03847534618499093,0.20304068795020508,CAPN10,0.4726668635954215,0
INPPL1,0.47277440653990477,0.05930052291484612,0.03224237156105021,1.5607829159055049,-0.03457904094029061,0.22199440555518107,CAPN3,0.47277440653990477,0
SREK1,0.47277440653990477,0.05964199581530105,0.0344585411940501,1.5578959105025023,-0.03831596374652021,0.20493799249519767,CAPNS2,0.47277440653990477,0
QRICH2,0.47277440653990477,0.06004999996478251,0.034016202457286614,1.5544633482675374,-0.03640786996051103,0.2139622177696153,CAPRIN2,0.47277440653990477,0
TMPO.AS1,0.47277440653990477,0.06016913622299381,0.032729517510460944,1.553464494643249,-0.035237997745032036,0.2198514797168207,CARD10,0.47277440653990477,0
CAB39L,0.47277440653990477,0.06019057222914099,0.032533136958343756,1.5532849368450383,-0.03535750859300849,0.21928944718525767,CARD9,0.47277440653990477,0
METRN,0.473606452531057,0.060739479166121206,0.032221837784577434,1.5487040007406188,-0.034191508205330574,0.22620444613252758,CARS2,0.473606452531057,0
UBAP1L,0.473606452531057,0.061240815214250996,0.03583216450536594,1.5445482779191981,-0.03970377504637669,0.20201639047256262,CASC4,0.473606452531057,0
HARS2,0.473606452531057,0.06126512663681151,0.03448212601681204,1.5443474303830556,-0.0365746413940001,0.21503520219511502,CASC5,0.473606452531057,0
FBXW4,0.473606452531057,0.06161255323889683,0.03487791433461891,1.5414839649701377,-0.036628667877713926,0.2153224533079325,CASP3,0.473606452531057,0
MLF1,0.473606452531057,0.06174210202611265,0.03355543720846462,1.5404194608136959,-0.03734945490804637,0.2123012731689306,CASP5,0.473606452531057,0
C9orf84,0.473606452531057,0.06189024309575787,0.03372636901288137,1.5392043187754756,-0.03849821619631325,0.2077193107186202,CBFA2T3,0.473606452531057,0
NAP1L2,0.47579357948662176,0.06244290386980903,0.03415155915570655,1.534690996571362,-0.03751119303236627,0.21268562856891923,CBL,0.47579357948662176,0
LARGE,0.4764181291220806,0.06363193387456784,0.03347869339515677,1.5250853193228968,-0.03627925736588909,0.2199995621491225,CBX2,0.4764181291220806,0
CCAT1,0.4764181291220806,0.06378421918278945,0.03144506686017299,1.5238651904906457,-0.03335588929390718,0.23525811917722528,CBX3P2,0.4764181291220806,0
PSMD6.AS2,0.4764181291220806,0.06379306230599693,0.03324412931159766,1.5237944079423342,-0.03585603988300093,0.22223453307108545,CCAT1,0.4764181291220806,0
C17orf89,0.4764181291220806,0.06382808735879801,0.03472891117712953,1.5235141337102684,-0.038248660496564245,0.21175508508199836,CCDC116,0.4764181291220806,0
RPS25,0.4764181291220806,0.06386087092550603,0.03300490332178316,1.523251904469066,-0.036310250864077,0.22020332360981595,CCDC23,0.4764181291220806,0
GSK3B,0.4765592781640161,0.0641470705324531,0.03400350257915043,1.5209670859423328,-0.03764655948122366,0.21474356556552018,CCDC7,0.4765592781640161,0
SMARCA5.AS1,0.47756852423304585,0.06466761645258542,0.03301951735231531,1.5168316444975072,-0.036783624927484736,0.21928426651314045,CCDC89,0.47756852423304585,0
WBP2NL,0.47756852423304585,0.06495007223730376,0.03502722642680051,1.5145985068081997,-0.038770780168807445,0.21143194351608324,CCDC94,0.47756852423304585,0
ZMAT3,0.47756852423304585,0.06508645619104327,0.03422398144449696,1.513522933298647,-0.03756209058271237,0.21654582697102792,CCNDBP1,0.47756852423304585,0
ARHGEF25,0.4776659899441817,0.06536763967828398,0.03320298603233008,1.5113109269088856,-0.03633524271190266,0.22237274093249565,CCNE1,0.4776659899441817,0
SRP9,0.47814975747728633,0.06590878783980188,0.02889785260339083,1.5070745249165944,-0.0294997535505436,0.2633621836835192,CCNI2,0.47814975747728633,0
NELL1,0.47814975747728633,0.06662920057048893,0.03424579318556592,1.501476372866022,-0.037482742001153306,0.2192513411167355,CCNL1,0.47814975747728633,0
ERH,0.47814975747728633,0.06722681048437296,0.034015347050969785,1.4968679389194017,-0.036797704525756064,0.22310759129186483,CCNT2.AS1,0.47814975747728633,0
ALDOB,0.47814975747728633,0.06738115010645912,0.032721161836185335,1.4956829086101389,-0.03594910108798356,0.2271754246001149,CCNYL1,0.47814975747728633,0
ZCCHC9,0.47814975747728633,0.06768987531471533,0.03149547592834696,1.4933187769427456,-0.03205333969294105,0.2484590426848027,CCT3,0.47814975747728633,0
FLII,0.47814975747728633,0.06789119609552927,0.030544589139381302,1.4917816026144042,-0.03151258102474368,0.2521158095174428,CCT4,0.47814975747728633,0
STK11,0.47814975747728633,0.06807310878330593,0.03224798551082652,1.4903956426672267,-0.03596141763821318,0.22815552443216983,CCT5,0.47814975747728633,0
ADNP2,0.47814975747728633,0.06900453847847035,0.033479383282272894,1.4833436997632385,-0.037045430598769045,0.22473842744433367,CCT6A,0.47814975747728633,0
PHF21B,0.47814975747728633,0.06922809003018567,0.032269301016166,1.4816621022764715,-0.03577081599185193,0.2307696411092885,CCT6B,0.47814975747728633,0
ODF2L,0.47814975747728633,0.06945362009447532,0.033780347441117714,1.479969856587148,-0.03827766023375235,0.2203723280709319,CCT8,0.47814975747728633,0
PI4KAP1,0.47814975747728633,0.06952915605082606,0.03206389439213255,1.4794040252297571,-0.0343611896738916,0.23811119713772397,CD164L2,0.47814975747728633,0
C4orf32,0.47814975747728633,0.0698050783393725,0.032386009027410394,1.477341136503668,-0.03497231900796405,0.2354476004741394,CD38,0.47814975747728633,0
PBX3,0.47814975747728633,0.06988703558440568,0.034262742345408714,1.4767296056531987,-0.0377190001176845,0.22327547483446802,CD40,0.47814975747728633,0
AIFM2,0.47814975747728633,0.07004753827954224,0.03169897715921928,1.4755335983784832,-0.03348131901766476,0.24351833851265725,CD46,0.47814975747728633,0
PSMD8,0.47814975747728633,0.07005786240081945,0.03445485846385543,1.4754567390217574,-0.036496605868369336,0.2287163786037018,CD47,0.47814975747728633,0
ARFGAP1,0.47814975747728633,0.07013621195767977,0.03280524606648721,1.4748737386785815,-0.0353702067722865,0.2340044895555117,CD48,0.47814975747728633,0
EIF4EBP3,0.47814975747728633,0.07052583854956876,0.03431718510596351,1.4719819378867165,-0.03754142539604382,0.22498021191132195,CD5,0.47814975747728633,0
CD38,0.47814975747728633,0.07071448598066828,0.032872780623609474,1.4705862119578736,-0.03610808410723826,0.2314395406076116,CD55,0.47814975747728633,0
ST13P4,0.47814975747728633,0.0707443410717178,0.031927792952045266,1.4703655886039104,-0.03524552521220234,0.23550095211404512,CD79A,0.47814975747728633,0
TGFBR3,0.47814975747728633,0.0707972719988803,0.03266620255936359,1.4699746150951536,-0.036635596547155334,0.22922442982152016,CD99,0.47814975747728633,0
IRF2BPL,0.4787553332656368,0.07131524241827668,0.03331773422154681,1.4661604357607225,-0.03716557480696602,0.22774516475841047,CDC14A,0.4787553332656368,0
COPS4,0.4787553332656368,0.07142395886071755,0.032902692759256495,1.4653625830723926,-0.03633164093449386,0.23150473919952969,CDC42BPA,0.4787553332656368,0
GOLGA7B,0.4947857252025616,0.07409298296639594,0.03145629170325163,1.4460607952866855,-0.03475642645220081,0.24277903973743967,CDC42SE2,0.4947857252025616,0
GGA3,0.4960466322873704,0.07456000978856717,0.03266160820653957,1.442738249393508,-0.036284922419762854,0.23641088711425182,CDC6,0.4960466322873704,0
APBB2,0.49716942829099675,0.0750076142514179,0.03466201047691463,1.4395687559901236,-0.03744390017207233,0.2322182080494089,CDK13,0.49716942829099675,0
ACBD4,0.4980909092844532,0.07542599299315893,0.032521275001679166,1.4366192289546718,-0.035184050360038736,0.24268580082444377,CDK14,0.4980909092844532,0
RBM34,0.5005139304450958,0.07607362599586145,0.031271913764591014,1.4320779773809735,-0.03287014165779921,0.25541229542869,CDKAL1,0.5005139304450958,0
PSMA3,0.5022703992318766,0.07662229309650613,0.02985188384350151,1.4282536587385222,-0.031805776829283434,0.2622699681411678,CDSN,0.5022703992318766,0
RANGAP1,0.5128375143581922,0.07852195256297616,0.029422254660534254,1.415171376114455,-0.032429822263837546,0.2612934708611331,CDX1,0.5128375143581922,0
ABRA,0.5194468733194192,0.07982526264134653,0.03224226970488683,1.4063341307753845,-0.034970055276608056,0.2501329000597826,CELF2,0.5194468733194192,0
ASB8,0.5195763537231747,0.08013656605377063,0.030557145611396327,1.404239477089532,-0.03278651366724917,0.2615669485211949,CELF2.AS2,0.5195763537231747,0
PIGT,0.5204287597563145,0.08064158133484149,0.030570633557467662,1.4008544483436722,-0.03376301689852928,0.2571712743920321,CEP170,0.5204287597563145,0
USP48,0.5204287597563145,0.08085180395541174,0.031321363631151004,1.3994500828166851,-0.0339677134848005,0.25644301452170803,CERKL,0.5204287597563145,0
PSMD5,0.5215526807856021,0.08131892611239339,0.03169982387959417,1.3963393729660614,-0.03413428040481819,0.25629281402307413,CERS3,0.5215526807856021,0
TRAPPC10,0.5236966510569372,0.08199708817862687,0.03278225918587443,1.3918471860434927,-0.0356121703958288,0.2504183535674637,CFL1P1,0.5236966510569372,0
MAFA,0.5236966510569372,0.08243329754667904,0.03059618030765464,1.388972486184839,-0.03202983679227038,0.2689704206439216,CFLAR.AS1,0.5236966510569372,0
CALML3,0.5236966510569372,0.08253435723331427,0.0312069022049425,1.3883081195209042,-0.03402428918279283,0.25857736633056344,CGN,0.5236966510569372,0
ATP5L2,0.5241841645333588,0.08315697640067697,0.0322758092766149,1.384228469349208,-0.03479235431421873,0.2558167544229917,CHD1L,0.5241841645333588,0
EIF2D,0.5241841645333588,0.08319916913232785,0.02908630189901388,1.3839528381079913,-0.028969426953918218,0.2894444503983136,CHD3,0.5241841645333588,0
GNB1L,0.5268563196978905,0.08394929784506845,0.0297197029098033,1.3790699434586629,-0.03207787934402774,0.27078327248406353,CHD4,0.5268563196978905,0
CTDP1,0.5268563196978905,0.08435955952057687,0.03051718774176371,1.3764132329778511,-0.032583937497397665,0.268569363858815,CHD5,0.5268563196978905,0
YLPM1,0.5268563196978905,0.08450976300257806,0.028995389742443943,1.3754429931704157,-0.030718738792515507,0.27955271153983885,CHD9,0.5268563196978905,0
HSPA6,0.527386381526047,0.084890572909689,0.029295151411373108,1.3729889350243971,-0.031735252945571606,0.2740195471657705,CHGA,0.527386381526047,0
RSRP1,0.527854870092981,0.08533685241650864,0.03144461737007839,1.370123452375863,-0.03439310206793103,0.26084331688063134,CHMP4B,0.527854870092981,0
AGA,0.527854870092981,0.08555808045814443,0.02732613685184322,1.3687071468272791,-0.02929170968308342,0.29021717484092713,CHMP4C,0.527854870092981,0
INPP5E,0.5364608698124308,0.08734641374399564,0.03132783533690704,1.3573576582101188,-0.033755600847154246,0.2667814515292957,CHPT1,0.5364608698124308,0
ATXN2,0.5364608698124308,0.08782851682805362,0.031216327171242588,1.3543277802331595,-0.03463774816408273,0.26332078711376955,CHTOP,0.5364608698124308,0
DNM1P35,0.5364608698124308,0.08785562197713394,0.03133987981924619,1.3541578010669701,-0.03410140412399961,0.2658508154860367,CHUK,0.5364608698124308,0
FOXK1,0.5395842732878574,0.08866976560479092,0.024715336607478537,1.3490703518268734,-0.02560319021082612,0.3230277838508646,CIAPIN1,0.5395842732878574,0
GRK1,0.5452111432155674,0.08997293969182298,0.029563054865255855,1.3409989590986484,-0.03255423673797812,0.27655322662570486,CIDEA,0.5452111432155674,0
FGD5P1,0.5452111432155674,0.09037390121056368,0.03004718788051987,1.3385330435591047,-0.03308526892506744,0.27439383754189084,CIRBP.AS1,0.5452111432155674,0
RNF222,0.5452111432155674,0.09051177700045314,0.029120617280240166,1.3376869844394634,-0.031342769059488004,0.28392411505527315,CKAP2,0.5452111432155674,0
SNX30,0.5464434101783252,0.09109815224883565,0.030188498557895967,1.334099409033436,-0.03358436339895646,0.2729633586824599,CLIC2,0.5464434101783252,0
RCCD1,0.5464434101783252,0.09132929682172794,0.02923574534108274,1.3326899218302999,-0.03331611865434477,0.27459565114795215,CLIP1,0.5464434101783252,0
TRAM1L1,0.549634033543094,0.09217082222623954,0.029800726217986895,1.3275806466120559,-0.031903739318437624,0.2830631892799989,CLIP1.AS1,0.549634033543094,0
CTDSP2,0.5513759461374796,0.09315798889894294,0.028893075113055514,1.3216309468738268,-0.030289633922005184,0.29368824952377176,CLK4,0.5513759461374796,0
ZNF248,0.5513759461374796,0.09339785431191062,0.02952606584688773,1.320192311932892,-0.03150873322866791,0.286915375631916,CLOCK,0.5513759461374796,0
ACAA2,0.5513759461374796,0.09375570162661276,0.029134115195264352,1.318051124662256,-0.03312853760260711,0.2789502848746703,CLPTM1L,0.5513759461374796,0
RAC3,0.5513759461374796,0.09385307657740734,0.029252645053251973,1.3174695242268315,-0.03238895024046224,0.28282258761181467,CLPX,0.5513759461374796,0
VPS4B,0.5513759461374796,0.09400913495557701,0.030872956598107952,1.3165383481144814,-0.03395618579933669,0.2753678645425199,CLRN1,0.5513759461374796,0
SETD3,0.5550030325083384,0.09507743608186886,0.02659929791026308,1.31019438959517,-0.027000757814917117,0.3188266378913727,CLSTN2,0.5550030325083384,0
APEX2,0.5550030325083384,0.0952500998023284,0.03052956116949714,1.3091739881718907,-0.033232180497040124,0.2805620227775311,CLTCL1,0.5550030325083384,0
CHUK,0.5588732624894225,0.09643220851813603,0.030604521963440996,1.3022243256149157,-0.03348821292221163,0.28101692876402967,CMPK2,0.5588732624894225,0
ZDHHC6,0.5588732624894225,0.0967599883892815,0.02869065068747927,1.300308394425708,-0.031123365767474414,0.2936385291431815,CMTM4,0.5588732624894225,0
MFRP,0.5588732624894225,0.09696260639734901,0.028754807185155523,1.2991264395145212,-0.03187246042605591,0.2898314826649732,CMTR2,0.5588732624894225,0
SCAMP4,0.5588732624894225,0.09716809387084743,0.02856231536892079,1.2979295964786837,-0.03201050798034642,0.28938846632231985,CNDP1,0.5588732624894225,0
SENP7,0.5609108069816359,0.09806624990815706,0.028302393346296712,1.2927200581986371,-0.030972148395341632,0.2962544582393517,CNEP1R1,0.5609108069816359,0
RAG1,0.5609108069816359,0.0982925279320843,0.028516770170792762,1.2914131063031964,-0.030017507423422223,0.3021249962054347,CNOT10,0.5609108069816359,0
EGF,0.5609108069816359,0.09870890745992515,0.028748440215473625,1.2890139004280188,-0.031857499646582264,0.29231782041624566,CNOT11,0.5609108069816359,0
NUGGC,0.5609108069816359,0.09878070296816246,0.029320424619558118,1.2886009593447147,-0.031625816019270066,0.2936432521926091,CNOT2,0.5609108069816359,0
RAB36,0.5636466478159394,0.0998865910737538,0.029256672698268944,1.2822678621431898,-0.03240371538810033,0.2911536200052991,CNOT3,0.5636466478159394,0
DRAM1,0.5636466478159394,0.09989475081875314,0.028084680204825352,1.2822213245848848,-0.031225631801566716,0.2973240345594396,CNOT8,0.5636466478159394,0
ABI2,0.5644199102453529,0.10075444094189617,0.02802729914775384,1.2773337182454996,-0.02923873199787253,0.3101671218536308,CNP,0.5644199102453529,0
REEP6,0.5644199102453529,0.10118220537998322,0.028917611078701465,1.2749130726514861,-0.03131136595319263,0.29861497374713347,CNPY1,0.5644199102453529,0
PEX2,0.5644199102453529,0.10120319396638226,0.028286542395405387,1.2747944939914306,-0.03152322988044834,0.29751058200789915,CNPY4,0.5644199102453529,0
STATH,0.5644199102453529,0.101298020907747,0.02651101676730674,1.2742589760236045,-0.0269254845933803,0.32690315390536395,CNTROB,0.5644199102453529,0
DDX42,0.565457703342386,0.1018014149034806,0.02790000696321716,1.271422248574788,-0.030994948768679254,0.3011797866613788,COBL,0.565457703342386,0
TOP3A,0.5688757044595466,0.1027358254828794,0.027182978602843993,1.266183605801027,-0.030816262838503986,0.3034341221978048,COG3,0.5688757044595466,0
FAM169A,0.5696003796226247,0.1031861596287761,0.025821513540299726,1.2636712335908018,-0.02757195869728228,0.32445623526635403,COG4,0.5696003796226247,0
U2AF1L4,0.5702881879280401,0.10363060734082166,0.028100133926753746,1.2611994970158176,-0.03074770365298447,0.3050191771716535,COLGALT2,0.5702881879280401,0
CDK13,0.5754317016599018,0.10488799946128326,0.027765997644340276,1.2542480769267006,-0.03018097362984828,0.30990989494287047,COMMD8,0.5754317016599018,0
FAM168B,0.579555378571351,0.10596469625028627,0.02816447854330466,1.2483434240719151,-0.0305375147214622,0.3093298064616663,COPB1,0.579555378571351,0
SFR1,0.5800657930902984,0.10652309772682261,0.028157549386493383,1.2452981918783919,-0.030115378092772167,0.3124616455432108,COPB2,0.5800657930902984,0
CLIP1,0.5800657930902984,0.10670868207157481,0.027082087667329634,1.2442886637670065,-0.02965757492672231,0.3153743379134251,COPG2,0.5800657930902984,0
TRAPPC11,0.5803878313353944,0.10754602638158839,0.027950639988311998,1.2397494268691729,-0.031697481479495145,0.30534254335046823,COPS4,0.5803878313353944,0
VPS28,0.5803878313353944,0.10762872190035237,0.028020328081525703,1.2393025194209268,-0.031245346704025276,0.30777298671846975,COPS6,0.5803878313353944,0
PAFAH1B2,0.5803878313353944,0.10854604582736598,0.027555027213133174,1.2343615797100607,-0.03027403733473583,0.314263397691942,COPS7A,0.5803878313353944,0
HIF3A,0.5803878313353944,0.10890703890169394,0.027217675933811396,1.2324254184151995,-0.03028815097445336,0.3146638068193731,COPZ2,0.5803878313353944,0
BTF3P11,0.5803878313353944,0.10922063730882109,0.028343410201974027,1.2307471970767156,-0.03127005897805894,0.30982689156825205,CORO1B,0.5803878313353944,0
POC1A,0.5803878313353944,0.10931346529316634,0.028718721163267343,1.2302510926246861,-0.031354717553071065,0.30951924183055013,COX10,0.5803878313353944,0
SETD6,0.5803878313353944,0.10960681670948415,0.027694264707739363,1.2286853091988108,-0.030453553031494832,0.31469311208352774,CPNE4,0.5803878313353944,0
SRSF8,0.5803878313353944,0.10969325896412503,0.028909079502150162,1.2282244918705496,-0.03128652256690878,0.3103915364351417,CPT1A,0.5803878313353944,0
GTF3C1,0.5803878313353944,0.10970805527480956,0.026946936459507784,1.2281456399598312,-0.030551730705914448,0.314293688494457,CRCP,0.5803878313353944,0
FLRT1,0.5803878313353944,0.11033095000263553,0.02642978438324206,1.224833036084217,-0.0276111833296753,0.33304301967488537,CRCT1,0.5803878313353944,0
SLC44A3,0.5803878313353944,0.11087875692887889,0.02653065226305068,1.2219308224755125,-0.02958594803031435,0.3212875866968989,CREB3,0.5803878313353944,0
SUPT6H,0.5803878313353944,0.11093181523753899,0.02775379614379177,1.221650272391868,-0.03088061258162619,0.31419350521557654,CREBRF,0.5803878313353944,0
DIAPH2,0.5803878313353944,0.11118762023370113,0.026440441356191616,1.2202990300630994,-0.029641191965048733,0.32137495245261105,CRKL,0.5803878313353944,0
USP8,0.5803878313353944,0.11132509159658154,0.027582256155294943,1.2195737826596142,-0.029784179920826614,0.32073444282325664,CRLF1,0.5803878313353944,0
NCBP2.AS2,0.5914761325320234,0.11378368674059676,0.02721557710353486,1.2067099642871217,-0.030297241620712363,0.3211685853227632,CRTC3,0.5914761325320234,0
NUBP1,0.5925563372643541,0.11432382502464263,0.028309443723270326,1.203910490039306,-0.03107984246468407,0.31780155423054485,CSAD,0.5925563372643541,0
KCNA1,0.5940549581450975,0.11536985403625429,0.02711824641596306,1.1985157053091484,-0.03048102436231662,0.3223277835193562,CSE1L,0.5940549581450975,0
RPL31P11,0.5940549581450975,0.11542256486863785,0.027148262191881323,1.1982447769618456,-0.02984492054120047,0.3258442690249421,CSMD1,0.5940549581450975,0
MAVS,0.5940549581450975,0.11582289757245587,0.025885623595520265,1.1961899714980986,-0.02887515141983965,0.3319597928834715,CSNK1A1L,0.5940549581450975,0
CASP3,0.5940549581450975,0.11594566765815699,0.026652146718208706,1.195560834977739,-0.029093423293987033,0.3308247283442807,CSNK1E,0.5940549581450975,0
MCHR1,0.6021827626328927,0.11786976116594479,0.02601983607754688,1.1857619686935552,-0.027848133178183566,0.3409519822617888,CSNK2A2,0.6021827626328927,0
TUBGCP4,0.6145852144483892,0.12087353304431413,0.025241372398499322,1.1706883069105765,-0.02667640444117563,0.35252766678297265,CSPG4,0.6145852144483892,0
STAMBPL1,0.6145852144483892,0.12098676964183097,0.02500098188405985,1.1701252490901783,-0.026299088214431696,0.35532850864170734,CSRP2,0.6145852144483892,0
PTDSS2,0.6199674379445338,0.12239402027844974,0.02636304528530825,1.1631585545910481,-0.02960168370274197,0.3364906957626345,CTCFL,0.6199674379445338,0
KAT2A,0.6207095201141541,0.12288864868216287,0.021921216825758587,1.1607232254303075,-0.023076720676582233,0.3839086967121768,CTDP1,0.6207095201141541,0
TAF6,0.6213100339681009,0.12359107119759931,0.02624304507292311,1.1572765940740588,-0.029260196434823745,0.33995542713924887,CTDSP2,0.6213100339681009,0
SUV420H2,0.6213100339681009,0.12370446554048,0.02374038960336268,1.1567214807707733,-0.026024553013101654,0.36058968361271115,CTDSPL,0.6213100339681009,0
ESYT2,0.6213183766296041,0.12405459454859173,0.02610499196417716,1.1550096962866963,-0.028485044624848632,0.34498555501860517,CTNNBIP1,0.6213183766296041,0
FNDC1,0.6216421663604629,0.1244678930962901,0.026456926995513316,1.1529934205322623,-0.029707323132221325,0.33870500849533336,CTNND1,0.6216421663604629,0
GAL,0.6252901979627268,0.1257980733248743,0.024188029054012093,1.1465357363947428,-0.024834802758083165,0.3720458927813931,CUL2,0.6252901979627268,0
BTG2,0.6252901979627268,0.1261319225971246,0.02636929842250978,1.144922472173343,-0.028811747035923468,0.34582246916154324,CUL4B,0.6252901979627268,0
FIRRE,0.6252901979627268,0.12625040452416245,0.024165426067727376,1.144350646262058,-0.025985838781529914,0.3639426105002223,CUL5,0.6252901979627268,0
KDM1B,0.6257648538725904,0.1269821887536322,0.025244551951215718,1.1408271183381362,-0.027373545615050295,0.3555183601845571,CYTH2,0.6257648538725904,0
CASC5,0.6257648538725904,0.12704816438691965,0.025538000526258233,1.1405101424228956,-0.028830998678837132,0.3469228993736942,DAPK1,0.6257648538725904,0
MKRN2,0.6272886890026547,0.12818066928941738,0.0258862774379222,1.1350868548777344,-0.028400503219695977,0.3508564684440616,DAZL,0.6272886890026547,0
NRBP2,0.6272886890026547,0.12819509960031247,0.026155726114961562,1.1350179669524965,-0.029692535687670354,0.3438023703418178,DBP,0.6272886890026547,0
GOLGA2P2Y,0.6272886890026547,0.12841299578573692,0.02546019045445508,1.1339784204723282,-0.027497840483478173,0.3565581156221062,DCAF11,0.6272886890026547,0
BID,0.6323126678029192,0.12979609445646012,0.025608788674217977,1.1274082634424927,-0.02799989575798254,0.35529513832746273,DCAF12,0.6323126678029192,0
MYO1G,0.6372088069329614,0.13115851494357647,0.024683785574378614,1.1209835697913104,-0.027412282488004678,0.360584650955942,DCAF6,0.6372088069329614,0
CBX2,0.6389243899413629,0.13186998064970362,0.025617415759049418,1.117646865765473,-0.028688934829608596,0.3540823260241068,DCAF8L1,0.6389243899413629,0
ZNF664.FAM101A,0.6399340892393031,0.1324372848734172,0.024598201376510254,1.1149951546692207,-0.02720391318350338,0.3635027176421859,DCPS,0.6399340892393031,0
PABPC4L,0.6435927193209607,0.13355541567512927,0.025286001995938317,1.1097915782869043,-0.028129197769761978,0.3594350031854916,DCTN1,0.6435927193209607,0
PNKD,0.6474384687160654,0.13477101409830844,0.023305662158011844,1.1041682869146383,-0.0253107247145463,0.379036943201762,DCTN1.AS1,0.6474384687160654,0
SMIM13,0.6474384687160654,0.1351094935755788,0.02402616084711929,1.102608701555283,-0.026063103241778567,0.3742137385000711,DCTN3,0.6474384687160654,0
RBBP5,0.6474384687160654,0.13544282043246908,0.02260231915291185,1.1010754739960447,-0.02365632376822926,0.39259185756213827,DDB2,0.6474384687160654,0
WDR47,0.6482245702859301,0.13621199267230097,0.023243132078535504,1.097547297650445,-0.025394366185314935,0.3801695493880303,DDR1,0.6482245702859301,0
TP53,0.6482245702859301,0.13641700943401075,0.02455937370986573,1.096609193538268,-0.027497591442341093,0.36681652147408933,DDX10,0.6482245702859301,0
LUC7L,0.6482245702859301,0.13706025289514637,0.02457319758809141,1.0936721209551046,-0.025909193912616348,0.3776474804723348,DDX18,0.6482245702859301,0
FLJ10038,0.6482245702859301,0.1370615047660099,0.02526076753131116,1.0936664140647245,-0.02826167703427645,0.36329497197659233,DDX19A,0.6482245702859301,0
CPNE4,0.6502680290700232,0.13785828098063307,0.02225207492677647,1.0900413575336534,-0.02340785820820756,0.39737119921622616,DDX19B,0.6502680290700232,0
KIAA0101,0.6544020916276113,0.13930460146021562,0.023960108648662385,1.0834974444539447,-0.027129477781816683,0.37271604109484235,DDX23,0.6544020916276113,0
TYMP,0.6544020916276113,0.13946875760992278,0.02393738960660212,1.0827576444805895,-0.026626274298257716,0.37600190156253127,DDX24,0.6544020916276113,0
HADHB,0.6545182277254936,0.14011593666111619,0.021780502637668224,1.079846768622036,-0.022454419006573398,0.4081070632676474,DDX25,0.6545182277254936,0
CARD9,0.6545182277254936,0.1402276853567799,0.024260883660243922,1.0793450721045579,-0.026613878273610444,0.37703884723585235,DDX28,0.6545182277254936,0
GM140,0.6566514951339442,0.14125805226811336,0.02456452786186645,1.074731972473626,-0.027345642174257074,0.37396007841433676,DDX42,0.6566514951339442,0
SEC24D,0.6566514951339442,0.14175140708435008,0.024015181421102382,1.0725312296292813,-0.02680447753460528,0.37780312687676243,DDX43,0.6566514951339442,0
PPP2R5D,0.6566514951339442,0.1418675401472457,0.02388737698233253,1.07201394144701,-0.026487234914138142,0.3798965347964951,DDX47,0.6566514951339442,0
DNAJC8,0.6566514951339442,0.14215786714621562,0.024461760608185758,1.0707219994453774,-0.027707573207890475,0.3730695265595834,DDX49,0.6566514951339442,0
HTATSF1P2,0.657333966039055,0.14267428202866758,0.022394026172046312,1.0684283825449725,-0.023255609473584897,0.40403069235913797,DDX50,0.657333966039055,0
PFKM,0.6580183186737927,0.14426963063020518,0.024637575146991508,1.061378007946356,-0.027306194511678455,0.37809337057863024,DDX51,0.6580183186737927,0
TBCA,0.6580183186737927,0.14479378397905945,0.0237529285341775,1.059073084435945,-0.026264917275640627,0.3849706916825034,DDX60,0.6580183186737927,0
SETBP1,0.6580183186737927,0.14492244037794033,0.024063887836792634,1.0585081873888331,-0.02733451983734736,0.3787801966556603,DEDD2,0.6580183186737927,0
ZZZ3,0.6580183186737927,0.14521033648892268,0.021948361044017647,1.057245331861447,-0.02360466824832335,0.4041059538969257,DENND1A,0.6580183186737927,0
ICAM4,0.6580183186737927,0.14598243123597376,0.024214000226957487,1.0538668356194416,-0.02689856087867179,0.38266476144934736,DENND4C,0.6580183186737927,0
TAX1BP3,0.6580183186737927,0.1463384214758936,0.023386573686673986,1.0523131549090237,-0.025658608105008043,0.3907583335418322,DENND5B,0.6580183186737927,0
ZC3H8,0.6580183186737927,0.14637755657212015,0.023533710917460385,1.0521425089741987,-0.02610133766162366,0.38798898667008896,DEPDC1,0.6580183186737927,0
STRIP2,0.6580183186737927,0.14640509188241904,0.023353583747735763,1.052022461479541,-0.025622514344057552,0.39107440889889766,DERL2,0.6580183186737927,0
PILRA,0.6580183186737927,0.1471389046937679,0.023138761555596913,1.0488287773902907,-0.02593353891900901,0.3899958181884739,DESI2,0.6580183186737927,0
SF3A2,0.6580183186737927,0.1474719060394819,0.02365610285338663,1.0473830193930205,-0.025314829160143618,0.3944154566789001,DET1,0.6580183186737927,0
ARHGDIB,0.6580183186737927,0.14755554125914813,0.024431675100573313,1.0470202527109418,-0.026906305255657487,0.3846482511311711,DGCR5,0.6580183186737927,0
RPS6KB2,0.6580183186737927,0.14759599224750494,0.021420921309739674,1.0468448465003288,-0.0226803190005772,0.41431935121847113,DGKE,0.6580183186737927,0
KIAA0195,0.6580183186737927,0.1476204865224437,0.024322793609483175,1.046738648484481,-0.02701736857573378,0.3840928089789672,DHRS1,0.6580183186737927,0
RERE,0.6587162401407922,0.14835560280088947,0.02278438447920111,1.0435569350510305,-0.0255145430998314,0.39419376311563586,DHRS7B,0.6587162401407922,0
CALR3,0.6587162401407922,0.1485859161735905,0.02372983052939585,1.0425622689598801,-0.025941331209225867,0.3917610390073471,DHX16,0.6587162401407922,0
EPC2,0.6587162401407922,0.14888538686300576,0.02297977406478856,1.0412704701268067,-0.02556736419777427,0.3945112208199129,DHX29,0.6587162401407922,0
TPM3P9,0.6590514471010571,0.14933078218105839,0.023688112497222556,1.0393524173726147,-0.02602122015545111,0.392203692079591,DHX32,0.6590514471010571,0
C1orf50,0.6654506195497893,0.15115395452476987,0.023599834558003147,1.0315406423350266,-0.025795797770301453,0.39589874493031124,DHX40,0.6654506195497893,0
TESC,0.6674070828922465,0.15197267282908136,0.023308261356004965,1.0280530724299817,-0.025464750025277018,0.3990074302968595,DHX57,0.6674070828922465,0
P4HTM,0.6694179377878458,0.15305028868769657,0.02409802981370829,1.0234816244184595,-0.02636098114105012,0.39489702168202123,DHX9,0.6694179377878458,0
SRSF6,0.6694179377878458,0.15318144622402752,0.023036565573668635,1.0229266887391242,-0.026121558944376295,0.3964797798038958,DIABLO,0.6694179377878458,0
TAF1,0.672424870917684,0.1544275018177086,0.02289470677618117,1.0176701797227943,-0.025045948892009562,0.4047522838424516,DIAPH1,0.672424870917684,0
TLE6,0.672424870917684,0.15488691445186237,0.02211967341588256,1.0157392194582568,-0.02357983715732292,0.41550622347264254,DIAPH2,0.672424870917684,0
RPS16P5,0.672424870917684,0.15559925944455713,0.021616788501199715,1.0127526238644995,-0.022128301515664833,0.42782168294450634,DKFZP434A062,0.672424870917684,0
SP100,0.672424870917684,0.1559162654049876,0.02291743869053327,1.0114264372575363,-0.025077023893553315,0.40639237733683703,DLEC1,0.672424870917684,0
PKMYT1,0.672424870917684,0.15594745238384655,0.023121456373804757,1.0112960633986408,-0.025028202876564664,0.40674605213110515,DLG1.AS1,0.672424870917684,0
KLF3.AS1,0.672424870917684,0.15614081231764762,0.023170609997936922,1.0104881260506136,-0.025272519835403223,0.405426030496032,DLGAP5,0.672424870917684,0
CGN,0.672424870917684,0.1568302361684553,0.0224195206426955,1.0076127827201997,-0.025435384490978017,0.40527085174043054,DLX1,0.672424870917684,0
STL,0.672424870917684,0.15693368711787395,0.02272972594045486,1.0071820438357386,-0.02533752315712239,0.406008415646151,DNAJA3,0.672424870917684,0
BFSP1,0.672424870917684,0.15754058163857662,0.020731149729740946,1.0046588703696533,-0.022943622255506606,0.423408066919717,DNAJC11,0.672424870917684,0
OSBPL3,0.672424870917684,0.15810998804172344,0.02283489517935391,1.0022973561795308,-0.025169484323655428,0.40853416754694205,DNAJC12,0.672424870917684,0
ELOVL6,0.672424870917684,0.15861196176834838,0.022503870430282107,1.0002201334876757,-0.024189461476567597,0.4155855360572034,DNAJC15,0.672424870917684,0
PCNT,0.672424870917684,0.1599358576061516,0.0223745165035632,0.9947622947952544,-0.025561267873574677,0.40842674467360757,DNAJC5B,0.672424870917684,0
CALCR,0.672424870917684,0.1599915537637619,0.023205627005965176,0.9945333334904868,-0.02563639640902729,0.4080479111817993,DNAJC8,0.672424870917684,0
XPO7,0.672424870917684,0.16020441351311965,0.020530359775725624,0.9936587684285558,-0.021851359509260513,0.4352383253810173,DNAJC9,0.672424870917684,0
ACTG1P4,0.672424870917684,0.16021493791323138,0.021977991099526813,0.9936155471256043,-0.024530067087589934,0.4152518264028017,DNM1P35,0.672424870917684,0
CD99,0.672424870917684,0.16023124272366404,0.02266404028610687,0.9935485906652903,-0.025043561852105628,0.4119737263126204,DNM3,0.672424870917684,0
KIAA0513,0.672424870917684,0.16028074601234757,0.022669757897297232,0.9933453304000941,-0.024538286660331816,0.4152791435108451,DNMT3A,0.672424870917684,0
RPL17,0.6750467576746313,0.16139155931874777,0.02225783069840961,0.9887950800255885,-0.02419348670521938,0.4189295251021312,DNPH1,0.6750467576746313,0
ELMO3,0.6750467576746313,0.16189554914016174,0.021980556429494955,0.9867373127801897,-0.024145910150420637,0.4198621798127956,DOCK2,0.6750467576746313,0
DDX47,0.6750467576746313,0.1621818825515347,0.021919614528896313,0.9855700857326856,-0.025514848206777,0.41156012448921286,DOCK3,0.6750467576746313,0
RAP1B,0.6750467576746313,0.1629777853644696,0.019731456269777164,0.982332649715211,-0.02045517320197689,0.4507122110677778,DPF3,0.6750467576746313,0
UBXN10,0.6750467576746313,0.1633774885833419,0.02200728462997703,0.9807106835004203,-0.02461726388297931,0.41858949277553487,DRAM1,0.6750467576746313,0
HMHB1,0.6750467576746313,0.16346896548526113,0.021149001451909847,0.9803398396502225,-0.024016333617541546,0.42264537871428093,DRG2,0.6750467576746313,0
YWHAZ,0.6750467576746313,0.16355591660989383,0.021819586806475742,0.9799874680658002,-0.023274666076373626,0.4279300062215011,DSCR4,0.6750467576746313,0
ANAPC1P1,0.6751530504572282,0.1640907653090572,0.02099492211055952,0.977822650978973,-0.024287072882617028,0.42160374238228976,DXO,0.6751530504572282,0
TXNDC15,0.6751530504572282,0.16551010951619105,0.022889468679744347,0.9720999012048224,-0.024937826822262508,0.41924930849943304,DYRK1B,0.6751530504572282,0
DNAJC5B,0.6751530504572282,0.16578543411065422,0.021991564945339284,0.9709934844872071,-0.023907207856945722,0.4261934364930425,E2F5,0.6751530504572282,0
RABGGTA,0.6751530504572282,0.16613265533646931,0.021529030338059554,0.9695998371498905,-0.023845328349213563,0.42703155519832603,ECHDC1,0.6751530504572282,0
ATP6V1E2,0.6751530504572282,0.16616513404794225,0.02180485483479944,0.9694695731369166,-0.023703790762731807,0.42802991448937294,EDC4,0.6751530504572282,0
ZC3H18,0.6751530504572282,0.16706893080413304,0.022234357781750556,0.9658512444434925,-0.02499063568861491,0.42089708531100234,EDDM3A,0.6751530504572282,0
DPF3,0.6751530504572282,0.16724556047033678,0.022255004238359116,0.9651455880101352,-0.02435470819774766,0.42505726847049113,EEF1A2,0.6751530504572282,0
ILF3.AS1,0.6751530504572282,0.16751927937703687,0.021599282569821247,0.9640529970173848,-0.024154157180446313,0.426684095000927,EEF2K,0.6751530504572282,0
TMCO2,0.6751530504572282,0.16755994971555704,0.021910818157565175,0.9638907533139063,-0.024923115758604748,0.4219247295192271,EFCAB14.AS1,0.6751530504572282,0
SRPRB,0.6751530504572282,0.16768093091136343,0.021497382794603597,0.963408280325241,-0.02420083194596142,0.4265852460500058,EGF,0.6751530504572282,0
CDX1,0.6751530504572282,0.16815401069232028,0.02220749279424506,0.961523787330383,-0.024586760671905922,0.4247293758418326,EGLN2,0.6751530504572282,0
BTF3L4,0.6751530504572282,0.16846487537748928,0.021496059703769183,0.9602873281555654,-0.02364124369525475,0.43123317420625096,EHD1,0.6751530504572282,0
GLG1,0.6751530504572282,0.16885027587313645,0.022216979664183116,0.9587564393540791,-0.02417602671452587,0.42818703725742807,EHMT1.IT1,0.6751530504572282,0
S100A5,0.6751530504572282,0.1696967948833794,0.020043661257535282,0.9554017566478696,-0.021916018405135754,0.4452981875728542,EID1,0.6751530504572282,0
ACKR1,0.6751530504572282,0.16979355518069328,0.02236221476273625,0.9550189883852095,-0.024745251207035874,0.42582012752894527,EID2,0.6751530504572282,0
LCT,0.6751530504572282,0.16991937168954102,0.02123392358651762,0.9545214875532076,-0.02386589795160497,0.43151081172669303,EIF1AD,0.6751530504572282,0
PSMD9,0.6751530504572282,0.17001891175282974,0.020861302860388013,0.9541280557874314,-0.023800650427275985,0.43206260934073637,EIF2AK1,0.6751530504572282,0
SMG7.AS1,0.6771593025078745,0.17090391818762957,0.019285065761287166,0.9506365425075158,-0.02006299033011904,0.46262505437844414,EIF2AK2,0.6771593025078745,0
RAB5C,0.6787676575886611,0.17197860646689717,0.020330559958305395,0.9464122175165264,-0.021776397517265667,0.44898903673788065,EIF2B2,0.6787676575886611,0
ARF1,0.6787676575886611,0.17276926581638896,0.0214747417040064,0.9433150898436677,-0.02401466756479346,0.4340649738828918,EIF2D,0.6787676575886611,0
TRAF3IP1,0.6787676575886611,0.1730917996167869,0.02044757791290875,0.9420542735861506,-0.0224840217927978,0.4448861944885825,EIF2S3,0.6787676575886611,0
EIF3E,0.6787676575886611,0.17371980496023576,0.02075495997470111,0.9396036257113216,-0.02226389747066084,0.44724507077352765,EIF3B,0.6787676575886611,0
DOCK3,0.6787676575886611,0.173957807307849,0.020803504366079067,0.9386763490846136,-0.02287938446980141,0.4430753346281546,EIF3C,0.6787676575886611,0
PDCD1LG2,0.6787676575886611,0.17398754048311332,0.021043703598219176,0.9385605629103306,-0.023577845308029314,0.43838054203980314,EIF3E,0.6787676575886611,0
CRTC3,0.6787676575886611,0.17414809027061934,0.02106496166819952,0.9379355712910715,-0.024061753067432485,0.43548377118250453,EIF3F,0.6787676575886611,0
RPL41,0.6787676575886611,0.17435534894874188,0.019704883990690737,0.9371292916622744,-0.021501135490651548,0.45385481468420613,EIF3I,0.6787676575886611,0
RAD23B,0.6805055398688873,0.17565956830996665,0.021495253282943286,0.9320695156408568,-0.024144171739031835,0.4368609944836225,EIF3IP1,0.6805055398688873,0
GPR108,0.6805055398688873,0.17591437304205498,0.020595515647790635,0.9310837739117077,-0.023231717600636817,0.4430192034491142,EIF3J.AS1,0.6805055398688873,0
HIATL1,0.6805055398688873,0.17594674923138365,0.02004549052622984,0.9309585876366601,-0.021864984087384645,0.4528242423612901,EIF3L,0.6805055398688873,0
SZT2,0.6806307572510847,0.1770175533796376,0.018976274747489603,0.9268263875973602,-0.019498220885231368,0.47429223574796714,EIF3M,0.6806307572510847,0
SUCLG2,0.6806307572510847,0.1772205256787736,0.021062342491806187,0.9260449069974267,-0.02323922207265263,0.44455679663401815,EIF4A1,0.6806307572510847,0
HERC4,0.6806307572510847,0.1773140279713853,0.019212917602702148,0.9256850962267176,-0.02052372471764453,0.4652501111971708,EIF4A3,0.6806307572510847,0
TATDN3,0.6806307572510847,0.17794542173751654,0.020940762377392952,0.9232585284792467,-0.023772995729542706,0.44201630638447054,EIF4E,0.6806307572510847,0
MKL2,0.6806307572510847,0.17807229534030505,0.01857442157324719,0.9227715845392735,-0.019279307964696096,0.47748667779624904,EIF4E3,0.6806307572510847,0
WSB1,0.6806307572510847,0.17826952531478213,0.018407999911499846,0.9220150452944299,-0.01932135927239219,0.4772774397536915,EIF4EBP3,0.6806307572510847,0
IQSEC2,0.6812816946115714,0.17882211614033394,0.02062050377145602,0.9198982096390037,-0.022015075726134273,0.45502170691505417,EIF4G1,0.6812816946115714,0
C14orf164,0.6829064313106076,0.179820889601725,0.020768285674281517,0.9160825818982792,-0.0237344989909256,0.44459217661018957,EIF4G2,0.6829064313106076,0
LBX1,0.6829064313106076,0.18001459490520783,0.02026206911656304,0.9153441103302247,-0.0224871626088743,0.4530364749039914,EIF4G3,0.6829064313106076,0
PWP2,0.6833348893986899,0.18051078682377059,0.021053291140592567,0.9134547282297456,-0.02351135135610026,0.44684470135713195,EIF5,0.6833348893986899,0
SS18L1,0.6855170599228984,0.18147170627235448,0.02007914095057341,0.909805013378567,-0.022296208869774674,0.45610880819306193,EIF5A2,0.6855170599228984,0
PPP1R10,0.6862648752251739,0.18205456308553408,0.01954832383031025,0.907597130193891,-0.021286223917313562,0.46425815483548993,ELAC1,0.6862648752251739,0
GTPBP6,0.6867508159130556,0.1825686409101449,0.020632515555330695,0.9056534499921425,-0.022917905642851382,0.4531951814865337,ELANE,0.6867508159130556,0
RPS6KA2,0.6870486371177064,0.18303314785805413,0.019780844749890208,0.9039001305388604,-0.021621180696397773,0.4628306029449312,ELAVL2,0.6870486371177064,0
AK3,0.6872190029906889,0.1841079874182952,0.020144704194790093,0.8998536742544558,-0.022507830409464524,0.45779820954484707,ELF2,0.6872190029906889,0
IRF1,0.6872190029906889,0.18416887442793012,0.01988617502196641,0.8996248934848318,-0.021639648736319496,0.464014789982615,ELF5,0.6872190029906889,0
PRCD,0.6872190029906889,0.18423481964641014,0.020793227986473057,0.8993771597816697,-0.022474662047311574,0.45817659883959555,ELMO3,0.6872190029906889,0
PSMC6,0.6956614687675992,0.1868883026021761,0.02032310841913176,0.8894542861722057,-0.022776759722665556,0.45939818848328345,ELN,0.6956614687675992,0
ASIC1,0.7053758097698555,0.18989365602329256,0.01990851575082633,0.8783202871435011,-0.022032727260193813,0.4679845379691512,ELOVL2,0.7053758097698555,0
EEF1A2,0.7059565191537395,0.19044592580647712,0.0198039874229791,0.876286111793335,-0.022542673314609872,0.46527287380849913,ELOVL6,0.7059565191537395,0
LRPPRC,0.7104280637564939,0.19205065997231074,0.020178262243830444,0.8703958570084092,-0.02207056427350597,0.4703288441382108,EMBP1,0.7104280637564939,0
MBTPS2,0.7145846276737919,0.19376562353732563,0.018420090536939698,0.8641341989948412,-0.02061474179751006,0.4827773962038641,EMC6,0.7145846276737919,0
EPS15,0.7145846276737919,0.19397586079311008,0.019625516070725907,0.8633689138863273,-0.02193501170695341,0.4735634721120198,EMR1,0.7145846276737919,0
C14orf169,0.7147249553496724,0.19460372873242815,0.019459702435855205,0.8610864140336701,-0.02143131462070559,0.4777615906786008,ENO1.AS1,0.7147249553496724,0
DOCK2,0.7147249553496724,0.1948346189059434,0.01900594084260807,0.860248182295381,-0.0216156116912983,0.4767587477888598,ENOSF1,0.7147249553496724,0
COLGALT2,0.7147249553496724,0.1952165189317389,0.019161414353088185,0.8588630441978131,-0.021787827752249352,0.4760462693506482,ENTHD1,0.7147249553496724,0
SRPK1,0.7147276857213748,0.19561812149861518,0.018978301476445372,0.8574082210080746,-0.021698954924276082,0.47712976644092736,EOGT,0.7147276857213748,0
NUDT1,0.7184956437521638,0.19705236668244985,0.01865895452383271,0.8522273460405696,-0.021405352455996705,0.4808541135035034,EPC2,0.7184956437521638,0
COPG2,0.7190243066051486,0.19760062267892475,0.01895469075487264,0.850252935020866,-0.020881061612977685,0.4852145020758512,EPS15,0.7190243066051486,0
TNFRSF10C,0.7239372471835068,0.19935680783348392,0.019634500500036584,0.8439506441645214,-0.021631083547410328,0.48209716656768764,EPS15L1,0.7239372471835068,0
EIF2S3,0.7241217522232479,0.2001031756061719,0.020024258405103523,0.84128234155708,-0.022162273326681487,0.47959520868608485,EPS8,0.7241217522232479,0
SERINC2,0.7241217522232479,0.20036621119871634,0.018966228672864887,0.8403434026079492,-0.020371715610150103,0.4921799964909933,ERBB3,0.7241217522232479,0
SSBP2,0.7241217522232479,0.2009079073670345,0.01716913738421297,0.8384120792348442,-0.018970908390554906,0.5041167368283141,ERCC4,0.7241217522232479,0
ATP6V0A1,0.7241217522232479,0.20103211853645975,0.019263351725816034,0.837969666619429,-0.021477979739669036,0.48514200861480833,ERGIC2,0.7241217522232479,0
RBBP8,0.7274302259462988,0.20235860463789357,0.019317193715999277,0.8332552008283589,-0.021189058315355974,0.48868194704196855,ERH,0.7274302259462988,0
RAB8A,0.7291498382164665,0.203681194534319,0.01783870952994377,0.828572949790524,-0.019463963714962167,0.5030049829918433,ERP44,0.7291498382164665,0
FBXO2,0.7291498382164665,0.20379173198127665,0.01762892237464873,0.8281824463231335,-0.018551087458940213,0.5108856501515541,ESYT2,0.7291498382164665,0
DESI2,0.7291498382164665,0.20418690896148178,0.018697953149175196,0.8267874081393637,-0.020349514643368295,0.49676137876097504,ETFA,0.7291498382164665,0
KHSRP,0.7291498382164665,0.2049154127420439,0.017696115943547475,0.8242198806064049,-0.019168602669811022,0.5067855595743092,EXD1,0.7291498382164665,0
YOD1,0.7291498382164665,0.20532074122813548,0.017321325049841962,0.8227936972921952,-0.019092961138726324,0.5078567884510075,EXOC3L1,0.7291498382164665,0
PSMD10,0.7291498382164665,0.20600320855849302,0.018023307502796796,0.8203961503419315,-0.019198395837484703,0.5077356306856429,EXOC8,0.7291498382164665,0
EEF2K,0.7291498382164665,0.20656192210774033,0.018782659430818208,0.8184368628498988,-0.020552868153223124,0.498083499910195,EXOSC2,0.7291498382164665,0
ZRANB1,0.7291498382164665,0.20678754793625792,0.017220749981424508,0.8176465320557901,-0.018876598630285495,0.5112703176562647,EZH2,0.7291498382164665,0
APIP,0.7291498382164665,0.20708372086652976,0.01844636224904919,0.8166098607286413,-0.020277181238182805,0.500663392926185,FAF2,0.7291498382164665,0
CCT6B,0.7291498382164665,0.20719980120785847,0.018943688668531748,0.8162037929721436,-0.02117671438810537,0.49461074199897115,FAH,0.7291498382164665,0
EIF5A2,0.7291498382164665,0.20733537183160322,0.018263935208031747,0.8157297153789528,-0.020500537989982297,0.49936565915484576,FAM104B,0.7291498382164665,0
RBM12B,0.7318148130641716,0.20850360349781222,0.018252254139416193,0.8116520881711042,-0.020837914474317022,0.4984365705844819,FAM120AOS,0.7318148130641716,0
DSCR4,0.7359168171226849,0.21008505884209006,0.018983760003191814,0.8061535344399184,-0.02070221345118528,0.5012522130663946,FAM120C,0.7359168171226849,0
CSAD,0.7364444278060065,0.21064871462762946,0.01827333511119109,0.8041996481151963,-0.019785548080920617,0.5084019884772893,FAM134B,0.7364444278060065,0
GRB7,0.7454501939177056,0.21442074893601548,0.017370404947491373,0.7912021436556567,-0.019349161966617193,0.5160051005226873,FAM135A,0.7454501939177056,0
XPOT,0.7454501939177056,0.21445236505842719,0.018252809830854585,0.7910937682070112,-0.02018474311139994,0.5100038050174289,FAM13C,0.7454501939177056,0
GORAB,0.7454501939177056,0.2144985841376309,0.015992203743676325,0.7909353526743403,-0.017256692016918436,0.5339602287840886,FAM168B,0.7454501939177056,0
TNR,0.7454501939177056,0.21510129792496752,0.017703844613922867,0.7888713695102407,-0.019767912092635606,0.51370374297968735,FAM169A,0.7454501939177056,0
FYCO1,0.7454501939177056,0.21531511490051508,0.017878432311735512,0.7881399641979125,-0.020044052926037965,0.5120032574998277,FAM193B,0.7454501939177056,0
TMIE,0.7464030832811639,0.2160089685771624,0.017326943203233785,0.7857693917272786,-0.01992724560542769,0.5136398829901626,FAM205A,0.7464030832811639,0
CNOT10,0.7511964515087308,0.21781747920920574,0.015722532475400515,0.7796112014885648,-0.017312172754412644,0.5368280167036732,FAM208B,0.7511964515087308,0
NARS2,0.7518513420059936,0.218896759110338,0.016008878481200646,0.7759501800589482,-0.01712674623554747,0.5396761334187947,FAM35A,0.7518513420059936,0
COG3,0.7518513420059936,0.21944570408418174,0.017015598264302764,0.7740920915042999,-0.019136461134107913,0.5233664454396052,FAM50A,0.7518513420059936,0
TCP1,0.7518513420059936,0.22080734421129306,0.016507963766326662,0.7694946536402704,-0.017067868997136016,0.5421881019066229,FAM65C,0.7518513420059936,0
ATF5,0.7518513420059936,0.22118622027625712,0.017757764554907244,0.768218308906543,-0.019918010942386755,0.5198704004898781,FAM78A,0.7518513420059936,0
NUP210L,0.7518513420059936,0.22131873992576034,0.017299017560120634,0.7677721766101873,-0.019633489017458608,0.5219755802673438,FAM78B,0.7518513420059936,0
POLR2H,0.7518513420059936,0.22192639940340553,0.0164095040888012,0.765728421858435,-0.018035614099531305,0.5348199123718038,FAXC,0.7518513420059936,0
RNF207,0.7518513420059936,0.22219400883784796,0.015997076175960603,0.7648293790253625,-0.017657961478330948,0.5383183205619508,FBRSL1,0.7518513420059936,0
MSL3,0.7518513420059936,0.2226853197770729,0.015658632045207614,0.7631804106541314,-0.017234822790821492,0.5425921961380484,FBXL4,0.7518513420059936,0
BSN,0.7518513420059936,0.22321885919978374,0.016796385459158427,0.7613920595999221,-0.018733561909579286,0.5307208742915698,FBXO15,0.7518513420059936,0
HNRNPU.AS1,0.7518513420059936,0.22330768753363422,0.016308366800541724,0.7610945556684742,-0.017209188218216813,0.5434732768687331,FBXO2,0.7518513420059936,0
PARP8,0.7518513420059936,0.22439397577477282,0.017222148253707673,0.757461788977948,-0.019151295977213136,0.5289984258039082,FBXO3,0.7518513420059936,0
TMC1,0.7518513420059936,0.22532180542246277,0.01623649051852952,0.7543668375898679,-0.01804542055544283,0.5384776613398858,FBXO39,0.7518513420059936,0
HMGN5,0.7518513420059936,0.22551796875004326,0.016715789764666478,0.7537134230385604,-0.018218997938783992,0.5373058550139462,FBXO8,0.7518513420059936,0
SIKE1,0.7518513420059936,0.22555233777126082,0.01724698055259632,0.753598973922677,-0.01903621182099123,0.5311783694674996,FBXW10,0.7518513420059936,0
RNF125,0.7518513420059936,0.22581665804268702,0.015646184667776942,0.752719114923213,-0.01629903953995228,0.5546691923152617,FBXW12,0.7518513420059936,0
SPR,0.7518513420059936,0.22641150831729107,0.016258406285169173,0.7507411283632602,-0.018042471229488287,0.5397094377712166,FBXW4,0.7518513420059936,0
RFC2,0.7518513420059936,0.2266312296121809,0.017096337714698158,0.7500112572842538,-0.01916335554085929,0.5315407230694891,FCN1,0.7518513420059936,0
HSPB1,0.7518513420059936,0.2267071507893505,0.017106244932359547,0.7497591548862734,-0.0193603999585324,0.5302626540434818,FDPSP2,0.7518513420059936,0
ATXN7L3B,0.7518513420059936,0.22716648832736325,0.017077399459361865,0.7482349024182758,-0.019485765050044727,0.5299590541217425,FES,0.7518513420059936,0
AIMP2,0.7518513420059936,0.22740019753503393,0.01611301425503561,0.7474600355057616,-0.018065481543349343,0.54062701703923,FGD4,0.7518513420059936,0
R3HDM4,0.7518513420059936,0.22778829723816718,0.016809273397777866,0.7461742746515531,-0.019058039796148098,0.5336452739171561,FGD5P1,0.7518513420059936,0
UBE2J1,0.7518513420059936,0.22797865836314474,0.014759866752303799,0.7455440656271368,-0.015739194805093264,0.5624910858211213,FGFR2,0.7518513420059936,0
WDR83,0.7518513420059936,0.2279813709895377,0.015574009553396322,0.7455350873536606,-0.016330236749161942,0.5565239039891693,FIRRE,0.7518513420059936,0
COG4,0.7518513420059936,0.22829852356041058,0.015571974501682326,0.744485786998944,-0.016732727405923766,0.5530262740375987,FLII,0.7518513420059936,0
NIT1,0.7518513420059936,0.2285493142833699,0.01656916648151632,0.7436566251027069,-0.018798870109806683,0.5363854991817638,FLJ10038,0.7518513420059936,0
GAPDHS,0.7598366404384955,0.23140285796865007,0.016002544291230457,0.7342579596485735,-0.01775176687602497,0.5475871775387513,FLNB,0.7598366404384955,0
AKAP11,0.7648585465729575,0.23368769659633792,0.01598173690521576,0.7267789503747848,-0.017939206009237856,0.5486913524620813,FLRT1,0.7648585465729575,0
ERGIC2,0.7648585465729575,0.23379018950210984,0.016960009619862326,0.726444412204455,-0.018895661858380753,0.5418844076020688,FMNL2,0.7648585465729575,0
IKBIP,0.7655888940108562,0.2345427703582953,0.016189382298944156,0.7239904632674717,-0.018143542928135425,0.5481264372952737,FNBP1L,0.7655888940108562,0
ZC3H3,0.7655888940108562,0.23487219575094692,0.01579382235353763,0.7229176734280562,-0.01784023718175692,0.5507938263939113,FNDC1,0.7655888940108562,0
RALGAPA1,0.7664594624969037,0.23556914495137588,0.01619352738993318,0.7206507613885561,-0.017968639944676627,0.5506103948937868,FOXJ3,0.7664594624969037,0
ACSS2,0.7678493941211535,0.2376338113395084,0.01568606764235108,0.713956793642719,-0.01774668783379408,0.5546454180170038,FOXK1,0.7678493941211535,0
GBA3,0.7678493941211535,0.23775604872844924,0.01640517847117754,0.713561485413982,-0.018171533416116995,0.5516414752631804,FOXL1,0.7678493941211535,0
NUCB1.AS1,0.7678493941211535,0.23799582981490064,0.01649202186661576,0.7127863717726786,-0.017985413450675315,0.5532755063638819,FTLP10,0.7678493941211535,0
UBE2Q1,0.7678493941211535,0.23801047578180512,0.013606588225908395,0.7127390412648335,-0.014809823097997232,0.5819449161283407,FTSJ2,0.7678493941211535,0
PTMS,0.7678493941211535,0.23867443584027526,0.01632850788108322,0.7105950342826931,-0.0182440474789208,0.5521974438508743,FTX,0.7678493941211535,0
MIAT,0.7678493941211535,0.2388652108992671,0.015860201220873216,0.7099796027254223,-0.018041170555967267,0.5538759996381434,FUBP3,0.7678493941211535,0
ATRIP,0.7678493941211535,0.23901088824298383,0.015340949394265734,0.7095098353450905,-0.01742050125751906,0.558716952029031,FUCA1,0.7678493941211535,0
PTPN11,0.767870651737291,0.23945260271355367,0.01581663527554169,0.7080863896981244,-0.017808655490050087,0.5562611330960948,FUT1,0.767870651737291,0
RNF39,0.767870651737291,0.23989150212738664,0.01574583378095836,0.7066734353809139,-0.018342757058599477,0.5529408319486544,FXR2,0.767870651737291,0
CD5,0.767870651737291,0.24039022689704231,0.014814473842757806,0.7050695950064212,-0.016291296192227897,0.5696485255283757,FXYD6,0.767870651737291,0
IPO5P1,0.767870651737291,0.24074015385369918,0.01593033190604275,0.7039453529618831,-0.018524620803944784,0.5527099949180558,FYCO1,0.767870651737291,0
PRKCD,0.7690256204033596,0.2415335655781724,0.015905537473107474,0.7013995760313434,-0.018039441382745103,0.5570033773002852,FYTTD1,0.7690256204033596,0
PARP1,0.7693439300431121,0.24238504967226154,0.01552412497575187,0.698672512789211,-0.017818012984649582,0.5595847246063284,FZD1,0.7693439300431121,0
MTA3,0.7693439300431121,0.2425470360533582,0.014400892497186128,0.6981543045172125,-0.016212462955853348,0.5726257472204971,G6PC,0.7693439300431121,0
FBXO39,0.7693439300431121,0.24292800483133598,0.01595943687786261,0.6969362910954536,-0.018001478173248164,0.5589098799722385,GABARAPL3,0.7693439300431121,0
BRPF3,0.7708907631966625,0.24384878880702054,0.016118458520622114,0.6939966679164248,-0.01779416973639549,0.561461826983997,GAL,0.7708907631966625,0
RBMS2,0.7727696266123,0.24489551185433,0.014824908707007811,0.6906622477767241,-0.016877829576949874,0.5695844190199897,GANC,0.7727696266123,0
GTF2F2,0.7727696266123,0.24530993194759493,0.014747663872977216,0.6893442006021291,-0.01591909495799322,0.5781467337188066,GAPDHS,0.7727696266123,0
PCGF6,0.7746195075072366,0.24645418643673173,0.015167419434053699,0.6857111424620019,-0.01671956874238353,0.5725824179963266,GAR1,0.7746195075072366,0
TCIRG1,0.7746195075072366,0.24676605735508156,0.015579203825755707,0.6847225082828835,-0.017038443616206694,0.5704272020833753,GART,0.7746195075072366,0
FLNB,0.7782255035274536,0.24835126837191313,0.01475941391424667,0.6797076726734883,-0.016540936629948825,0.5761219849461079,GATAD2A,0.7782255035274536,0
ADD2,0.7798050703426659,0.24933586407954728,0.015116441751665812,0.6766014836708566,-0.017298597334189512,0.5714266201723943,GATC,0.7798050703426659,0
BCL7C,0.7798050703426659,0.24973005898242412,0.015331935838045211,0.6753597124667183,-0.017672268625552597,0.5692400305794727,GBA3,0.7798050703426659,0
CCT6A,0.7814721008970535,0.25070221071963805,0.014950485714861147,0.6723017331714313,-0.017118847580092515,0.574322678802985,GBGT1,0.7814721008970535,0
BTN2A2,0.7829483120078643,0.25247939020980215,0.014534086265622592,0.6667276565286921,-0.016393161057321817,0.5818881355912737,GCNT1,0.7829483120078643,0
RPN2,0.7829483120078643,0.2532696525068949,0.014656829209547037,0.6642556685448685,-0.01700430733055406,0.5781304198551489,GDNF,0.7829483120078643,0
OGDHL,0.7829483120078643,0.2535230728498101,0.014451833145253059,0.6634638140038033,-0.015854569747862337,0.5874519937411645,GGA3,0.7829483120078643,0
CHMP4C,0.7829483120078643,0.25353239727409327,0.015249120391342718,0.6634346862067558,-0.017229602440717095,0.5768194895262144,GGACT,0.7829483120078643,0
DERL2,0.7829483120078643,0.2537792350715659,0.01488812362971777,0.6626638145847138,-0.016674957811850022,0.5811646820962835,GGPS1,0.7829483120078643,0
KCTD19,0.7829483120078643,0.25381050159312707,0.0151653820653648,0.6625661976988596,-0.017032373530290523,0.5785543495130305,GHR,0.7829483120078643,0
SMAD3,0.7859930366072322,0.2552383444731281,0.014971550574664559,0.6581150439462264,-0.01714655924016824,0.5794104118742942,GIF,0.7859930366072322,0
NXF2,0.7873464344551201,0.25611942343464367,0.015062556736938766,0.6553748678807744,-0.017095092896073135,0.5808086830455427,GIMAP1,0.7873464344551201,0
PFDN6,0.7893627395981905,0.25721803236486185,0.014952530484422301,0.6519650454436562,-0.016460735310856893,0.5867050192651685,GJA1,0.7893627395981905,0
CSMD1,0.7902488853323912,0.25795000070861,0.01465273857822185,0.6496973918770221,-0.01680907215308032,0.5849836087606239,GLG1,0.7902488853323912,0
INS,0.7937673851308906,0.259543682294621,0.014639718477802974,0.644771642525035,-0.017026773205425987,0.5853328033957692,GLI1,0.7937673851308906,0
PPP2R5E,0.7944332702669132,0.2602069713044741,0.014763207421161231,0.6427261581667375,-0.016594792350298836,0.5891552503610358,GLOD5,0.7944332702669132,0
CBFA2T3,0.7945003747896648,0.2608098405999666,0.013601226462044258,0.6408693295446816,-0.014345730111002727,0.6087590248398762,GLT8D2,0.7945003747896648,0
BRMS1L,0.7945003747896648,0.2611201456123071,0.014564582701689765,0.6399144557417681,-0.016365858518158756,0.5918844337419202,GLUD1P3,0.7945003747896648,0
MED25,0.7948924793830127,0.26169483196737436,0.01417331246965426,0.6381475637839843,-0.015663237462925916,0.5979651443205569,GM140,0.7948924793830127,0
PRKAG2.AS1,0.7973985440028523,0.2629671025651582,0.013635563411117577,0.6342429917120305,-0.015413103365930606,0.6014064714160952,GMIP,0.7973985440028523,0
ARPC5L,0.7977362321549055,0.26352587814876016,0.013771865297997685,0.6325311759437221,-0.014964136841564455,0.6058317951781033,GML,0.7977362321549055,0
GMPS,0.7980338310175623,0.2640717668538204,0.014502179009327255,0.6308606273913385,-0.016638154154231935,0.5933822355555625,GMPS,0.7980338310175623,0
BMS1P17,0.8001953886377513,0.2658294402256206,0.012495071238591768,0.6254936378743923,-0.013025045482392186,0.6274516796034273,GNA14,0.8001953886377513,0
RPL26L1,0.8001953886377513,0.26583435033216873,0.01459592733442744,0.6254786703293415,-0.016275756574696914,0.5980052114681855,GNAI3,0.8001953886377513,0
DNAJA3,0.8001953886377513,0.2661334074381304,0.014055962523616851,0.6245673144121012,-0.0155432524404418,0.6038535609906062,GNAL,0.8001953886377513,0
TM9SF4,0.8009060848205415,0.2678431869178273,0.011900496145721105,0.6193667946268917,-0.01232430700118316,0.637517107585927,GNAS.AS1,0.8009060848205415,0
SNAP25,0.8009060848205415,0.2681969475211566,0.013411354406244863,0.6182928781392556,-0.014825996601394238,0.6120131930941954,GNB1L,0.8009060848205415,0
TNPO2,0.8009060848205415,0.2682021758053728,0.014184313047360439,0.618277011906,-0.016167994668898324,0.6015420959320165,GNB2L1,0.8009060848205415,0
CCNE1,0.8009060848205415,0.26868533300909003,0.01415604643304411,0.6168114494072995,-0.015898029256358893,0.6040522517413567,GNB3,0.8009060848205415,0
EIF4E3,0.8009060848205415,0.268816788857032,0.013428812661515471,0.6164129332080136,-0.015536805797906872,0.6069183781950009,GNL3,0.8009060848205415,0
LARP6,0.8009060848205415,0.26995993943529384,0.01381290768401946,0.6129515188016303,-0.01559601827019723,0.6077636567337682,GNPDA1,0.8009060848205415,0
MAEA,0.8009060848205415,0.2701264278183496,0.013332002370373837,0.6124480117442708,-0.015348879520552949,0.6098516691533336,GOLGA2P2Y,0.8009060848205415,0
SAP30L,0.8009060848205415,0.270145312679526,0.01309864187517746,0.6123909084916118,-0.014532299673423437,0.6166380910957259,GOLGA7B,0.8009060848205415,0
ITGA6,0.8009060848205415,0.27041248629386766,0.01361425133447571,0.6115832539159792,-0.015270603974549135,0.6107856903563067,GOLPH3L,0.8009060848205415,0
SIRT3,0.8013528791111474,0.27112763665922357,0.013474844453401044,0.6094233442060203,-0.015016592752797524,0.6136115544894509,GOPC,0.8013528791111474,0
PASD1,0.8013528791111474,0.27146222040557094,0.013519259011187034,0.6084138045509182,-0.01512046812526223,0.6131460250936132,GORAB,0.8013528791111474,0
SUPT20H,0.8014343757867555,0.2722789704098426,0.014074235578912919,0.6059520237446602,-0.015913664852022225,0.6081226065205521,GOSR1,0.8014343757867555,0
UBE3B,0.8014343757867555,0.2723888007441244,0.013666554723583487,0.6056212624477082,-0.015665779275919105,0.6100327239625398,GOSR2,0.8014343757867555,0
G6PC,0.8020287886852119,0.2730406476342813,0.013747771344527518,0.6036595437696967,-0.015858073109887957,0.6094093078205678,GOT1,0.8020287886852119,0
SERF2.C15ORF63,0.8022423581339639,0.27392182209600585,0.013074846353233159,0.6010113550735894,-0.014852143295178926,0.6180269755103859,GPATCH3,0.8022423581339639,0
SCAF4,0.8022423581339639,0.2740132339335861,0.012761667642968847,0.6007368770632501,-0.014178504222038344,0.6238506475440695,GPBAR1,0.8022423581339639,0
BCDIN3D,0.8037361327110459,0.27497422375419966,0.013356447617844332,0.5978540899910357,-0.015250390764358135,0.6160894425857191,GPBP1L1,0.8037361327110459,0
MKRN2OS,0.8046890760898944,0.2765015068365236,0.012770297403759366,0.5932827198955686,-0.014863768530193763,0.6207986557995887,GPC1,0.8046890760898944,0
SF3B1,0.8046890760898944,0.2770448680615687,0.013459299984882947,0.591659354918046,-0.015608052050075929,0.6158748061427615,GPIHBP1,0.8046890760898944,0
CHMP4B,0.8046890760898944,0.2770481885847942,0.012019252590454894,0.5916494392032531,-0.013708454728008794,0.631283147494936,GPN2,0.8046890760898944,0
PUM1,0.8046890760898944,0.27737995441083846,0.013827917736026426,0.5906590162591818,-0.015397193527680994,0.6177707769657486,GPR108,0.8046890760898944,0
UBC,0.8046890760898944,0.27755680414766404,0.01322768351361403,0.5901313021710402,-0.015411427609471038,0.6178734256033829,GPR110,0.8046890760898944,0
SPIN1,0.805336715558309,0.27823186583506354,0.013145961272812054,0.5881184475867556,-0.014968087845108035,0.6219370773103842,GPS2,0.805336715558309,0
GRTP1,0.8072781315117739,0.2798275590765603,0.013308421192333057,0.5833699519505198,-0.015215625895872855,0.6219271393256494,GPT,0.8072781315117739,0
DHX57,0.8072781315117739,0.27986313515319583,0.012807698120079916,0.5832642341188857,-0.014493560867321013,0.6274857151491624,GRB7,0.8072781315117739,0
TMEM11,0.8072781315117739,0.28026088805708804,0.011962903866846038,0.5820827154104234,-0.01287004120187644,0.6426852782536199,GRK1,0.8072781315117739,0
MCM3AP.AS1,0.8096632842361178,0.2822817713838769,0.01305830953530098,0.5760921999391243,-0.014925759938586717,0.6268836617455147,GRK7,0.8096632842361178,0
ACMSD,0.8096632842361178,0.28265198920000256,0.012984752477862571,0.574997004770866,-0.014640991748574004,0.629447388165628,GRTP1,0.8096632842361178,0
TMEFF1,0.8096632842361178,0.28284232907463247,0.013189589900287065,0.5744342011312682,-0.015143824661496679,0.6259566828757384,GSK3B,0.8096632842361178,0
PMS1,0.8096632842361178,0.28290534272523915,0.01305430800245183,0.5742479202444982,-0.014483349933496027,0.6309537396753131,GSPT2,0.8096632842361178,0
RPL31,0.816198640018786,0.2856466356543592,0.012750121235405984,0.5661632551811124,-0.013770436632239147,0.6397803542605278,GSTM1,0.816198640018786,0
ANKRD13B,0.8181280349717948,0.28698392407254025,0.011848908373082532,0.5622327252080808,-0.01297469261532477,0.6483250277510704,GTF2F2,0.8181280349717948,0
NELFCD,0.8181280349717948,0.28723956808319884,0.012559518351198411,0.56148233156503,-0.014356111284962291,0.6368239804084008,GTF3C1,0.8181280349717948,0
NPFF,0.8223460796631532,0.28918171169309986,0.01168857349594859,0.555791815683988,-0.013534605360558883,0.6455925704467751,GTF3C2,0.8223460796631532,0
APH1B,0.8230517252509565,0.2902190100773373,0.012205120774583347,0.5527598820312246,-0.014115612934920321,0.642039272715611,GTF3C2.AS1,0.8230517252509565,0
PLEKHA3,0.8230517252509565,0.2903530763784922,0.012186515709758096,0.5523683889627189,-0.014140440211794007,0.6420009434794602,GTF3C4,0.8230517252509565,0
WDR62,0.8289728400130274,0.29290683634784476,0.01233362901607295,0.5449270915810389,-0.014009392033639705,0.6458974227570022,GTPBP10,0.8289728400130274,0
WWTR1,0.829365833661527,0.2939131466556126,0.012282630893830774,0.5420031358809467,-0.014055812565544935,0.6466969072089879,GTPBP3,0.829365833661527,0
DHRS7B,0.829365833661527,0.2939759993685278,0.011955644637085832,0.5418206636871161,-0.013956812554863402,0.6475125677841542,GTPBP6,0.829365833661527,0
SRCIN1,0.837931114868469,0.2994977042007994,0.011476630198636073,0.5258595388734992,-0.012756137987340398,0.663327982962463,GUCY1A2,0.837931114868469,0
KPNA7,0.837931114868469,0.3017125492264648,0.01172859351001046,0.5194949587963891,-0.013297441019679132,0.6613200205266805,GYS2,0.837931114868469,0
KLF14,0.837931114868469,0.3017308915953859,0.01163531835324097,0.5194423382739272,-0.012733133640041238,0.6659180158896445,H2AFX,0.837931114868469,0
FZD1,0.837931114868469,0.30174670346851523,0.012031109981689209,0.5193969783831457,-0.013398212873725448,0.6605853847851498,H2AFY2,0.837931114868469,0
GOT1,0.837931114868469,0.30176216269213696,0.011958378123347397,0.5193526311794888,-0.013659628116623418,0.6586564962398398,H3F3C,0.837931114868469,0
RAD50,0.837931114868469,0.3021199894606791,0.011471923993946155,0.5183264342299434,-0.013074448942592328,0.6635298413105379,HADHB,0.837931114868469,0
DDR1,0.837931114868469,0.3027645713282494,0.011374671550057997,0.5164792393850856,-0.013610650361405062,0.6601739770051837,HARS2,0.837931114868469,0
CUL5,0.837931114868469,0.30302695054197726,0.010872833486733183,0.5157278372895744,-0.01218966489463173,0.6720894406925044,HBQ1,0.837931114868469,0
FMNL2,0.837931114868469,0.30332959202711496,0.011135279964038047,0.5148614934986326,-0.012318020347911608,0.6712399254198786,HCN1,0.837931114868469,0
TRIM39,0.837931114868469,0.30370679910428033,0.011449187432883774,0.5137822383342605,-0.012720714590631748,0.6681606442142208,HDAC10,0.837931114868469,0
UBQLN2,0.837931114868469,0.3039444765305992,0.01074887316490282,0.5131025091195873,-0.012241258556180532,0.6725727226094542,HDAC4,0.837931114868469,0
FAXC,0.837931114868469,0.30398533697094227,0.011615365898335096,0.5129856770001721,-0.013286812172993207,0.6639757804319084,HDAC6,0.837931114868469,0
MB,0.837931114868469,0.3042828900016771,0.01100416564566684,0.5121350956254929,-0.01173873184345667,0.6776448994957511,HDGFL1,0.837931114868469,0
SUZ12P1,0.837931114868469,0.304609981641894,0.01158743984011989,0.5112005028785636,-0.013286532830191511,0.6646905689436724,HDX,0.837931114868469,0
TMEM204,0.837931114868469,0.30578343684985454,0.011427585476851087,0.5078512755912661,-0.012496166390084322,0.6722964063601787,HEATR6,0.837931114868469,0
GNL3,0.837931114868469,0.3069484709736202,0.009918465308859063,0.5045317098955269,-0.01092473481455311,0.6886622934143398,HECTD1,0.837931114868469,0
PRKX,0.837931114868469,0.30794144602425266,0.010833304673483654,0.5017067809069188,-0.012155994831746453,0.6775348210691572,HECTD2,0.837931114868469,0
VPS13A,0.837931114868469,0.30877773374013245,0.011569833109894451,0.49933071706724846,-0.0130875544780769,0.6709501339571136,HERC4,0.837931114868469,0
BSG,0.837931114868469,0.30905809590331423,0.011468782711210627,0.4985347822662338,-0.012720982532051348,0.6740616591021374,HEXA.AS1,0.837931114868469,0
PTENP1,0.837931114868469,0.30914232099408306,0.010537787793188697,0.4982957329582919,-0.010892433126164561,0.6910609180106506,HIATL1,0.837931114868469,0
UBXN6,0.837931114868469,0.3092148993164073,0.011340421166835132,0.4980897625777156,-0.013043291586794289,0.6717802484234173,HIF3A,0.837931114868469,0
EIF3IP1,0.837931114868469,0.3094128755896527,0.011040809193757271,0.4975280321221057,-0.012542872933865802,0.6758733073326139,HIPK1.AS1,0.837931114868469,0
TMSB4Y,0.837931114868469,0.3097844925741663,0.01103290573947144,0.49647404363483943,-0.012689444191463338,0.6751222224772219,HK2,0.837931114868469,0
PREX2,0.837931114868469,0.3098637754605594,0.010800985035797296,0.49624925113259716,-0.01207641192441111,0.680270698370665,HLA.F,0.837931114868469,0
KIAA0020,0.837931114868469,0.3098968460430927,0.010880801177994023,0.4961554927985163,-0.012393015456463598,0.6776264103126011,HMG20B,0.837931114868469,0
ADARB1,0.837931114868469,0.31015988366684766,0.010752199662205246,0.4954099106320157,-0.012523434070434613,0.6768561550705483,HMGN5,0.837931114868469,0
RPS14P3,0.837931114868469,0.3109186719382695,0.010644628565206446,0.4932606598760584,-0.011823513971707585,0.6836212715032087,HMGXB4,0.837931114868469,0
APELA,0.837931114868469,0.31133745072346253,0.010730753725285827,0.4920754541075421,-0.012349378506284496,0.679563964469019,HMHB1,0.837931114868469,0
PITPNA.AS1,0.837931114868469,0.3114810121709045,0.011335894157861398,0.49166931316026546,-0.012791614367987455,0.6762550440675907,HNRNPA3,0.837931114868469,0
CLIC2,0.837931114868469,0.31154033160709615,0.010687282357154135,0.49150151983741147,-0.012097738348297747,0.6818808743165614,HNRNPA3P1,0.837931114868469,0
EID1,0.837931114868469,0.31158066694211717,0.010706759438054991,0.49138743360424186,-0.01204134344977484,0.6824068115964389,HNRNPC,0.837931114868469,0
GHR,0.838394946274944,0.31222335632448844,0.011067846366732092,0.4895704840888206,-0.012733480171877865,0.6775396965739786,HNRNPCL1,0.838394946274944,0
RTDR1,0.8394810514954848,0.3133994477849592,0.010830738634679532,0.4862497267588788,-0.012107802287118273,0.683808435710126,HNRNPDL,0.8394810514954848,0
PAIP2B,0.8394810514954848,0.31356947857318723,0.010285410610222643,0.48577007993287247,-0.01158378434297057,0.6885531117723762,HNRNPF,0.8394810514954848,0
PXN.AS1,0.8402816928407284,0.3143398144277991,0.010809111995578971,0.48359840541189275,-0.01251651222026126,0.6815927703430378,HNRNPH1,0.8402816928407284,0
KLHDC4,0.8438546070999094,0.3161496789359167,0.010911004673942019,0.4785051063512376,-0.012526728765144057,0.6835767461188609,HNRNPH2,0.8438546070999094,0
GABARAPL3,0.8491791422074569,0.31862077741827743,0.010494768778987312,0.4715709301102375,-0.01157031978597718,0.6939920711077461,HNRNPK,0.8491791422074569,0
EIF3L,0.8496687312022428,0.3192810150900183,0.01013662294190026,0.46972207605956906,-0.011920170596469251,0.6917993813512273,HNRNPKP3,0.8496687312022428,0
ITGAM,0.850139521164725,0.32102366838691926,0.010734882113326401,0.4648498310085422,-0.012410579632033267,0.6900562482712327,HNRNPLL,0.850139521164725,0
WIPF2,0.850139521164725,0.3212365437597273,0.010853617215916633,0.4642554155338553,-0.012326804285308413,0.690908643399338,HNRNPR,0.850139521164725,0
PRRG1,0.850139521164725,0.3217506593675177,0.01021709945056135,0.46282051763695564,-0.011691479022148975,0.696373251145389,HNRNPU,0.850139521164725,0
ZSWIM8.AS1,0.850139521164725,0.32189755551405613,0.010189118551272802,0.4624107052525952,-0.011349015344346527,0.6994027551705373,HNRNPU.AS1,0.850139521164725,0
RPL37A,0.850139521164725,0.3223674710021252,0.010153404863650637,0.4611002512084794,-0.011484584553319813,0.6987543772667432,HNRNPUL2,0.850139521164725,0
UFSP1,0.850139521164725,0.32307660463200194,0.010242862929610939,0.4591241864247587,-0.011776335718409692,0.6971659241080996,HNRNPUL2.BSCL2,0.850139521164725,0
STK38L,0.850139521164725,0.3233405908103532,0.010011056239165825,0.45838902326685804,-0.011631121103542967,0.6986156415366751,HPCA,0.850139521164725,0
SELM,0.850139521164725,0.32375943487601344,0.010295810317344545,0.4572231113880313,-0.012048139579456954,0.695864654263377,HPS3,0.850139521164725,0
VAV2,0.850139521164725,0.3238741168009641,0.010291158836836468,0.4569039864105232,-0.012101786435068235,0.69560142170747,HSP90AB1,0.850139521164725,0
NSMAF,0.850139521164725,0.3242815394371626,0.010426632687414426,0.45577062886394243,-0.011766163156715252,0.6985971277304116,HSP90AB4P,0.850139521164725,0
ACOT1,0.850139521164725,0.3247027559804698,0.01041718074619145,0.4545995149923096,-0.012078022936182412,0.6967332463790616,HSPA1A,0.850139521164725,0
CHGA,0.8502291864329823,0.32521385594351876,0.009181191140468378,0.4531793337155073,-0.009983328623382482,0.7159599387774437,HSPA4L,0.8502291864329823,0
C10orf82,0.8523895643715148,0.326518268348707,0.009984404209253527,0.4495589253846226,-0.011665879394128163,0.7018936741279307,HSPA6,0.8523895643715148,0
WTAPP1,0.8537677124228886,0.327558911608145,0.00979361168757462,0.4466748329991568,-0.01159407276171544,0.7036218179772133,HSPA9,0.8537677124228886,0
GSTM1,0.8537677124228886,0.32833891483914435,0.009734684847293052,0.4445155268065689,-0.010596044391362164,0.7128916535757964,HSPB1,0.8537677124228886,0
PRR15,0.8537677124228886,0.3284826981054973,0.009756711326856038,0.44411771376093573,-0.011451758029592937,0.7057645964489321,HTATSF1P2,0.8537677124228886,0
PAPOLB,0.8538157925378743,0.3289800613984967,0.00977767015164507,0.44274217290844486,-0.011015198158727878,0.7098597462715892,IBA57,0.8538157925378743,0
CHD3,0.8555223130142284,0.33022409191486957,0.009932091104337489,0.4393052580067924,-0.011329280292466899,0.7086745287730094,ICAM4,0.8555223130142284,0
VTN,0.8555223130142284,0.330690824084135,0.009518749288148321,0.43801714486041027,-0.010251887297699658,0.7185346743350286,IDH3G,0.8555223130142284,0
HSPA9,0.8555223130142284,0.3315149391826873,0.009546471931974254,0.43574447848509607,-0.011157157519341612,0.7114735668906648,IDUA,0.8555223130142284,0
SP110,0.8555223130142284,0.3315568807026539,0.009598176111698678,0.43562887640968556,-0.010883224523338272,0.7137583245915948,IFNB1,0.8555223130142284,0
SETDB2,0.8565513512432799,0.3324360824791641,0.009725463382477893,0.4332068974482291,-0.010824501484738278,0.7152040028306095,IGBP1P1,0.8565513512432799,0
PPP3CC,0.8578847083801746,0.33376821591147876,0.009367893269589157,0.4295420370659075,-0.010528700726791443,0.7191689595433199,IKBIP,0.8578847083801746,0
PTGES3L,0.8578847083801746,0.3339158651799446,0.009160262394982195,0.4291361919027529,-0.009993927522165274,0.7242694900922918,IKBKE,0.8578847083801746,0
TRIM45,0.858950960061472,0.33490782190351553,0.009650221501244399,0.42641141748559325,-0.01131133360608395,0.7141332901748809,IKZF2,0.858950960061472,0
COPZ2,0.858950960061472,0.3352943736414944,0.009943306500861471,0.42535046859336645,-0.011370463305041099,0.7141481273371446,IL10RB,0.858950960061472,0
KDM5B,0.863587267052439,0.3375885166211722,0.009391223953798346,0.41906364524644374,-0.010632519453793876,0.7224143255079414,IL17A,0.863587267052439,0
MARCH7,0.866662324160147,0.3403783510319486,0.009550831968691659,0.4114406677613431,-0.011090614092211026,0.7220784861377184,IL6ST,0.866662324160147,0
HSPA4L,0.866662324160147,0.34044322141075567,0.009346359864485402,0.4112637010004595,-0.010583096224573483,0.7259701388535678,ILF3,0.866662324160147,0
PDPN,0.866662324160147,0.34083476276042945,0.00927754572168621,0.41019584718863755,-0.010938446606619918,0.7237082000929136,ILF3.AS1,0.866662324160147,0
NAA60,0.866662324160147,0.3409147368325962,0.00966014870151607,0.40997779082992053,-0.011102087344471415,0.7226248681754499,ILKAP,0.866662324160147,0
BAZ1B,0.866662324160147,0.34199587159510303,0.009246587859078007,0.4070318889105252,-0.010745587049087308,0.7264704345744605,IMP3,0.866662324160147,0
CNOT3,0.866662324160147,0.34221859990046793,0.00897009694385998,0.4064254329230517,-0.009907000951362143,0.7335813779075251,IMPDH1,0.866662324160147,0
CERKL,0.866662324160147,0.3426644186490714,0.009225134162067765,0.40521198356762517,-0.010675132673377137,0.7277630681531334,INPP4B,0.866662324160147,0
PRRC2B,0.866662324160147,0.34277034977798104,0.008916457258115172,0.40492374327685415,-0.009832171356887536,0.7348302046515899,INPP5E,0.866662324160147,0
DDX51,0.866662324160147,0.34316522762594714,0.008688686873768357,0.4038495705300666,-0.009893267938821323,0.7346993191313713,INPPL1,0.866662324160147,0
ALAS1,0.8672927823003557,0.34390128832661326,0.008811894413999618,0.40184853182808006,-0.01039162545559349,0.7313417013420953,INS,0.8672927823003557,0
GGACT,0.8690607938654229,0.345089759986943,0.008894499835227835,0.39862096790272455,-0.010349486715052893,0.7330032121623331,INTS12,0.8690607938654229,0
SKP1P2,0.8726653102721197,0.347218969066301,0.008710374745506053,0.39284896058052654,-0.010253007934010239,0.7361475829293427,INTS4,0.8726653102721197,0
KLC2,0.8726653102721197,0.3474999272536203,0.008168749353517475,0.3920883004312784,-0.00921142388258581,0.7454740002896061,INTS6.AS1,0.8726653102721197,0
UBE2L6,0.8746107865419905,0.34992574675747146,0.00893391519304044,0.3855300615759912,-0.010392877226254956,0.7382082181368425,INTS9,0.8746107865419905,0
UGT1A1,0.8746107865419905,0.34994508447049993,0.008402956707174291,0.3854778487238471,-0.009165177496485698,0.7483843741106126,IP6K2,0.8746107865419905,0
UBE2E2,0.8746107865419905,0.35009570243714816,0.008901257198987293,0.3850712081713808,-0.010115474127902998,0.7404566124555815,IPO5P1,0.8746107865419905,0
RBM33,0.8746107865419905,0.35023673673078026,0.008130322032711253,0.3846904994795042,-0.009067967343651064,0.7496090322032776,IPO8,0.8746107865419905,0
ARAP1,0.874935693963034,0.35085755534692614,0.008491184102344987,0.3830153204340057,-0.009567013538509393,0.7457230647613783,IPO9,0.874935693963034,0
GNAS.AS1,0.8753611347039058,0.35151910961749666,0.008409816649615839,0.3812314048950799,-0.009482090379553772,0.7471598733008568,IPO9.AS1,0.8753611347039058,0
RYK,0.8781575686962012,0.35313459156207305,0.00846513600097635,0.3768802544282874,-0.009537555317628066,0.748434379612112,IQSEC2,0.8781575686962012,0
ARFGEF2,0.8797245943113488,0.35514728780000304,0.008083036805077935,0.37146919914030807,-0.009131756547883209,0.7540724677246294,IRAK1BP1,0.8797245943113488,0
ADCY8,0.8797245943113488,0.35517942798192037,0.008205853803132853,0.37138288010989423,-0.009433573432437406,0.7515258833972109,IREB2,0.8797245943113488,0
POGLUT1,0.8797245943113488,0.3552449287179872,0.0074387938348680765,0.3712069730555193,-0.008011377890693935,0.7655474934477376,IRF1,0.8797245943113488,0
VPS41,0.8815181437272973,0.3567517903619219,0.00655219157608943,0.367163342694756,-0.006775403265993777,0.7833029111903532,IRF2BP1,0.8815181437272973,0
THAP1,0.8815181437272973,0.35695799201969075,0.00835382458951539,0.36661047323196005,-0.009647908655939475,0.7518050895910536,IRF2BPL,0.8815181437272973,0
ATN1,0.883686696054331,0.35877471843146064,0.007737133626939223,0.3617442706871257,-0.008938521391985248,0.7596082089546724,ISX,0.883686696054331,0
WDR46,0.883686696054331,0.35882735162273455,0.008217002875843971,0.3616034179283896,-0.009576460838966086,0.7544726810409879,ITGA5,0.883686696054331,0
ATG9B,0.8838340394893072,0.3593828820133189,0.0075898156751210795,0.36011718848650964,-0.008553669684158901,0.7637676235127594,ITGA6,0.8838340394893072,0
MAN2C1,0.8846246504777628,0.3602005026622859,0.00727195591392991,0.3579312250735253,-0.00804900206685678,0.7696806096789109,ITGAM,0.8846246504777628,0
SUFU,0.8851318541196602,0.36090345369881827,0.008054037329259935,0.3560532054105666,-0.009588194284753847,0.7567735693314204,ITGB2.AS1,0.8851318541196602,0
FUBP3,0.8853057966898691,0.3614709029670357,0.008050863699600182,0.35453811115127887,-0.009404679194946858,0.7587814503033884,ITM2C,0.8853057966898691,0
SIN3B,0.8855830856774076,0.3621047160440061,0.008198818066597698,0.3528467865063535,-0.009497546676149852,0.7588241207778873,IVD,0.8855830856774076,0
STXBP4,0.8855830856774076,0.3628657679861027,0.007786111652399046,0.3508172584590949,-0.00923244100719976,0.761673715539874,IYD,0.8855830856774076,0
PDC,0.8855830856774076,0.36326524625846685,0.007387219357001479,0.34975253216763497,-0.008555419948463596,0.7677383484022055,JAK2,0.8855830856774076,0
PAFAH1B1,0.8855830856774076,0.3635708461670568,0.007810045348828667,0.34893828681549643,-0.009264850101121033,0.7622295942201219,KANTR,0.8855830856774076,0
PHGDH,0.8864458965885023,0.36442223342645663,0.007954753097798046,0.34667105448516783,-0.009391066989536498,0.762285708452483,KAT2A,0.8864458965885023,0
ZNHIT1,0.8866421612176562,0.36500019424215346,0.007481700194536474,0.3451329685542873,-0.008357662762892211,0.7713416115493422,KAT6A,0.8866421612176562,0
SPDEF,0.8871471551357338,0.3657056416291443,0.007408825421536365,0.3432567172392534,-0.00857674591131369,0.7701284279109931,KBTBD3,0.8871471551357338,0
DYRK1B,0.8931433684612208,0.369152450354602,0.0074456399809274924,0.33410658716720826,-0.009097561410832244,0.7699035116158857,KCNA1,0.8931433684612208,0
SDHD,0.8931433684612208,0.36917928354229934,0.006434427699748274,0.3340354646019525,-0.007179464656504524,0.787661667462108,KCTD19,0.8931433684612208,0
ZC3H12A,0.8966566442061347,0.37113438217842254,0.007226778688224901,0.3288579067147136,-0.008710693115260636,0.7750295396974016,KCTD20,0.8966566442061347,0
MBD3,0.8968352678097911,0.3717113084192011,0.007496474505585734,0.32733176062078295,-0.008873413089325781,0.774491386231752,KCTD21,0.8968352678097911,0
SPTLC2,0.8985023216036602,0.3732429509838291,0.007353997018565121,0.32328378394825574,-0.008671070006652445,0.7777377099766641,KDM1B,0.8985023216036602,0
NUP50.AS1,0.8985023216036602,0.3736448669442144,0.007175900201446705,0.3222224402397196,-0.008538417471301617,0.779190010161321,KDM2B,0.8985023216036602,0
ARID4B,0.8985023216036602,0.3741216382076921,0.007270441693918983,0.32096389576681683,-0.008430055371531905,0.7805601531465343,KDM3A,0.8985023216036602,0
MED4.AS1,0.8985023216036602,0.3744179612739874,0.007372970050206729,0.3201819409486959,-0.008542825908778579,0.7800383675585832,KDM4A,0.8985023216036602,0
SLAMF1,0.8998543671123066,0.3755172894718538,0.006416579011381258,0.31728267431955115,-0.0074458623687659225,0.7906897478160305,KDM4D,0.8998543671123066,0
PCNA,0.8998543671123066,0.37666559400823607,0.006412042713874552,0.3142570870276632,-0.007451488354932598,0.7917756425361446,KDM5B,0.8998543671123066,0
MLH1,0.8998543671123066,0.37741305579469814,0.0069522494183930335,0.31228919870643423,-0.00824555013100087,0.7856960616914079,KHDRBS2,0.8998543671123066,0
C17orf64,0.8998543671123066,0.37773545887427834,0.0070347499583766765,0.31144076206558463,-0.00827147133091095,0.7858642857412458,KHSRP,0.8998543671123066,0
PAN3.AS1,0.8998543671123066,0.3780980985301027,0.006887063841670537,0.3104867065805302,-0.008218613079237892,0.7866777630817118,KIAA0020,0.8998543671123066,0
GOSR1,0.8998543671123066,0.37844433114571674,0.0069801306216457715,0.30957607945873156,-0.008053089967842519,0.7883551005167118,KIAA0101,0.8998543671123066,0
HNRNPUL2,0.8998543671123066,0.37851417573428486,0.007136986971359051,0.30939241220016167,-0.008328404840541986,0.7863321897517286,KIAA0195,0.8998543671123066,0
UBE2G2,0.8999193925082621,0.3790462500132949,0.006463206609528678,0.30799358182134473,-0.007543792919557697,0.7933333185387669,KIAA0196,0.8999193925082621,0
HDX,0.9026161370398794,0.3806883539282049,0.006654602773509485,0.3036802532090431,-0.00780537366810151,0.7928306658227786,KIAA0226,0.9026161370398794,0
MSR1,0.9032057466758531,0.3814911743051731,0.006781159518527654,0.30157353763992817,-0.008087346578255486,0.7915360614622178,KIAA0226L,0.9032057466758531,0
SURF6,0.9032057466758531,0.3819501587176631,0.00681842962159501,0.30036969857463053,-0.008120605851465788,0.7918209620617154,KIAA0319,0.9032057466758531,0
SMARCA4,0.9058347480142432,0.38356995779627234,0.006707082134478677,0.2961247015317414,-0.007747342525770679,0.7964872123861184,KIAA0355,0.9058347480142432,0
DAPK1,0.9065609275735874,0.38438590086687163,0.006659265533738371,0.2939883890165868,-0.007750645884579819,0.7973772232514578,KIAA0391,0.9065609275735874,0
FAM120C,0.9080514452001481,0.3859623645236341,0.006343520844816841,0.2898646601063233,-0.007230603398563887,0.8033840525865744,KIAA0513,0.9080514452001481,0
UNC45A,0.9080514452001481,0.38603645286691657,0.0066654032125239085,0.2896709808747861,-0.007762165001082462,0.7991653282926111,KIAA0930,0.9080514452001481,0
UBA2,0.9096347135642191,0.3872197126165128,0.006472745293614787,0.2865792102840566,-0.007766193560143599,0.8004995050186451,KIAA1024,0.9096347135642191,0
RAB9A,0.9110138371030722,0.38831773202374364,0.006375178516945502,0.2837126157053067,-0.007512447208660001,0.8036485569869891,KIAA1210,0.9110138371030722,0
KTN1.AS1,0.9128069237436431,0.3899768149320716,0.006068603399722292,0.2793856656260273,-0.00729284073606672,0.8072222482846908,KIAA1430,0.9128069237436431,0
EGLN2,0.9128069237436431,0.3901059315157914,0.006021872590483664,0.2790491451012348,-0.007334000995371786,0.8070425507310781,KIF5C,0.9128069237436431,0
CDC6,0.9132013798133214,0.3910054050493395,0.005981639129145581,0.2767056939929028,-0.00685297305405196,0.8120406951908288,KLC2,0.9132013798133214,0
PREPL,0.9132013798133214,0.3917416893569279,0.006164723362728153,0.274788540424936,-0.007319602328974785,0.8090000425887068,KLF14,0.9132013798133214,0
SEPHS1,0.9132013798133214,0.3918110238683067,0.006192377884216107,0.2746080578062363,-0.00712034076248359,0.8106349776689297,KLF3.AS1,0.9132013798133214,0
NINJ1,0.914675323980989,0.3929564207344014,0.005888809935224982,0.2716277984988373,-0.007117769098908988,0.8119271469343963,KLHDC2,0.914675323980989,0
ARPP21,0.9168780329617963,0.3944169665068411,0.00593363727227788,0.26783103219389515,-0.007265177350286018,0.8124735770669287,KLHDC4,0.9168780329617963,0
KLHL13,0.91809576599512,0.3954557197331756,0.00591034494760415,0.2651330888820402,-0.007019822132501037,0.8154950192709793,KLHL13,0.91809576599512,0
STUB1,0.9222162100921797,0.39844524221630223,0.005990433237484919,0.2573791169342479,-0.007135046849939415,0.8181104387925952,KMT2E.AS1,0.9222162100921797,0
AFM,0.9222162100921797,0.3987315887642932,0.005611688503879193,0.2566372342204299,-0.006615284039738388,0.822350695932701,KPNA2,0.9222162100921797,0
NCKAP5,0.9222162100921797,0.3995519913809825,0.005741258823211417,0.2545124694634389,-0.006531522544093669,0.8239371251640542,KPNA5,0.9222162100921797,0
U2SURP,0.9222162100921797,0.4010022667618105,0.005648727184749146,0.2507591970277752,-0.0066817012502752475,0.8243561393914043,KPNA7,0.9222162100921797,0
SSR2,0.9222162100921797,0.40245065170494665,0.005784106659349696,0.24701433954187907,-0.006881366545167508,0.8246000657488298,KPRP,0.9222162100921797,0
IP6K2,0.9222162100921797,0.4027825561437166,0.005598798606110005,0.24615667685606457,-0.006846441513184798,0.8252328429389978,KRBA1,0.9222162100921797,0
H2AFX,0.9222162100921797,0.40386727200281725,0.00509990670989156,0.24335495940623658,-0.006119419219683754,0.8320799820377691,KTN1.AS1,0.9222162100921797,0
FAM208B,0.9222162100921797,0.4042988743025129,0.005045354320983702,0.2422407041973654,-0.005936081873139849,0.8341775281794075,KY,0.9222162100921797,0
EIF3B,0.9222162100921797,0.4043443756435588,0.005478980530272773,0.24212325224593187,-0.00649805676783475,0.8295451491311718,L3MBTL3,0.9222162100921797,0
CEP170,0.9222162100921797,0.40443203950935536,0.005417764007824281,0.24189697619651915,-0.0065403623880811,0.8293321407447405,LAMP2,0.9222162100921797,0
RRP7A,0.9222162100921797,0.404457125496151,0.005222331694768582,0.24183222707693686,-0.0062464196475219445,0.8316418705579457,LARGE,0.9222162100921797,0
MYL1,0.9222162100921797,0.4047172768549826,0.005343493904402254,0.2411608134560968,-0.0065036906773981475,0.8299303323787515,LARP1B,0.9222162100921797,0
ZBTB11.AS1,0.9222162100921797,0.40493641449296913,0.005427319746302422,0.2405953347731705,-0.006545718855707884,0.8298757160318486,LARP6,0.9222162100921797,0
CTNNBIP1,0.9222162100921797,0.40559113614180853,0.0054420954788037814,0.23890630094230533,-0.006434341896301215,0.8314464064302102,LARS,0.9222162100921797,0
MORC4,0.9222162100921797,0.40564479138439136,0.005307767133652293,0.23876791282612403,-0.0066294934729677355,0.8301140618725675,LARS2,0.9222162100921797,0
TIPARP,0.9222162100921797,0.4057394689522694,0.005344649428031876,0.2385237306871367,-0.006315375798842214,0.832515939174109,LASP1,0.9222162100921797,0
YTHDF3.AS1,0.9222162100921797,0.40602340152684296,0.00525092430065161,0.23779152772821283,-0.0061588384578032404,0.8340742202946563,LAT,0.9222162100921797,0
PHF21A,0.922398407886514,0.40662094705485136,0.005171634830969469,0.2362509981991008,-0.006225075566112193,0.834207285397468,LBX1,0.922398407886514,0
DIABLO,0.9245626096104388,0.4080935354814444,0.00532675257384517,0.2324569086745922,-0.006356205738334296,0.8349065796132596,LCP2,0.9245626096104388,0
EFCAB14.AS1,0.9261894113626445,0.40933104663699604,0.005051097845950589,0.22927107824948453,-0.00634362275314775,0.8364448332550835,LCT,0.9261894113626445,0
DLX1,0.9312154785920504,0.4122020962671671,0.004970629636577675,0.22188878621082853,-0.00608285978102811,0.8416448397866554,LDHAL6A,0.9312154785920504,0
ARPC4.TTLL3,0.9312154785920504,0.41307768418735447,0.0047649333504157865,0.21963982142626715,-0.005811440736130029,0.8446653868138007,LETM2,0.9312154785920504,0
FAM35A,0.9312154785920504,0.41338303335932863,0.00491693564701895,0.21885578786220153,-0.006006788030677895,0.8435635214470669,LGALS8.AS1,0.9312154785920504,0
KIAA1430,0.9312154785920504,0.41383703040448083,0.005083823770512567,0.21769032528538523,-0.0060881771681188,0.8435344539445626,LIME1,0.9312154785920504,0
CSNK2A2,0.9312154785920504,0.41416369855496127,0.004782817488068911,0.21685191360308712,-0.005778544416148118,0.8461415392231735,LINC00658,0.9312154785920504,0
EIF2B2,0.9312852214069837,0.41497420296416,0.004860694482711259,0.21477236653591142,-0.005672442403352216,0.8478725317961071,LMAN2L,0.9312852214069837,0
TBC1D10A,0.9312852214069837,0.4168923884627098,0.004602551398323969,0.2098544740415207,-0.005673377200547738,0.8500386674057245,LRAT,0.9312852214069837,0
PPP6R2,0.9312852214069837,0.4188604872704299,0.004742859439186139,0.20481388168050646,-0.005905330301633017,0.8507966754764958,LRP1,0.9312852214069837,0
SRRM2.AS1,0.9312852214069837,0.41925303552697585,0.004516412383199472,0.2038091338015328,-0.005438024478748145,0.8544928516589666,LRPPRC,0.9312852214069837,0
MAST4,0.9312852214069837,0.41989370980882557,0.004515402039965316,0.20216973570653776,-0.005758978291153106,0.8529871386327854,LRR1,0.9312852214069837,0
EDC4,0.9312852214069837,0.41998800072479847,0.0046075708932747875,0.20192850408601776,-0.0055834635575475085,0.8542781625501725,LRRC42,0.9312852214069837,0
SYN1,0.9312852214069837,0.4200487767725136,0.004197097301560909,0.20177302233067593,-0.005194956996478242,0.85731233615924,LRRC48,0.9312852214069837,0
NFXL1,0.9312852214069837,0.42021264668785785,0.004540199551001252,0.20135382255695938,-0.005461514765330881,0.8554112964883485,LRRFIP2,0.9312852214069837,0
NENF,0.9312852214069837,0.42048794544864654,0.004552921068716742,0.20064965344958371,-0.005561856523248133,0.8550165424985733,LSM14B,0.9312852214069837,0
IVD,0.9312852214069837,0.4207551962974775,0.004644286578561978,0.1999661647522104,-0.005713594484353058,0.85432471273431,LSM2,0.9312852214069837,0
MESP1,0.9312852214069837,0.420784340941743,0.004497574637042818,0.19989163356277,-0.005483557584944588,0.8559138377326136,LUC7L,0.9312852214069837,0
ARIH2OS,0.9312852214069837,0.421213100306016,0.004283529243924641,0.19879530135963835,-0.005263222776399225,0.8580444805519544,MAATS1,0.9312852214069837,0
NUP210,0.9312852214069837,0.42174928653162885,0.004513505181309657,0.19742461607616033,-0.0054989406072469965,0.8569392913058427,MAEA,0.9312852214069837,0
FAM134B,0.9312852214069837,0.42191200654194705,0.004380002377663288,0.19700871854665553,-0.005484632988891665,0.8572298632160995,MAFA,0.9312852214069837,0
IYD,0.9312852214069837,0.42215945542224115,0.004219395303258931,0.19637632702694233,-0.005132353879038882,0.8601311187665549,MAMDC2,0.9312852214069837,0
GNA14,0.9312852214069837,0.42255173534394264,0.0044942707914538745,0.19537395958471773,-0.005559202422454046,0.8574981681378143,MAML2,0.9312852214069837,0
IL17A,0.9318208672946088,0.42346636676471455,0.004422449276454022,0.19303762169259472,-0.005381432879673041,0.8597759290628357,MAN1B1.AS1,0.9318208672946088,0
ACTR3B,0.9318208672946088,0.42384000189339754,0.004107597081164522,0.1920835105398891,-0.004913331994616791,0.8637680696129206,MAN2A2,0.9318208672946088,0
ILKAP,0.9338028923692807,0.4257234157162569,0.004142200709335958,0.18727668558903401,-0.005276564074479822,0.8631698490078891,MAN2B1,0.9338028923692807,0
PITPNC1,0.9338028923692807,0.42578898008761934,0.003996661015859567,0.18710943159240495,-0.004882482505937955,0.8661390604516714,MAN2B2,0.9338028923692807,0
EIF5,0.9342997535842475,0.4265395397743003,0.0037533097415033407,0.1851951337174042,-0.004534779369341764,0.8699723892910793,MAN2C1,0.9342997535842475,0
RBM4,0.9349231213905786,0.4273484822957497,0.00424209213036928,0.18313269024688383,-0.005281293951997675,0.865107829422264,MAP2K2,0.9349231213905786,0
DRG2,0.9355188109974424,0.4281454569679826,0.004088452725238885,0.18110152107020844,-0.005140426308336437,0.8669754496500621,MAP2K4,0.9355188109974424,0
SPATA13.AS1,0.9361386491089405,0.42895416507123074,0.003988657075081715,0.17904121155644984,-0.004939946643401455,0.8692924219042145,MAP3K14.AS1,0.9361386491089405,0
KCTD20,0.9384775678072851,0.43071114889844836,0.00373278271715669,0.17456762831575504,-0.004416125639065134,0.8753610802848331,MAP3K3,0.9384775678072851,0
SUGT1,0.9384775678072851,0.431078591157693,0.003889980524039689,0.17363250164579588,-0.004759895576358422,0.873042288826728,MAP3K5,0.9384775678072851,0
ENOSF1,0.9386711018661039,0.43169394477296985,0.003881931953052879,0.1720667895320076,-0.004732718396825414,0.8739507142440736,MAP3K7CL,0.9386711018661039,0
PRMT6,0.9393548380383638,0.4326387872031627,0.0038327492318467084,0.16966354216751217,-0.004848171637861531,0.8742961390222126,MAP4K1,0.9393548380383638,0
SHISA6,0.9393548380383638,0.4330620733973837,0.0037959314328177914,0.16858721412819766,-0.004856470693992693,0.8747592682902515,MAP4K5,0.9393548380383638,0
FDPSP2,0.9410049934437589,0.43451655922708504,0.003653607278775029,0.16489024190223447,-0.004605537974098501,0.8781459120479527,MAP7D2,0.9410049934437589,0
THOC6,0.9410049934437589,0.4352054044261401,0.003638270639053188,0.1631401433057367,-0.004615097126210651,0.8789024794563192,MAPK10,0.9410049934437589,0
SLC25A5.AS1,0.9410049934437589,0.43630370176281996,0.003505235848711732,0.16035081055461886,-0.004462982269257455,0.8812293986060986,MAPK15,0.9410049934437589,0
DDB2,0.9410049934437589,0.43645077475408434,0.0036176158194482604,0.15997738620225305,-0.004608915027861843,0.8804500417009138,MAPK3,0.9410049934437589,0
ATP6AP1L,0.9410049934437589,0.4364616542781764,0.0031897718573015896,0.1599497635315377,-0.0038043174273551953,0.886954776114676,MAPKAP1,0.9410049934437589,0
AHCYL2,0.9415951596460761,0.4386748986371843,0.0031665914051024423,0.1543329327366987,-0.0037304850355711584,0.8898494936946976,MAPKAPK2,0.9415951596460761,0
ITGA5,0.9415951596460761,0.43870915663683413,0.0032813625080538385,0.1542460305825055,-0.0041808777428694426,0.886026101223176,MAPKAPK3,0.9415951596460761,0
PTPN7,0.9415951596460761,0.43942040558481343,0.0032906278074384277,0.15244206987255957,-0.004163974427228112,0.8869644529372157,MAPKAPK5.AS1,0.9415951596460761,0
NUMB,0.9415951596460761,0.4396309415259728,0.003262666561483941,0.15190817705902138,-0.00431800690744887,0.8861579576598055,MAPRE2,0.9415951596460761,0
PCK1,0.9415951596460761,0.43973701634043794,0.003473239723617858,0.15163920101085246,-0.00434577812537762,0.8861084586709796,MARCH7,0.9415951596460761,0
GMIP,0.9415951596460761,0.43990396409712923,0.0034449773563970383,0.1512158904283354,-0.004341805875541827,0.8863364978501242,MARCH8,0.9415951596460761,0
SCP2D1,0.9438990926876444,0.441509727033929,0.003227546042641062,0.14714571070343382,-0.004180845328380663,0.8893069522673691,MARK2P9,0.9438990926876444,0
POLR2C,0.9455626317660982,0.4428181702325811,0.0029848623729244374,0.1438309617260167,-0.0037092264531982853,0.8942892133447672,MARK4,0.9455626317660982,0
ATG13,0.9460711360430804,0.4441905773833671,0.0029601307993177054,0.14035586624886404,-0.0038736531341098373,0.8945495439916398,MARS2,0.9460711360430804,0
UBE2I,0.9460711360430804,0.44429706050807605,0.00330631980957342,0.14008630990759272,-0.004191671236878553,0.8926867599942672,MAST4,0.9460711360430804,0
AHSA2,0.9460711360430804,0.4446481278766693,0.0032902726362495816,0.13919767361230742,-0.004117318072441513,0.893550175564057,MATK,0.9460711360430804,0
ARL3,0.946238423541859,0.4452574522443184,0.0028198752571821028,0.1376555870014361,-0.0035100128213707902,0.8985815376129622,MAU2,0.946238423541859,0
CHPT1,0.9468783949345168,0.4467522247553466,0.0030175966709951856,0.13387397441085944,-0.0039703030452297805,0.8970339531278284,MAVS,0.9468783949345168,0
AKT1S1,0.9468783949345168,0.4473917552636219,0.0026211998196774833,0.13225661926326435,-0.0032272750439003685,0.9033651641302476,MAX,0.9468783949345168,0
PHF13,0.9468783949345168,0.4480671605449934,0.0028346394311859315,0.13054891327459717,-0.0036937538918684607,0.9003336626369235,MB,0.9468783949345168,0
MARS2,0.9468783949345168,0.44878313585974383,0.002960875196485601,0.12873904486936968,-0.00386905015721543,0.9001687284608553,MBD2,0.9468783949345168,0
PSMD4,0.9468783949345168,0.44921386880344283,0.0029502888537474487,0.12765042601126622,-0.0038894598568556802,0.9006128486272914,MBD3,0.9468783949345168,0
SEC14L1,0.9468783949345168,0.449547613011126,0.002738928905544286,0.12680703705569019,-0.0035494095114624643,0.9030473283310307,MBNL1.AS1,0.9468783949345168,0
SORBS1,0.9468783949345168,0.4501855665599771,0.0028633105321264575,0.12519514575043253,-0.003753843217327084,0.902582555510943,MBTPS2,0.9468783949345168,0
GPC1,0.9468783949345168,0.45065547042454496,0.0027375596798590368,0.12400806700886066,-0.003625121066555624,0.9039044474800096,MCCD1,0.9468783949345168,0
UBE4B,0.9468783949345168,0.4507071709372512,0.0027817298745159875,0.12387747103893323,-0.003652709080072014,0.903807507558872,MCHR1,0.9468783949345168,0
SP140,0.9468783949345168,0.4514752556911302,0.002620904409499248,0.12193752951618668,-0.0033177928551297972,0.9069054817827386,MCM3AP.AS1,0.9468783949345168,0
ANXA7,0.9468783949345168,0.45185574138314955,0.0021947621492221883,0.12097671223497897,-0.002851167648901013,0.911485893216669,MCMDC2,0.9468783949345168,0
IKZF2,0.9468783949345168,0.4523886895520457,0.0026981752912757003,0.11963107833599144,-0.003627088634250136,0.9060783162823074,MCTP1,0.9468783949345168,0
ACAD11,0.9468783949345168,0.45246236258228173,0.0025999167022587046,0.11944507935771043,-0.0035544352297522262,0.906565783075824,MDH1B,0.9468783949345168,0
STAT4,0.9479932473657874,0.45361488465658417,0.0025394847762019493,0.11653589262176414,-0.00337910184444884,0.909015901785421,MDK,0.9479932473657874,0
POLR1E,0.9479932473657874,0.45405845947862167,0.002508929469621172,0.11541648886549095,-0.0033795489722181883,0.90955853544126,ME3,0.9479932473657874,0
TMEM30B,0.9495899639665888,0.45535581558689475,0.0024512954676490038,0.11214331059782828,-0.0032156279792907674,0.9121357041691954,MECOM,0.9495899639665888,0
PRR14,0.950340405442181,0.45624867473836617,0.002403179542192121,0.10989136212742899,-0.003271394133261437,0.9129061451653723,MECR,0.950340405442181,0
TMED6,0.9504357425867431,0.4568274993812893,0.0023676213795139852,0.10843176257934231,-0.003252129064452802,0.9137423870058862,MED25,0.9504357425867431,0
CYTH2,0.9509225990590284,0.4575948345443895,0.002444740648167751,0.10649715894627039,-0.003213256617045815,0.9149256894410817,MED30,0.9509225990590284,0
BRDT,0.9546493501961637,0.46140563434215587,0.0021963911329590403,0.09689513894295353,-0.0029858036849832455,0.9209887954711231,MED4.AS1,0.9546493501961637,0
PFN1P2,0.9546493501961637,0.46244851985680036,0.002077383030586655,0.09426898825950757,-0.002918786975928804,0.9226710220898444,MESP1,0.9546493501961637,0
NUP98,0.9546493501961637,0.4626349981579708,0.0021267851749140095,0.09379947544085533,-0.0029070452296444276,0.9229705841919038,METAP1D,0.9546493501961637,0
ARF3,0.9546493501961637,0.462739420343136,0.0021499741470941912,0.09353657156017507,-0.0029861607516533674,0.922757952861879,METRN,0.9546493501961637,0
SRSF3,0.9546493501961637,0.462778012357269,0.0020864405924570038,0.09343941002984744,-0.002829172537912663,0.9235384820652974,MFGE8,0.9546493501961637,0
RBM23,0.9546493501961637,0.46330720967611727,0.002060060706332485,0.09210716024512343,-0.0028896418666254585,0.9239368126173975,MFNG,0.9546493501961637,0
SNRPB2,0.9546493501961637,0.46366441983001017,0.0020126283132010005,0.09120797925841055,-0.002817781617244385,0.9247378413479925,MFRP,0.9546493501961637,0
QDPR,0.9546493501961637,0.46399460209269583,0.002037633510070472,0.09037689935827219,-0.0028448776197471464,0.9250491524161726,MGAT2,0.9546493501961637,0
SEC63,0.9546493501961637,0.46420694706678295,0.002013407962633104,0.08984245290929642,-0.0028419010369823694,0.9253455755795399,MIAT,0.9546493501961637,0
YTHDF2,0.957854024907993,0.46630246417281995,0.001923597930273872,0.08456964312163275,-0.0027438645773254816,0.9285847766471912,MIEF2,0.957854024907993,0
KPNA2,0.9580143088665055,0.46706176973736296,0.0018634990755037279,0.08265964115043471,-0.0026530607418749305,0.9299741759235148,MIER2,0.9580143088665055,0
GDNF,0.9580143088665055,0.46745510303637683,0.0018541387286885914,0.0816703463875621,-0.002652349481414107,0.9305141264085347,MKL2,0.9580143088665055,0
TOPORS,0.9631000600399294,0.47100410370006085,0.0015313902893934978,0.07274755047640963,-0.0022934533572445824,0.9367133623927884,MKRN2,0.9631000600399294,0
OTUD5,0.9631000600399294,0.47130917255037164,0.001620959418338872,0.07198083548477333,-0.0024282492424115587,0.9366598691664606,MKRN2OS,0.9631000600399294,0
MTMR2,0.9631000600399294,0.4718373767974684,0.001564383240632204,0.07065342473992921,-0.002302681451303435,0.9377999905272206,MLF1,0.9631000600399294,0
AMDHD1,0.9631000600399294,0.4720972812534483,0.0015855987379446458,0.07000031421773385,-0.0023509074240686593,0.9380083960959698,MLH1,0.9631000600399294,0
DENND5B,0.9643764617620106,0.47400265091048294,0.0014422412814681655,0.06521322935551631,-0.002223908569760459,0.9410821347418636,MLLT10P1,0.9643764617620106,0
IDH3G,0.9643764617620106,0.4747033238935674,0.0014829470089412972,0.06345322760142359,-0.0022041010947574493,0.9421484976533645,MLXIP,0.9643764617620106,0
PRRC2C,0.9643764617620106,0.4762607913205297,0.001335976533347052,0.059541762752027216,-0.002102457205241468,0.9446555605293115,MLXIPL,0.9643764617620106,0
AGPAT9,0.9643764617620106,0.4764984244648893,0.001334347530266309,0.05894504617812475,-0.002108216888427423,0.9450034721204027,MOB3B,0.9643764617620106,0
KIAA1210,0.9643764617620106,0.47654147893824833,0.0012806830151392465,0.05883693506969973,-0.0020285795569927726,0.9452119228756158,MON2,0.9643764617620106,0
TCERG1L,0.9643764617620106,0.4765465067153479,0.0012509482002630457,0.058824310211447114,-0.001955934713773059,0.9453979878927206,MORC1,0.9643764617620106,0
ATP5S,0.9643764617620106,0.47716179359484845,0.0013096997157952062,0.05727938156898939,-0.0020056670337107105,0.9461650390112865,MORC4,0.9643764617620106,0
CHD1L,0.9643764617620106,0.4772021456516703,0.0013219016860070779,0.057178066091043374,-0.002092469888134244,0.946102273014649,MORF4L2.AS1,0.9643764617620106,0
TNKS2.AS1,0.9643764617620106,0.47865327093840304,0.001206546645606525,0.05353497948422937,-0.001990320018074308,0.9484581563174312,MPHOSPH9,0.9643764617620106,0
AREG,0.9643764617620106,0.4789760699310549,0.001226332848927363,0.052724682785864126,-0.0019822337753252757,0.9489737018457813,MRAP,0.9643764617620106,0
NMT2,0.9643764617620106,0.47899439425393386,0.0011569316872571266,0.052678685735551616,-0.0019169161952535619,0.949045327447883,MRFAP1L1,0.9643764617620106,0
CSE1L,0.9643764617620106,0.47925036655076525,0.0010759289151021881,0.05203616497441141,-0.001756200273746919,0.9496710031656405,MRPL30,0.9643764617620106,0
ARPC1B,0.9643764617620106,0.4802529123810775,0.001106922370853574,0.04951986063287733,-0.0018125840440503616,0.9510616212106743,MRPS17,0.9643764617620106,0
SNRNP25,0.9643764617620106,0.48029517557188195,0.0011153650098144692,0.049413790635976874,-0.001857063441320193,0.951110742042941,MRPS28,0.9643764617620106,0
KIAA0226,0.9655332330879295,0.48141281223509214,9.780347479156782e-4,0.04660900131162649,-0.0016869857238837882,0.9529073746546299,MRPS6,0.9655332330879295,0
ATP2A3,0.9667952923990434,0.4825843018705265,9.684120233922822e-4,0.04366945728561304,-0.0016938226711377335,0.9547509763633518,MSL2,0.9667952923990434,0
AIM1L,0.967700090197436,0.48357867659333453,9.663785458290824e-4,0.04117463346046039,-0.001704406627135072,0.9564520652552625,MSL3,0.967700090197436,0
TXLNB,0.9696771581327002,0.48533092430850355,8.385158456782666e-4,0.03677896787722822,-0.001550527057445155,0.9591680679693387,MSR1,0.9696771581327002,0
PRNT,0.9696771581327002,0.48605933861093553,7.67095770256334e-4,0.03495189130721137,-0.0015249752493692885,0.9604033757055664,MTA3,0.9696771581327002,0
YY1P2,0.9696771581327002,0.48619819370198203,7.540324953276968e-4,0.03460361546839946,-0.001499584583164531,0.9605625663841693,MTCH2,0.9696771581327002,0
SETD4,0.9704438860039555,0.4871269085662031,7.023190892427957e-4,0.03227432205498833,-0.0013679087271257766,0.9617147377649008,MTERF,0.9704438860039555,0
GOLPH3L,0.9705835589871844,0.4877413734450461,7.015035979213788e-4,0.030733290542880244,-0.001427060112715957,0.9631525634067511,MTFMT,0.9705835589871844,0
ARID1B,0.9715481523680205,0.48980524444683093,5.586745650119208e-4,0.025557771117477264,-0.0012503706156240199,0.9660903140003306,MTMR2,0.9715481523680205,0
TMED10P1,0.9715481523680205,0.4906213769456047,5.295938948234433e-4,0.023511371966783948,-0.0012155954864512882,0.9675000724616578,MTMR4,0.9715481523680205,0
CDSN,0.9715481523680205,0.4908667075476575,5.334980332013439e-4,0.02289624107975875,-0.0012388294855621383,0.9682883455447,MTMR6,0.9715481523680205,0
CNTROB,0.9715481523680205,0.4910764895998405,5.225052529152798e-4,0.022370249904335057,-0.0012227397227713782,0.9685988390168364,MTOR.AS1,0.9715481523680205,0
IFNB1,0.9715481523680205,0.49149434518187174,4.649977980835352e-4,0.02132256966859079,-0.0011753871776656241,0.9690252136644554,MX1,0.9715481523680205,0
EDDM3A,0.9715481523680205,0.4914954758474226,4.666412906541312e-4,0.0213197348076555,-0.0011455247085187426,0.968667152699549,MYL1,0.9715481523680205,0
PPP1R9A,0.9731782588555521,0.49286593816408497,3.535002933462235e-4,0.0178837626928878,-0.0010272677458273342,0.9701529844363735,MYL12B,0.9731782588555521,0
RAB3IL1,0.9737755634802178,0.4950024090061834,2.44352660469457e-4,0.012527688572512933,-9.093833084143816e-4,0.9731372697856128,MYL2,0.9737755634802178,0
ASCC3,0.9737755634802178,0.49511463462253263,2.786087717964977e-4,0.012246353290698734,-9.613828334811822e-4,0.9749801290492117,MYL6B,0.9737755634802178,0
PDCD4.AS1,0.9737755634802178,0.4951700624258427,2.610945493566617e-4,0.012107403228469364,-9.352179313740399e-4,0.974416128293058,MYO1G,0.9737755634802178,0
ATP5D,0.9737755634802178,0.49574240852203033,2.3491705708293212e-4,0.010672621580017846,-9.137677583820632e-4,0.9756990047260802,MYO1H,0.9737755634802178,0
HECTD2,0.9737755634802178,0.49638019624135143,1.977430318915494e-4,0.009073813826099567,-8.742581266738136e-4,0.9766591100189058,MYOC,0.9737755634802178,0
OTUD6A,0.9737755634802178,0.497060863506976,1.6738221490257218e-4,0.007367541011291768,-8.393235560088091e-4,0.9780352483208369,N4BP2,0.9737755634802178,0
PTPRB,0.9737755634802178,0.4973048086332849,1.5393976076212568e-4,0.006756033409665243,-8.298418893615078e-4,0.978741609789091,N4BP2L2.IT2,0.9737755634802178,0
SASH1,0.9737755634802178,0.4976335211674552,1.3293472872094646e-4,0.0059320397031708515,-7.97895535225282e-4,0.9785259626829272,NAA60,0.9737755634802178,0
ZNF318,0.9737755634802178,0.49842927306368684,8.892792988847782e-5,0.003937319804643186,-7.554439592521482e-4,0.98024797704247,NAAA,0.9737755634802178,0
UQCRBP1,0.9737755634802178,0.4995166868506299,2.6557706568655604e-5,0.0012115116505988738,-6.871017260113684e-4,0.9814412058539744,NACA2,0.9737755634802178,0
STK4.AS1,0.9737755634802178,0.49970472026855994,1.7045916757961215e-5,7.40171833603035e-4,-6.772968201496709e-4,0.9824610614204072,NAP1L2,0.9737755634802178,0
CCDC7,0.9737755634802178,0.4997221764354455,1.4617374606018838e-5,6.964147997458242e-4,-6.740964624434632e-4,0.9810740172089297,NAP1L5,0.9737755634802178,0
MCCD1,0.9754214518731501,0.5011138810520502,-5.7915937388241285e-5,-0.0027921468661470973,-5.987606431067453e-4,0.9830350014158605,NAPA.AS1,0.9754214518731501,0
GSPT2,0.9764045103331614,0.5021665372829551,-1.2226105938804198e-4,-0.005430842145899582,-5.242307005052652e-4,0.9863873774099156,NARS2,0.9764045103331614,0
RASSF6,0.9764229807684437,0.5032390578673793,-1.684622652861144e-4,-0.008119370449765455,-4.853703019406303e-4,0.9861877113124589,NAT14,0.9764229807684437,0
FXYD6,0.9764229807684437,0.5032712951913627,-1.8577529965665068e-4,-0.008200181792129816,-4.5688846489027636e-4,0.9880858238802586,NBR2,0.9764229807684437,0
LIME1,0.9772773325999542,0.5044655530278179,-2.4284465325619584e-4,-0.01119394578204608,-4.0232059809406414e-4,0.9890202466749753,NCBP2.AS2,0.9772773325999542,0
HSP90AB4P,0.9772773325999542,0.5051500420989574,-2.8372416519001944e-4,-0.012909865608135784,-3.5499206839952356e-4,0.9904710096142648,NCKAP5,0.9772773325999542,0
DCAF6,0.9772773325999542,0.5057743212121777,-3.207254119157055e-4,-0.01447488037993165,-3.237383502648496e-4,0.9912199500623271,NCLN,0.9772773325999542,0
HNRNPH1,0.9772773325999542,0.5060821108874739,-3.345023627720789e-4,-0.01524649579393227,-2.968428650058248e-4,0.9920755115911373,NCOA4,0.9772773325999542,0
SASS6,0.9772773325999542,0.5064584685887474,-3.617896255736362e-4,-0.016190020669536554,-2.6039632841136026e-4,0.9932061290010413,NCOR1P1,0.9772773325999542,0
PDS5B,0.9772773325999542,0.5073961243860192,-4.118336370671537e-4,-0.018540778591800047,-1.9880563637052282e-4,0.9948404142101278,NDC1,0.9772773325999542,0
SLC39A8,0.9772773325999542,0.5075484071719336,-4.38679708848787e-4,-0.0189225697720752,-1.828515065007728e-4,0.9952968524771477,NDFIP2,0.9772773325999542,0
VDR,0.9773989618169323,0.5107883952350352,-5.726614881946136e-4,-0.02704635076166999,-4.0680282731511316e-5,0.9988879121867277,NDRG2,0.9773989618169323,0
MAMDC2,0.9773989618169323,0.5108210754668441,-5.560925250740009e-4,-0.02712829970259104,-9.07282341435689e-5,0.9973878907640796,NDRG4,0.9773989618169323,0
HNRNPC,0.9773989618169323,0.5130178366587235,-7.341625010859034e-4,-0.03263734316728091,1.2654821977053183e-4,0.9966502065955533,NDST3,0.9773989618169323,0
PROSER2,0.9773989618169323,0.5135142217456664,-7.46656335251198e-4,-0.03388231023240295,1.1402603123860224e-4,0.99687903946338,NDUFA11,0.9773989618169323,0
VIM.AS1,0.9773989618169323,0.5141228323208304,-7.335343296014772e-4,-0.03540881821844255,1.4060961223944456e-4,0.996127298688873,NDUFAB1,0.9773989618169323,0
H2AFY2,0.9773989618169323,0.5141386682029565,-7.188812795518967e-4,-0.03544853862836548,8.838630482054498e-5,0.9974648176603313,NDUFS2,0.9773989618169323,0
DCTN3,0.9773989618169323,0.5143102649946235,-7.769295369222719e-4,-0.03587895051580645,1.6876366907925866e-4,0.9954124682812012,NDUFS3,0.9773989618169323,0
DEPDC1,0.9773989618169323,0.514631909407858,-8.369162645184915e-4,-0.03668574102338073,2.449374459845398e-4,0.993613513363888,NEDD1,0.9773989618169323,0
RAB23,0.9773989618169323,0.5146406673452572,-8.170566911033089e-4,-0.03670770915690341,2.283550237961813e-4,0.9939721436089425,NEK8,0.9773989618169323,0
MTMR6,0.9773989618169323,0.5149994204786856,-8.63060395826688e-4,-0.03760760953299444,2.773108801678247e-4,0.9928180642685562,NELFA,0.9773989618169323,0
BCMO1,0.9773989618169323,0.5153559977518534,-8.823642122564726e-4,-0.03850208213780417,2.713593914998084e-4,0.9928351914587806,NELFCD,0.9773989618169323,0
CRLF1,0.9773989618169323,0.5154817516813693,-8.636870146341945e-4,-0.03881754265785665,2.5126051285982845e-4,0.9932388064627278,NELFE,0.9773989618169323,0
ELANE,0.9773989618169323,0.5155716397835847,-8.562484445680781e-4,-0.039043034180021426,2.9875272254908296e-4,0.9921879686063805,NELL1,0.9773989618169323,0
THRB,0.9773989618169323,0.5158242187890556,-9.076916310631694e-4,-0.039676659561117995,3.2869281452044697e-4,0.9914866993692685,NENF,0.9773989618169323,0
SYK,0.9773989618169323,0.516354068718421,-9.487131730965516e-4,-0.04100590509248024,3.534548331829586e-4,0.9907964515449015,NFE2L2,0.9773989618169323,0
UBA5,0.9773989618169323,0.516872440035687,-9.308508542978115e-4,-0.04230642409987203,3.362126784923467e-4,0.9909708477812902,NFKB2,0.9773989618169323,0
SEPT7P2,0.9773989618169323,0.5169305782352032,-9.656865713221454e-4,-0.042452288895101935,3.8142027552986416e-4,0.9900205124005965,NFXL1,0.9773989618169323,0
ELAC1,0.9781271322025856,0.5181064082617,-8.765532919357732e-4,-0.045402564763929454,2.156335340410924e-4,0.9934991410034016,NFYC.AS1,0.9781271322025856,0
METAP1D,0.9781271322025856,0.5184128659178033,-0.00105510591515591,-0.04617156175563074,4.810768652792431e-4,0.987474244655704,NHS,0.9781271322025856,0
MCTP1,0.9794948594780172,0.5196871211812699,-0.0010605433062226383,-0.04936936009685401,4.726024579655567e-4,0.9871023089196527,NINJ1,0.9794948594780172,0
PSMA8,0.9807383004763669,0.5209202169660571,-0.0011334889362574195,-0.052464347386971893,5.430188886845483e-4,0.9851768868256627,NIT1,0.9807383004763669,0
STXBP3,0.9807383004763669,0.5218748524226524,-0.0012440860644908885,-0.054860761704942904,6.66478862125574e-4,0.9824029172893598,NMT2,0.9807383004763669,0
SMARCA5,0.9807383004763669,0.5222083965360291,-0.0011536806012264161,-0.05569812860034819,5.796985239707735e-4,0.9838872929868334,NNT.AS1,0.9807383004763669,0
XPO4,0.9807383004763669,0.5226957570565636,-0.0012665498399256332,-0.056921724009729134,7.399296923209507e-4,0.9806770887760612,NOM1,0.9807383004763669,0
TSR2,0.9807383004763669,0.5232984751641407,-0.0012844531836452087,-0.05843506091216632,7.209247859967598e-4,0.9806878748322199,NOP10,0.9807383004763669,0
SECISBP2,0.9807383004763669,0.5240563127752002,-0.0012345438501141124,-0.060338070552247415,5.9696262738206e-4,0.9827536478767059,NOP14.AS1,0.9807383004763669,0
AAK1,0.9807383004763669,0.5241971959360503,-0.0013667278033483536,-0.060691866813107676,8.187820231945698e-4,0.9784898739734058,NOS1,0.9807383004763669,0
DDX19B,0.9808421791838985,0.5261226771648079,-0.001508213447018735,-0.06552805874391092,9.86961096764309e-4,0.9745920292890311,NPFF,0.9808421791838985,0
MRAP,0.9808421791838985,0.5269819287477051,-0.0015780744589612048,-0.06768671139131859,0.0010294724616405867,0.9733777862934774,NPM1,0.9808421791838985,0
PIP5K1B,0.9808421791838985,0.527131394232651,-0.0014901930005156924,-0.0680622376091291,9.429650872412249e-4,0.9746893841639006,NRBP2,0.9808421791838985,0
TBC1D21,0.9808421791838985,0.5271461940155442,-0.001554949232903745,-0.06809942200947434,0.0010024203798313543,0.9737006483997015,NRDE2,0.9808421791838985,0
STX16.NPEPL1,0.9808421791838985,0.5274288599825222,-0.0014914438680637642,-0.06880963735164158,9.35159031061111e-4,0.9746503849549822,NSMAF,0.9808421791838985,0
DHX29,0.9808421791838985,0.5275533650237569,-0.0015231590622522403,-0.06912247479056081,0.0010319503786765127,0.9729733752083735,NSMCE1,0.9808421791838985,0
AP2M1,0.9810510837179054,0.5282159508520411,-0.0016101407913783627,-0.0707874348132666,0.0010948443108405013,0.9715620993764914,NT5C3A,0.9810510837179054,0
DHX9,0.9813811106475671,0.5289440534673651,-0.0016350787320259343,-0.0726172533538074,0.0010243868726147933,0.972243034815713,NUBP1,0.9813811106475671,0
ARL6IP4,0.9867583993476066,0.5323957264006717,-0.0018992705716359974,-0.08129518005014905,0.0013985571495947178,0.964181862822009,NUCB1.AS1,0.9867583993476066,0
IKBKE,0.9899324178604911,0.5346634427367656,-0.001975412938851545,-0.08699978918759746,0.001479683636896984,0.9613772479107848,NUDT1,0.9899324178604911,0
SLC35E2,0.99368844740142,0.5377625907315734,-0.002129248553435207,-0.09480054504233704,0.0016416457590577944,0.956797315537075,NUDT22,0.99368844740142,0
SSSCA1,0.99368844740142,0.5378067031645375,-0.0020883014181739827,-0.09491161941525332,0.001530460377943519,0.9584154562966599,NUDT6,0.99368844740142,0
ATG14,0.994132854285471,0.5387948093364484,-0.0020838307970353943,-0.09739996384958406,0.00157212079093215,0.9570993822073807,NUGGC,0.994132854285471,0
ARRDC3,0.994132854285471,0.5391623500247058,-0.002280446847657073,-0.09832569341841538,0.0017635601504133196,0.9540423539877321,NUMB,0.994132854285471,0
PAK3,0.9972880465303082,0.5414358280633338,-0.002287224648562397,-0.10405383655279811,0.0017431195641426241,0.9526652162771139,NUP153,0.9972880465303082,0
FAM78A,0.9972880465303082,0.5419922137340822,-0.0023918663337344857,-0.10545619144658604,0.001941061572550757,0.9494456948082146,NUP155,0.9972880465303082,0
SRFBP1,0.9973163395707026,0.5426208459743693,-0.0024071199996854513,-0.10704089158363982,0.002009155406238227,0.9480454605120557,NUP188,0.9973163395707026,0
ANKRD12,0.9973163395707026,0.5431262847577971,-0.0024237372256700617,-0.10831523184361866,0.001991094375621914,0.9478862661324172,NUP205,0.9973163395707026,0
ITM2C,0.9976152302018882,0.5441916324064446,-0.002521473737950486,-0.11100182414652583,0.002005559522457997,0.9468643887840988,NUP210,0.9976152302018882,0
RPA2,0.9976152302018882,0.5450176000398732,-0.0026117567639260737,-0.11308529880237579,0.002129904108142195,0.9445446319323887,NUP210L,0.9976152302018882,0
ATXN8OS,0.9976152302018882,0.5451296020154255,-0.0021698896324843426,-0.11336785749576068,0.0016027517001812458,0.9526128975689611,NUP35,0.9976152302018882,0
HLA.F,0.9976152302018882,0.545527116907931,-0.0024939589603711642,-0.11437078169193378,0.0018594731796980598,0.9480438495201718,NUP50.AS1,0.9976152302018882,0
LETM2,0.9976652645963635,0.546114020328688,-0.002291287650422001,-0.11585174099703154,0.0016652386024351136,0.9509180076584853,NUP62CL,0.9976652645963635,0
CHD5,0.9987898307733194,0.5475656718765067,-0.002669455305112199,-0.11951585620459963,0.0022117800933105025,0.9414341639175697,NUP98,0.9987898307733194,0
CIAPIN1,0.9987898307733194,0.5478499464365151,-0.0027737072893063734,-0.12023358030994725,0.0022527002302757553,0.9406622389498482,NUPL1,0.9987898307733194,0
TMBIM4,0.9999664384876819,0.5505153015149149,-0.002851101675233436,-0.12696601841467214,0.002437625665354936,0.936092410061123,NXF2,0.9999664384876819,0
TBC1D15,0.9999664384876819,0.5510462933501061,-0.002877365707539675,-0.1283079322498266,0.0024962951737713046,0.9349047114490361,OAZ2,0.9999664384876819,0
BLVRA,0.9999664384876819,0.5513733539741967,-0.0029561037155371333,-0.1291345893359293,0.002580991268368095,0.9335739062171361,OCIAD2,0.9999664384876819,0
SRPK3,0.9999664384876819,0.5518233075605512,-0.0028676130843283644,-0.13027200701154443,0.0024774938824798135,0.9345112249608319,ODF2L,0.9999664384876819,0
SND1.IT1,0.9999664384876819,0.552930709737022,-0.002949600694715498,-0.13307208091123343,0.002570451223405296,0.9324031887457934,OGDHL,0.9999664384876819,0
ACSL6,0.9999664384876819,0.5529493755111897,-0.002912110698544741,-0.13311928632896652,0.002475001402869707,0.9336450497707793,OPA1.AS1,0.9999664384876819,0
HMGXB4,0.9999664384876819,0.5560427131838742,-0.003184685643862808,-0.14094646453578802,0.0027960503624446667,0.9269586628445585,OSBP,0.9999664384876819,0
HNRNPU,0.9999664384876819,0.5565792188193934,-0.0030222235451965113,-0.14230486886213078,0.00266309811331601,0.9282385999623709,OSBP2,0.9999664384876819,0
SARDH,0.9999664384876819,0.5578434708554867,-0.0031253748037671837,-0.1455069325819988,0.0027268711087933425,0.9263771838587312,OSBPL3,0.9999664384876819,0
KRBA1,0.9999664384876819,0.5580193840218048,-0.0033690183765228204,-0.14595259826539383,0.002923619890664133,0.923702853934681,OSCAR,0.9999664384876819,0
MAPKAPK3,0.9999664384876819,0.5583591386756339,-0.003235835457544259,-0.14681342889686078,0.002846194360917157,0.9243910951194381,OTUB2,0.9999664384876819,0
CTDSPL,0.9999664384876819,0.5588740421238618,-0.0030215333230908387,-0.14811823870934576,0.002600410096395393,0.9273617053083794,OTUD5,0.9999664384876819,0
ARHGEF7,0.9999664384876819,0.5598321288003207,-0.003300527410809084,-0.15054678621852408,0.003073446646108783,0.9203215086414903,OTUD6A,0.9999664384876819,0
BLID,0.9999664384876819,0.5599319222225336,-0.0034407914145346535,-0.1507997923047857,0.003112730381115054,0.9197669109158696,OXCT1,0.9999664384876819,0
MSL2,0.9999664384876819,0.560233988931117,-0.00311862530790879,-0.15156568040284718,0.0026324902177981024,0.9258924156731922,OXT,0.9999664384876819,0
NUP35,0.9999664384876819,0.5608411145119423,-0.0032986152193060078,-0.15310531266571772,0.002972302770630998,0.9207219237217558,P4HTM,0.9999664384876819,0
PSMD14,0.9999664384876819,0.5610594104744814,-0.0034881014279566943,-0.15365898602382239,0.0030019653697892523,0.9201612194441011,PABPC1L,0.9999664384876819,0
UBE2H,0.9999664384876819,0.5620872880758275,-0.0033641998062192307,-0.15626667196184096,0.0028445363194228353,0.9214457345520318,PABPC4L,0.9999664384876819,0
EMBP1,0.9999664384876819,0.563279449190293,-0.003644744460762228,-0.159292471691943,0.003292491618453725,0.9146949544583748,PAFAH1B1,0.9999664384876819,0
PEX3,0.9999664384876819,0.5634021684382449,-0.003368551429697842,-0.15960402524563932,0.0030680120403953817,0.9173789564105194,PAFAH1B2,0.9999664384876819,0
CDK14,0.9999664384876819,0.5639284742959731,-0.0035674601288903066,-0.16094036062277498,0.003076809776091194,0.9168352557588332,PAIP2B,0.9999664384876819,0
RBM18,0.9999664384876819,0.5658059512304581,-0.0035504287749685264,-0.16570979392204493,0.0032774880984369867,0.912700226910575,PAK3,0.9999664384876819,0
FBXO3,0.9999664384876819,0.5668467201311626,-0.0038698921081237714,-0.1683553208128398,0.0035484528328645916,0.908534568958387,PAN3.AS1,0.9999664384876819,0
PSME2,0.9999664384876819,0.5670445865320941,-0.0038632964856748276,-0.16885840950877012,0.0035855594825244183,0.9079315851621719,PAPD5,0.9999664384876819,0
UNC45B,0.9999664384876819,0.5678504156110173,-0.003785418699247322,-0.17090772734783502,0.0034919827103554193,0.9083093828706614,PAPOLB,0.9999664384876819,0
TIRAP,0.9999664384876819,0.5681609086145121,-0.003926876027585713,-0.17169753860860304,0.0035386090674544373,0.9074799918414459,PARL,0.9999664384876819,0
WDR38,0.9999664384876819,0.5684307166366095,-0.003713770806226481,-0.17238394511804603,0.003398799121554258,0.9089631404685163,PARP1,0.9999664384876819,0
DENND1A,0.9999664384876819,0.5709104153730973,-0.0038572312983391893,-0.17869628372149884,0.0034729220603520153,0.90595081441667,PARP8,0.9999664384876819,0
WNK2,0.9999664384876819,0.5714651696870634,-0.004114467099426144,-0.18010943655942863,0.00374375952466401,0.9021353342333032,PASD1,0.9999664384876819,0
CLK4,0.9999664384876819,0.5715327771432268,-0.004109942011394489,-0.18028168088011906,0.0038988073719838914,0.9003047318127633,PATL2,0.9999664384876819,0
EXOSC2,0.9999664384876819,0.5716468169559477,-0.003694678613362703,-0.18057223359252658,0.0033187513730030035,0.9074346022958995,PBX1,0.9999664384876819,0
DKFZP434A062,0.9999664384876819,0.5717412512437092,-0.004250235968183173,-0.18081284652990712,0.0038768852535349583,0.9003572035054892,PBX3,0.9999664384876819,0
ARPC3,0.9999664384876819,0.5724153687476187,-0.003848380832982801,-0.1825307627549213,0.003334517090451322,0.9066204289769003,PCBP1.AS1,0.9999664384876819,0
MAPK3,0.9999664384876819,0.572468985622037,-0.004029488009637224,-0.18266742267868333,0.0036488758498476994,0.9024108628507923,PCBP2.OT1,0.9999664384876819,0
IGBP1P1,0.9999664384876819,0.5730859798962301,-0.004003816404163077,-0.1842402781062532,0.0034587264610861806,0.90437798657628,PCGEM1,0.9999664384876819,0
DCAF8L1,0.9999664384876819,0.5731747659424458,-0.004212857044615639,-0.1844666508851842,0.003958690498660145,0.8981244364805884,PCGF6,0.9999664384876819,0
BRAT1,0.9999664384876819,0.5736294843431466,-0.00427542595070248,-0.18562616923393488,0.0040147988987362954,0.8970799140007866,PCK1,0.9999664384876819,0
KIAA0391,0.9999664384876819,0.5737607786413207,-0.003948031418649724,-0.18596101214898964,0.0035826694598949135,0.9021798272730026,PCNA,0.9999664384876819,0
RPL12,0.9999664384876819,0.5755487999779303,-0.004290348978890517,-0.19052313724889106,0.0038998987629104173,0.8966812289379397,PCNT,0.9999664384876819,0
MOB3B,0.9999664384876819,0.5760399104081502,-0.004319985499316307,-0.19177689289445282,0.004082871262061282,0.8941034283526196,PDC,0.9999664384876819,0
EPS15L1,0.9999664384876819,0.5761177895646628,-0.004171181152049363,-0.19197573821252734,0.0038406385740520957,0.8969157271765875,PDCD1LG2,0.9999664384876819,0
CNPY4,0.9999664384876819,0.5764537209426224,-0.004184011484635177,-0.19283354366812494,0.003808203136544336,0.8970390287712204,PDCD2L,0.9999664384876819,0
GGPS1,0.9999664384876819,0.5785663288114178,-0.004458676755162138,-0.19823139759258332,0.004238579006802963,0.890033794467508,PDCD4.AS1,0.9999664384876819,0
BECN1P1,0.9999664384876819,0.5803553335243576,-0.004486666826723661,-0.2028069388237812,0.004051826559211835,0.8906729528006787,PDCD6IP,0.9999664384876819,0
PPP2R5A,0.9999664384876819,0.5809202024111554,-0.0042652249139967435,-0.20425251997627758,0.003947302076287675,0.8915386795413756,PDCD6IPP2,0.9999664384876819,0
INTS12,0.9999664384876819,0.5810740012413256,-0.004511094302578153,-0.20464618723757264,0.004135255284825304,0.8890236238655501,PDHA2,0.9999664384876819,0
LAMP2,0.9999664384876819,0.5818191487141973,-0.004574128928289444,-0.20655393533194263,0.0041632757639541535,0.8880372587932477,PDHX,0.9999664384876819,0
PTP4A3,0.9999664384876819,0.5821104787478755,-0.00467328905468654,-0.20730001099588377,0.004414109492288491,0.8848079356385528,PDIA3P1,0.9999664384876819,0
MECR,0.9999664384876819,0.582264925913258,-0.004735582048286583,-0.20769558607477837,0.004463648315235125,0.8841072695188679,PDIK1L,0.9999664384876819,0
PPP1R8,0.9999664384876819,0.58330358632216,-0.004874406809901737,-0.21035668441062783,0.004539732368338246,0.8822988989896662,PDPN,0.9999664384876819,0
TPI1P2,0.9999664384876819,0.5851707205088098,-0.004959133537772151,-0.21514413466317525,0.004793992997127285,0.8777813702766977,PDS5B,0.9999664384876819,0
GNAL,0.9999664384876819,0.5852436708173979,-0.004928926692865357,-0.21533128329660045,0.004727110614208944,0.8784291560487948,PEG10,0.9999664384876819,0
CAMK2N1,0.9999664384876819,0.5853080299459981,-0.004920724951796276,-0.21549639815415902,0.004587582357761656,0.8799195781141295,PEX2,0.9999664384876819,0
ZC3H7B,0.9999664384876819,0.585451922848268,-0.00506850664558589,-0.2158655800392799,0.004788704781410722,0.8775694331853281,PEX26,0.9999664384876819,0
RPL19P12,0.9999664384876819,0.5861176291695267,-0.004649476788061865,-0.21757394746794784,0.004412038894640508,0.8812723787588207,PEX3,0.9999664384876819,0
ABCB11,0.9999664384876819,0.5863275264737882,-0.004798292874662214,-0.2181127274492197,0.004709600469701746,0.8776097150831158,PFDN6,0.9999664384876819,0
YTHDF3,0.9999664384876819,0.5864506803092309,-0.004727981077387686,-0.21842887732318578,0.004465453026764309,0.8803327811930209,PFKM,0.9999664384876819,0
BNIP3,0.9999664384876819,0.5868521811666676,-0.004903680364523504,-0.21945972741035796,0.004586086026632846,0.878542334151068,PFN1P2,0.9999664384876819,0
BAZ2B,0.9999664384876819,0.5879667634894946,-0.005138858087282266,-0.22232263459023163,0.004928946710439559,0.8736795278713225,PGK2,0.9999664384876819,0
SMUG1,0.9999664384876819,0.5880903140176256,-0.0049364370952873675,-0.22264009728181447,0.004809930763359591,0.8748607696906823,PHF13,0.9999664384876819,0
KPNA5,0.9999664384876819,0.5884793643550814,-0.004973438866342231,-0.22363990765413738,0.004674281644868904,0.8760544769243418,PHF20,0.9999664384876819,0
LMAN2L,0.9999664384876819,0.5899184863070077,-0.005062291124542629,-0.2273402219667368,0.004751707945391193,0.8738604661952439,PHF21A,0.9999664384876819,0
MATK,0.9999664384876819,0.5910152861121789,-0.005099714465705237,-0.23016243628620306,0.004774943945387337,0.8726092945416537,PHF21B,0.9999664384876819,0
L3MBTL3,0.9999664384876819,0.5918114553278131,-0.005242546727593294,-0.23221223519138545,0.0047760798704563215,0.871892252253833,PHGDH,0.9999664384876819,0
DAZL,0.9999664384876819,0.59194522273963035,-0.005296102756694263,-0.23255672521379062,0.00498030905958399,0.8693959547659706,PHKA2.AS1,0.9999664384876819,0
PCBP2.OT1,0.9999664384876819,0.5922590845307085,-0.005423130363273963,-0.23336511912647642,0.0052477712870664765,0.8661978336239112,PHKG1,0.9999664384876819,0
PURA,0.9999664384876819,0.5931047408353256,-0.005415492472247395,-0.23554398330504586,0.005272305120812112,0.865125594987616,PI4KAP1,0.9999664384876819,0
DDX10,0.9999664384876819,0.5934483028000554,-0.0052028420817346625,-0.23642950215637787,0.005018325164860897,0.8675896904434711,PIANP,0.9999664384876819,0
PHF20,0.9999664384876819,0.5941140161711712,-0.005460986400468825,-0.23814588339880477,0.005036393536687205,0.8667776522068319,PIGT,0.9999664384876819,0
FYTTD1,0.9999664384876819,0.5942833159210819,-0.005277844547591797,-0.2385824936670592,0.00481111134668789,0.8693149302279989,PIGU,0.9999664384876819,0
EIF3M,0.9999664384876819,0.5949299786305082,-0.005529119894736561,-0.24025060364462192,0.005219182028980759,0.863968387244606,PIK3CG,0.9999664384876819,0
WDR34,0.9999664384876819,0.594931599285995,-0.00552795242417863,-0.24025478507256945,0.005329750254218254,0.8627676468667149,PIK3R6,0.9999664384876819,0
NAP1L5,0.9999664384876819,0.5951881764760041,-0.005346749099245778,-0.2409168289135048,0.004958814723879744,0.8667287496509581,PILRA,0.9999664384876819,0
RBM38,0.9999664384876819,0.5964975848099443,-0.0055685155178023865,-0.24429713540314094,0.005392348016444804,0.8606076527844966,PIP4K2C,0.9999664384876819,0
SF3B3,0.9999664384876819,0.5970386866578175,-0.005686375499058074,-0.24569483166972164,0.00513404172958241,0.8630084440877748,PIP5K1B,0.9999664384876819,0
PSME4,0.9999664384876819,0.5973644429727879,-0.0054887576131639575,-0.24653650976934904,0.005294255886971499,0.8608744954684815,PITPNA,0.9999664384876819,0
PDIA3P1,0.9999664384876819,0.5993896967938556,-0.005670031582740777,-0.2517732373063143,0.005374526606202555,0.8581065709548945,PITPNA.AS1,0.9999664384876819,0
SRRM2,0.9999664384876819,0.5994802684426007,-0.005833804269325976,-0.25200759001563383,0.005723795874990842,0.8542532070299782,PITPNC1,0.9999664384876819,0
VPS51,0.9999664384876819,0.6002966012996326,-0.004973101016594674,-0.25412046476436334,0.0042937534070280284,0.871916131051641,PITRM1.AS1,0.9999664384876819,0
EIF4G1,0.9999664384876819,0.6004134599749817,-0.005512740875031599,-0.25442301703784065,0.005377709947020022,0.8571365616353445,PKMYT1,0.9999664384876819,0
ANXA8,0.9999664384876819,0.6005665647025282,-0.005290059468906354,-0.2548194471972958,0.0049615981541245,0.8621026951987018,PKN2,0.9999664384876819,0
SNX15,0.9999664384876819,0.600631388226523,-0.0055078844851746585,-0.25498730515706475,0.005406764393443703,0.8566048376817113,PLEKHA3,0.9999664384876819,0
PCGEM1,0.9999664384876819,0.6010158276870088,-0.005483680451099165,-0.2559829438328783,0.004966081499060395,0.861673262293026,PLEKHD1,0.9999664384876819,0
PSMA6,0.9999664384876819,0.6010483773177195,-0.005764378034068177,-0.25606725397660796,0.005505061625909444,0.8551085680334123,PLEKHM3,0.9999664384876819,0
PRR11,0.9999664384876819,0.6012384930640782,-0.005821262846164583,-0.25655972869869925,0.005588154821418368,0.8540099418800102,PLS1,0.9999664384876819,0
MARCH8,0.9999664384876819,0.6016202551404598,-0.005835927448440254,-0.2575488310591042,0.005604716160394183,0.8534704913256556,PMS1,0.9999664384876819,0
TMEM44,0.9999664384876819,0.6030085482362868,-0.005829784784009862,-0.2611478744837414,0.005399830391689627,0.8545505158925165,PNKD,0.9999664384876819,0
FES,0.9999664384876819,0.6030726908922683,-0.005921349667151793,-0.2613142408325708,0.005638755776676901,0.8517399353081913,POC1A,0.9999664384876819,0
TRABD,0.9999664384876819,0.6040184024596771,-0.005963391704800686,-0.26376796849534856,0.0057448772361715725,0.8496843095992034,POGLUT1,0.9999664384876819,0
RASSF4,0.9999664384876819,0.6041202628098287,-0.006001970810281699,-0.26403234818896126,0.005963724536773184,0.8472547750483066,POLA1,0.9999664384876819,0
RPL29,0.9999664384876819,0.6049865516204477,-0.006070993403987592,-0.26628155875410753,0.006038791031211926,0.8456357390548197,POLDIP3,0.9999664384876819,0
CDKAL1,0.9999664384876819,0.6064979084108462,-0.006210326211779355,-0.2702088428121962,0.006114409437331268,0.8433812412612198,POLE,0.9999664384876819,0
TMEM249,0.9999664384876819,0.6072315919294435,-0.0060150605206799835,-0.27211683086044314,0.005604849658044049,0.8483662182392543,POLE4,0.9999664384876819,0
PPP6R1,0.9999664384876819,0.6088193618468912,-0.006196885759432299,-0.2762493261405254,0.005995834333016368,0.8424280225924314,POLG2,0.9999664384876819,0
CAP1,0.9999664384876819,0.609510895484122,-0.006100725124309841,-0.2780506553943037,0.005759546165461707,0.8445019661954072,POLR1E,0.9999664384876819,0
TMX4,0.9999664384876819,0.6104682959212351,-0.006013785109989015,-0.28054601459616824,0.005586171790541325,0.845791560258236,POLR2B,0.9999664384876819,0
SRP72,0.9999664384876819,0.6106217426320995,-0.006280077873186966,-0.28094611870044794,0.006336905883226389,0.8370624088791984,POLR2C,0.9999664384876819,0
SART3,0.9999664384876819,0.6111823217976804,-0.006244500696468517,-0.28240818184290034,0.005980145148146296,0.8404232339063727,POLR2D,0.9999664384876819,0
FCN1,0.9999664384876819,0.6114650755329831,-0.006447750043385711,-0.28314586916898543,0.006342043737933233,0.8361905475464876,POLR2F,0.9999664384876819,0
XPR1,0.9999664384876819,0.6116462756682215,-0.006327463135841754,-0.2836186903232949,0.006255777917510179,0.8369316294595462,POLR2H,0.9999664384876819,0
GPBAR1,0.9999664384876819,0.612020308462752,-0.006038521627821899,-0.2845948870849935,0.005972180211136649,0.8397554190531005,POLR3D,0.9999664384876819,0
NUP205,0.9999664384876819,0.615339024638947,-0.006701345981082521,-0.29326848828996527,0.0064619167129411886,0.8312019710507506,PPDPF,0.9999664384876819,0
PRPF38B,0.9999664384876819,0.6154491029723608,-0.006409399408600588,-0.2935565573407676,0.006208797676505843,0.8339122053403907,PPIA,0.9999664384876819,0
CAPNS2,0.9999664384876819,0.6154795588185998,-0.0059162478432507465,-0.2936362629466146,0.005778090712567574,0.8391169534514619,PPIH,0.9999664384876819,0
ILF3,0.9999664384876819,0.6158226694860562,-0.006598592557508981,-0.2945343425309803,0.0065390334411032924,0.8299159727815938,PPM1B,0.9999664384876819,0
GTF3C4,0.9999664384876819,0.6185123782504637,-0.00634565640649654,-0.30158285709956845,0.005768254304634986,0.8367432435155193,PPM1D,0.9999664384876819,0
ARHGEF7.AS1,0.9999664384876819,0.6199173627849164,-0.00665634486621391,-0.30527063266364834,0.006319982254230182,0.8285898388670669,PPM1H,0.9999664384876819,0
RBM26,0.9999664384876819,0.6199492728650975,-0.007132371966313252,-0.3053544376586451,0.0069689530937451175,0.8214395804873572,PPM1N,0.9999664384876819,0
UROC1,0.9999664384876819,0.6202319873745747,-0.006781666020019825,-0.30609702055958216,0.006318412361468651,0.8283287985379679,PPP1CB,0.9999664384876819,0
SLC4A2,0.9999664384876819,0.6202501899154907,-0.006459921494410289,-0.30614483745376164,0.006346046710148918,0.8279842231314218,PPP1CC,0.9999664384876819,0
MAN2B2,0.9999664384876819,0.6206638821530812,-0.006828943889715108,-0.30723176913039557,0.0068492870887504305,0.821977539362957,PPP1R10,0.9999664384876819,0
TAPT1,0.9999664384876819,0.6211051185234604,-0.0067533473850391644,-0.3083914702671336,0.006583662371508432,0.8244595699983848,PPP1R12A,0.9999664384876819,0
FAF2,0.9999664384876819,0.6212441444030009,-0.006052181519251182,-0.30875695773413203,0.005529304036856538,0.8379694723718623,PPP1R12B,0.9999664384876819,0
BRD4,0.9999664384876819,0.6217772539870182,-0.006614041253777127,-0.3101588413524785,0.006225384075744075,0.8281122685829587,PPP1R1A,0.9999664384876819,0
ZFR2,0.9999664384876819,0.6220770084859572,-0.007078420460904318,-0.3109473539211522,0.0070332976045418836,0.8186894161640348,PPP1R26,0.9999664384876819,0
NHS,0.9999664384876819,0.622599362492634,-0.007081710036800277,-0.3123218831912219,0.007177357519285007,0.8167130057239357,PPP1R8,0.9999664384876819,0
TRIM23,0.9999664384876819,0.625030581776828,-0.006346203839122888,-0.31872724441956896,0.005683525623653646,0.8328703697531203,PPP1R9A,0.9999664384876819,0
TMEM215,0.9999664384876819,0.6251547684363258,-0.006946537217756807,-0.3190547793137815,0.006873476228868527,0.81745717129955,PPP2CA,0.9999664384876819,0
POLG2,0.9999664384876819,0.6252390297184867,-0.006248840608389883,-0.3192770329023712,0.005343540875390279,0.8379753782368861,PPP2CB,0.9999664384876819,0
WDR27,0.9999664384876819,0.6253012917137417,-0.007242435198190624,-0.319441269730328,0.007432027926389295,0.8114850403485712,PPP2R1B,0.9999664384876819,0
CDC14A,0.9999664384876819,0.6254125257556936,-0.007020865266243017,-0.3197347081578388,0.007015073845345887,0.8156626027930494,PPP2R3A,0.9999664384876819,0
TUBGCP3,0.9999664384876819,0.6255597784402327,-0.006540226484752437,-0.320123207102849,0.005937620393557734,0.8288092976421921,PPP2R5A,0.9999664384876819,0
NUP188,0.9999664384876819,0.6262627726088239,-0.006936818751333423,-0.32197859436242604,0.006492817412885188,0.8209259780422851,PPP2R5B,0.9999664384876819,0
MDK,0.9999664384876819,0.6262832030281476,-0.007133719038250201,-0.3220325321823593,0.006991264209663434,0.8150991363518636,PPP2R5D,0.9999664384876819,0
HEATR6,0.9999664384876819,0.6274990477166249,-0.007481977954973349,-0.3252441459378311,0.00745794954066858,0.8090256170111134,PPP2R5E,0.9999664384876819,0
TPRA1,0.9999664384876819,0.6277419162176892,-0.007394746476046041,-0.3258860762472307,0.007505223547331475,0.8083114034959809,PPP3CC,0.9999664384876819,0
DIAPH1,0.9999664384876819,0.6282456293532374,-0.007458494488369261,-0.32721787849514505,0.007628064708684305,0.806595716300969,PPP6R1,0.9999664384876819,0
TFIP11,0.9999664384876819,0.6287616215615128,-0.0074655746022162664,-0.32858274835002016,0.007539190067621576,0.8069547954823042,PPP6R2,0.9999664384876819,0
CSRP2,0.9999664384876819,0.628990046352754,-0.007414371800635549,-0.329187158500821,0.007355025360890739,0.8086147905028795,PPP6R3,0.9999664384876819,0
USP49,0.9999664384876819,0.6301289711987504,-0.007306804874148782,-0.3322025448484774,0.007018108270835597,0.8112345689198637,PPRC1,0.9999664384876819,0
ACP2,0.9999664384876819,0.6306571632101119,-0.007510568342780835,-0.3336019959195315,0.007450949525072202,0.805994292901163,PRCD,0.9999664384876819,0
RSL24D1,0.9999664384876819,0.6323918987373023,-0.0072807042662522276,-0.33820281557977383,0.007015065063197228,0.8092233139789364,PRDM4,0.9999664384876819,0
FUT1,0.9999664384876819,0.6327556311943604,-0.007588861000454241,-0.33916840254859715,0.007672254328794079,0.8016546354213927,PRDM5,0.9999664384876819,0
INTS4,0.9999664384876819,0.6349240375123719,-0.007805135144589884,-0.3449313925260561,0.00788280890453372,0.7973749150815164,PREPL,0.9999664384876819,0
SMARCC2,0.9999664384876819,0.6364832090210413,-0.007515105293084377,-0.3490822954783461,0.007617255211243776,0.7986348839411062,PREX2,0.9999664384876819,0
PCBP1.AS1,0.9999664384876819,0.6369406737096841,-0.008206024589198157,-0.3503013194418775,0.008128995683539815,0.7929124615892449,PRKAA2,0.9999664384876819,0
RNF168,0.9999664384876819,0.6382414970566784,-0.007803623222853661,-0.35377052772373424,0.007938828309232107,0.7935330922915522,PRKAG2.AS1,0.9999664384876819,0
ACTR1B,0.9999664384876819,0.6385801149937245,-0.007818838698366451,-0.3546742961849354,0.007799904002436103,0.7946684124554251,PRKCD,0.9999664384876819,0
ERBB3,0.9999664384876819,0.6409724900373065,-0.007989651594514825,-0.3610678355922444,0.007756213617710642,0.7928841214516928,PRKCZ,0.9999664384876819,0
POLR3D,0.9999664384876819,0.6425914064201586,-0.007531166828268283,-0.3654027065340526,0.007254105695393144,0.7973876677951225,PRKX,0.9999664384876819,0
RNF112,0.9999664384876819,0.6429424167342843,-0.008150098990690509,-0.36634348856034527,0.007919300579587698,0.7892339413881364,PRMT6,0.9999664384876819,0
HNRNPKP3,0.9999664384876819,0.6432565725036969,-0.008519181728116292,-0.36718576764137006,0.008582083675747563,0.7821016880144634,PRNT,0.9999664384876819,0
N4BP2,0.9999664384876819,0.6435145698311034,-0.007780491231597173,-0.36787767587772147,0.007318996310417228,0.7957813459850558,PROSER2,0.9999664384876819,0
RBAK,0.9999664384876819,0.6439261786735064,-0.008282026466073894,-0.3689819109416816,0.008212485225280274,0.785147039050867,PRPF3,0.9999664384876819,0
VAPB,0.9999664384876819,0.6445207940576781,-0.008574609874584378,-0.3705778982676051,0.00820890146215483,0.7846088132300691,PRPF38B,0.9999664384876819,0
ADSS,0.9999664384876819,0.6453708845392021,-0.008446626544960041,-0.37286123954754957,0.00854427091684855,0.7803348095298803,PRPF39,0.9999664384876819,0
TBL1Y,0.9999664384876819,0.6462470049259863,-0.008523740890291736,-0.3752165333080846,0.008384927808008657,0.7810894872409229,PRPF40B,0.9999664384876819,0
DET1,0.9999664384876819,0.6476469578891129,-0.008510658942329307,-0.37898438912687066,0.008650933897486468,0.7769948171907723,PRPF8,0.9999664384876819,0
SENP3,0.9999664384876819,0.647929518860412,-0.0084158383839248,-0.379745529567953,0.008087969120981678,0.7827001217387414,PRPH,0.9999664384876819,0
COMMD8,0.9999664384876819,0.6490961825219916,-0.008410181843356684,-0.38289053260599915,0.008477689934951913,0.7773504613615116,PRR11,0.9999664384876819,0
CCNI2,0.9999664384876819,0.64927598760314,-0.00835713713033564,-0.38337557368508013,0.00807568111529516,0.7815984545478217,PRR14,0.9999664384876819,0
CD40,0.9999664384876819,0.6510503449030555,-0.008854387605293085,-0.3881669304268804,0.009170800388877806,0.7684903453963927,PRR15,0.9999664384876819,0
RAD21.AS1,0.9999664384876819,0.6510873865910956,-0.008657686390440438,-0.3882670499861,0.008592620310491931,0.7742124607423586,PRRC2B,0.9999664384876819,0
WAC.AS1,0.9999664384876819,0.6517960427007405,-0.009007460537357357,-0.39018321963689107,0.009153453751292078,0.7678857414848534,PRRC2C,0.9999664384876819,0
INTS9,0.9999664384876819,0.6519218668406757,-0.009057056536676555,-0.39052359126201835,0.00899640769238444,0.7692771695813313,PRRG1,0.9999664384876819,0
WHSC1L1,0.9999664384876819,0.6539613347869798,-0.008284377526771492,-0.39604698069654515,0.007881338127011858,0.779766186925859,PSMA2,0.9999664384876819,0
UBQLN1,0.9999664384876819,0.6548159414641925,-0.00918629179880061,-0.3983650570145031,0.00940164883157172,0.7624220462986959,PSMA3,0.9999664384876819,0
URM1,0.9999664384876819,0.6562087860699843,-0.009383150912591506,-0.4021476751975022,0.00941063212206145,0.7609008114483897,PSMA6,0.9999664384876819,0
TCF3,0.9999664384876819,0.6562292681676574,-0.008984009833558047,-0.4022033422825499,0.00897633733299657,0.7651994191106026,PSMA8,0.9999664384876819,0
DHX16,0.9999664384876819,0.6564767539532229,-0.008806496815139767,-0.40287606788965497,0.008974792007570063,0.7649735389160447,PSMB10,0.9999664384876819,0
BAGE,0.9999664384876819,0.6568297775930747,-0.008921529975895544,-0.40383598638439455,0.00933439790592679,0.761002254919048,PSMB3,0.9999664384876819,0
RALGDS,0.9999664384876819,0.6584931935462432,-0.008090583746454532,-0.40836406624904503,0.007253061024844117,0.7846971884856327,PSMB5,0.9999664384876819,0
CIRBP.AS1,0.9999664384876819,0.6608127367967159,-0.009359638420074846,-0.4146922603467408,0.009403517787898786,0.7563120173298102,PSMB8,0.9999664384876819,0
FTLP10,0.9999664384876819,0.6618629798651441,-0.009061093305720967,-0.4175629969624064,0.008682783300522811,0.7631118057596236,PSMB9,0.9999664384876819,0
LRRC42,0.9999664384876819,0.6621695407877574,-0.009175440616062572,-0.4184015994680424,0.008747300764585034,0.7620860587853099,PSMC3,0.9999664384876819,0
USP11,0.9999664384876819,0.662575257125188,-0.00854543521049446,-0.41951189597352756,0.007955889985236891,0.7715942542692726,PSMC3IP,0.9999664384876819,0
CDC42BPA,0.9999664384876819,0.6639370126179118,-0.009673667363374236,-0.42324231389241906,0.009535085921985887,0.7518769169551591,PSMC5,0.9999664384876819,0
MAP3K5,0.9999664384876819,0.6641627279148113,-0.00979346993992139,-0.4238612105881321,0.009980356706217173,0.7472995909282036,PSMC6,0.9999664384876819,0
POLE,0.9999664384876819,0.6648854948460567,-0.009505997704160092,-0.42584408484620623,0.009498454152379944,0.7513162078024664,PSMD10,0.9999664384876819,0
NCOA4,0.9999664384876819,0.665420085921216,-0.009645388389805073,-0.42731178581538787,0.009937490331134224,0.7464102765231257,PSMD12,0.9999664384876819,0
FUCA1,0.9999664384876819,0.6656568891480404,-0.009451243655716575,-0.4279622148611508,0.009206763539606288,0.753678386700085,PSMD14,0.9999664384876819,0
EXD1,0.9999664384876819,0.6662910934582331,-0.008828180533150497,-0.42970508129818186,0.008201127065490005,0.7652792474676038,PSMD3,0.9999664384876819,0
PPM1H,0.9999664384876819,0.6663327324532915,-0.01007052001279408,-0.42981955566939106,0.010060944041929282,0.744294581845601,PSMD4,0.9999664384876819,0
PUM2,0.9999664384876819,0.666729981193201,-0.008515463329693586,-0.43091195968403867,0.008145854300811052,0.7656609384112227,PSMD5,0.9999664384876819,0
HNRNPR,0.9999664384876819,0.6668538203687122,-0.009055173615990396,-0.431252613171108,0.009291244060058672,0.7516212225534942,PSMD6.AS2,0.9999664384876819,0
KAT6A,0.9999664384876819,0.6678754538424364,-0.009779301422451156,-0.43406480996125407,0.009998528091667132,0.743314612205277,PSMD8,0.9999664384876819,0
MIER2,0.9999664384876819,0.6687364867547092,-0.008945940464726973,-0.4364375979620323,0.00869589904010745,0.7568584253861568,PSMD9,0.9999664384876819,0
HNRNPLL,0.9999664384876819,0.6688492263599121,-0.009749341062735777,-0.4367484614124266,0.01020801190133784,0.7403035957104893,PSME2,0.9999664384876819,0
PRPH,0.9999664384876819,0.6695660517891808,-0.009665735212802853,-0.43872599497417725,0.009873262005236945,0.742861191646175,PSME4,0.9999664384876819,0
ZNF658,0.9999664384876819,0.6719926993140939,-0.009329274617430466,-0.445433290293685,0.009339508979090704,0.7462849175866613,PSMG1,0.9999664384876819,0
COPS7A,0.9999664384876819,0.6738355427510441,-0.010125264090489885,-0.4505403469987232,0.010277177685835776,0.7345469104556861,PSPH,0.9999664384876819,0
NUP62CL,0.9999664384876819,0.6738840984253904,-0.010120244496299169,-0.45067506737690893,0.010307605829640425,0.7341982561950813,PTBP2,0.9999664384876819,0
UBE3C,0.9999664384876819,0.6746499572299832,-0.010034228725553637,-0.4528010689290011,0.010239376490839228,0.7341047706426376,PTCD1,0.9999664384876819,0
IBA57,0.9999664384876819,0.6750006141566063,-0.010522658290535163,-0.45377516519818245,0.01055846457405889,0.7306314333690879,PTDSS2,0.9999664384876819,0
ARL6IP6,0.9999664384876819,0.675111001872416,-0.009553359171235922,-0.4540819023372142,0.008984272521396847,0.7477547108058786,PTENP1,0.9999664384876819,0
MAPK10,0.9999664384876819,0.6757121406651965,-0.010304397279008806,-0.45575305295362306,0.010209820633236761,0.733345540782605,PTGES3L,0.9999664384876819,0
TMEM174,0.9999664384876819,0.6759268408681682,-0.010197911874821181,-0.456350222464919,0.010118648121992084,0.7340702493886098,PTK6,0.9999664384876819,0
EIF2AK1,0.9999664384876819,0.6759523993304368,-0.010544697284332306,-0.4564213218909547,0.010790718932508398,0.7274633166540787,PTMS,0.9999664384876819,0
ADD3.AS1,0.9999664384876819,0.6762509455778711,-0.010308548570972997,-0.4572519993374036,0.010706320565456466,0.7279395718987882,PTP4A3,0.9999664384876819,0
KIAA0196,0.9999664384876819,0.6783174673882932,-0.010196702626552439,-0.46301060474718647,0.010434960424222166,0.7284759948004476,PTPN11,0.9999664384876819,0
SMCO2,0.9999664384876819,0.678995508179656,-0.010512881694242767,-0.4649033861196915,0.010679166278645373,0.7253780689900277,PTPN12,0.9999664384876819,0
KHDRBS2,0.9999664384876819,0.6791678121450123,-0.010069109304891473,-0.4653846456632002,0.009876215515293288,0.7335696393535578,PTPN2,0.9999664384876819,0
RBM17,0.9999664384876819,0.6797314600419897,-0.010380426441365578,-0.4669597159810342,0.010622666831014229,0.7251855586072271,PTPN20B,0.9999664384876819,0
NNT.AS1,0.9999664384876819,0.6800590709739811,-0.010931299446947143,-0.46787573172708335,0.011123454947136556,0.7200905778349377,PTPN7,0.9999664384876819,0
PPP2R1B,0.9999664384876819,0.6809452913426798,-0.010219665896022882,-0.4703556175363738,0.010405609233190722,0.7261753678789085,PTPRB,0.9999664384876819,0
KBTBD3,0.9999664384876819,0.6812547725106015,-0.009758404677447308,-0.47122231124361486,0.009007501776261721,0.7422637514912339,PTPRCAP,0.9999664384876819,0
STAG3,0.9999664384876819,0.6817649332474945,-0.01067093896481226,-0.47265177617170095,0.011035731827234383,0.7191198009444197,PUM1,0.9999664384876819,0
GAR1,0.9999664384876819,0.6828556156045529,-0.010780179518020308,-0.4757111038629064,0.011343467644439317,0.7151337423917075,PUM2,0.9999664384876819,0
SMEK2,0.9999664384876819,0.6837435920167861,-0.010934207740239767,-0.4782051392993535,0.01128656269221446,0.7147176478853452,PURA,0.9999664384876819,0
INTS6.AS1,0.9999664384876819,0.6843767216507151,-0.010746709882642503,-0.47998521092936747,0.011374764877958974,0.7132415505663785,PWP2,0.9999664384876819,0
ENTHD1,0.9999664384876819,0.6843977398049954,-0.010942385723205541,-0.48004433044991257,0.01106400830590216,0.7161359910637101,PWWP2B,0.9999664384876819,0
SRXN1,0.9999664384876819,0.6852132425925876,-0.01055068240199295,-0.48233946187816285,0.0107866144818114,0.7180534548534048,PXN.AS1,0.9999664384876819,0
MYO1H,0.9999664384876819,0.6873164624019297,-0.011415389968120495,-0.4882704965522825,0.011134495077189988,0.7124739317556771,QDPR,0.9999664384876819,0
CASC4,0.9999664384876819,0.687937023078496,-0.009962068796494266,-0.4900237417312572,0.009131057966424811,0.7351464071673646,QRICH2,0.9999664384876819,0
SCYL2,0.9999664384876819,0.6888985118421372,-0.010853601976729825,-0.49274317786764305,0.01130782393954919,0.7091756174427445,R3HDM4,0.9999664384876819,0
ERCC4,0.9999664384876819,0.689098872353448,-0.010636653460022856,-0.4933103279254411,0.010551869125934527,0.7167490621309168,RAB11B,0.9999664384876819,0
CIDEA,0.9999664384876819,0.6893695823668613,-0.01112363705193449,-0.4940768648193488,0.011408968384419287,0.7077202623309005,RAB15,0.9999664384876819,0
AMZ2P1,0.9999664384876819,0.6894074519457425,-0.011369623032764394,-0.49418411867939455,0.01141203667622319,0.7076520949108458,RAB20,0.9999664384876819,0
RAB5B,0.9999664384876819,0.6906714720594417,-0.011097379666950227,-0.497767337773691,0.011434731155623525,0.7061356601904831,RAB23,0.9999664384876819,0
SPOPL,0.9999664384876819,0.6908658736183242,-0.011531414048536552,-0.4983189898175751,0.011551557829730755,0.7048190192601356,RAB36,0.9999664384876819,0
MAPKAPK2,0.9999664384876819,0.6910478604146388,-0.010981368750764565,-0.4988355500425629,0.011385642839844244,0.706226331572199,RAB3IL1,0.9999664384876819,0
EXOC8,0.9999664384876819,0.6916287613829569,-0.011471902077543327,-0.5004852996004276,0.011840334600448485,0.7013359032763149,RAB5B,0.9999664384876819,0
HNRNPA3P1,0.9999664384876819,0.6916680819779949,-0.010441986710372757,-0.5005970186581932,0.010530832859058897,0.7145630363757223,RAB5C,0.9999664384876819,0
CAPN3,0.9999664384876819,0.6919680736854483,-0.010713378111124367,-0.5014495715015087,0.011070875707545308,0.708462324579034,RAB6A,0.9999664384876819,0
PPM1B,0.9999664384876819,0.6926766504250415,-0.011034979385382853,-0.5034647404190891,0.011848345269815739,0.7001582173610992,RAB6B,0.9999664384876819,0
PDIK1L,0.9999664384876819,0.6931844105095916,-0.01106815538151518,-0.5049100514977678,0.01141261121676457,0.7037947087246708,RAB8A,0.9999664384876819,0
SELT,0.9999664384876819,0.6939544165282959,-0.010419874358396848,-0.5071038467578192,0.009738332264083513,0.7221108781429715,RAB8B,0.9999664384876819,0
SMAD5,0.9999664384876819,0.6940898278443598,-0.011284245949006172,-0.5074898942334118,0.011209595394953005,0.7049413115536287,RAB9A,0.9999664384876819,0
WDR49,0.9999664384876819,0.6950826495468407,-0.010744867412112382,-0.510322670591497,0.010752541887078772,0.7088883417647924,RABEP2,0.9999664384876819,0
PABPC1L,0.9999664384876819,0.6951971637914043,-0.011078679059943286,-0.5106496724163689,0.011261441557910389,0.7033151350065536,RABGAP1L,0.9999664384876819,0
RNF8,0.9999664384876819,0.6953322815316467,-0.011111878197131437,-0.511035578918903,0.011340219832976277,0.7023735607709465,RABGGTA,0.9999664384876819,0
TTC18,0.9999664384876819,0.6959542727924165,-0.011024125897607795,-0.5128130162213723,0.011378838845237016,0.7013625717485046,RAC1,0.9999664384876819,0
FBXW10,0.9999664384876819,0.6967726638493622,-0.011799433392877675,-0.5151541686811607,0.012018242444310706,0.6942913715257418,RAC3,0.9999664384876819,0
GNPDA1,0.9999664384876819,0.6977380877774771,-0.011807557199953135,-0.5179195708694483,0.012175118354167078,0.6918268900388488,RAD21.AS1,0.9999664384876819,0
SRSF4,0.9999664384876819,0.6984697352337923,-0.011784612620331845,-0.5200179740271159,0.011949413938132728,0.6931811240444363,RAD23B,0.9999664384876819,0
UBE2D4,0.9999664384876819,0.6985077612362124,-0.011679348210598297,-0.520127097135643,0.012023613839783905,0.6924357282788458,RAD50,0.9999664384876819,0
SARS2,0.9999664384876819,0.6996356402459182,-0.011964348356693157,-0.5233665935881058,0.012428325572148187,0.6875145573747126,RAG1,0.9999664384876819,0
SEC61A2,0.9999664384876819,0.7001102035761345,-0.01124278435258315,-0.5247312768796412,0.01119602702738974,0.6992477996467291,RALGAPA1,0.9999664384876819,0
PPP1R12B,0.9999664384876819,0.7014444701632035,-0.012236590272251286,-0.5285734285025209,0.012697285821988041,0.6831830116916058,RALGDS,0.9999664384876819,0
JAK2,0.9999664384876819,0.7020476965909899,-0.012006080671244819,-0.530313039567163,0.012375063320605877,0.6854530163135479,RALYL,0.9999664384876819,0
TMEM59L,0.9999664384876819,0.7041608145336976,-0.011462919882979086,-0.536419667185321,0.011492606021703794,0.6921612027557402,RANBP1,0.9999664384876819,0
DLEC1,0.9999664384876819,0.7043257656991013,-0.011771102465603393,-0.5368971937947383,0.011838895324069166,0.6883614305783903,RANBP17,0.9999664384876819,0
MAPRE2,0.9999664384876819,0.7047033833723264,-0.012339539965301103,-0.5379908422729873,0.012810950034640658,0.6786750895853078,RANBP3L,0.9999664384876819,0
CLTCL1,0.9999664384876819,0.7047355921082087,-0.012533513022896424,-0.5380841543194326,0.01280388190316979,0.6787036202138467,RANGAP1,0.9999664384876819,0
RNF17,0.9999664384876819,0.7059182341432655,-0.012001126462962404,-0.541513646166516,0.012395958662585372,0.681233198244644,RAP1B,0.9999664384876819,0
CMTR2,0.9999664384876819,0.7067016590181465,-0.012105163469069261,-0.5437889753489724,0.012490833289922761,0.6795190539206084,RAP2A,0.9999664384876819,0
PSMA2,0.9999664384876819,0.7068884213006049,-0.012285710039781919,-0.5443318111971327,0.012186992946719518,0.6822845039572374,RAP2C.AS1,0.9999664384876819,0
RTN4IP1,0.9999664384876819,0.7075046750395262,-0.011777155449009334,-0.5461241295075037,0.011848867781925678,0.6851333330727525,RAPGEF2,0.9999664384876819,0
MTCH2,0.9999664384876819,0.7079308817211802,-0.012145012888607792,-0.5473647398856849,0.01302055334385855,0.6733493453704462,RASSF4,0.9999664384876819,0
OPA1.AS1,0.9999664384876819,0.7079650159183704,-0.012439929048587007,-0.5474641347687591,0.01312730074544876,0.6723687756027237,RASSF6,0.9999664384876819,0
E2F5,0.9999664384876819,0.7089395648224373,-0.012134564446142705,-0.5503041977732168,0.012535440819545999,0.6767852377629362,RBAK,0.9999664384876819,0
SUPT20HL1,0.9999664384876819,0.7090297839207076,-0.01262503977367788,-0.5505673415655739,0.012939614513750662,0.6729064543304231,RBBP5,0.9999664384876819,0
TPD52L3,0.9999664384876819,0.7094241748889485,-0.01290240158753433,-0.5517181174220871,0.013194574055350428,0.6702026754642488,RBBP7,0.9999664384876819,0
TAF10,0.9999664384876819,0.7105582951505816,-0.012839808742438175,-0.555031399248977,0.013318870582076623,0.6678867242543818,RBBP8,0.9999664384876819,0
RPL38,0.9999664384876819,0.7126602144907381,-0.01285790642805765,-0.5611882489292189,0.013139247336268717,0.6672412699261869,RBM12B,0.9999664384876819,0
MTERF,0.9999664384876819,0.7137599185621519,-0.012499512874788267,-0.5644179357745412,0.013064253395659824,0.6667749003874577,RBM17,0.9999664384876819,0
PSMC5,0.9999664384876819,0.7143009891225078,-0.01285575105497638,-0.5660091507273811,0.013572444916296009,0.6616174253597787,RBM18,0.9999664384876819,0
C6orf99,0.9999664384876819,0.7145431943522805,-0.01239628872741841,-0.5667219077730608,0.01280621406056279,0.6684208341730749,RBM23,0.9999664384876819,0
GCNT1,0.9999664384876819,0.7154588894520754,-0.013052625840417317,-0.5694192063000182,0.013325475716378444,0.662577909566435,RBM24,0.9999664384876819,0
MARK4,0.9999664384876819,0.7157894935406182,-0.012907793107397402,-0.5703940612546579,0.013397271846948845,0.6615748294464754,RBM26,0.9999664384876819,0
DNAJC15,0.9999664384876819,0.7157909699752213,-0.013066012088314314,-0.5703984160447517,0.013573005386043236,0.6600021682851159,RBM33,0.9999664384876819,0
WDYHV1,0.9999664384876819,0.7160290747418864,-0.012001190045460854,-0.5711008551520856,0.012021208834512683,0.6750798520873025,RBM34,0.9999664384876819,0
RIC8B,0.9999664384876819,0.7167755014135371,-0.013214079506556436,-0.5733047378410541,0.01364779460120906,0.6582805733477048,RBM38,0.9999664384876819,0
PSMD3,0.9999664384876819,0.7187084124382577,-0.0126720280322288,-0.579024810642919,0.013188641939122133,0.6604525347317098,RBM4,0.9999664384876819,0
ELAVL2,0.9999664384876819,0.718724494430814,-0.012888220330664538,-0.579072481462371,0.01315625921411825,0.6607465427765833,RBM5.AS1,0.9999664384876819,0
IL10RB,0.9999664384876819,0.7191149321611235,-0.013427853774810285,-0.580230235254201,0.01373402034480759,0.6549985752324239,RBMS1,0.9999664384876819,0
HNRNPA3,0.9999664384876819,0.7191846258244055,-0.012787743744117144,-0.5804369776615402,0.012642706149547938,0.6653964700878782,RBMS2,0.9999664384876819,0
RFX6,0.9999664384876819,0.7193077307464355,-0.012022536615217443,-0.5808022222557918,0.011441829704327475,0.6788112101506106,RBMX2,0.9999664384876819,0
XRCC6,0.9999664384876819,0.7193469619329256,-0.01312478937416857,-0.5809186350099843,0.013412056250323977,0.6576817692205719,RCCD1,0.9999664384876819,0
PSMB10,0.9999664384876819,0.7208040597262065,-0.012648565018744054,-0.5852479571216371,0.013051040082000406,0.6596452264426771,RCSD1,0.9999664384876819,0
CTNND1,0.9999664384876819,0.7224368878608669,-0.013275777032425539,-0.5901124823577724,0.013535220279406589,0.6532973287823747,RCVRN,0.9999664384876819,0
CALCOCO2,0.9999664384876819,0.7225024699718225,-0.01330150965156158,-0.59030815597358,0.013323671159775414,0.6552458420651268,REEP6,0.9999664384876819,0
NDUFS2,0.9999664384876819,0.7227120550302633,-0.0132963712702381,-0.5909336346149272,0.013591878841373233,0.6524790059503753,RELB,0.9999664384876819,0
SP4,0.9999664384876819,0.7235772629769166,-0.013557846297196842,-0.5935181850576258,0.013890056052318694,0.64882496827135006,RERE,0.9999664384876819,0
TERT,0.9999664384876819,0.7244385148937489,-0.012926483291540052,-0.5960948617575148,0.012999325256478005,0.6565238250840653,REV3L,0.9999664384876819,0
ATP5G1,0.9999664384876819,0.725703851022204,-0.013461660394981333,-0.5998876680181543,0.013483025303011074,0.6504170335339574,RFC2,0.9999664384876819,0
PPP2CB,0.9999664384876819,0.7257129815856334,-0.013295398742227738,-0.5999150679221995,0.014023048088788183,0.6453461800671054,RFX6,0.9999664384876819,0
TRIM29,0.9999664384876819,0.7265628738714431,-0.013837155058390534,-0.6024674863455179,0.013929022565995824,0.6453029576689777,RHOB,0.9999664384876819,0
MTMR4,0.9999664384876819,0.7272958917064282,-0.013246636784189967,-0.6046720608367179,0.01331564097704064,0.6504561806954885,RIC8B,0.9999664384876819,0
HDAC4,0.9999664384876819,0.7276192306163906,-0.013669921508490675,-0.6056454471739098,0.013846349063947251,0.6449636361130515,RING1,0.9999664384876819,0
WDR86,0.9999664384876819,0.7278169666137793,-0.012853135775934,-0.6062409986760883,0.012062080898111161,0.6637337100816822,RIPK1,0.9999664384876819,0
AGPAT4,0.9999664384876819,0.7288677905845985,-0.012932123177482362,-0.6094095426421726,0.012959262785885474,0.6526014562033708,RIPK2,0.9999664384876819,0
HPCA,0.9999664384876819,0.7297095738622418,-0.013348764693348822,-0.611952187093715,0.013750708082214864,0.6437101524812187,RNF103,0.9999664384876819,0
OSCAR,0.9999664384876819,0.7297161755399758,-0.012788669531532595,-0.6119721433826162,0.012260027396819253,0.659667496465183,RNF112,0.9999664384876819,0
TCP10,0.9999664384876819,0.7304161308107568,-0.013828221814278424,-0.6140894320524467,0.0142164767103739,0.6385881220088501,RNF115,0.9999664384876819,0
ELF5,0.9999664384876819,0.7318804151405158,-0.01398706689819117,-0.6185276682000233,0.014693810909444499,0.6327525517106097,RNF125,0.9999664384876819,0
BRD3,0.9999664384876819,0.7331610576292183,-0.013282560568918892,-0.6224192973937771,0.013642500682141285,0.6412740649538969,RNF168,0.9999664384876819,0
AMH,0.9999664384876819,0.7335309589652818,-0.014187352458766575,-0.6235451115704771,0.01498216716704382,0.6284634890840113,RNF17,0.9999664384876819,0
WBP11P1,0.9999664384876819,0.7336388393591546,-0.014193209298816527,-0.6238736000817421,0.014892587908445823,0.6291123592905465,RNF207,0.9999664384876819,0
UBN2,0.9999664384876819,0.7339931675456798,-0.013842872629489873,-0.6249529795902904,0.014395549056726695,0.6331589216883317,RNF216.IT1,0.9999664384876819,0
MTFMT,0.9999664384876819,0.734106562054201,-0.014015293566680107,-0.6252985637351521,0.014021772205595893,0.6365675742301806,RNF222,0.9999664384876819,0
TMEM50B,0.9999664384876819,0.7348359222976129,-0.013976701930428987,-0.6275231701791221,0.014326680017628664,0.6329105810994085,RNF32,0.9999664384876819,0
UPF3A,0.9999664384876819,0.7356415768521263,-0.0137130577145556,-0.6299840961431198,0.014033298230620914,0.6348806451676686,RNF39,0.9999664384876819,0
PPP2CA,0.9999664384876819,0.7357772907792097,-0.014367327094608848,-0.630399018799097,0.014556767408597172,0.6297895385462022,RNF40,0.9999664384876819,0
HECTD1,0.9999664384876819,0.7369410718095922,-0.014376861024543984,-0.6339615552791076,0.015239482243599356,0.6225200980393011,RNF41,0.9999664384876819,0
CTCFL,0.9999664384876819,0.7369466054674437,-0.01374031380621772,-0.6339785139694702,0.01464226877868955,0.6277668358118367,RNF43,0.9999664384876819,0
IRF2BP1,0.9999664384876819,0.7370374654485279,-0.014412848587041732,-0.6342569935325285,0.01517987237537053,0.6229206403462566,RNF5,0.9999664384876819,0
NBR2,0.9999664384876819,0.7379902226288432,-0.0143015397326838,-0.637180098661961,0.014912736946124517,0.6242125707992121,RNF8,0.9999664384876819,0
ATP5G3,0.9999664384876819,0.7387713700248391,-0.014316614595229099,-0.63958076418635,0.01531356374311667,0.6198731503814321,RNMTL1,0.9999664384876819,0
KDM4D,0.9999664384876819,0.7401130717511414,-0.013942474833635487,-0.6437127869329983,0.014173881441201162,0.6289412702648698,RNPS1,0.9999664384876819,0
TMA16,0.9999664384876819,0.7407317554813966,-0.014134981995152108,-0.6456218444530631,0.014674225126535356,0.6234767191166425,RNU11,0.9999664384876819,0
UACA,0.9999664384876819,0.7408906123890868,-0.014343694070618744,-0.6461124050173112,0.015133036046770174,0.6191290078267364,RPA2,0.9999664384876819,0
SEMA4F,0.9999664384876819,0.7419208766527821,-0.014539154917721895,-0.6492977139602076,0.015190248498718863,0.6175102342708505,RPL10L,0.9999664384876819,0
GUCY1A2,0.9999664384876819,0.7430080758014792,-0.01439793883483037,-0.6526662111683336,0.015423622579121074,0.6142817944708705,RPL12,0.9999664384876819,0
CCT5,0.9999664384876819,0.7436077280166333,-0.014604895222580967,-0.6545273004866998,0.014959732389888356,0.6177939920192881,RPL17,0.9999664384876819,0
EIF1AD,0.9999664384876819,0.7443635451858241,-0.014567369875825317,-0.6568763007367321,0.015485922673914368,0.6122623144146361,RPL18A,0.9999664384876819,0
EXOC3L1,0.9999664384876819,0.7448653792452958,-0.015213814197895314,-0.6584379520884431,0.015961660926006146,0.607673619469872,RPL19P12,0.9999664384876819,0
PPDPF,0.9999664384876819,0.745563280467971,-0.015477250525869374,-0.6606124162882189,0.01577431965052576,0.6084659175066403,RPL23A,0.9999664384876819,0
RAB11B,0.9999664384876819,0.7466202274324091,-0.014422949693115937,-0.6639115287237446,0.015328678943881825,0.611220120554431,RPL26L1,0.9999664384876819,0
HDGFL1,0.9999664384876819,0.7474587569304951,-0.013780837210669767,-0.666534030223885,0.013543387302319066,0.6284821402319369,RPL29,0.9999664384876819,0
NACA2,0.9999664384876819,0.7478931203292154,-0.015290468871998949,-0.6678943054134904,0.015856720449495897,0.6051955030470062,RPL31,0.9999664384876819,0
PTPN2,0.9999664384876819,0.7483879051688159,-0.015596008557332593,-0.6694453069210154,0.01586776365440033,0.6045568266815066,RPL31P11,0.9999664384876819,0
DHX40,0.9999664384876819,0.7491474130215194,-0.015236062388455348,-0.671829274583265,0.015673466852928232,0.6054198152307726,RPL37A,0.9999664384876819,0
GYS2,0.9999664384876819,0.7495010098865583,-0.015616676367026194,-0.6729404589636683,0.015938808029451815,0.6027242532849976,RPL38,0.9999664384876819,0
ENO1.AS1,0.9999664384876819,0.7500638701250756,-0.014859681494657584,-0.6747109736265912,0.015261624336732067,0.6081838909333728,RPL41,0.9999664384876819,0
GNB3,0.9999664384876819,0.7501324182291229,-0.013659838545638785,-0.6749267407308005,0.013651467543014313,0.6247582642137319,RPL6,0.9999664384876819,0
ANAPC7,0.9999664384876819,0.7515204889868212,-0.015481444892639794,-0.6793027235178131,0.01586786341560139,0.6011339274819956,RPN2,0.9999664384876819,0
LASP1,0.9999664384876819,0.7518800624213712,-0.01569907564975855,-0.6804384232176106,0.016226282829412297,0.5976517308823815,RPP14,0.9999664384876819,0
FTX,0.9999664384876819,0.7522576295887018,-0.01405118563674569,-0.6816319009115113,0.01424446049809064,0.6161714743245903,RPS12,0.9999664384876819,0
HIPK1.AS1,0.9999664384876819,0.7536290074472558,-0.01553374539155475,-0.685974981215002,0.016171998880392637,0.5961852233145853,RPS13,0.9999664384876819,0
EMC6,0.9999664384876819,0.7547736549876218,-0.014385769505218948,-0.6896099491629912,0.014377166879440973,0.6123066970700023,RPS14P3,0.9999664384876819,0
SSR3,0.9999664384876819,0.7551578600015285,-0.01469026821276378,-0.6908320821140961,0.014598055655163903,0.6095807299279349,RPS16P5,0.9999664384876819,0
FAH,0.9999664384876819,0.7551682369848904,-0.016222675542506632,-0.6908651049789879,0.016692294387194218,0.5901032455415135,RPS19BP1,0.9999664384876819,0
ELOVL2,0.9999664384876819,0.7556736837629244,-0.01469135356738805,-0.6924745110366554,0.015378203141956991,0.6012221468037406,RPS21,0.9999664384876819,0
CLPTM1L,0.9999664384876819,0.7563645075118327,-0.015414508177877243,-0.6946770866698694,0.016609464100403003,0.5894486742907503,RPS25,0.9999664384876819,0
PSMB3,0.9999664384876819,0.7565945188106208,-0.01578499593290212,-0.6954111870942596,0.01634740981237559,0.5914179867261251,RPS3A,0.9999664384876819,0
NDST3,0.9999664384876819,0.7574674696108972,-0.015799824556422568,-0.6982007017321072,0.01602091209918233,0.593349948320665,RPS6KA1,0.9999664384876819,0
AKT3,0.9999664384876819,0.7578920679510985,-0.01567501957622899,-0.6995594711060608,0.01667038781747796,0.5872367355329559,RPS6KA2,0.9999664384876819,0
PRPF3,0.9999664384876819,0.758797795088622,-0.016061814973397832,-0.702462241212768,0.016109676353674024,0.5911215528553829,RPS6KA4,0.9999664384876819,0
NCLN,0.9999664384876819,0.7600272217043884,-0.016012764479955987,-0.7064119368464162,0.01689125700078756,0.5830108965298857,RPS6KB2,0.9999664384876819,0
CPT1A,0.9999664384876819,0.7607778896644513,-0.015521775335399968,-0.7088289830304726,0.01576253005503225,0.5922408927066397,RPSA,0.9999664384876819,0
RCSD1,0.9999664384876819,0.7608575973199145,-0.016292079404718218,-0.7090858736985384,0.017074172859040754,0.580570436369799,RRAD,0.9999664384876819,0
EIF4G2,0.9999664384876819,0.7609773548050737,-0.01615681140991851,-0.7094719293979446,0.017083938203585048,0.5803551171386948,RRP7A,0.9999664384876819,0
DNAJC12,0.9999664384876819,0.7617136660982957,-0.01609118971706933,-0.7118478648588022,0.017062457162724854,0.5797030208999747,RSC1A1,0.9999664384876819,0
WDR11,0.9999664384876819,0.7617751357038168,-0.016293825761559008,-0.7120463971780525,0.017131540948610878,0.5790659698749123,RSL24D1,0.9999664384876819,0
UBE3A,0.9999664384876819,0.7623246478479265,-0.01627529691085446,-0.7138224406863533,0.01688877639361601,0.5804707384788259,RSRP1,0.9999664384876819,0
NUDT6,0.9999664384876819,0.7624930630044573,-0.016234502479688693,-0.7143672155374371,0.01639186796134152,0.584610875809815,RTDR1,0.9999664384876819,0
SLC25A30,0.9999664384876819,0.7640758199820986,-0.014014415058848836,-0.719497389656869,0.013366517159676019,0.6157771386367974,RTFDC1,0.9999664384876819,0
KPRP,0.9999664384876819,0.7641753033488485,-0.016501606183551024,-0.719820476091458,0.01754106247537326,0.5730364006821913,RTKN,0.9999664384876819,0
ADIRF,0.9999664384876819,0.7662179333953276,-0.016538121792187246,-0.726470922480026,0.017023540143870922,0.5750155139043998,RTN4IP1,0.9999664384876819,0
RBMX2,0.9999664384876819,0.7663257972541302,-0.016924536099049977,-0.7268230005365942,0.017347475584099593,0.5721704044066518,RUNX1.IT1,0.9999664384876819,0
SNX18,0.9999664384876819,0.7667701046341837,-0.015317582839340194,-0.7282742139271807,0.014505875076127682,0.5994840748990421,RYK,0.9999664384876819,0
TRPM8,0.9999664384876819,0.7685581432256072,-0.017142351959544555,-0.7341299600980069,0.017641111210744964,0.5672471529270482,S100A5,0.9999664384876819,0
AP3M1,0.9999664384876819,0.7696980716745083,-0.01695943521390405,-0.7378763454854393,0.01772562356792863,0.5652686930901369,SAP25,0.9999664384876819,0
STARD7.AS1,0.9999664384876819,0.7705689762866772,-0.016820704342964485,-0.7407455739472039,0.017988718226377497,0.5621645410468736,SAP30L,0.9999664384876819,0
RALYL,0.9999664384876819,0.7710304639207662,-0.015767290637525126,-0.74226843660075,0.015766117738491285,0.58171183087118306,SARDH,0.9999664384876819,0
BIN3,0.9999664384876819,0.7711661224932449,-0.01698693646795475,-0.7427164236453667,0.017620217358623288,0.564479134136893,SARS2,0.9999664384876819,0
RNU11,0.9999664384876819,0.7712236828067465,-0.01637252528575978,-0.7429065508533155,0.017250202756672016,0.5675511352479581,SART3,0.9999664384876819,0
ARMC9,0.9999664384876819,0.7719084140180701,-0.017074979725884624,-0.7451703476622369,0.017872139581070732,0.56157402816133,SASH1,0.9999664384876819,0
MCMDC2,0.9999664384876819,0.77297365550932,-0.01743856734121424,-0.7486997672670713,0.017990625603744672,0.5594046517909234,SASS6,0.9999664384876819,0
FBXO8,0.9999664384876819,0.773269211299981,-0.016806405734703808,-0.749680673023388,0.017810837447845725,0.5605378801491878,SCAF4,0.9999664384876819,0
MIEF2,0.9999664384876819,0.7739716683399678,-0.017187058173102628,-0.7520149240376282,0.017701630624801408,0.5606587209549212,SCAF8,0.9999664384876819,0
CNPY1,0.9999664384876819,0.7743127509012745,-0.016172454887374964,-0.7531498135104473,0.016352446216315944,0.5725163517316691,SCAI,0.9999664384876819,0
ACTR10,0.9999664384876819,0.7752282898361098,-0.016492272966712195,-0.7562009103140488,0.017628836339463532,0.5598777948051054,SCAMP3,0.9999664384876819,0
LAT,0.9999664384876819,0.7766751943162049,-0.016815439576166116,-0.7610372312873024,0.017945004649341255,0.5555992705683939,SCAMP4,0.9999664384876819,0
H3F3C,0.9999664384876819,0.7769293776801383,-0.016659880842319917,-0.7618886848188368,0.017669978263944702,0.5576442427968662,SCP2D1,0.9999664384876819,0
RAB8B,0.9999664384876819,0.7774542038657376,-0.016563871807525214,-0.7636484774512466,0.016937977279518714,0.5636396633804517,SCYL2,0.9999664384876819,0
FAM65C,0.9999664384876819,0.7776002807659735,-0.017399970558821434,-0.7641387081327834,0.01801561907474769,0.553974232624257,SDHAF1,0.9999664384876819,0
SCAI,0.9999664384876819,0.7777683174827512,-0.016889384034808202,-0.7647028626851233,0.01829595548658747,0.5514849740402292,SDHAP1,0.9999664384876819,0
CD47,0.9999664384876819,0.7782087359702827,-0.017751251510438035,-0.7661826489114814,0.01833788091561694,0.5506450462518612,SDHC,0.9999664384876819,0
KMT2E.AS1,0.9999664384876819,0.7790297558121912,-0.016811138976203614,-0.7689457282596192,0.016969758106400303,0.5616781695497612,SDHD,0.9999664384876819,0
ADRBK2,0.9999664384876819,0.7798462733953125,-0.01757595666978759,-0.7716994905219617,0.01860794031739342,0.5466115515963653,SEC14L1,0.9999664384876819,0
RPP14,0.9999664384876819,0.7798993123389766,-0.015601938634702403,-0.7718785703971383,0.015994978845276883,0.570503514447835,SEC16B,0.9999664384876819,0
RIPK1,0.9999664384876819,0.7805982159405598,-0.017940535532229872,-0.7742406551654242,0.017974134976596487,0.5509786115377666,SEC24D,0.9999664384876819,0
AP2S1,0.9999664384876819,0.7807081903716401,-0.017420741295387513,-0.7746127291310669,0.017386638245345025,0.5560354545032193,SEC31B,0.9999664384876819,0
SH3PXD2A,0.9999664384876819,0.7807272009776138,-0.015858861876920483,-0.7746770581486381,0.015398609381919868,0.5762254397855913,SEC61A2,0.9999664384876819,0
FAM78B,0.9999664384876819,0.7809180680057125,-0.017640468407252988,-0.7753231011070637,0.018578236307077733,0.545620951026803,SEC63,0.9999664384876819,0
GBGT1,0.9999664384876819,0.7812198271379089,-0.017453388253962393,-0.7763451502880387,0.01831692065147974,0.5474055392457972,SECISBP2,0.9999664384876819,0
SYS1.DBNDD2,0.9999664384876819,0.7813060094620179,-0.017586932655547647,-0.776637196148028,0.017796852542632642,0.5517286576884392,SECISBP2L,0.9999664384876819,0
THUMPD2,0.9999664384876819,0.781958710291222,-0.017866411193359723,-0.7788511570706036,0.0184429710576098,0.5455341121697654,SELM,0.9999664384876819,0
RBBP7,0.9999664384876819,0.7820107209750543,-0.01744693182069411,-0.779027741483739,0.01841130356298274,0.5457352225697811,SELT,0.9999664384876819,0
KCTD21,0.9999664384876819,0.7821348099233677,-0.01696789147830233,-0.7794491410417396,0.0174933847515752,0.5535324562796888,SEMA4F,0.9999664384876819,0
KIAA0355,0.9999664384876819,0.7822229334105646,-0.017350264691351123,-0.779748487852241,0.01835244755097682,0.5459815351352049,SENP3,0.9999664384876819,0
RAP2A,0.9999664384876819,0.7825215152460245,-0.017898979614297556,-0.7807632608814163,0.01876780935315866,0.5422711959788483,SENP7,0.9999664384876819,0
LSM14B,0.9999664384876819,0.7828880470186628,-0.014415367488225923,-0.7820100719081797,0.013623574929228036,0.5967374326452555,SEPHS1,0.9999664384876819,0
GJA1,0.9999664384876819,0.7844603336193599,-0.017807585785919133,-0.7873722929234434,0.018407773732868057,0.5430075062914634,SEPT3,0.9999664384876819,0
PPM1N,0.9999664384876819,0.7864107129722602,-0.016828790967274965,-0.7940556184524822,0.01756502355743487,0.5482997380721711,SEPT7P2,0.9999664384876819,0
PDCD6IP,0.9999664384876819,0.7871279794822276,-0.01795914615067353,-0.7965223931974351,0.018667949320912442,0.5378426589422346,SEPW1,0.9999664384876819,0
CD46,0.9999664384876819,0.7880702201431764,-0.01754565405262501,-0.7997702696720301,0.018687535959580583,0.5366193513019766,SERF1A,0.9999664384876819,0
USP2,0.9999664384876819,0.7881639503443928,-0.01698039606518197,-0.8000938162685506,0.017979288400922565,0.5426390748400335,SERF2.C15ORF63,0.9999664384876819,0
DLG1.AS1,0.9999664384876819,0.7883066156837204,-0.018574836875518794,-0.80058644254482,0.019227469177227813,0.5319743159337511,SERINC2,0.9999664384876819,0
CHTOP,0.9999664384876819,0.7884876090375993,-0.017869049710815193,-0.8012116959704122,0.018498660513107487,0.5377426527521203,SERINC4,0.9999664384876819,0
NELFA,0.9999664384876819,0.78876987967415,-0.01777743834882703,-0.8021874441296873,0.018072043594461906,0.5411514263819533,SERP2,0.9999664384876819,0
FAM13C,0.9999664384876819,0.791309466708372,-0.017446383335745507,-0.8110008758323083,0.017636259128831593,0.5424454997201561,SETBP1,0.9999664384876819,0
TMEM231,0.9999664384876819,0.7914418651551454,-0.017213192692586074,-0.8114620803031641,0.01728757022952479,0.5456814531935101,SETD3,0.9999664384876819,0
SLC40A1,0.9999664384876819,0.7938152215509235,-0.018514975041976727,-0.8197590788925112,0.019360368709385484,0.5245877891659265,SETD4,0.9999664384876819,0
TRA2B,0.9999664384876819,0.7947810045259274,-0.018953589364594823,-0.8231515411129353,0.019779435452647792,0.5201511033506421,SETD6,0.9999664384876819,0
GPBP1L1,0.9999664384876819,0.7973036579993311,-0.01871116467590798,-0.8320578044591077,0.01921359451594451,0.521841682384337,SETDB2,0.9999664384876819,0
RPL10L,0.9999664384876819,0.7973689802240316,-0.01922254000072731,-0.832289301365395,0.02054459604703476,0.5113158681306442,SETMAR,0.9999664384876819,0
DNPH1,0.9999664384876819,0.7982865699518331,-0.019758305117639447,-0.835545896838327,0.020312856309646382,0.5119546911453972,SF3A1,0.9999664384876819,0
GPS2,0.9999664384876819,0.7987871963008973,-0.019206440897818547,-0.8373263988416453,0.020387715855497222,0.5107990261705065,SF3A2,0.9999664384876819,0
C6orf118,0.9999664384876819,0.8003916265535636,-0.01854915840638049,-0.8430506137901026,0.01995031367476427,0.5123105259041116,SF3B1,0.9999664384876819,0
CNP,0.9999664384876819,0.8004051200678872,-0.018912862779796334,-0.8430988724193873,0.019937608973120646,0.5123955093992059,SF3B2,0.9999664384876819,0
SLC38A3,0.9999664384876819,0.8006984644933228,-0.019097911139175205,-0.8441484844791773,0.018705542739445562,0.5225151387267306,SF3B3,0.9999664384876819,0
RPL6,0.9999664384876819,0.8010173906742499,-0.0185898940453904,-0.8452906865303939,0.019464000227317146,0.5155673397945764,SF3B4,0.9999664384876819,0
LARS2,0.9999664384876819,0.8012947158751706,-0.018074933459730505,-0.8462847960108579,0.01855797334636709,0.523214805521846,SF3B5,0.9999664384876819,0
WASF3,0.9999664384876819,0.8019000718273008,-0.018761344258331716,-0.8484576869354764,0.02015755429015819,0.508927150841239,SFR1,0.9999664384876819,0
UBE2NL,0.9999664384876819,0.8020720490011399,-0.018604605095356684,-0.8490757202295103,0.019220029635119495,0.5164635707296643,SFT2D1,0.9999664384876819,0
ATXN3,0.9999664384876819,0.8022086424313909,-0.019399271667433778,-0.849566826374921,0.020019955512145866,0.5096608710788921,SH3BP1,0.9999664384876819,0
CCNDBP1,0.9999664384876819,0.803550667958659,-0.016845683403456244,-0.8544028730811868,0.01603383733925243,0.5476636000775587,SH3GLB2,0.9999664384876819,0
CCT3,0.9999664384876819,0.8045523588859174,-0.018951801431120397,-0.8580255719593858,0.01952270880433598,0.5111028528719119,SH3PXD2A,0.9999664384876819,0
UBFD1,0.9999664384876819,0.8049426958117031,-0.01973504401712084,-0.8594403100972797,0.020654638896221475,0.5015207380692782,SHC2,0.9999664384876819,0
FTSJ2,0.9999664384876819,0.8051800977810533,-0.01889561866668543,-0.8603015922309633,0.020094950596435696,0.5056441917713629,SHISA6,0.9999664384876819,0
YIPF4,0.9999664384876819,0.8059871835908903,-0.019497546528911898,-0.8632344439163643,0.02124264302316917,0.49589709653150604,SHMT1,0.9999664384876819,0
SF3B4,0.9999664384876819,0.8060419134101735,-0.019002549998436147,-0.8634335942333459,0.01945567109993176,0.5100202249669861,SIKE1,0.9999664384876819,0
COX10,0.9999664384876819,0.8065544032619528,-0.018012923385523353,-0.8653001018371788,0.01865868150309561,0.5166555935486847,SIL1,0.9999664384876819,0
TRIP13,0.9999664384876819,0.8093091041586695,-0.01786898247007034,-0.8753849737519522,0.018325279301199808,0.5169826516368388,SIN3B,0.9999664384876819,0
ANKRD18A,0.9999664384876819,0.8096380630753346,-0.018579720536024427,-0.876595234148563,0.018028310177617496,0.5196252458444015,SIRT3,0.9999664384876819,0
EIF4A3,0.9999664384876819,0.8097492341860733,-0.01914382714621199,-0.8770045299758331,0.020335932984474656,0.4984549917514386,SKP1P2,0.9999664384876819,0
TULP1,0.9999664384876819,0.8112945510305357,-0.019013464983215368,-0.8827091819891026,0.019811575036401904,0.5011069264760495,SLAMF1,0.9999664384876819,0
HEXA.AS1,0.9999664384876819,0.8116855537008336,-0.019695288136172658,-0.8841571554093454,0.020496613669925588,0.49493120563229814,SLC10A1,0.9999664384876819,0
SRSF11,0.9999664384876819,0.8117542697366591,-0.020313898408028483,-0.8844118183469324,0.021523458152780024,0.48692470900188883,SLC12A7,0.9999664384876819,0
GTF3C2,0.9999664384876819,0.8124123331157014,-0.02060464700755159,-0.8868535253786411,0.02152816651132597,0.4861013720894834,SLC25A30,0.9999664384876819,0
AP1M2,0.9999664384876819,0.8133482898736051,-0.020020232904259402,-0.890335477200587,0.021680103052870322,0.4838637981617577,SLC25A47,0.9999664384876819,0
PARL,0.9999664384876819,0.8143726630600976,-0.019051337174857963,-0.8941587711914311,0.018900431089637376,0.5060831612516083,SLC25A5.AS1,0.9999664384876819,0
MORC1,0.9999664384876819,0.8146838896220766,-0.019655392277869888,-0.8953229609778975,0.02000655511418189,0.49564579025813965,SLC30A6,0.9999664384876819,0
AKAP8L,0.9999664384876819,0.8170374847498671,-0.0214604080865782,-0.9041665598829005,0.02228637833007322,0.4750347277687626,SLC35A5,0.9999664384876819,0
PIP4K2C,0.9999664384876819,0.8177283100509859,-0.020092505842744066,-0.9067757759327699,0.02097610338834554,0.4841047313833723,SLC35E2,0.9999664384876819,0
PPIA,0.9999664384876819,0.817956718774588,-0.019600168254609324,-0.9076398242993974,0.01996233667625395,0.4924074020516664,SLC38A3,0.9999664384876819,0
N4BP2L2.IT2,0.9999664384876819,0.8188858984816965,-0.017751404830209833,-0.9111618313336838,0.017238831407209346,0.5192005774252738,SLC39A8,0.9999664384876819,0
USP40,0.9999664384876819,0.8196557064731473,-0.02084106860199418,-0.9140883317618732,0.02190747449048277,0.47462907459968595,SLC3A1,0.9999664384876819,0
ARHGDIG,0.9999664384876819,0.820223226155653,-0.020714246363312788,-0.9162508362673369,0.021833290375083386,0.47450932871731955,SLC40A1,0.9999664384876819,0
SLC30A6,0.9999664384876819,0.8204617238216133,-0.018783495394551566,-0.9171608990119832,0.018635332740190694,0.5024020802947329,SLC44A3,0.9999664384876819,0
FGD4,0.9999664384876819,0.8210679143132908,-0.02043438489630917,-0.9194774357736586,0.02156720040934698,0.47554559090402193,SLC4A2,0.9999664384876819,0
WI2.2373I1.2,0.9999664384876819,0.8216796777368012,-0.019797133011394994,-0.9218202826464932,0.021461746052306642,0.4756538342439285,SLU7,0.9999664384876819,0
ATP5C1,0.9999664384876819,0.8220358223029245,-0.020763299529328556,-0.9231865288669916,0.021283720274780114,0.47665404068213185,SMAD3,0.9999664384876819,0
SUN3,0.9999664384876819,0.8220554282535926,-0.021466835432834893,-0.9232617915037996,0.02215047358120389,0.46995137122564223,SMAD5,0.9999664384876819,0
UBA3,0.9999664384876819,0.8225937819750381,-0.02101192385398814,-0.9253304524421176,0.02195406729076824,0.4707775196027348,SMARCA4,0.9999664384876819,0
PPIH,0.9999664384876819,0.8233885785122007,-0.020567657790105384,-0.9283917718443334,0.021102132705051926,0.4765697831442195,SMARCA5,0.9999664384876819,0
ATP6V0E2,0.9999664384876819,0.8234902864829712,-0.021254733118727352,-0.9287841487235169,0.02248444179489607,0.46577622546064096,SMARCA5.AS1,0.9999664384876819,0
WDR52,0.9999664384876819,0.8239462375087943,-0.02093787033397224,-0.9305449122764891,0.022680405265352328,0.46381372446318064,SMARCC2,0.9999664384876819,0
MAP3K14.AS1,0.9999664384876819,0.8250774877456193,-0.02158987210387622,-0.9349260157310112,0.02274956798338391,0.46194152535160515,SMARCD1,0.9999664384876819,0
TRIM34,0.9999664384876819,0.8254412574177511,-0.02195925139347092,-0.9363386397134211,0.022333453746034983,0.4645339025594277,SMARCD2,0.9999664384876819,0
TFDP2,0.9999664384876819,0.8259773674900899,-0.020593331913696257,-0.9384239246197138,0.02103299618567927,0.474193462508157,SMARCD3,0.9999664384876819,0
TOP1MT,0.9999664384876819,0.8260924547663224,-0.020776192180829593,-0.9388721069969282,0.0222466210600102,0.46440458256232525,SMC1A,0.9999664384876819,0
MYL12B,0.9999664384876819,0.8261252657244147,-0.021596163873997168,-0.9389999166913371,0.022600399520631403,0.46174572666661656,SMC5.AS1,0.9999664384876819,0
FAM193B,0.9999664384876819,0.8274824470900384,-0.021120593318057608,-0.9443001030464749,0.022295247594147125,0.4623801194170838,SMCO2,0.9999664384876819,0
GOPC,0.9999664384876819,0.8300716482107631,-0.021162838265884693,-0.9544859876761679,0.021955941377389092,0.4619504326618717,SMCR9,0.9999664384876819,0
UBE2Q2,0.9999664384876819,0.831275385411525,-0.02113223301373239,-0.9592553444092239,0.023003083587869986,0.452577979101408,SMEK2,0.9999664384876819,0
NFYC.AS1,0.9999664384876819,0.8313996112559405,-0.021376423009557742,-0.9597487852283989,0.021800302507413223,0.4616504450721563,SMEK3P,0.9999664384876819,0
ITGB2.AS1,0.9999664384876819,0.8321873512282578,-0.020793239161968166,-0.962883244391597,0.020969013161155868,0.46775669253140667,SMG7.AS1,0.9999664384876819,0
ZNF414,0.9999664384876819,0.8331820644006219,-0.021026469265908582,-0.966854828131813,0.02184932411556712,0.4591921602743337,SMIM13,0.9999664384876819,0
MAPK15,0.9999664384876819,0.8332589877241785,-0.022111734017761682,-0.9671625947258378,0.023196719953133986,0.44876446558103056,SMUG1,0.9999664384876819,0
YARS2,0.9999664384876819,0.8340537666482395,-0.022900612729354116,-0.9703478477241972,0.023762732833109264,0.44379345097158973,SNAP25,0.9999664384876819,0
KANTR,0.9999664384876819,0.8341475421646538,-0.021586258581287498,-0.9707243234603491,0.02259661505162592,0.45215691666312174,SND1.IT1,0.9999664384876819,0
RANBP17,0.9999664384876819,0.8350145376325787,-0.021788374625452973,-0.9742115442973254,0.022756589914291685,0.44990534768166945,SNRNP25,0.9999664384876819,0
CNOT2,0.9999664384876819,0.8351870748041024,-0.021740272383223368,-0.9749069359559723,0.023516695566645866,0.44411741680433964,SNRPB2,0.9999664384876819,0
UBL7.AS1,0.9999664384876819,0.8353435510844877,-0.020870866219814915,-0.9755380039032706,0.021823022220567367,0.45691593078065446,SNRPE,0.9999664384876819,0
TXNDC11,0.9999664384876819,0.8355500954244626,-0.02186920233287395,-0.9763715913968621,0.022149660284385645,0.4540133227541857,SNX1,0.9999664384876819,0
PIK3CG,0.9999664384876819,0.8362755133273085,-0.02186616965745344,-0.979304680098826,0.023515037249648815,0.4427937012322777,SNX10,0.9999664384876819,0
ARHGEF10,0.9999664384876819,0.837157461567818,-0.02211798437656928,-0.9828820572762896,0.023081947602197915,0.4448878325120344,SNX15,0.9999664384876819,0
STK25,0.9999664384876819,0.8392282743072831,-0.022251610042565907,-0.9913315877834522,0.02341896300921601,0.43989134247832157,SNX18,0.9999664384876819,0
SRSF10,0.9999664384876819,0.8392396132436585,-0.022295561608012944,-0.9913780488368561,0.023866677355216945,0.43665544133109335,SNX30,0.9999664384876819,0
RAP2C.AS1,0.9999664384876819,0.8395634374355181,-0.021197008679457615,-0.9927058161032554,0.022126843606948,0.44955078220872924,SNX7,0.9999664384876819,0
BIRC3,0.9999664384876819,0.8408066485951055,-0.02143193355918594,-0.9978196600581265,0.022217988300778133,0.4473653595099515,SORBS1,0.9999664384876819,0
ARFGAP3,0.9999664384876819,0.840902810399432,-0.02216186395600117,-0.9982163011803977,0.023220393141412273,0.4393501544881418,SP100,0.9999664384876819,0
CORO1B,0.9999664384876819,0.8414480063353051,-0.021695275268720657,-1.0004680610684122,0.023697560874437938,0.435156412999813,SP110,0.9999664384876819,0
BPY2,0.9999664384876819,0.8425885289246413,-0.022750588674980622,-1.005195113662579,0.02426241296954732,0.4297383794339337,SP140,0.9999664384876819,0
TRPV3,0.9999664384876819,0.8426853029888887,-0.019143996533570025,-1.0055972412742464,0.01817791703808938,0.4858425120737534,SP3,0.9999664384876819,0
LRRC48,0.9999664384876819,0.842879288187097,-0.022078074265787798,-1.006403802732948,0.022870977942302417,0.4396890588860328,SP4,0.9999664384876819,0
TGS1,0.9999664384876819,0.8433050295622355,-0.023131325972111434,-1.0081762710490019,0.024388434750309756,0.4279742722414553,SPATA13.AS1,0.9999664384876819,0
SPG20,0.9999664384876819,0.8433611795747047,-0.022072658455992218,-1.0084102741290983,0.024042790789849743,0.43033185637167265,SPDEF,0.9999664384876819,0
IPO9,0.9999664384876819,0.8435739219548486,-0.022958004145667166,-1.0092973714366171,0.0242171004360263,0.42883483290749397,SPG20,0.9999664384876819,0
LRRFIP2,0.9999664384876819,0.84404552220805,-0.022758786593198542,-1.0112666967970112,0.02451001107082075,0.4262125488951911,SPIN1,0.9999664384876819,0
BRMS1,0.9999664384876819,0.8444835019692414,-0.02327956623263441,-1.0130991475128555,0.024220040863435318,0.42768924845208867,SPOPL,0.9999664384876819,0
AZU1,0.9999664384876819,0.844623949878783,-0.022709644220918503,-1.0136874841988053,0.023989782048523582,0.42916035985548473,SPR,0.9999664384876819,0
GTF3C2.AS1,0.9999664384876819,0.8448589436826408,-0.02211742868728432,-1.0146726593630422,0.02323593718783118,0.4344970105365027,SPTLC2,0.9999664384876819,0
ELF2,0.9999664384876819,0.8448860182148372,-0.022582594292258958,-1.0147862284261586,0.024297983145819955,0.42664245620397967,SRA1,0.9999664384876819,0
NFE2L2,0.9999664384876819,0.8451966833195609,-0.0232755182551737,-1.0160903078299748,0.02470449791011891,0.4234424156846048,SRCIN1,0.9999664384876819,0
RABGAP1L,0.9999664384876819,0.8452771732543377,-0.022649498402525094,-1.0164284625046744,0.024357851273937154,0.42573754790623236,SREK1,0.9999664384876819,0
EIF4A1,0.9999664384876819,0.8453786363920859,-0.022207449309378742,-1.0168548955655585,0.022563079086875628,0.43924119115223104,SRFBP1,0.9999664384876819,0
SLC10A1,0.9999664384876819,0.8453836152156528,-0.021568212733790774,-1.01687582551053,0.022313618140171406,0.44130034025155906,SRP14.AS1,0.9999664384876819,0
GATAD2A,0.9999664384876819,0.8456383429521853,-0.023423340472670747,-1.0179472432941121,0.02464951426221668,0.4232651955397075,SRP72,0.9999664384876819,0
USP50,0.9999664384876819,0.8459187833021112,-0.022869148459545845,-1.0191281646951895,0.02434342446483244,0.42504444853777257,SRP9,0.9999664384876819,0
PTPRCAP,0.9999664384876819,0.8472368796156616,-0.023633724483113384,-1.0246977532196329,0.025196609285451428,0.4175675382831661,SRPK1,0.9999664384876819,0
RAB6A,0.9999664384876819,0.8478584023851462,-0.022446572222360323,-1.0273350428600327,0.023387295247563278,0.4297546217026575,SRPK3,0.9999664384876819,0
SLC35A5,0.9999664384876819,0.8479390365703293,-0.02372261770092445,-1.027677719420368,0.02503771877225435,0.417738372456683,SRPRB,0.9999664384876819,0
ACTBL2,0.9999664384876819,0.8480717753430256,-0.0217465236706971,-1.0282420913687855,0.024067159820577406,0.424382226168339,SRRM2,0.9999664384876819,0
INPP4B,0.9999664384876819,0.8507537007940884,-0.02362060750400687,-1.039715941356792,0.024940980148959575,0.4148616737212788,SRRM2.AS1,0.9999664384876819,0
CFLAR.AS1,0.9999664384876819,0.8515828806681801,-0.024907500171430858,-1.0432911594461967,0.025683323409054975,0.40883432441756506,SRSF10,0.9999664384876819,0
MARK2P9,0.9999664384876819,0.8532643533189608,-0.023145243702893174,-1.0505825018079233,0.023695903044497278,0.420914731082444,SRSF11,0.9999664384876819,0
GPATCH3,0.9999664384876819,0.853317320639474,-0.023326744011597424,-1.0508130909577835,0.024608165510611197,0.4140223025900611,SRSF3,0.9999664384876819,0
PRKAA2,0.9999664384876819,0.853663926660059,-0.024135186373828894,-1.0523233947711867,0.025108387422093162,0.4100617977064963,SRSF4,0.9999664384876819,0
NDUFAB1,0.9999664384876819,0.8547463901463223,-0.024648114503707675,-1.0570556590899467,0.025880019459660734,0.4035028604831641,SRSF6,0.9999664384876819,0
KIF5C,0.9999664384876819,0.8553764377786716,-0.02383590500384315,-1.0598210040252747,0.0254705187115897,0.405428799468432,SRSF7,0.9999664384876819,0
SAP25,0.9999664384876819,0.8564231407964598,-0.022655187580521145,-1.0644330955314032,0.023360683007454735,0.41984743443794853,SRSF8,0.9999664384876819,0
NPM1,0.9999664384876819,0.8569891186059304,-0.02382197284528452,-1.0669364231642902,0.025237710709605093,0.4050013679403932,SRXN1,0.9999664384876819,0
MAP3K3,0.9999664384876819,0.8573729678398843,-0.022383892454890236,-1.068638005564014,0.022412113031184924,0.4268331523281408,SS18L1,0.9999664384876819,0
SUMO1,0.9999664384876819,0.8573806560917554,-0.024770529885438167,-1.0686721187691637,0.026226215157692665,0.39787218059323143,SSBP2,0.9999664384876819,0
NAPA.AS1,0.9999664384876819,0.8576815878557659,-0.02185411778325202,-1.070008348232125,0.022812130817900043,0.42298011849818495,SSR2,0.9999664384876819,0
MGAT2,0.9999664384876819,0.8578209070021992,-0.023425313286917715,-1.0706276154609187,0.024630590937846884,0.4083264308966928,SSR3,0.9999664384876819,0
SF3B2,0.9999664384876819,0.8580061183105625,-0.023696822140968847,-1.0714515075163844,0.024596255014122857,0.408354786390952,SSSCA1,0.9999664384876819,0
DDX28,0.9999664384876819,0.858117032537616,-0.024354649163054284,-1.0719452455802538,0.02624706937373626,0.39678916651774976,SSUH2,0.9999664384876819,0
MYL6B,0.9999664384876819,0.8581742043863371,-0.02333245246113108,-1.0721998499005634,0.0233488767357016,0.4178997099919866,ST13P4,0.9999664384876819,0
EHD1,0.9999664384876819,0.8583347397594844,-0.024124908228063666,-1.0729151365350815,0.02555856325936031,0.4010927698649097,STAG3,0.9999664384876819,0
MLXIP,0.9999664384876819,0.8590590298465404,-0.02376874099596907,-1.0761491551954647,0.025320711643605123,0.4018315244863371,STAMBPL1,0.9999664384876819,0
CCNYL1,0.9999664384876819,0.8592716801604532,-0.02421465029556535,-1.0771007972386528,0.02586694693938392,0.3978152551653792,STARD7.AS1,0.9999664384876819,0
NOS1,0.9999664384876819,0.8600962305766956,-0.024329669463865545,-1.0808000434935214,0.024984690870074832,0.4029385693205334,STAT4,0.9999664384876819,0
AATK,0.9999664384876819,0.8609210611675804,-0.02416200583991141,-1.0845154036668552,0.02546734088861429,0.3984768601550379,STAT5B,0.9999664384876819,0
SCAF8,0.9999664384876819,0.8626677142104884,-0.024647249238668296,-1.0924328435091932,0.025533884686195493,0.39582119453003445,STAT6,0.9999664384876819,0
SRSF7,0.9999664384876819,0.8632595797307012,-0.023586099277885787,-1.0951313073082476,0.02556135256786577,0.3948900708967704,STATH,0.9999664384876819,0
HPS3,0.9999664384876819,0.8636057330305762,-0.02446842684986556,-1.0967132096317376,0.025497551544497447,0.39490421507072027,STAU2,0.9999664384876819,0
DDX50,0.9999664384876819,0.8638377770350822,-0.02496609021732062,-1.0977751768047637,0.026518965069179664,0.3876555698067239,STIM2,0.9999664384876819,0
VPS37A,0.9999664384876819,0.8641854539944989,-0.024777227575633422,-1.0993686681799413,0.025732006689761645,0.3925278142307342,STK11,0.9999664384876819,0
RPL18A,0.9999664384876819,0.8642072269385364,-0.02460725558594882,-1.0994685519850576,0.02558963330131523,0.39350071274969173,STK17A,0.9999664384876819,0
MAP4K1,0.9999664384876819,0.8645963370635436,-0.025456395294070438,-1.101255455367131,0.02725430691461364,0.3819882950683109,STK25,0.9999664384876819,0
BACE1,0.9999664384876819,0.8650869551895971,-0.02447668460848555,-1.1035135362962951,0.02648640872011832,0.386261087527712,STK38L,0.9999664384876819,0
HNRNPH2,0.9999664384876819,0.8652824627073058,-0.025512528985957256,-1.1044149335599833,0.026732503013968012,0.38439930201177064,STK4.AS1,0.9999664384876819,0
TRAPPC9,0.9999664384876819,0.8669245869626662,-0.02624654874860948,-1.1120217345621943,0.02709845736176259,0.3799175310799499,STL,0.9999664384876819,0
SSUH2,0.9999664384876819,0.8672574391559258,-0.022718633964859757,-1.113571463302163,0.02408756635375761,0.40117923846273196,STRBP,0.9999664384876819,0
MECOM,0.9999664384876819,0.8686561106582056,-0.025767549960228682,-1.1201129806661012,0.0269910591074132,0.3783548900176502,STRIP2,0.9999664384876819,0
GLT8D2,0.9999664384876819,0.8687852060904837,-0.02510660962294385,-1.120719172431591,0.02674954373072252,0.3797661429273738,STUB1,0.9999664384876819,0
STAU2,0.9999664384876819,0.8692467329910665,-0.02424361502778038,-1.1228897341079147,0.02585587767608733,0.38530698101676547,STX16.NPEPL1,0.9999664384876819,0
TSNARE1,0.9999664384876819,0.8700640084971986,-0.02524140855718713,-1.1267464149658584,0.027230355792972623,0.37498314668032845,STX6,0.9999664384876819,0
SDHC,0.9999664384876819,0.8710750022309686,-0.026049886796494243,-1.1315405540358658,0.027521884506740295,0.371812525420218,STXBP3,0.9999664384876819,0
ANP32A.IT1,0.9999664384876819,0.87112963008022,-0.02592054853663311,-1.1318003407356458,0.0274860641542361,0.3719640820384438,STXBP4,0.9999664384876819,0
ZNF639,0.9999664384876819,0.8712290779295697,-0.02528247118632618,-1.1322734683929512,0.027043839262648403,0.37467693148987136,SUCLG2,0.9999664384876819,0
MAATS1,0.9999664384876819,0.8715227539527184,-0.02539685913768721,-1.133672126997998,0.026813314896513563,0.3758234689722464,SUFU,0.9999664384876819,0
LARP1B,0.9999664384876819,0.8717226680925594,-0.02347706440913599,-1.1346255062333133,0.023482220104294578,0.4010934940277563,SUGT1,0.9999664384876819,0
HNRNPF,0.9999664384876819,0.8721341877329538,-0.026073697172313202,-1.13659127347218,0.02806359466140466,0.3670638756088473,SUMO1,0.9999664384876819,0
SMC5.AS1,0.9999664384876819,0.8722788124634393,-0.02596096951768458,-1.1372831679073252,0.027188709250829245,0.3723699780855252,SUN3,0.9999664384876819,0
SRP14.AS1,0.9999664384876819,0.8734809494293724,-0.024405516582811454,-1.1430554716669858,0.0255744566442968,0.3820837488432052,SUPT20H,0.9999664384876819,0
USP26,0.9999664384876819,0.8743903197045471,-0.023129896350238342,-1.1474474289885672,0.022865446881792588,0.40366935574769597,SUPT20HL1,0.9999664384876819,0
ME3,0.9999664384876819,0.8748041730967171,-0.026250122750646455,-1.1494535506599992,0.02778582943676679,0.3652474308936285,SUPT5H,0.9999664384876819,0
CAP2,0.9999664384876819,0.8751125367157216,-0.025111639963843146,-1.1509513317769173,0.026570311827945736,0.37288326451494624,SUPT6H,0.9999664384876819,0
MRPS6,0.9999664384876819,0.8752336146018886,-0.025595715906563687,-1.1515401367010705,0.02784954868692152,0.3642809838876434,SUPT7L,0.9999664384876819,0
TMEM87B,0.9999664384876819,0.8760877294144704,-0.026180819039587862,-1.1557051111948453,0.02835497569174084,0.36003195609689914,SURF6,0.9999664384876819,0
XRRA1,0.9999664384876819,0.8763020166831151,-0.026002775368244694,-1.1567532043936521,0.027765077122696966,0.3634087434116287,SUV420H2,0.9999664384876819,0
NDUFS3,0.9999664384876819,0.8768025396959436,-0.02567738913435423,-1.159206259103004,0.02597688058759486,0.3749923741690255,SUZ12P1,0.9999664384876819,0
OCIAD2,0.9999664384876819,0.8768052995108041,-0.027102494825942822,-1.1592198042497537,0.028717810505271026,0.3568923074345534,SYK,0.9999664384876819,0
ZDHHC7,0.9999664384876819,0.8768682349556267,-0.025893757916216696,-1.1595287485957932,0.027708860314296334,0.36302514292133603,SYN1,0.9999664384876819,0
ASB7,0.9999664384876819,0.8772882981484881,-0.025654865184357258,-1.1615936411700343,0.026641450683455227,0.36962748904209125,SYNDIG1,0.9999664384876819,0
EHMT1.IT1,0.9999664384876819,0.8773757577780251,-0.024911343063781077,-1.1620241873046682,0.0250287062948608,0.38153678038567296,SYS1.DBNDD2,0.9999664384876819,0
RBM5.AS1,0.9999664384876819,0.8779469956639386,-0.02579274906383904,-1.164841590273746,0.027006105302811202,0.36626748798519027,SZT2,0.9999664384876819,0
RPS6KA1,0.9999664384876819,0.8790606234735137,-0.02517067141254295,-1.1703608615376948,0.024915077314448655,0.38042172646986966,TAC1,0.9999664384876819,0
GNB2L1,0.9999664384876819,0.8798080976550764,-0.025692692187783164,-1.17408551832554,0.026503359407267068,0.3674121482931552,TACC2,0.9999664384876819,0
RBMS1,0.9999664384876819,0.880321920033844,-0.02629076749003157,-1.1766553664858814,0.028427104907159828,0.35394294733759846,TAF1,0.9999664384876819,0
POLR2B,0.9999664384876819,0.8807957582080748,-0.02715475008436158,-1.1790321427857815,0.02907967450261532,0.3493701421056894,TAF10,0.9999664384876819,0
ACAP3,0.9999664384876819,0.8814250104940452,-0.02746591326354752,-1.1821988103701624,0.02893376159969773,0.3493870564327912,TAF1A,0.9999664384876819,0
PPP1CC,0.9999664384876819,0.8814723227911434,-0.026060960647298678,-1.1824373856127839,0.02786649328243936,0.35597447398533566,TAF4B,0.9999664384876819,0
BTBD10,0.9999664384876819,0.8820322135020396,-0.026326059646466435,-1.1852657960947206,0.027561215639854853,0.35725420841630556,TAF6,0.9999664384876819,0
PRDM5,0.9999664384876819,0.882350125077294,-0.026990204265634997,-1.1868760250389345,0.029095315024174253,0.34717444780686696,TAOK1,0.9999664384876819,0
ABHD16B,0.9999664384876819,0.8826939431172008,-0.02652227831693335,-1.1886209415453604,0.028386163638132428,0.3510455633901951,TAP1,0.9999664384876819,0
IREB2,0.9999664384876819,0.8831833168297418,-0.02695017452517686,-1.1911108292758306,0.0276838051843249,0.3549407631834784,TAPBPL,0.9999664384876819,0
NDFIP2,0.9999664384876819,0.883383137251926,-0.026249012156371217,-1.1921296229407101,0.028195179906359405,0.3513442660210215,TAPT1,0.9999664384876819,0
GOSR2,0.9999664384876819,0.8834645548834615,-0.02662713479871272,-1.1925450894855882,0.027929346076490374,0.35295510835235583,TATDN3,0.9999664384876819,0
ZNF76,0.9999664384876819,0.8846041767438803,-0.026730665556381837,-1.1983822151528232,0.02782177216769466,0.3521729200732333,TAX1BP3,0.9999664384876819,0
CRCT1,0.9999664384876819,0.8849403789529707,-0.028282147961763447,-1.2001120571442891,0.02971942651268237,0.3400044989509821,TBC1D10A,0.9999664384876819,0
STX6,0.9999664384876819,0.8852745473932102,-0.02707406250226814,-1.2018350007777125,0.02874673993121879,0.34535994968385664,TBC1D15,0.9999664384876819,0
OSBP,0.9999664384876819,0.8855446553920998,-0.02577125158197508,-1.2032302660385337,0.02601538667243972,0.36387106708187533,TBC1D21,0.9999664384876819,0
OSBP2,0.9999664384876819,0.8857225362303099,-0.02731929643256231,-1.2041504049450094,0.029062028026420078,0.34282726066054336,TBC1D3,0.9999664384876819,0
MX1,0.9999664384876819,0.8862262876301175,-0.028318390763258254,-1.206761749260694,0.0295883393853924,0.3390068531176302,TBCA,0.9999664384876819,0
DLGAP5,0.9999664384876819,0.8874714677390456,-0.026629620382353333,-1.2132520769358064,0.027559011721049523,0.3502241515968583,TBL1Y,0.9999664384876819,0
PSMB8,0.9999664384876819,0.8877474832843124,-0.027735363414687943,-1.214697705881641,0.028544836520688836,0.3433365656940067,TBRG4,0.9999664384876819,0
RAB15,0.9999664384876819,0.887920989199535,-0.0277110578654817,-1.2156077424549008,0.02926151303484725,0.338650562732335,TCERG1L,0.9999664384876819,0
MAP4K5,0.9999664384876819,0.888071885105348,-0.02524092404751121,-1.2164000090419806,0.0256355220036285,0.3637545405492254,TCF3,0.9999664384876819,0
EIF4E,0.9999664384876819,0.8881089964612503,-0.027127147976257843,-1.2165949761881358,0.028837189116987794,0.3410077829785818,TCIRG1,0.9999664384876819,0
CD164L2,0.9999664384876819,0.8883368431443829,-0.027902026882930257,-1.217792999787574,0.02955751680665595,0.33631487505136437,TCP1,0.9999664384876819,0
WASF1,0.9999664384876819,0.8894243621202138,-0.028066322981875603,-1.223535436304049,0.030173094142686388,0.3312474733257935,TCP10,0.9999664384876819,0
GANC,0.9999664384876819,0.890327334182744,-0.027317310478924137,-1.2283342487618343,0.029559088565639394,0.3335995301708631,TERT,0.9999664384876819,0
FNBP1L,0.9999664384876819,0.890702786897645,-0.02728898181931107,-1.2303379280180744,0.02947736475821422,0.3335804892705471,TESC,0.9999664384876819,0
SMARCD2,0.9999664384876819,0.8907036705677536,-0.02672531441823211,-1.2303426497300067,0.028276315305987197,0.34117711508166343,TEX264,0.9999664384876819,0
BCAR1,0.9999664384876819,0.8909777356068417,-0.028261715249700156,-1.2318083862108984,0.029659398861199913,0.332115864595861,TFCP2L1,0.9999664384876819,0
ZNF208,0.9999664384876819,0.8917968400089769,-0.02814242554408962,-1.2362049186639033,0.02957199405961804,0.3315269226418283,TFDP2,0.9999664384876819,0
CFL1P1,0.9999664384876819,0.8921137511259736,-0.027718835843886725,-1.2379123617338856,0.028699696888164206,0.336548037960452,TFIP11,0.9999664384876819,0
SMEK3P,0.9999664384876819,0.8921281389115728,-0.027390720717093496,-1.237989965429161,0.027243171939158838,0.3464695623514283,TGFBR3,0.9999664384876819,0
SEC16B,0.9999664384876819,0.8927257005367224,-0.02851170750575567,-1.241219654068726,0.030627620714324812,0.3241055211271841,TGS1,0.9999664384876819,0
UFL1,0.9999664384876819,0.8931958735297283,-0.026470699466665495,-1.2437699657432715,0.02847332134102344,0.3365928233587603,THAP1,0.9999664384876819,0
FOXL1,0.9999664384876819,0.8947650364864744,-0.025568409777316146,-1.2523405413457502,0.025665697823411243,0.35539754642016963,THOC3,0.9999664384876819,0
ISX,0.9999664384876819,0.8949147303865517,-0.029065679385298717,-1.2531629677902285,0.030866279212863404,0.31972052587534233,THOC6,0.9999664384876819,0
TRAFD1,0.9999664384876819,0.8953490100698851,-0.02866611233976483,-1.2555537335759088,0.029827596380261452,0.3251517760062944,THRB,0.9999664384876819,0
PTK6,0.9999664384876819,0.8956043797643848,-0.025493741044926015,-1.256962933743712,0.02668813551079657,0.3462192368235263,THUMPD2,0.9999664384876819,0
COPB1,0.9999664384876819,0.8963294037880207,-0.02837706746394733,-1.2609774818209212,0.03026072348979811,0.3212262342521044,TIAF1,0.9999664384876819,0
UBE2L3,0.9999664384876819,0.8965297307937865,-0.025017639756164126,-1.2620903071796834,0.02434225595750525,0.364909019095455,TIAM1,0.9999664384876819,0
RIPK2,0.9999664384876819,0.896767453406847,-0.027817989719488123,-1.263412897827936,0.02879919469397249,0.3297236377724825,TIPARP,0.9999664384876819,0
DDX25,0.9999664384876819,0.8976851317663359,-0.027033444549032972,-1.2685393355797239,0.02841644935146826,0.3310643247701492,TIRAP,0.9999664384876819,0
DCAF12,0.9999664384876819,0.8982043985375452,-0.02760089445923118,-1.2714549501288654,0.02869248627587061,0.32852107456873775,TLE6,0.9999664384876819,0
SHMT1,0.9999664384876819,0.8985707920885158,-0.027553553854176713,-1.2735187230875415,0.029516293262012397,0.32269588772578256,TLN2,0.9999664384876819,0
RABEP2,0.9999664384876819,0.9006295915411544,-0.028527900105379964,-1.2852174745845544,0.030678220316207136,0.31284067065753673,TM9SF1,0.9999664384876819,0
DEDD2,0.9999664384876819,0.9010374980614934,-0.029413096458314077,-1.2875563006122297,0.03100308706440904,0.31039764286423543,TM9SF3,0.9999664384876819,0
EIF3I,0.9999664384876819,0.901070007853469,-0.02841319400837446,-1.287743006194948,0.03089282418098532,0.310983321262874,TM9SF4,0.9999664384876819,0
PRPF39,0.9999664384876819,0.9014965398190136,-0.02890609472831848,-1.290196772879011,0.03150267779912409,0.30694479856516105,TMA16,0.9999664384876819,0
DGKE,0.9999664384876819,0.9016621079238981,-0.0263840009913303,-1.2911513543117548,0.02757287529330631,0.33189400785426576,TMBIM4,0.9999664384876819,0
MAP2K4,0.9999664384876819,0.9027612572173296,-0.02761479126902402,-1.2975185375176332,0.029730795601023693,0.3156747260834843,TMC1,0.9999664384876819,0
PEG10,0.9999664384876819,0.902969929246427,-0.029713358443754213,-1.2987332943998835,0.03174296987180787,0.3035386408442064,TMCO2,0.9999664384876819,0
B4GALT1.AS1,0.9999664384876819,0.9031219577989711,-0.026964832197195688,-1.2996195168302511,0.02696466988738965,0.33466673926061813,TMED10P1,0.9999664384876819,0
YY1AP1,0.9999664384876819,0.9032593223230801,-0.02913253669833779,-1.3004211366640626,0.030038814998922542,0.3130674905799649,TMED3,0.9999664384876819,0
NUDT22,0.9999664384876819,0.9034399017033328,-0.026921676019806717,-1.3014762189143865,0.027685800198393964,0.32878026626444723,TMED5,0.9999664384876819,0
DDX49,0.9999664384876819,0.9036684880272894,-0.026086233694219658,-1.302813875427128,0.027001277694049752,0.33369448217601244,TMED6,0.9999664384876819,0
ATP11C,0.9999664384876819,0.9038565296432505,-0.028966746014437408,-1.3039160198351925,0.030026628902383057,0.3123277854994955,TMEFF1,0.9999664384876819,0
ARPC2,0.9999664384876819,0.9039523293852625,-0.027677386550292102,-1.3044781281651538,0.02787770889045293,0.32670854935846144,TMEM11,0.9999664384876819,0
CRCP,0.9999664384876819,0.9042513299227057,-0.0291638260188861,-1.306235180356846,0.0311945224993986,0.30480439588679437,TMEM132A,0.9999664384876819,0
BRD7,0.9999664384876819,0.9045211313773831,-0.029971241515499687,-1.3078241147835956,0.03179040013086444,0.301077261624139,TMEM174,0.9999664384876819,0
PHKA2.AS1,0.9999664384876819,0.9046684382872795,-0.02588038529861393,-1.308693040602081,0.0246940057830515,0.352228635893215,TMEM204,0.9999664384876819,0
RAPGEF2,0.9999664384876819,0.9050149517575432,-0.029397905881200483,-1.310740940378109,0.03114395493240642,0.3040234103988484,TMEM215,0.9999664384876819,0
ARHGEF3.AS1,0.9999664384876819,0.9051548901729499,-0.030031515416102862,-1.3115695387103345,0.0318812633568867,0.2996775618310923,TMEM231,0.9999664384876819,0
EIF4G3,0.9999664384876819,0.9062691646644585,-0.027324089096659135,-1.3181997173534998,0.027323535431286513,0.3279099448361774,TMEM249,0.9999664384876819,0
RANBP3L,0.9999664384876819,0.9074059839608413,-0.029879973094337816,-1.3250242933128689,0.0324863594190975,0.2931891798354839,TMEM30B,0.9999664384876819,0
LSM2,0.9999664384876819,0.9082779246025143,-0.03015204426716662,-1.3303008666125267,0.03230147569351664,0.292927371045957,TMEM44,0.9999664384876819,0
EIF3C,0.9999664384876819,0.9086928246695558,-0.029613700828742342,-1.332824701036409,0.032215550267005524,0.29279983279601385,TMEM50B,0.9999664384876819,0
ARHGAP10,0.9999664384876819,0.9094253815892326,-0.029219194004476916,-1.3373016827248483,0.030077421170424383,0.30440277466835425,TMEM59L,0.9999664384876819,0
PEX26,0.9999664384876819,0.9102724428606629,-0.029503703202730488,-1.342512093941034,0.030112206039465354,0.30302107551037116,TMEM67,0.9999664384876819,0
RNF32,0.9999664384876819,0.9107303397929873,-0.03150377727694442,-1.3453439324822254,0.03307537304992119,0.2852813755263949,TMEM87B,0.9999664384876819,0
SMCR9,0.9999664384876819,0.910743996353504,-0.030754097137459028,-1.3454285565157569,0.031900041967410524,0.2916226019346078,TMIE,0.9999664384876819,0
PBX1,0.9999664384876819,0.9126111915846941,-0.025345386618965352,-1.3570907201774733,0.02213798449264904,0.3706787479381807,TMPO.AS1,0.9999664384876819,0
MON2,0.9999664384876819,0.9128037276165126,-0.031100419022556457,-1.3583038018812261,0.033559701687299284,0.27976500231482915,TMSB15A,0.9999664384876819,0
DDX60,0.9999664384876819,0.913107465818902,-0.029679434240595562,-1.360221591361921,0.03231732664153917,0.28591105657703303,TMSB4Y,0.9999664384876819,0
SERP2,0.9999664384876819,0.9136435022440752,-0.02873700419122191,-1.363618358399592,0.03087591778538745,0.29357720369572154,TMX1,0.9999664384876819,0
NRDE2,0.9999664384876819,0.9150477836885842,-0.031388520004611835,-1.3725924624182522,0.033128149712442864,0.2787129229712181,TMX4,0.9999664384876819,0
AKIRIN2,0.9999664384876819,0.9153480538020378,-0.031105713253661887,-1.3745257517557534,0.03154248236709755,0.28716243660729757,TNFRSF10C,0.9999664384876819,0
NAT14,0.9999664384876819,0.9153626418461263,-0.03154412821508116,-1.3746198078063603,0.03345855390608038,0.27652208584667354,TNIP2,0.9999664384876819,0
MAU2,0.9999664384876819,0.9176120068822635,-0.02989743198981178,-1.3892705167323343,0.032504656402454826,0.27838899187428073,TNKS2.AS1,0.9999664384876819,0
RNMTL1,0.9999664384876819,0.9186735581372107,-0.028418184190414527,-1.3962894336307188,0.02934584332921151,0.29680967613872805,TNPO2,0.9999664384876819,0
CASP5,0.9999664384876819,0.9188160034483936,-0.03130397057482304,-1.3972365222014906,0.033451148918552547,0.2714863605744875,TNR,0.9999664384876819,0
HNRNPK,0.9999664384876819,0.9191146561403553,-0.03039117630138077,-1.3992262788797074,0.03237580392327518,0.2769504031136763,TNRC6B,0.9999664384876819,0
CCDC116,0.9999664384876819,0.9191296438860477,-0.030113390556439093,-1.3993262799399957,0.03137478287015348,0.2828364822735076,TOMM20L,0.9999664384876819,0
SLC3A1,0.9999664384876819,0.919419949453354,-0.029671927206378994,-1.401266020016256,0.03140042915522617,0.2822714907795185,TOP1MT,0.9999664384876819,0
TRAPPC3L,0.9999664384876819,0.9207962168702094,-0.029792037541839494,-1.4105344069619026,0.029765299630229423,0.2910101473188261,TOP3A,0.9999664384876819,0
NAAA,0.9999664384876819,0.920859159254996,-0.029711886943700826,-1.4109611935014787,0.0308241010299943,0.2838634207697187,TOPORS,0.9999664384876819,0
SNX10,0.9999664384876819,0.9222475680091383,-0.03206607379959245,-1.4204415191734256,0.03346851661180529,0.26634427010334805,TOR1AIP1,0.9999664384876819,0
ELN,0.9999664384876819,0.9228452284696833,-0.030729684776325976,-1.424562044271943,0.03236375792338603,0.2716444219791505,TP53,0.9999664384876819,0
USP4,0.9999664384876819,0.9230275340389051,-0.03166521043270259,-1.4258237620570395,0.034080340945581114,0.2619632701518563,TP53I11,0.9999664384876819,0
CUL2,0.9999664384876819,0.9236075675944414,-0.030038606463368343,-1.4298532886761557,0.031037425572958143,0.27863890072359854,TPD52L3,0.9999664384876819,0
SUPT5H,0.9999664384876819,0.9237754877490776,-0.0330734072052127,-1.4310241831101922,0.03479136793838513,0.25725183470762664,TPI1P2,0.9999664384876819,0
ZNF593,0.9999664384876819,0.9242446845242656,-0.03185503601091896,-1.4343062988177682,0.03429542119672693,0.25904063859851983,TPM3P9,0.9999664384876819,0
MRPL30,0.9999664384876819,0.9243482369039878,-0.032907676166758264,-1.4350327509025258,0.03496636223590996,0.25552452520616176,TPPP,0.9999664384876819,0
HSPA1A,0.9999664384876819,0.9245217348118296,-0.03235900250783975,-1.4362515925710995,0.03517818007792066,0.2542310478802294,TPRA1,0.9999664384876819,0
AP2B1,0.9999664384876819,0.925434700210285,-0.0315491319825271,-1.4427007061343025,0.031686375893310303,0.27198544232663446,TPT1.AS1,0.9999664384876819,0
NSMCE1,0.9999664384876819,0.9257066684320663,-0.03194488883094807,-1.4446335117944,0.03313209822315797,0.2630997522158303,TRA2B,0.9999664384876819,0
RNF5,0.9999664384876819,0.92616152786756345,-0.03267780923749005,-1.4478781889454049,0.03530448636948945,0.25112326142558195,TRABD,0.9999664384876819,0
NUP155,0.9999664384876819,0.9272719178080083,-0.03145799907377633,-1.4558636886743703,0.033257337635277384,0.26009772757159416,TRAF3IP1,0.9999664384876819,0
UBA6,0.9999664384876819,0.9274475557044245,-0.03393208654828085,-1.4571353426043796,0.03578598792262994,0.2468536458916084,TRAFD1,0.9999664384876819,0
IMP3,0.9999664384876819,0.9274571622066773,-0.0332840047183794,-1.4572049636116633,0.03477246340517367,0.2517762774701939,TRAM1L1,0.9999664384876819,0
TOR1AIP1,0.9999664384876819,0.9275955165685312,-0.03295370010481248,-1.4582084406281046,0.036073975030033144,0.24528041509905893,TRAPPC10,0.9999664384876819,0
DNAJC9,0.9999664384876819,0.9275971067039016,-0.03140312975141673,-1.4582199823341717,0.03236582000670157,0.26475421178850383,TRAPPC11,0.9999664384876819,0
STAT6,0.9999664384876819,0.9282953264577999,-0.03213458776380087,-1.4633067645387132,0.03414705514155323,0.25374472468980447,TRAPPC12,0.9999664384876819,0
ATP1A1.AS1,0.9999664384876819,0.928471943512694,-0.03189844946829055,-1.464599500272738,0.03369893157288681,0.2558794839319538,TRAPPC3L,0.9999664384876819,0
OXT,0.9999664384876819,0.9287666417694143,-0.03232729342396645,-1.4667619875267925,0.033842272637502294,0.2546627493263783,TRAPPC9,0.9999664384876819,0
GTPBP10,0.9999664384876819,0.930301083162662,-0.031605032780755465,-1.478134091607489,0.033469047628872664,0.2544311989296509,TRIM23,0.9999664384876819,0
CLPX,0.9999664384876819,0.9314846382301268,-0.02843862215069614,-1.4870380829214933,0.0256586562882136,0.31140838564672796,TRIM27,0.9999664384876819,0
NEDD1,0.9999664384876819,0.931796910635341,-0.03532497146473812,-1.489407094724397,0.03705980123953114,0.23425768409547504,TRIM29,0.9999664384876819,0
LDHAL6A,0.9999664384876819,0.932480106220618,-0.0339550298631324,-1.494619414729011,0.03611029296883767,0.2375309869501508,TRIM34,0.9999664384876819,0
STIM2,0.9999664384876819,0.9333611848702775,-0.03321733944586531,-1.5014019780948644,0.03526142548736812,0.24030694578776338,TRIM39,0.9999664384876819,0
IL6ST,0.9999664384876819,0.9334014892519631,-0.03322458841241986,-1.5017138977412263,0.03549048669750264,0.23910656469457037,TRIM45,0.9999664384876819,0
FBXL4,0.9999664384876819,0.933550522961013,-0.03487236206738559,-1.502868555310681,0.03737002803271313,0.23011692263572667,TRIP13,0.9999664384876819,0
HNRNPCL1,0.9999664384876819,0.9335685804772389,-0.03344547239342824,-1.5030085943560882,0.03676511970631466,0.2327883091436507,TRPC5,0.9999664384876819,0
UQCRFS1,0.9999664384876819,0.9338322209694666,-0.03360198701302105,-1.505056535159178,0.03636744501884714,0.23421120507803167,TRPM8,0.9999664384876819,0
GPR110,0.9999664384876819,0.9344795896830433,-0.03487498592112072,-1.5101122085721927,0.037509922396778715,0.22802790016842772,TRPV3,0.9999664384876819,0
SF3B5,0.9999664384876819,0.9347808815629977,-0.0330313635209857,-1.5124783875977161,0.03380876589371568,0.24584546464529522,TSNARE1,0.9999664384876819,0
EIF3J.AS1,0.9999664384876819,0.935398270580008,-0.03190333940127966,-1.5173536465493787,0.03332319152514205,0.24767437137576628,TSPAN15,0.9999664384876819,0
CELF2,0.9999664384876819,0.9357352692704825,-0.03512321740269191,-1.5200300674869969,0.03645566139938029,0.23080839601436556,TSR2,0.9999664384876819,0
KIAA0930,0.9999664384876819,0.9357485417418551,-0.030288039132217295,-1.5201356995977005,0.03093277601647418,0.2622419073418516,TTC18,0.9999664384876819,0
NOM1,0.9999664384876819,0.9360776886506968,-0.03592962964174494,-1.522760736597322,0.03774024768539955,0.22447329006479755,TUBB1,0.9999664384876819,0
DGCR5,0.9999664384876819,0.936769054494051,-0.036233865501285316,-1.528308994032853,0.03776208569913914,0.22326986229739743,TUBGCP3,0.9999664384876819,0
HK2,0.9999664384876819,0.9368898432766252,-0.034658833560595174,-1.5292831729717813,0.03702859598294165,0.2263345368259911,TUBGCP4,0.9999664384876819,0
THOC3,0.9999664384876819,0.9370338865888357,-0.03353274321715229,-1.5304468034505656,0.03606218169942574,0.23064706031089477,TULP1,0.9999664384876819,0
MAN2A2,0.9999664384876819,0.9370891208679684,-0.03456137948988966,-1.5308935546913134,0.036326965728774606,0.22929119785387717,TXLNB,0.9999664384876819,0
TMEM67,0.9999664384876819,0.9376104462561847,-0.03462069663815978,-1.5351253201019988,0.037058194637238626,0.2250567589861337,TXNDC11,0.9999664384876819,0
DDX24,0.9999664384876819,0.9393484144031864,-0.035488953362833614,-1.5494353377777674,0.03768458700105008,0.21946104389383939,TXNDC15,0.9999664384876819,0
ATG4C,0.9999664384876819,0.9404107628594379,-0.03435973547927832,-1.5583411144983335,0.03603415458609367,0.2254841194878972,TYMP,0.9999664384876819,0
MLXIPL,0.9999664384876819,0.9404824283876682,-0.03584413206524399,-1.5589463590738089,0.03788007390968274,0.21677162468580677,U2AF1L4,0.9999664384876819,0
HBQ1,0.9999664384876819,0.9411609065329894,-0.0350841895235906,-1.5647048860226327,0.037571800943801734,0.2170396905570265,U2SURP,0.9999664384876819,0
HDAC6,0.9999664384876819,0.941236486218513,-0.034924004068142514,-1.5653495821618035,0.03679033764316731,0.22051433210338875,UACA,0.9999664384876819,0
MFGE8,0.9999664384876819,0.9414721970913191,-0.034929353790181916,-1.5673643898260874,0.03714920132689967,0.21846000590433814,UBA2,0.9999664384876819,0
RAB20,0.9999664384876819,0.9428946826391543,-0.036167520659762545,-1.5796607363611197,0.038238661262545215,0.21128289452801016,UBA3,0.9999664384876819,0
CUL4B,0.9999664384876819,0.9437465792573869,-0.03516981986979255,-1.5871406271799544,0.037396031579703726,0.21365951341226283,UBA5,0.9999664384876819,0
DNM3,0.9999664384876819,0.9438072612915331,-0.034024290057945175,-1.587676830303469,0.035448122564018844,0.22310877258489883,UBA6,0.9999664384876819,0
ZDHHC4,0.9999664384876819,0.9448957878539181,-0.03067175997463777,-1.5973738500784171,0.02977138693488717,0.2578535531444804,UBAC2.AS1,0.9999664384876819,0
TP53I11,0.9999664384876819,0.9459836362590508,-0.037390339516369504,-1.6072172396772602,0.03942896305366782,0.20117387708483936,UBAP1L,0.9999664384876819,0
CNEP1R1,0.9999664384876819,0.9460472916434008,-0.03632016942826765,-1.607798066341856,0.03959335003927278,0.20039735468031586,UBASH3A,0.9999664384876819,0
PTCD1,0.9999664384876819,0.9460813301640352,-0.03616442571946336,-1.60810887515622,0.03892915005927409,0.20307967213980138,UBC,0.9999664384876819,0
TPT1.AS1,0.9999664384876819,0.9462191004645311,-0.030726656394755282,-1.6093684575948088,0.030163384722256992,0.2529449711965852,UBE2D3,0.9999664384876819,0
CD55,0.9999664384876819,0.9476905080019723,-0.035519105876446376,-1.6229830921468569,0.037249902838137235,0.20792083329405134,UBE2D4,0.9999664384876819,0
CMTM4,0.9999664384876819,0.947809286635276,-0.03608781186156599,-1.6240953261120015,0.038250974933883075,0.20314206402780374,UBE2E2,0.9999664384876819,0
PTPN12,0.9999664384876819,0.9479259926559118,-0.029764281044031744,-1.6251901123500199,0.02762298222583532,0.27193239912783757,UBE2G2,0.9999664384876819,0
NDRG4,0.9999664384876819,0.9482598633933841,-0.03399422956293136,-1.6283328627122249,0.03398104207466388,0.22428875652329872,UBE2H,0.9999664384876819,0
CLRN1,0.9999664384876819,0.9486157037628549,-0.03548143609123682,-1.6317002134897716,0.03880352216961678,0.1993875393677332,UBE2I,0.9999664384876819,0
PDCD6IPP2,0.9999664384876819,0.949933236046745,-0.03615171016247764,-1.644332034663506,0.04008756272742511,0.19185479938264483,UBE2J1,0.9999664384876819,0
TMX1,0.9999664384876819,0.9500447688323355,-0.03745864463431708,-1.6454134668183518,0.04044171027226524,0.1902633606084202,UBE2L3,0.9999664384876819,0
RNF103,0.9999664384876819,0.951312388390966,-0.038045383819142214,-1.6578418756782354,0.04057504746520632,0.1875662534206858,UBE2L6,0.9999664384876819,0
YBX2,0.9999664384876819,0.9515622635717411,-0.03797967662552865,-1.6603222237244593,0.04062508204784993,0.18694787271296928,UBE2NL,0.9999664384876819,0
PPP1R26,0.9999664384876819,0.9517276789773905,-0.03701579489645558,-1.6619698299917436,0.039774757717131466,0.1900532111682826,UBE2Q1,0.9999664384876819,0
RUNX1.IT1,0.9999664384876819,0.9524317697165143,-0.03713550454392339,-1.6690338293626488,0.04082004300793579,0.1846877043936013,UBE2Q2,0.9999664384876819,0
TM9SF3,0.9999664384876819,0.9531576522866937,-0.03672680294767777,-1.676404708155469,0.03854086161387333,0.19289643498644132,UBE3A,0.9999664384876819,0
CREBRF,0.9999664384876819,0.9544874034882684,-0.037493262422627606,-1.690148649925356,0.03916709344145497,0.1878821852508497,UBE3B,0.9999664384876819,0
CD48,0.9999664384876819,0.9551540949690858,-0.03532114382468281,-1.6971612579413538,0.037459763786731146,0.19455232894321745,UBE3C,0.9999664384876819,0
CD79A,0.9999664384876819,0.9556156172929899,-0.035778947178353566,-1.702065114851631,0.0370275543841961,0.19587161777785797,UBE3D,0.9999664384876819,0
MAP2K2,0.9999664384876819,0.9559567601313188,-0.03703070295478381,-1.7057163733631842,0.03901776893469365,0.18601224744689132,UBE4B,0.9999664384876819,0
AANAT,0.9999664384876819,0.9566126256870084,-0.038090404418910276,-1.7128006840724752,0.041386088376745206,0.17520447772439923,UBFD1,0.9999664384876819,0
DXO,0.9999664384876819,0.9569229182996024,-0.04002055154915042,-1.7161824651315476,0.04231111052124983,0.17124150516483103,UBL7.AS1,0.9999664384876819,0
CCT8,0.9999664384876819,0.9572869408696523,-0.03663418854292625,-1.7201750132071758,0.03854206480377655,0.18583848669287115,UBN2,0.9999664384876819,0
MRFAP1L1,0.9999664384876819,0.9583052907749805,-0.0394707044494528,-1.7314922049997676,0.04269106391686701,0.16741203783424372,UBQLN1,0.9999664384876819,0
FAM120AOS,0.9999664384876819,0.9584224075973076,-0.03399779593903613,-1.7328080589789079,0.03285443853965447,0.21542759222409671,UBQLN2,0.9999664384876819,0
PDHX,0.9999664384876819,0.9587818749752663,-0.04046671385498265,-1.7368656636030384,0.04343631996763871,0.16397513320669974,UBR7,0.9999664384876819,0
SNRPE,0.9999664384876819,0.9591223883891782,-0.040403737909952234,-1.740735868504052,0.042915851520684396,0.16514073255968253,UBXN10,0.9999664384876819,0
MED30,0.9999664384876819,0.959589821645134,-0.03982717223252425,-1.7460914459047652,0.04234393895988807,0.16632741837761417,UBXN6,0.9999664384876819,0
VAMP3,0.9999664384876819,0.9596364608385639,-0.03825594709648814,-1.7466285656564966,0.04093213708538628,0.1715815681877005,UFD1L,0.9999664384876819,0
TPPP,0.9999664384876819,0.9597797149696323,-0.037961696354073614,-1.748281508305167,0.040236927567670305,0.1741345821504047,UFL1,0.9999664384876819,0
AKNAD1,0.9999664384876819,0.9597946006168099,-0.04053997071136374,-1.7484535410076347,0.04252967956530445,0.16528571126413533,UFSP1,0.9999664384876819,0
SRA1,0.9999664384876819,0.9599706257389713,-0.03916976556792347,-1.750491789146097,0.04147558169323809,0.16886865618114594,UGGT2,0.9999664384876819,0
ARRDC1,0.9999664384876819,0.9600681795319986,-0.03903824627329961,-1.7516245328217404,0.04027975993195264,0.1734395163286072,UGT1A1,0.9999664384876819,0
LRAT,0.9999664384876819,0.9605819661735182,-0.038638466300414266,-1.7576277582311088,0.04122383213722655,0.1687424891150416,UNC45A,0.9999664384876819,0
PKN2,0.9999664384876819,0.9605937837362968,-0.039725329911611734,-1.7577665849175186,0.0423626368701488,0.1644356200573409,UNC45B,0.9999664384876819,0
AURKA,0.9999664384876819,0.9607612636071643,-0.034872693147262844,-1.7597377043337585,0.03340457180872634,0.20806113858208028,UPF2,0.9999664384876819,0
PSMC3,0.9999664384876819,0.961234596833007,-0.03736356420553401,-1.765345774385682,0.03758634446958685,0.18353085214257914,UPF3A,0.9999664384876819,0
UPF2,0.9999664384876819,0.961841437744607,-0.04006016231863829,-1.7726178473552587,0.04263160543563247,0.1611835311822345,UQCRBP1,0.9999664384876819,0
UGGT2,0.9999664384876819,0.963061867140648,-0.03993513570691354,-1.787533334872801,0.043508063475246446,0.15585269675499014,UQCRFS1,0.9999664384876819,0
RNF41,0.9999664384876819,0.9634137888443544,-0.04169117155538178,-1.7919091048173748,0.044265435924293876,0.1526646835718924,URM1,0.9999664384876819,0
PPP2R5B,0.9999664384876819,0.9655418805702578,-0.04146227669196097,-1.819129889332418,0.04407685532221773,0.14926863574036775,UROC1,0.9999664384876819,0
GLOD5,0.9999664384876819,0.965830437556219,-0.041975965073277506,-1.8229263792146853,0.04541632305369187,0.14441287189290994,USP11,0.9999664384876819,0
NUPL1,0.9999664384876819,0.9662089780599274,-0.03982985547758212,-1.8279469447582921,0.04151073422982723,0.15730453526303392,USP2,0.9999664384876819,0
ATF3,0.9999664384876819,0.9664041678222486,-0.040558148473728246,-1.8305538431873243,0.04337323773281527,0.15003456165843146,USP24,0.9999664384876819,0
DDX23,0.9999664384876819,0.9668400685887029,-0.03878355205927375,-1.8364209335914756,0.036535515793287336,0.17912656950731187,USP26,0.9999664384876819,0
LINC00658,0.9999664384876819,0.9670074122290817,-0.04212435651300351,-1.8386902129247118,0.045816835207116755,0.14091728355171898,USP34,0.9999664384876819,0
OXCT1,0.9999664384876819,0.9670198894488882,-0.04142692230618431,-1.8388597911465987,0.044325906661857255,0.14561438094703474,USP4,0.9999664384876819,0
POLDIP3,0.9999664384876819,0.9673314315283286,-0.03905247802088148,-1.8431112123878584,0.04062504132035292,0.15878653203916562,USP40,0.9999664384876819,0
ATXN1L,0.9999664384876819,0.9678027603812245,-0.041982245067717236,-1.8496071557859213,0.04523004893805249,0.1411843802276739,USP48,0.9999664384876819,0
CCDC94,0.9999664384876819,0.9678917425582902,-0.04245098668378136,-1.850842321647729,0.04526212030906068,0.1409104242180293,USP49,0.9999664384876819,0
TRIM27,0.9999664384876819,0.9678941022290908,-0.04119680298863561,-1.8508751147990476,0.04375122359335819,0.14587189211655946,USP50,0.9999664384876819,0
UFD1L,0.9999664384876819,0.9680447205703072,-0.04074002276909511,-1.8529724391044213,0.042943750601462514,0.14842453275238132,USP8,0.9999664384876819,0
RNF216.IT1,0.9999664384876819,0.9690540352762396,-0.03969611078760473,-1.8672416619874415,0.04078343057142989,0.1548822936260382,VAMP3,0.9999664384876819,0
TIAF1,0.9999664384876819,0.9691785899526022,-0.03994988903328587,-1.8690291408860544,0.04228463975281979,0.14869019116546944,VAPB,0.9999664384876819,0
PPP1R1A,0.9999664384876819,0.9692567029540469,-0.041548497631657064,-1.8701531908298976,0.04356129123225865,0.14389587411308086,VAV2,0.9999664384876819,0
DNAJC11,0.9999664384876819,0.9695199646299071,-0.043250685388345686,-1.873959040728175,0.04625255414561239,0.13468667246462276,VCPIP1,0.9999664384876819,0
FAM50A,0.9999664384876819,0.970948191960217,-0.042549716886227856,-1.8950945144896787,0.045535129783788174,0.13403778137188177,VDR,0.9999664384876819,0
NDUFA11,0.9999664384876819,0.9715730213775317,-0.04342632632168458,-1.9046133792146778,0.047286792074055076,0.12757772060278671,VEZT,0.9999664384876819,0
FGFR2,0.9999664384876819,0.9716342476946669,-0.04334204899242662,-1.9055554568814106,0.04500839193978807,0.13434057042932646,VHLL,0.9999664384876819,0
SERF1A,0.9999664384876819,0.9719724661987041,-0.043263458836263216,-1.9107902734270346,0.04680324444045106,0.128155881929186,VIM.AS1,0.9999664384876819,0
NDRG2,0.9999664384876819,0.9724470190921273,-0.04330491677565774,-1.9182246485872367,0.047067663578473015,0.1264281369570061,VPS13A,0.9999664384876819,0
ZYG11A,0.9999664384876819,0.9725333173029413,-0.04386900602924872,-1.9195880543051758,0.04630017140909445,0.1285021412250531,VPS28,0.9999664384876819,0
CCNT2.AS1,0.9999664384876819,0.9727712062112468,-0.0447855257788719,-1.9233649915868671,0.04647464497990975,0.1275010994304777,VPS37A,0.9999664384876819,0
CREB3,0.9999664384876819,0.9733940341788778,-0.043073667594833845,-1.9333856311027913,0.046726608104025374,0.12548490718991065,VPS41,0.9999664384876819,0
ASB9,0.9999664384876819,0.9738167420933828,-0.042101446701714534,-1.9402987672662573,0.045306504576091415,0.12896793434027912,VPS4B,0.9999664384876819,0
CALM2,0.9999664384876819,0.9739503435916483,-0.04220378911433572,-1.9425031473574725,0.043863905697578254,0.13351279475281905,VPS51,0.9999664384876819,0
EOGT,0.9999664384876819,0.9745870046941827,-0.042587052232663285,-1.9531396544519877,0.04465289102895258,0.1295165583405805,VRTN,0.9999664384876819,0
ECHDC1,0.9999664384876819,0.9746397492149327,-0.045774216944888174,-1.9540308143190268,0.04918677982109694,0.11615362381146915,VTN,0.9999664384876819,0
LRR1,0.9999664384876819,0.9748515973144183,-0.04432688264887998,-1.9576258731024667,0.04739080648212432,0.12054817714591007,WAC.AS1,0.9999664384876819,0
ANXA13,0.9999664384876819,0.9751227816678265,-0.04303344426045557,-1.9622650997885827,0.04643902378839676,0.12276280206141746,WARS,0.9999664384876819,0
RNF43,0.9999664384876819,0.9756465679168294,-0.04380850964036309,-1.9713470774695285,0.04746486819678322,0.1186736191807633,WASF1,0.9999664384876819,0
CERS3,0.9999664384876819,0.9761820922981168,-0.04387334431938855,-1.9808037762503188,0.04676517242845491,0.11956945946218715,WASF3,0.9999664384876819,0
RPS13,0.9999664384876819,0.976478424060458,-0.043841668477195915,-1.9861137010911263,0.04751275675905375,0.11677062840393408,WBP11P1,0.9999664384876819,0
BARD1,0.9999664384876819,0.9773791115703058,-0.04524537807496648,-2.002606144660645,0.04918680842938856,0.11032324318508296,WBP2NL,0.9999664384876819,0
RPS19BP1,0.9999664384876819,0.9773959020064962,-0.04640642553227569,-2.0029188093279724,0.04918892603100166,0.11027857527005121,WDR11,0.9999664384876819,0
HCN1,0.9999664384876819,0.9776918433326238,-0.045725849551782764,-2.008462113692934,0.0481585574919469,0.11237077799835701,WDR27,0.9999664384876819,0
PHKG1,0.9999664384876819,0.9779708082025076,-0.04287178284160462,-2.0137445331101262,0.043298160450031216,0.12719885891956767,WDR34,0.9999664384876819,0
ARIH2,0.9999664384876819,0.9787123948069598,-0.04740392268541614,-2.028066925361774,0.051191027853666214,0.10252840688059937,WDR38,0.9999664384876819,0
OTUB2,0.9999664384876819,0.9787830239104789,-0.046364232401244265,-2.0294528949909396,0.04948177598917998,0.10650441413448034,WDR46,0.9999664384876819,0
UBE2D3,0.9999664384876819,0.9790582406914756,-0.04618140470103556,-2.0348910479075486,0.04797979352481408,0.10987886330084934,WDR47,0.9999664384876819,0
HNRNPUL2.BSCL2,0.9999664384876819,0.9792039865011456,-0.045308935742483875,-2.0377954585049194,0.04855720551994698,0.10798671439880696,WDR49,0.9999664384876819,0
IPO9.AS1,0.9999664384876819,0.9793904213851903,-0.042977966888633125,-2.041535950340517,0.04575145965194233,0.1157607478887175,WDR52,0.9999664384876819,0
MAP3K7CL,0.9999664384876819,0.9795788239595211,-0.04588704949228397,-2.045345155587784,0.04923782331135106,0.1053656886916386,WDR62,0.9999664384876819,0
MBNL1.AS1,0.9999664384876819,0.9802403291739582,-0.045786946152410996,-2.0589601325798585,0.04857115639410368,0.10564350605344382,WDR83,0.9999664384876819,0
SUPT7L,0.9999664384876819,0.9804645405515857,-0.044848172779778636,-2.0636626392222563,0.048904641509161004,0.10425760481874378,WDR86,0.9999664384876819,0
DCAF11,0.9999664384876819,0.9807565980490791,-0.04429758228897429,-2.069857363526285,0.04543998803277842,0.11372387968631188,WDYHV1,0.9999664384876819,0
WISP1,0.9999664384876819,0.980872093404336,-0.04688359696245857,-2.072329159004283,0.051567564039510294,0.09682775005719933,WHSC1L1,0.9999664384876819,0
FBXW12,0.9999664384876819,0.9811443348362823,-0.04537722507821736,-2.0782061906860596,0.047711205775732984,0.1059676362898522,WI2.2373I1.2,0.9999664384876819,0
EIF2AK2,0.9999664384876819,0.9811706713217951,-0.04181176207779144,-2.0787785536032097,0.04303851112538057,0.12120063281142777,WIPF2,0.9999664384876819,0
PRKCZ,0.9999664384876819,0.9814649677002791,-0.04228885677951893,-2.085221196361471,0.04282468631627082,0.12135532277173967,WISP1,0.9999664384876819,0
YEATS4,0.9999664384876819,0.981578839018975,-0.04866922196635985,-2.0877374194964142,0.05150668236700613,0.09534570984966736,WNK2,0.9999664384876819,0
OAZ2,0.9999664384876819,0.981710155632177,-0.0484271733074055,-2.090655635674346,0.05189608372420229,0.09416963342219004,WSB1,0.9999664384876819,0
PLEKHM3,0.9999664384876819,0.9817328026341614,-0.04640022194667903,-2.09116071807783,0.04928898740491239,0.10036689783072447,WTAPP1,0.9999664384876819,0
NCOR1P1,0.9999664384876819,0.9821998330745577,-0.04509767640835076,-2.1016975129310036,0.047201538391847986,0.10501985341648046,WWTR1,0.9999664384876819,0
IPO8,0.9999664384876819,0.982262970955882,-0.04790813824608914,-2.103140025724803,0.050988815617631036,0.0949619420082774,XPNPEP2,0.9999664384876819,0
CMPK2,0.9999664384876819,0.982351705938252,-0.04727759527421132,-2.1051747806562013,0.05172348848155553,0.09306725729996983,XPO4,0.9999664384876819,0
PPM1D,0.9999664384876819,0.9827556151546664,-0.046067305795361814,-2.1145485454749102,0.04951241605568976,0.09741522223556753,XPO6,0.9999664384876819,0
CAPN10,0.9999664384876819,0.9828667260731021,-0.04680864898297208,-2.117160041497439,0.05149547934494396,0.09237557121324012,XPO7,0.9999664384876819,0
MYL2,0.9999664384876819,0.9829293773570676,-0.04581292876658772,-2.118638954453595,0.048761692451153665,0.09896255945980412,XPOT,0.9999664384876819,0
RANBP1,0.9999664384876819,0.9834185802485597,-0.04514113396353485,-2.1303492111779403,0.04816400033663686,0.09943061252330744,XPR1,0.9999664384876819,0
EID2,0.9999664384876819,0.9839622847359227,-0.047181811455656114,-2.1437163097118632,0.04995029956921815,0.09345097531174514,XRCC6,0.9999664384876819,0
SNX1,0.9999664384876819,0.9843461632974694,-0.04948694358867597,-2.153389978916655,0.05237494060678509,0.08689644803232774,XRCC6BP1,0.9999664384876819,0
MORF4L2.AS1,0.9999664384876819,0.9845914989700281,-0.050251516788323736,-2.1596795477017596,0.05424467234870199,0.08245155716253932,XRRA1,0.9999664384876819,0
CAND1,0.9999664384876819,0.984598571166436,-0.048781822808227925,-2.1598621260473063,0.051729515820946245,0.0877050087984062,YARS2,0.9999664384876819,0
POLA1,0.9999664384876819,0.9847085738434781,-0.048878959974644684,-2.162711304158328,0.051491626985992064,0.08797646271649863,YBX2,0.9999664384876819,0
TRAPPC12,0.9999664384876819,0.9858686907750205,-0.050489606819322,-2.1938842580085702,0.05438936351055054,0.07902756340489443,YEATS4,0.9999664384876819,0
LRP1,0.9999664384876819,0.9870718486405918,-0.05132224051625831,-2.2286370214218767,0.054036389446184496,0.07666917255521104,YIPF4,0.9999664384876819,0
CKAP2,0.9999664384876819,0.9871204147725257,-0.04576224702336565,-2.230097647810067,0.04994983200534622,0.08561669167847663,YLPM1,0.9999664384876819,0
PLS1,0.9999664384876819,0.987824034612798,-0.04896561074931443,-2.2518123673125023,0.053901508616584236,0.07498557071709933,YME1L1,0.9999664384876819,0
GNAI3,0.9999664384876819,0.988098544613364,-0.04358839910106117,-2.260579985496848,0.04459671732802166,0.09880420080062115,YOD1,0.9999664384876819,0
UBAC2.AS1,0.9999664384876819,0.9886399477929244,-0.052313976686604834,-2.2783990785179524,0.05689338425446942,0.06737991600384001,YTHDC2,0.9999664384876819,0
SEC31B,0.9999664384876819,0.9895704862524535,-0.05418533835879698,-2.310828051997762,0.05750462641753503,0.0638603520082684,YTHDF2,0.9999664384876819,0
PIANP,0.9999664384876819,0.9907556989159618,-0.05186445866025914,-2.3560024709855925,0.05560264024881776,0.06376750659881018,YTHDF3,0.9999664384876819,0
UBE3D,0.9999664384876819,0.9913918653106768,-0.045710108285982924,-2.382383646554418,0.04644458545210432,0.08351657276205011,YTHDF3.AS1,0.9999664384876819,0
KDM2B,0.9999664384876819,0.9915564185611501,-0.05459406747078154,-2.3894853680486197,0.05887411432022496,0.056130307823259014,YWHAE,0.9999664384876819,0
CCNL1,0.9999664384876819,0.9916698944889788,-0.050342031571530034,-2.394453831737989,0.051242866051833785,0.06988710852357409,YWHAZ,0.9999664384876819,0
STAT5B,0.9999664384876819,0.9922859340712953,-0.055411446640827464,-2.4225125523291045,0.058862431332313066,0.053973859544115765,YY1,0.9999664384876819,0
DDX18,0.9999664384876819,0.9923565271850208,-0.050052261624046863,-2.4258526359075305,0.05009000027223793,0.070499603667872765,YY1AP1,0.9999664384876819,0
FBRSL1,0.9999664384876819,0.992480057048279,-0.056113973906768616,-2.4317633121538433,0.061360645433868745,0.0499635056595211,YY1P2,0.9999664384876819,0
ARF4,0.9999664384876819,0.9926847291091612,-0.05327997511275652,-2.4417474681962377,0.055827188629488766,0.057595626689099316,ZBTB11.AS1,0.9999664384876819,0
TUBB1,0.9999664384876819,0.9928627844379648,-0.05636356376031009,-2.450635606186253,0.06009313366158515,0.05046960576387616,ZC3H12A,0.9999664384876819,0
DNMT3A,0.9999664384876819,0.992908376081653,-0.05534499685804598,-2.4529428786035736,0.0603230316937251,0.05001946648556611,ZC3H18,0.9999664384876819,0
GPT,0.9999664384876819,0.9937355079707422,-0.05511420144251149,-2.497256301422915,0.060761153616555076,0.046824312411888135,ZC3H3,0.9999664384876819,0
TMED5,0.9999664384876819,0.9938259993496301,-0.05290175934223716,-2.502414017781655,0.05394380295146645,0.05733818190894367,ZC3H7B,0.9999664384876819,0
KLHDC2,0.9999664384876819,0.9939363234693495,-0.056106784910009824,-2.5087935178068186,0.05987430860382772,0.04734724046760356,ZC3H8,0.9999664384876819,0
NUP153,0.9999664384876819,0.9940722761143682,-0.057821701547293824,-2.5167980417310476,0.06094886757652916,0.0454833066536667,ZCCHC9,0.9999664384876819,0
SH3GLB2,0.9999664384876819,0.9942706225245364,-0.055978244055653714,-2.528773252941564,0.060230582001156906,0.04576443381519414,ZDHHC4,0.9999664384876819,0
PPP6R3,0.9999664384876819,0.9945442402833593,-0.05635990297517604,-2.545911881808855,0.06079540675120861,0.04409859111829918,ZDHHC6,0.9999664384876819,0
ETFA,0.9999664384876819,0.9945776096210157,-0.0585168135145376,-2.5480540149255884,0.061505983967553565,0.04309385633846924,ZDHHC7,0.9999664384876819,0
MYOC,0.9999664384876819,0.995001036725689,-0.059675182620477996,-2.5763060858249967,0.06258031283085867,0.040364468593530343,ZFP91.CNTF,0.9999664384876819,0
GIF,0.9999664384876819,0.9956444654537833,-0.06086953088539542,-2.6236157507088707,0.0660952283252017,0.034441094331386854,ZFR2,0.9999664384876819,0
VHLL,0.9999664384876819,0.9959384933835598,-0.052318607348667605,-2.6473499493757684,0.0498449042979242,0.05828804486114035,ZMAT3,0.9999664384876819,0
RSC1A1,0.9999664384876819,0.9960966703319798,-0.05610497637229369,-2.6607619250792025,0.06108771431214447,0.038112784460325254,ZNF208,0.9999664384876819,0
ARPC4,0.9999664384876819,0.9961408102639142,-0.05990142788346856,-2.6645914692311607,0.0644174993294323,0.03424919521413005,ZNF248,0.9999664384876819,0
SF3A1,0.9999664384876819,0.997132266852248,-0.06042258451100168,-2.7630246970956196,0.06742127626545284,0.027581282747177863,ZNF318,0.9999664384876819,0
PSMB5,0.9999664384876819,0.9974092796681517,-0.061790838542795185,-2.7960393364705087,0.06535126220672523,0.0281862707632565,ZNF385A,0.9999664384876819,0
TMEM132A,0.9999664384876819,0.9975585675889314,-0.0643937241413075,-2.815178669052473,0.06981973429779303,0.02394571607086701,ZNF414,0.9999664384876819,0
XPO6,0.9999664384876819,0.9978000181423743,-0.06450714556155619,-2.848500345134527,0.07002575354844251,0.02273812734509804,ZNF593,0.9999664384876819,0
SMC1A,0.9999664384876819,0.9986662622568856,-0.06878876700991375,-3.004286525175714,0.07408151100579329,0.01613774121668126,ZNF639,0.9999664384876819,0
RCVRN,0.9999664384876819,0.9986915477598681,-0.06483579014442307,-3.010109038575319,0.06915507718004986,0.01885251969946507,ZNF658,0.9999664384876819,0
MAML2,0.9999664384876819,0.9987235567259365,-0.06669328587683479,-3.0176291431448052,0.07268721872183356,0.016560288045084557,ZNF664.FAM101A,0.9999664384876819,0
TNRC6B,0.9999664384876819,0.9988088249780118,-0.07047985071244998,-3.0385374956563664,0.07483615060404471,0.015003484437402233,ZNF76,0.9999664384876819,0
SP3,0.9999664384876819,0.998985890386193,-0.06873005049186921,-3.086737685934116,0.07373995060600318,0.014519432289429583,ZNHIT1,0.9999664384876819,0
CSNK1E,0.9999664384876819,0.9991204041747149,-0.07145124111582486,-3.1288302278738267,0.07762649782541804,0.01202241545334121,ZRANB1,0.9999664384876819,0
PTPN20B,0.9999664384876819,0.9993166826472095,-0.07157166840733402,-3.202348557548131,0.07717882473567962,0.010945634710896346,ZSWIM8.AS1,0.9999664384876819,0
ATP5B,0.9999664384876819,0.9998696363350288,-0.07890280176250104,-3.652564071160709,0.08563553638192087,0.004046121418591646,ZYG11A,0.9999664384876819,0
TAPBPL,0.9999664384876819,0.9999664384876819,-0.08429869845545732,-3.987646699742685,0.09161037048066338,0.001834272128880821,ZZZ3,0.9999664384876819,0
