att,pval.adj,pval.att,beta.raw.att,beta.Z.att,beta.0,pval.0,gene,p_adj_use,beta_use
NPFF,2.5545364790597816e-9,1.43271815987649e-12,0.21980294003066428,6.994563025606673,-0.23683227383404704,1.5967300910136626e-10,AAK1,2.5545364790597816e-9,0
RBBP5,2.708606226748863e-7,3.038257124788405e-10,0.20822246785084494,6.195700647644566,-0.20909443617380083,1.0424248256081386e-8,AANAT,2.708606226748863e-7,0
WDYHV1,2.4472571664938665e-6,4.117650869030622e-9,0.1838444601411046,5.769463229918025,-0.18722530441971624,1.0748197424326215e-7,AATK,2.4472571664938665e-6,0
GPBAR1,3.5276019831777414e-6,7.913857505726846e-9,0.18122191982115624,5.65790579231379,-0.18677987758087136,1.5473242022650296e-7,ABCB11,3.5276019831777414e-6,0
CBL,4.259720726801321e-6,1.1945375005051376e-8,0.17332072614361893,5.586530143820267,-0.18062211866227332,2.479030592818442e-7,ABCF2,4.259720726801321e-6,0
C6orf118,6.751428351164015e-6,2.2719332645532296e-8,0.17146345200431987,5.473343311166818,-0.18680357371055856,2.7892118278848927e-7,ABCF3,6.751428351164015e-6,0
DLEC1,1.0806164479428664e-5,4.2424650227706476e-8,0.1762374598704059,5.36125227118989,-0.18407631528778184,4.406147383288347e-7,ABCG1,1.0806164479428664e-5,0
SMARCC2,2.4210149256773116e-5,1.086265810735754e-7,0.17269948224377463,5.188251428710442,-0.17611477177527973,9.956150000725486e-7,ABHD16B,2.4210149256773116e-5,0
CIAPIN1,2.6132999357188846e-5,1.3191082120846866e-7,0.16235230474086948,5.1518421608877105,-0.1775738005841501,1.0588616934190503e-6,ABI2,2.6132999357188846e-5,0
ARFGAP1,3.610696759630991e-5,2.1433457405500898e-7,0.15275407772882496,5.0597766506556106,-0.1750670039808916,1.520483525101536e-6,ABRA,3.610696759630991e-5,0
SRFBP1,3.610696759630991e-5,2.227575118112221e-7,0.15426717489560143,5.052399208396176,-0.17311923023570228,1.659422552188415e-6,ACAA2,3.610696759630991e-5,0
BRD3,5.483291885668705e-5,3.690381527090547e-7,0.14387524744230476,4.954840750835729,-0.16174509601151363,3.265787941723206e-6,ACAD11,5.483291885668705e-5,0
HNRNPDL,6.514805230906215e-5,4.749998205371889e-7,0.1561315219385566,4.905387269200651,-0.170819399481207,2.78360621293374e-6,ACAP3,6.514805230906215e-5,0
TSPAN15,9.334630106212132e-5,7.329490829330893e-7,0.14424549075927087,4.819309662525786,-0.1687273092419268,3.840605106449765e-6,ACBD4,9.334630106212132e-5,0
PRDM5,1.0339367773077968e-4,8.698290330688139e-7,0.13749002582230968,4.78493881383174,-0.16459912739217764,4.82524008306598e-6,ACKR1,1.0339367773077968e-4,0
DNM1P35,2.3611428722704748e-4,2.1393129319583026e-6,0.15734365737659597,4.600407406203482,-0.1626034412774688,8.75149672288514e-6,ACMSD,2.3611428722704748e-4,0
H3F3C,2.3611428722704748e-4,2.251229883824906e-6,0.13625751750227738,4.589747808166586,-0.16647036529723477,8.139765327130637e-6,ACOT1,2.3611428722704748e-4,0
EXOSC2,3.0258505462610677e-4,3.05470049538414e-6,0.1493207575848106,4.525465701190069,-0.1565695952912855,1.289286108137007e-5,ACP2,3.0258505462610677e-4,0
HNRNPUL2,3.187885273429658e-4,3.397073482622743e-6,0.14898627059463204,4.502893996434319,-0.1577964034872272,1.3250019567034631e-5,ACSL6,3.187885273429658e-4,0
ZCCHC9,3.620464281083376e-4,4.1148660292448125e-6,0.13132368203064945,4.461900392709122,-0.15650908583459547,1.542440868976744e-5,ACSS2,3.620464281083376e-4,0
RBM5.AS1,3.620464281083376e-4,4.264147498752154e-6,0.15250591342213907,4.454241590112652,-0.15459557798186194,1.665182499064884e-5,ACTBL2,3.620464281083376e-4,0
IQSEC2,4.1068317601893826e-4,5.111446427375938e-6,0.14193826198812357,4.415102278144854,-0.16058279856829094,1.5825534670985707e-5,ACTG1P4,4.1068317601893826e-4,0
SRSF10,4.1068317601893826e-4,5.297651737765328e-6,0.1443817461231169,4.40733774539863,-0.15842830366397434,1.7100341674334474e-5,ACTR10,4.1068317601893826e-4,0
U2AF1L4,4.412381443974263e-4,5.939268348591268e-6,0.12583187899823622,4.382445757498969,-0.15686327898779764,1.9121490134466642e-5,ACTR1B,4.412381443974263e-4,0
WASF3,5.069138733061836e-4,7.1075977749044255e-6,0.1416002134570634,4.343082956579464,-0.1468373344853849,2.823281281788799e-5,ACTR3B,5.069138733061836e-4,0
EXD1,5.791371114237169e-4,8.445072853065978e-6,0.15100421675925887,4.304981511311108,-0.1523213503830454,2.6744666427592642e-5,ADARB1,5.791371114237169e-4,0
CLIP1.AS1,6.642622258390641e-4,1.0058934435027891e-5,0.15436408582762906,4.266020940032285,-0.1518965827574859,3.0107961006194813e-5,ADCY8,6.642622258390641e-4,0
ARL6IP6,6.965975413519477e-4,1.0939277149666032e-5,0.13357053475278036,4.2472143266896865,-0.15379074038723048,3.0259190092429576e-5,ADD2,6.965975413519477e-4,0
HNRNPA3P1,8.490237310639256e-4,1.3809135278100865e-5,0.1456706519212093,4.194591279741247,-0.15094423835508994,3.7572027131530345e-5,ADD3.AS1,8.490237310639256e-4,0
MAPKAPK2,9.740282116081577e-4,1.698389523169521e-5,0.12467656673778897,4.147342650402066,-0.1487798554978448,4.509076728011318e-5,ADIPOR2,9.740282116081577e-4,0
METAP1D,9.740282116081577e-4,1.775744382293665e-5,0.1266898983816589,4.137109415988972,-0.14813588233486516,4.7130507140900364e-5,ADIRF,9.740282116081577e-4,0
KPNA2,9.740282116081577e-4,1.809712613286433e-5,0.13670917135727523,4.132748945358251,-0.1486384844216982,4.71400561173064e-5,ADNP2,9.740282116081577e-4,0
TATDN3,9.740282116081577e-4,1.842863087405308e-5,0.13476153457551804,4.128567756084824,-0.14746656060310914,4.9071155953732294e-5,ADPGK.AS1,9.740282116081577e-4,0
RAB11B,9.740282116081577e-4,1.8573729217429818e-5,0.13302551400452514,4.1267600945884695,-0.1457791756809681,5.152009709369882e-5,ADRBK2,9.740282116081577e-4,0
STIM2,9.918424567547219e-4,1.9654587393242782e-5,0.1295800444589961,4.113701752899825,-0.14625980575222533,5.261582072547497e-5,ADSS,9.918424567547219e-4,0
MRPS6,9.918424567547219e-4,2.002598342297812e-5,0.12889285278708684,4.109371742429167,-0.15076066970608415,4.779272435475846e-5,ADSSL1,9.918424567547219e-4,0
MRFAP1L1,0.0011225678096118228,2.3295013435579048e-5,0.123839021818566,4.074244141576546,-0.1509450976143961,5.2480110659588933e-5,AFM,0.0011225678096118228,0
EIF2D,0.0013722546656786863,2.924603325619186e-5,0.1391557033423294,4.020871687763437,-0.1437751395627616,7.15712526920121e-5,AGA,0.0013722546656786863,0
STK38L,0.0013912160039900518,3.0430411753007302e-5,0.1277439854329665,4.011492986649529,-0.14531569822570192,7.079758850200797e-5,AGPAT4,0.0013912160039900518,0
TBC1D15,0.0016124397179525596,3.629301159526955e-5,0.11956474065004423,3.9696300899172923,-0.13585598543531888,1.0015851590946071e-4,AGPAT9,0.0016124397179525596,0
SLC3A1,0.0016124397179525596,3.70779744453477e-5,0.11659372680148807,3.9645186980541736,-0.13651624531637185,9.9562408734578e-5,AHCYL2,0.0016124397179525596,0
RCSD1,0.0017496760780809592,4.121502819932714e-5,0.1232729642548357,3.9391633435530333,-0.14234290020196663,9.197438541187773e-5,AHSA2,0.0017496760780809592,0
ITM2C,0.00186904340096416,4.507507921562472e-5,0.11619120755835313,3.917589022785959,-0.13669225938690943,1.1158814074773545e-4,AIFM2,0.00186904340096416,0
SAP30L,0.0019393462551955153,4.785823624711311e-5,0.12468201210478116,3.903091254027647,-0.1361735166018351,1.1739690908326571e-4,AIM1L,0.0019393462551955153,0
BAZ2A,0.0028827138711885907,7.275497711917363e-5,0.12727981456200976,3.8003603107987245,-0.13486086198339392,1.566843473598528e-4,AIMP2,0.0028827138711885907,0
SETD4,0.0029782930433644404,7.829629893095629e-5,0.11369688835746157,3.782101043291902,-0.13595225915867332,1.599615168640331e-4,AK3,0.0029782930433644404,0
WAC.AS1,0.0029782930433644404,7.850800506905703e-5,0.12762578660285823,3.781427847005227,-0.13891138216469243,1.5012030179881647e-4,AKAP11,0.0029782930433644404,0
GNL3,0.0033697374631081185,9.071643198496336e-5,0.1008710379617084,3.745236452160691,-0.11897280327003834,2.7501796615807267e-4,AKAP8L,0.0033697374631081185,0
WI2.2373I1.2,0.005793144992855134,1.5920589155911475e-4,0.11677817475643926,3.601341761430097,-0.12916005611761275,2.919526379588608e-4,AKIRIN2,0.005793144992855134,0
ZNF658,0.006474926738810731,1.8157394107713774e-4,0.12385959259142333,3.5669712498035038,-0.1341163074082759,2.876922097339265e-4,AKNAD1,0.006474926738810731,0
ADIRF,0.006672945523853175,1.9086944571873916e-4,0.11524447752087325,3.55384162465032,-0.13153905435943478,3.123755167698152e-4,AKT1S1,0.006672945523853175,0
DGKE,0.007207282356998486,2.1019555948621494e-4,0.11491155645720293,3.5283561611491225,-0.1290782053222479,3.494151886213396e-4,AKT3,0.007207282356998486,0
IRF2BPL,0.007670971033464192,2.2802101221177913e-4,0.10172863290700182,3.506720781246686,-0.13160898643257404,3.5144740986367735e-4,ALAS1,0.007670971033464192,0
KIF5C,0.007770689167622577,2.3536513337692509e-4,0.12856470114261498,3.4982633238181964,-0.12380374918284792,0.00042071240733982654,ALDOB,0.007770689167622577,0
TYMP,0.007770689167622577,2.3970157275336046e-4,0.12688827097348426,3.493384409734791,-0.13069855924031257,3.696349384771709e-4,AMDHD1,0.007770689167622577,0
RPL12,0.00956499798933447,3.0041496769642753e-4,0.11347161427821688,3.432548401236879,-0.12354283249157272,4.931149547611869e-4,AMH,0.00956499798933447,0
APH1B,0.009847576900682279,3.1481317068922593e-4,0.10933744403771778,3.4198154173132305,-0.1294820797766129,4.544397668412961e-4,AMZ2P1,0.009847576900682279,0
STK4.AS1,0.010008703511327844,3.302552665815422e-4,0.11527544976040467,3.406747928887504,-0.12879297561025382,4.7522963396944815e-4,ANAPC1P1,0.010008703511327844,0
RBM26,0.010008703511327844,3.3164763405170883e-4,0.11733839103008316,3.4055977676329787,-0.12899317793099502,4.7495708290231275e-4,ANAPC7,0.010008703511327844,0
BCL7C,0.010008703511327844,3.368043806391871e-4,0.10212775613943958,3.4013768062012413,-0.12733223639991378,4.942668434252269e-4,ANKH,0.010008703511327844,0
EXOC8,0.012157830217562863,4.1594371467825836e-4,0.11801752179757447,3.343175512903946,-0.12607589666759966,5.830883742754017e-4,ANKK1,0.012157830217562863,0
SUGT1,0.013897491444306829,4.841520394595499e-4,0.10990519785716614,3.3007490761115417,-0.12618090362422374,6.462697320840977e-4,ANKMY1,0.013897491444306829,0
PBX3,0.013897491444306829,4.964747936839761e-4,0.11109985423380066,3.2936810804307273,-0.12208441513859519,7.059132210752848e-4,ANKRD12,0.013897491444306829,0
EIF1AD,0.013897491444306829,4.988443367558256e-4,0.10156520876050378,3.29234062524215,-0.125819017694256,6.639451734953877e-4,ANKRD13B,0.013897491444306829,0
KANTR,0.014060829966763303,5.199392679042607e-4,0.10314764697429353,3.280660395017024,-0.12230819485891126,7.247676784636429e-4,ANKRD18A,0.014060829966763303,0
IKZF2,0.014060829966763303,5.204794042660561e-4,0.11131904563812757,3.28036712097154,-0.12370313037094068,7.08260061138681e-4,ANKRD44.IT1,0.014060829966763303,0
ZBTB11.AS1,0.014212927062986994,5.380648416151888e-4,0.10287104105248673,3.2709695058184227,-0.1215057135706065,7.527833883217651e-4,ANP32A.IT1,0.014212927062986994,0
PTPN12,0.014212927062986994,5.420521818749948e-4,0.11442875377887561,3.268878250338342,-0.1166895300371506,8.294183066120657e-4,ANP32C,0.014212927062986994,0
C4orf32,0.015242494772521122,5.898665952349734e-4,0.10181717670906579,3.24485142908085,-0.12398847710506573,7.681402286491329e-4,ANXA13,0.015242494772521122,0
UBE3D,0.015841548475885765,6.29392541339531e-4,0.10801254153684513,3.226312265224469,-0.11916776650470925,8.719582153767223e-4,ANXA7,0.015841548475885765,0
ATXN8OS,0.015841548475885765,6.308188119954511e-4,0.09739625982344782,3.2256635974492527,-0.12104706729800656,8.442894242563648e-4,ANXA8,0.015841548475885765,0
SZT2,0.017230816771477264,6.958041545408654e-4,0.10436509529955555,3.197456655666894,-0.12109713370696787,9.027584683350895e-4,AP1B1P1,0.017230816771477264,0
TP53I11,0.01784193106806244,7.304884845589221e-4,0.10539291563057983,3.1833826289347456,-0.11961825369851349,9.567485300395444e-4,AP1M2,0.01784193106806244,0
RPL17,0.020335928203922077,8.440037504712473e-4,0.09631120849373698,3.141273685660841,-0.11119422264044986,0.0012292899260505418,AP2B1,0.020335928203922077,0
MARS2,0.02061772508128109,8.672626927067199e-4,0.10728466732731153,3.1332943724027382,-0.11400616147083267,0.0011858988809091253,AP2M1,0.02061772508128109,0
TSR2,0.02367501943075634,0.0010091427239133381,0.08730568110681501,3.0884994668962045,-0.1161570670267727,0.00126434421584244,AP2S1,0.02367501943075634,0
SUPT7L,0.02531745086808619,0.001093350374000357,0.09122303780605247,3.0645789518102653,-0.11714442353887333,0.0013162521242480703,AP3M1,0.02531745086808619,0
PSMA6,0.02908455044168469,0.0012723471309318037,0.08829280675111914,3.0188865551691717,-0.10974723198199847,0.0016490515749642833,AP3M2,0.02908455044168469,0
VPS37A,0.03018790803046036,0.0013375461213720517,0.07439561329718734,3.003697017497798,-0.09813929867017797,0.0021920267339606628,APBB2,0.03018790803046036,0
MAP3K7CL,0.03134295515281698,0.001406301969840358,0.08179287508068141,2.988395144974877,-0.10899366166660308,0.0017866299964246588,APELA,0.03134295515281698,0
DENND4C,0.03301779318994794,0.0015300612546703075,0.1048328257262406,2.9624972300649133,-0.11429043997069356,0.001740375670292048,APEX2,0.03301779318994794,0
DDX42,0.03301779318994794,0.0015323635385343243,0.10366973572810165,2.9620338234330843,-0.11559672905137956,0.001711222927212933,APH1B,0.03301779318994794,0
PASD1,0.03301779318994794,0.0015370032724428937,0.09700695768694756,2.961101858169607,-0.11072278104989967,0.001843033253412064,APIP,0.03301779318994794,0
JAK2,0.03392442319269174,0.001606213015458262,0.09531190983725255,2.947496211489166,-0.10783277479331549,0.0019927394894871495,ARAP1,0.03392442319269174,0
ARAP1,0.03392442319269174,0.0016172607803582714,0.10200230281012172,2.945374019878982,-0.11465299448061009,0.0018016334341352436,AREG,0.03392442319269174,0
PDPN,0.03586481156626956,0.0017298787407174325,0.09418497293258363,2.924463540386654,-0.10704959638155832,0.0021208094787746085,ARF1,0.03586481156626956,0
C9orf84,0.03711672776731372,0.001811079818147108,0.08755275533088923,2.9101421749651672,-0.11015392235645183,0.0020818014991072853,ARF3,0.03711672776731372,0
ZNF593,0.03928639464408329,0.0019389807788442676,0.09248545968165249,2.8887273751378557,-0.10818936822831184,0.0022500035343395964,ARF4,0.03928639464408329,0
YY1AP1,0.03936081094788401,0.0019787835626904797,0.0867334283942869,2.882324824283867,-0.10664384341049041,0.0023381199331196163,ARFGAP1,0.03936081094788401,0
SYN1,0.03936081094788401,0.0019868048150922944,0.09671478517947811,2.881048729123241,-0.11176818922301456,0.002173027292864477,ARFGAP3,0.03936081094788401,0
EGLN2,0.04076852994804479,0.0020807269911789546,0.08817466639957289,2.866444900927796,-0.11308667440625975,0.002209212486124641,ARFGEF1,0.04076852994804479,0
PLEKHM3,0.042969909089766556,0.0022171798296458348,0.10055250883317454,2.846259772845192,-0.11058614076446166,0.0023891736413842804,ARFGEF2,0.042969909089766556,0
ZMAT3,0.043160097171161996,0.0022511996841940917,0.08643387707689824,2.8414030192129083,-0.10877519769247292,0.0024750699257171296,ARFIP1,0.043160097171161996,0
SNX10,0.04459295010948416,0.002350946332188172,0.08613529530172369,2.827536824814065,-0.10643112788675288,0.002641422631363097,ARHGAP10,0.04459295010948416,0
ARRDC1,0.04798018710195174,0.0025564317300535142,0.09329085958231076,2.800574640097123,-0.11046477430430147,0.0026544972413308347,ARHGAP31,0.04798018710195174,0
SUPT5H,0.054486024279674375,0.0029336277795001344,0.09024243968684023,2.7558159303107668,-0.10421934169310058,0.0031850670023458203,ARHGDIB,0.054486024279674375,0
GMIP,0.057189664518564144,0.003111271709647068,0.09388589490803932,2.736511142849842,-0.10657957688584542,0.0032171083557018462,ARHGDIG,0.057189664518564144,0
KIAA0195,0.059023792841879294,0.003244156869604134,0.08175149812331506,2.7227090363873403,-0.10435482499206684,0.003413254493742335,ARHGEF10,0.059023792841879294,0
BRPF3,0.06225335925315053,0.003481798184071371,0.08205008220342022,2.6992475811506558,-0.10568201127659192,0.003533186428700648,ARHGEF25,0.06225335925315053,0
TAF6,0.06225335925315053,0.0034914951908665472,0.07907817881943426,2.698321135098339,-0.10298202959668605,0.0036650342144109458,ARHGEF3.AS1,0.06225335925315053,0
LSM14B,0.06457358195407781,0.0036578417147290292,0.0885962161165981,2.682777978994007,-0.10461531307317426,0.003708637853324063,ARHGEF7,0.06457358195407781,0
HECTD1,0.06923668500017217,0.004008370992612837,0.0874319483625411,2.6519996140475355,-0.10453972565397741,0.003973136575926511,ARHGEF7.AS1,0.06923668500017217,0
TMEM11,0.06923668500017217,0.004036099569485254,0.08261017485006032,2.6496691141861493,-0.10416167656407264,0.004010353208345624,ARID1B,0.06923668500017217,0
UBXN6,0.06923668500017217,0.004038483028613519,0.0900198458279411,2.6494694616729983,-0.10567803707703176,0.003946001068221067,ARID4B,0.06923668500017217,0
PRPF3,0.07530825212008699,0.004434866221317517,0.08355275235579254,2.6176480638326294,-0.10230112298758533,0.00439502398491259,ARIH2,0.07530825212008699,0
SERF2.C15ORF63,0.07641457349211227,0.004542874251353842,0.09218951168319585,2.60941880221643,-0.10385163839566962,0.004397832765405661,ARIH2OS,0.07641457349211227,0
CDSN,0.07967860119990208,0.004781609830841011,0.08087878011195755,2.5918317969632954,-0.10104586366804877,0.004715056735587911,ARL3,0.07967860119990208,0
ADD2,0.08137675096420137,0.004929158218807486,0.07996133060134322,2.5813500717653706,-0.1035846686835025,0.004691129862223604,ARL6IP4,0.08137675096420137,0
PEX2,0.08810900051238511,0.005430888968579661,0.08176177860079735,2.5476840366591333,-0.0989005521684787,0.0053123317299701685,ARL6IP6,0.08810900051238511,0
ABHD16B,0.08810900051238511,0.005435776812317645,0.084196147409182,2.547369909762427,-0.10229087015687968,0.005120991107352298,ARMC9,0.08810900051238511,0
USP40,0.09392260664666395,0.005847116846763712,0.07639247663982443,2.5217930189417443,-0.09986972935981943,0.005549815320244203,ARPC1B,0.09392260664666395,0
TPPP,0.09546875786678721,0.005996915805429146,0.085817697909062865,2.5128742860258906,-0.10340076315050045,0.005470899604985473,ARPC2,0.09546875786678721,0
PRR14,0.09656052222277739,0.006119651716866991,0.0786483880214934,2.5057128772618515,-0.09726173037637736,0.005909352788715264,ARPC3,0.09656052222277739,0
MYL12B,0.09683401459120261,0.0061912942587757135,0.07614905319890383,2.501591295434658,-0.1006754216862918,0.005748538783932314,ARPC4,0.09683401459120261,0
SEPW1,0.09987517852104816,0.006441752961256612,0.08140052503986554,2.4875068986413247,-0.0993795570438232,0.0060020523864837,ARPC4.TTLL3,0.09987517852104816,0
TBRG4,0.10045322472929599,0.006535375248793233,0.08348933316666436,2.482366340421767,-0.09763369148641943,0.006180194277754749,ARPC5L,0.10045322472929599,0
C16orf74,0.10049721065580515,0.0065946010357426825,0.0690175139216991,2.479147944394635,-0.09869971692788321,0.006152026255674027,ARPP21,0.10049721065580515,0
FAM193B,0.10099969690782262,0.006684219986047711,0.07469465654438859,2.4743262204691514,-0.09950408724296682,0.006167277716865246,ARRDC1,0.10099969690782262,0
RERE,0.10376285938369648,0.0069252833800672355,0.08537076752720409,2.4616343861729204,-0.09753097838174095,0.006460872701442521,ARRDC3,0.10376285938369648,0
SETD3,0.10457659511939449,0.007038245324917185,0.09106742864162475,2.4558207979127085,-0.09789580536927141,0.006517586670805911,ASB7,0.10457659511939449,0
ACMSD,0.10945967210181051,0.007446934018799434,0.07998406392339766,2.4354532955795083,-0.09916842604525623,0.0067266852221366516,ASB8,0.10945967210181051,0
TMEM59L,0.10945967210181051,0.007489669095020125,0.08054691578302603,2.4333808461928133,-0.09879292778713443,0.0067793621178740765,ASB9,0.10945967210181051,0
CSNK2A2,0.11391352870509909,0.007858308486106106,0.07334542507438888,2.415923530430699,-0.09343235807117184,0.007425884073629961,ASCC3,0.11391352870509909,0
TIAM1,0.1159980621658407,0.008067167531443773,0.08215239695043745,2.4063501797106555,-0.09664073458383567,0.0073234651344740494,ASIC1,0.1159980621658407,0
RBMS2,0.11751231503977255,0.008238384397067621,0.07583706953241104,2.3986633985601573,-0.09756969896282917,0.007382867342831341,ATF3,0.11751231503977255,0
PPP6R3,0.11918852530419465,0.008422744917738938,0.08823031432749495,2.3905418949292354,-0.09863129352648503,0.007446918965589346,ATF5,0.11918852530419465,0
ASB8,0.12264795187955516,0.008736001059284074,0.06875634416167126,2.3770933905350122,-0.09340215004702332,0.008034080043399032,ATF7,0.12264795187955516,0
ARFGAP3,0.1236784272961343,0.00887876539198272,0.0782471704709977,2.371104163495539,-0.0973143267707748,0.007847339525658746,ATG13,0.1236784272961343,0
HNRNPH2,0.12645600203136226,0.009149088200810842,0.07853255090725386,2.3599911834016116,-0.0966168551942139,0.008082315795224981,ATG14,0.12645600203136226,0
SMARCA5,0.13075045067913943,0.009533123156639442,0.07801374662415364,2.344687865317978,-0.09723423983802176,0.008311174727370368,ATG4C,0.13075045067913943,0
MAMDC2,0.13219644925312438,0.00971269481332546,0.07791853927286722,2.3377164188630504,-0.09702973464925395,0.008448756465985953,ATG9B,0.13219644925312438,0
TRAPPC11,0.13471158320281557,0.010111913315057416,0.07564254589357283,2.322612452092827,-0.09517075175722364,0.008851269250220678,ATN1,0.13471158320281557,0
DEPDC1,0.13471158320281557,0.010151025006139609,0.07168380705064936,2.321160850599104,-0.09454718140859401,0.008923654336984131,ATP11C,0.13471158320281557,0
COPB2,0.13471158320281557,0.010210855868540892,0.07707193284457813,2.3189496873081494,-0.0976931987489476,0.008758777730072225,ATP1A1.AS1,0.13471158320281557,0
HNRNPK,0.13471158320281557,0.010227378125971836,0.06846525660538733,2.318341067782911,-0.09202907666724139,0.009178923003672096,ATP2A3,0.13471158320281557,0
TMSB4Y,0.13471158320281557,0.010275252560618574,0.06550418349994362,2.316582379152875,-0.09062288102833353,0.009340765137036636,ATP2C2,0.13471158320281557,0
ZNF318,0.1441908085585782,0.011079159154529002,0.0593400757285584,2.2880688087044723,-0.09055329828670251,0.009892235839774255,ATP5B,0.1441908085585782,0
MAPKAPK5.AS1,0.14443270553906523,0.011178751185861471,0.06411933810665162,2.2846628578991015,-0.09222320910513028,0.00981019590760925,ATP5C1,0.14443270553906523,0
GRK1,0.1492531201500193,0.011635548906815863,0.07757962586563291,2.2693709575425287,-0.09348513639468616,0.010028435572111312,ATP5D,0.1492531201500193,0
OSBPL3,0.15019321936012117,0.011793073870116076,0.06064195032016674,2.2642184146975395,-0.09279645834692622,0.01018965905763661,ATP5G1,0.15019321936012117,0
MLXIP,0.153204144570908,0.01211541468564107,0.06813128515727782,2.2538583464544786,-0.09373082377316214,0.010343442660646124,ATP5G3,0.153204144570908,0
YEATS4,0.1776013404004154,0.014169290765451597,0.06473449743267128,2.1929473287815973,-0.08977428158580042,0.012066771842284914,ATP5H,0.1776013404004154,0
PPDPF,0.1776013404004154,0.014243966167840382,0.06940422800907273,2.1908801102853515,-0.09163010381538725,0.011965818636875552,ATP5L2,0.1776013404004154,0
SLAMF1,0.18121214927719015,0.014635193211393933,0.07090984817488065,2.1802000319171437,-0.0836267050057768,0.01308264311692903,ATP5S,0.18121214927719015,0
CASC5,0.1832742634505694,0.01490452507029308,0.06994570401308854,2.1729894859953687,-0.08911526211390346,0.012625426792339786,ATP6AP1L,0.1832742634505694,0
GNB1L,0.18694818948854036,0.01530815236417661,0.07279682208803304,2.1623905953457836,-0.0874892144092591,0.013051355090781503,ATP6V0A1,0.18694818948854036,0
EPS8,0.19224097055332984,0.015926937553794113,0.06256024349608658,2.1465987889540132,-0.09163080538293104,0.013129593761050613,ATP6V0E2,0.19224097055332984,0
TMEM174,0.19224097055332984,0.015957186563035793,0.06101159420064416,2.1458403951705516,-0.086047627950404,0.01364519550605117,ATP6V1E2,0.19224097055332984,0
SRPK1,0.192492007094123,0.016085983767259858,0.06853390979137639,2.142624965015647,-0.08657451394017494,0.013675779453262076,ATP6V1G2,0.192492007094123,0
CKAP2,0.19401388960323993,0.016321976130390346,0.07444556046116381,2.136790226136622,-0.09041755975052448,0.013488288462138207,ATRIP,0.19401388960323993,0
SRP14.AS1,0.19853169019256264,0.01681339608473189,0.06878508332975226,2.1248684830741893,-0.09018090469507657,0.013843881613864826,ATXN1L,0.19853169019256264,0
PTDSS2,0.20039280911340698,0.0171728794742368,0.06059456729529523,2.1163348844862155,-0.08968473144465247,0.01412954939497547,ATXN2,0.20039280911340698,0
ANKH,0.20039280911340698,0.017195793490942943,0.0674077843019607,2.1157961339207496,-0.0894659168322385,0.014163036870511955,ATXN3,0.20039280911340698,0
CUL4B,0.20103590135899768,0.017453675428274917,0.06290644908097107,2.1097747764093335,-0.08734767670650152,0.014519074885556635,ATXN7L3B,0.20103590135899768,0
CLSTN2,0.20103590135899768,0.01747648048830322,0.06370201820766673,2.1092459594120903,-0.08855671497293667,0.01442784871663039,ATXN8OS,0.20103590135899768,0
XPO7,0.20394621386024586,0.017843863915983374,0.06608454425650873,2.1008070271409927,-0.08917243792987392,0.014630711090149212,AURKA,0.20394621386024586,0
RSRP1,0.20523208709125879,0.01807147373714393,0.0654261324948265,2.095652832038923,-0.08809187521107913,0.014872975676594955,AZU1,0.20523208709125879,0
CIDEA,0.20630405659374684,0.01828157091520583,0.07629566804137804,2.09094410344048,-0.08976386369218067,0.014891146816800345,B4GALT1.AS1,0.20630405659374684,0
COPS6,0.20961452365333877,0.018692489770544513,0.06325174110108008,2.08186627507613,-0.08806630703169348,0.015300056776076338,BACE1,0.20961452365333877,0
IREB2,0.21379786572894896,0.019298710129256512,0.06751766806026226,2.068779281505201,-0.08679444697540355,0.01582055759540901,BAGE,0.21379786572894896,0
PIP4K2C,0.21379786572894896,0.0193053597208978,0.06801913447900786,2.0686376809505598,-0.08643578032130476,0.015854201386240534,BARD1,0.21379786572894896,0
PATL2,0.21621941958416868,0.019645286580277806,0.06398639502514909,2.061453688770257,-0.08181960113835234,0.016614388051407487,BAZ1B,0.21621941958416868,0
MFRP,0.2216757686250883,0.020265367518726526,0.06846811115595929,2.04861651124427,-0.08750958098159783,0.016423270989597474,BAZ2A,0.2216757686250883,0
RPS21,0.22429554797815243,0.02064398794992327,0.06753768930382766,2.040941056830182,-0.08405724893100378,0.016996302953759358,BAZ2B,0.22429554797815243,0
ERGIC2,0.22429554797815243,0.02078165546205995,0.06054245726870846,2.0381797921273965,-0.08818363816331473,0.01673351426654632,BCAR1,0.22429554797815243,0
CSAD,0.22429554797815243,0.020882255167904266,0.06269609517258593,2.036171794065643,-0.08505772556564065,0.017054100649527445,BCDIN3D,0.22429554797815243,0
GOLGA2P2Y,0.22576394966443283,0.021282951088293197,0.053859129399059714,2.0282541785693313,-0.08696453893393774,0.01716627144693578,BCL7C,0.22576394966443283,0
ZC3H8,0.22576394966443283,0.021528200470949794,0.07057822938057609,2.023470131941501,-0.0869983499565496,0.017333198166963142,BCMO1,0.22576394966443283,0
RPS16P5,0.22576394966443283,0.021629563960753592,0.07241876842512693,2.0215062959758,-0.08553813352489952,0.017517884260300785,BECN1P1,0.22576394966443283,0
C19orf10,0.22576394966443283,0.021673280391995182,0.05781155494882306,2.0206617252476606,-0.08797033892041137,0.017368045875287015,BFSP1,0.22576394966443283,0
CNDP1,0.22576394966443283,0.021720166241211897,0.063553204524087345,2.0197575219979003,-0.08020308044022652,0.01819801415249219,BID,0.22576394966443283,0
NINJ1,0.22576394966443283,0.02177868723627731,0.0732831730390122,2.0186312435660274,-0.08536097370022629,0.017634887496011428,BIN3,0.22576394966443283,0
DHX40,0.23286876336717457,0.022668996606424196,0.07104381546687825,2.001804192538807,-0.08654444832474849,0.018153511380197145,BIRC3,0.23286876336717457,0
CHTOP,0.23286876336717457,0.022729048261243296,0.061195807006840706,2.0006893950211175,-0.08460984987670929,0.018348777533943955,BLID,0.23286876336717457,0
UBN2,0.23286876336717457,0.02285587974719885,0.0635529495996529,1.9983430333659578,-0.08326872819552639,0.018560994085803324,BLVRA,0.23286876336717457,0
EMBP1,0.23504463523305422,0.0232012651716307,0.060558684565823105,1.9920086207811647,-0.08508974000856025,0.018630381846120828,BMS1P17,0.23504463523305422,0
ISX,0.23633055434707742,0.023460744879098543,0.0613125364546798,1.987301759146803,-0.08494074496788376,0.018820558303184097,BNIP3,0.23633055434707742,0
MAX,0.2386778583854578,0.02382762691677593,0.06309984277446244,1.9807208614134655,-0.08497280637905742,0.019069078667027273,BPY2,0.2386778583854578,0
MED4.AS1,0.23920865676282535,0.02401477821679514,0.060816725746688706,1.9773966187838745,-0.0844518435646684,0.019238320057280572,BRAT1,0.23920865676282535,0
KIAA0319,0.2398395086509981,0.02421262566302841,0.06159708549995377,1.9739059783154007,-0.08489924761516915,0.019337228925413483,BRD3,0.2398395086509981,0
KIAA1210,0.24255851478031973,0.024758287781749766,0.05059945352733723,1.964401451922406,-0.07946897726535006,0.020278083501871914,BRD4,0.24255851478031973,0
RAP1B,0.24255851478031973,0.024833767893110977,0.060572203423510135,1.9631005894194502,-0.08380497941436203,0.019851986537689527,BRD7,0.24255851478031973,0
MAP3K14.AS1,0.24255851478031973,0.024895237355467476,0.0622363467618312,1.9620436416490157,-0.08369265652561926,0.019902406315120913,BRDT,0.24255851478031973,0
KPNA5,0.2472146593130428,0.02551177639573745,0.06931506022574094,1.9515617289103042,-0.08282447026204182,0.02039800640135012,BRMS1,0.2472146593130428,0
RPL37A,0.249482851484002,0.026017405736016262,0.06808440254461673,1.9431226205526886,-0.08193803201904062,0.02082422018917534,BRMS1L,0.249482851484002,0
ELF2,0.249482851484002,0.026025692863726513,0.06465898385367823,1.9429854532632576,-0.08372007941644555,0.020674167256699568,BRPF3,0.249482851484002,0
MORF4L2.AS1,0.25085747546130094,0.02630978570457839,0.058191820212230745,1.9383051389798465,-0.08240789205954918,0.0209782654869311,BSG,0.25085747546130094,0
CASP5,0.255428328372076,0.02693243170720712,0.060786257184287845,1.9281932482879374,-0.08281993868194974,0.021367929231829508,BSN,0.255428328372076,0
KMT2E.AS1,0.2655139266555981,0.02814477405379026,0.06861200524860729,1.909051851649741,-0.08209040116052922,0.022253064642061463,BTBD10,0.2655139266555981,0
FBXO39,0.2655756614585931,0.028419525379755128,0.0599516811819764,1.9048096076522254,-0.0845036912324051,0.02229016227314376,BTF3L4,0.2655756614585931,0
FAM13C,0.2655756614585931,0.02844921555725815,0.06477991151125617,1.9043532286333351,-0.0837354660688391,0.0223535447299518,BTF3P11,0.2655756614585931,0
G6PC,0.26935028977286846,0.029004630194274114,0.0641372477527886,1.8958879254828032,-0.0821019849581624,0.022842791766617326,BTG2,0.26935028977286846,0
CELF2,0.2716048591268039,0.029399740780411188,0.0569536209486027,1.8899475372903685,-0.08114097220490134,0.023190039826783946,BTN2A2,0.2716048591268039,0
TRIM29,0.27208558943381667,0.02960437708926553,0.06454377938772779,1.8868969046848791,-0.08085318955259645,0.023353911449126942,BUD13,0.27208558943381667,0
IKBIP,0.2779673612903055,0.03040024422412203,0.056909638103023866,1.8751963452848106,-0.07764233480899381,0.02422769933228395,C10orf55,0.2779673612903055,0
PTK6,0.2896901741978919,0.03195380208195813,0.05252980276602293,1.853069135073627,-0.08357815596088417,0.02483243568586213,C10orf82,0.2896901741978919,0
PRRC2B,0.2896901741978919,0.03200727106953713,0.06292364996231081,1.8523235529566844,-0.07938844725894877,0.025109751671614982,C11orf63,0.2896901741978919,0
GOLGA7B,0.2900647136938872,0.032216872460621486,0.05363527420712343,1.8494107126501294,-0.07835867495199657,0.02534991579431317,C14orf164,0.2900647136938872,0
HIPK1.AS1,0.2900647136938872,0.03237402020475802,0.06661542361932773,1.847237068162981,-0.07961582933149107,0.025343471225710307,C14orf169,0.2900647136938872,0
SLC4A2,0.29357781943020833,0.03293077054741541,0.04967216915241992,1.8396055751693168,-0.07974297103938432,0.02571515322576081,C16orf70,0.29357781943020833,0
RPL31,0.3015367358858721,0.03399264380990482,0.06276754919129063,1.8253403400878407,-0.07934655777679105,0.02647154639320422,C16orf74,0.3015367358858721,0
ITGA6,0.30326415577221655,0.03435746464721691,0.05055118566414121,1.8205239397999082,-0.07827208277639004,0.026802295675546383,C17orf64,0.30326415577221655,0
C10orf55,0.30578170423183565,0.03481418169324881,0.0595500301580184,1.8145532141496425,-0.07826533212520562,0.02710628938896576,C17orf89,0.30578170423183565,0
ARHGEF25,0.3065783462158885,0.03515996242388607,0.05454353078155863,1.810075414707068,-0.08165424678134439,0.027176363961133786,C19orf10,0.3065783462158885,0
ARHGEF7.AS1,0.3065783462158885,0.03524877227944876,0.05135146724848235,1.8089311786853701,-0.0764766214508709,0.027572219974925552,C1orf50,0.3065783462158885,0
DRG2,0.3102430287276794,0.035844118854684213,0.04982707888968086,1.8013211327000844,-0.07578518335915355,0.028052978746076356,C4orf32,0.3102430287276794,0
DNAJC12,0.3154081530876971,0.03684995516770282,0.05412450047687408,1.7886960766086002,-0.07828987479457189,0.028512152302199802,C6orf118,0.3154081530876971,0
GOLPH3L,0.3154081530876971,0.03695529017975938,0.05725203941249355,1.7873903054106124,-0.07962702625264113,0.028514606125466392,C6orf99,0.3154081530876971,0
SYS1.DBNDD2,0.3154081530876971,0.037392445118046715,0.04601641777522667,1.782003475924925,-0.08035138922636133,0.028801545316921154,C7orf31,0.3154081530876971,0
YBX2,0.3154081530876971,0.037401762218511526,0.056689186615238044,1.7818892275415708,-0.07857256685798823,0.028875955858334267,C9orf84,0.3154081530876971,0
TLN2,0.3154081530876971,0.03741735724884604,0.05670159191649854,1.7816980497851531,-0.07766203194839424,0.028942870950659227,CAB39L,0.3154081530876971,0
PIANP,0.3154081530876971,0.037502259368812,0.05099781100923998,1.7806583843430115,-0.07838662964001529,0.028957092098772126,CALCOCO2,0.3154081530876971,0
ZNF639,0.31592108418767884,0.0377404323791226,0.0601877791287505,1.777752071544916,-0.07935604359496218,0.029079594294253882,CALCR,0.31592108418767884,0
MIER2,0.32143509742804355,0.03857942279843035,0.055548666871073085,1.7676320610847762,-0.07961130625659749,0.029664480921675056,CALM2,0.32143509742804355,0
ZC3H12A,0.3273649049949559,0.03947473616035643,0.05634063066769754,1.7570286192848252,-0.07479714521546858,0.030574973995185745,CALML3,0.3273649049949559,0
DCAF8L1,0.3302404129660131,0.04012490955915518,0.05946403498701192,1.7494504385990146,-0.0790652239730198,0.030774217154674426,CALR3,0.3302404129660131,0
ATXN7L3B,0.3302404129660131,0.04019190668178623,0.058786541732646476,1.7486752303488464,-0.08048909462989697,0.03081204376132845,CAMK2N1,0.3302404129660131,0
GATAD2A,0.335427342621526,0.04107924358112887,0.04867624759402034,1.7385057755164524,-0.07921219067302399,0.031456633385667454,CAND1,0.335427342621526,0
HMGXB4,0.335427342621526,0.041199432436407286,0.04619474203635142,1.7371420758954828,-0.07483955890470326,0.03172745599895873,CAND1.11,0.335427342621526,0
RALGAPA1,0.3361285928474867,0.04158818874069515,0.05438578426249035,1.7327531039751918,-0.07614446617482591,0.03190572349032069,CAP1,0.3361285928474867,0
TEX264,0.3361285928474867,0.04166260180554939,0.0467771134905778,1.7319167914345646,-0.07765844429910373,0.03189592833062063,CAP2,0.3361285928474867,0
CNOT2,0.33717315988459867,0.04198117862836843,0.04926135144714981,1.728349995342082,-0.07862212170607995,0.03210916750914549,CAPN10,0.33717315988459867,0
ARFGEF1,0.339183162104821,0.04257744252364486,0.049817248325093766,1.7217326783330855,-0.07657021136813742,0.03257073289178429,CAPN3,0.339183162104821,0
FAM120C,0.339183162104821,0.04261190595147499,0.04859286738085584,1.721352501581181,-0.0773402869493043,0.03257813315761799,CAPNS2,0.339183162104821,0
GNA14,0.3460107807329545,0.043663727237753656,0.05330474083734879,1.709867330173718,-0.07627456260217257,0.03334506600150511,CAPRIN2,0.3460107807329545,0
SUCLG2,0.34750495568849704,0.04404717890387007,0.050904012375590994,1.7057358378911232,-0.0747123195335364,0.03367678971891122,CARD10,0.34750495568849704,0
GRK7,0.3476368664179258,0.044286642512502604,0.0623068252374569,1.7031704342966365,-0.07900234242012745,0.03378182741852908,CARD9,0.3476368664179258,0
MARK2P9,0.3476368664179258,0.04445384494856258,0.05661852399113832,1.7013857957842597,-0.07744241156011356,0.033886375801362424,CARS2,0.3476368664179258,0
BECN1P1,0.3503827322632857,0.0450014838408819,0.04980372594441528,1.6955781753539094,-0.0769530521553811,0.03428020800862511,CASC4,0.3503827322632857,0
KCTD20,0.3513785422867386,0.04532645245426241,0.050613424631877235,1.6921587873408217,-0.07695412239439924,0.03451382213406458,CASC5,0.3513785422867386,0
CSNK1E,0.35373295717269454,0.04582855474306923,0.05340441128200867,1.686914135945985,-0.07663415373669218,0.03487338970186,CASP3,0.35373295717269454,0
UQCRFS1,0.3562351924582373,0.046352532052894586,0.048735495934005106,1.6814900101880812,-0.07125407758545468,0.03550327404266045,CASP5,0.3562351924582373,0
RPSA,0.35739699861257573,0.046704150688014666,0.05098897843513905,1.6778776584190096,-0.07811024654316338,0.035532115468181386,CBFA2T3,0.35739699861257573,0
TXNDC15,0.3588957315622872,0.04710129062567314,0.05329537089275779,1.6738237938418215,-0.07549700149227329,0.03578507147088085,CBL,0.3588957315622872,0
BID,0.3592196060087683,0.0473452649534832,0.049187385216860426,1.6713469626615705,-0.07670227075931368,0.03596328647173209,CBX2,0.3592196060087683,0
PSMC5,0.3603683491114167,0.047698783168981684,0.04960894304054666,1.6677761273683893,-0.07482683175997674,0.03621483126679004,CBX3P2,0.3603683491114167,0
BNIP3,0.3614046075340468,0.0480386382420466,0.055195869812691055,1.664363230882456,-0.074132707371707,0.03646722393879018,CCAT1,0.3614046075340468,0
POLDIP3,0.3634003591845663,0.04850773162418776,0.04987883920492137,1.6596841025008493,-0.07579538620484469,0.03678981803742356,CCDC116,0.3634003591845663,0
HMGN5,0.3683107642979773,0.049453469375095024,0.04921413955451709,1.6503594634685907,-0.07449218237511644,0.03745690850867984,CCDC23,0.3683107642979773,0
RPL26L1,0.3683107642979773,0.0495763227322011,0.05455545792357076,1.6491586511213778,-0.07550815739451172,0.03755523690059599,CCDC7,0.3683107642979773,0
CCNE1,0.3702917666875117,0.050208572489108934,0.04517362221171883,1.643016104784012,-0.07360428226611906,0.037996591916805246,CCDC89,0.3702917666875117,0
SRSF11,0.3702917666875117,0.05025833288748055,0.05510132430850224,1.6425352873966177,-0.07616886604060111,0.03806928293738772,CCDC94,0.3702917666875117,0
EIF2AK2,0.37132554475972623,0.05060690262289034,0.048003324179510434,1.6391777759159414,-0.07234578571848106,0.038305105900386556,CCNDBP1,0.37132554475972623,0
RBM4,0.37236930629110787,0.050957998168833604,0.05503393358773626,1.6358145083380127,-0.07595501028511081,0.03857180764204441,CCNE1,0.37236930629110787,0
ARID1B,0.37630778624561473,0.051708024470092886,0.053316190193191025,1.6286910762845583,-0.07348772869784984,0.039056162651582925,CCNI2,0.37630778624561473,0
PTPN2,0.3792456091398642,0.0523244082155954,0.049169655066227946,1.6228981713223372,-0.07430224633335832,0.03950599971745771,CCNL1,0.3792456091398642,0
YLPM1,0.38399779248583704,0.05323956936041347,0.050832836732457906,1.6143964430569404,-0.07530538358532456,0.040216115956968286,CCNT2.AS1,0.38399779248583704,0
TMEM231,0.38399779248583704,0.05341079783313942,0.046045577100477665,1.6128186462511913,-0.07645649264372745,0.040422420883796883,CCNYL1,0.38399779248583704,0
NUP35,0.3876913990712412,0.05414198450293834,0.04786699832011804,1.6061258367790046,-0.07289018579192462,0.04077521531866913,CCT3,0.3876913990712412,0
PLEKHD1,0.39532326814278956,0.05542951039579214,0.05656171122284011,1.5945125487506902,-0.07469167065819722,0.04179313564750087,CCT4,0.39532326814278956,0
SNX30,0.3955121112709392,0.055677812635449096,0.05253525589314437,1.592297468944552,-0.0740696045145154,0.0419354962252505,CCT5,0.3955121112709392,0
TRPC5,0.3955673400239383,0.056204966730656856,0.04771682881233002,1.5876205030781052,-0.0741556360284305,0.04232925154605962,CCT6A,0.3955673400239383,0
PPP2R5B,0.3955673400239383,0.05625862148647236,0.04783665293207936,1.5871464152857053,-0.07380382336282618,0.04234426837867306,CCT6B,0.3955673400239383,0
ACOT1,0.3955673400239383,0.05635115219634342,0.049003465224799994,1.586329660562597,-0.07306733694047349,0.042370631047368476,CCT8,0.3955673400239383,0
RAB23,0.39657366256158433,0.05687281187592919,0.04846281384374944,1.581744725261873,-0.07444785248246805,0.04284618081574156,CD164L2,0.39657366256158433,0
NELFE,0.39657366256158433,0.05693934807390106,0.04608805986660098,1.5811623152296184,-0.07196503213627284,0.04274674050934209,CD38,0.39657366256158433,0
ELANE,0.4093366124034886,0.05900140739635253,0.04744759804404762,1.563372401816352,-0.07334150846884636,0.044333278209175674,CD40,0.4093366124034886,0
KDM4A,0.4228093706908382,0.061180492225595205,0.051211490038685865,1.5450953697346066,-0.07240769628220245,0.04585996150109222,CD46,0.4228093706908382,0
RPA2,0.4303268129658686,0.0625096155682333,0.045239903527705155,1.5341959521050939,-0.0723385528932183,0.04683998568484443,CD47,0.4303268129658686,0
PSMC6,0.4329972106963197,0.06314036723558224,0.05096651896884535,1.5290866531736313,-0.07209117135893763,0.047283137883736386,CD48,0.4329972106963197,0
TMEM249,0.4342468901343474,0.06356614600396224,0.04660814833014239,1.5256601374637437,-0.07198486420956915,0.04758699042621675,CD5,0.4342468901343474,0
IKBKE,0.44624070889201545,0.06559902935796863,0.05156840529363068,1.5095420012590361,-0.07119989801965,0.049009067685474104,CD55,0.44624070889201545,0
UBA5,0.44624070889201545,0.06582238162568708,0.04793878245275082,1.5077948534957593,-0.07104555292963506,0.04915782754541918,CD79A,0.44624070889201545,0
LARP1B,0.44657672639014495,0.06612240929164233,0.04397884457604942,1.5054551395720126,-0.07017888067860585,0.049279048529999564,CD99,0.44657672639014495,0
ACSS2,0.4516181405244501,0.0672417439355639,0.04776723650548331,1.4967981031929172,-0.07183135287264344,0.050339417808422535,CDC14A,0.4516181405244501,0
ESYT2,0.4516181405244501,0.06737544889484225,0.04743471011011853,1.495771488412906,-0.06991875571029922,0.05016978173443049,CDC42BPA,0.4516181405244501,0
ATN1,0.45379398124295117,0.06795456701731238,0.050024593735134,1.49134299326516,-0.07040817965800662,0.05066294096388995,CDC42SE2,0.45379398124295117,0
GCNT1,0.45429560948388553,0.06829892598743872,0.04900537529570015,1.4887234962011338,-0.0706568078507869,0.05095766382281357,CDC6,0.45429560948388553,0
SKP1P2,0.45429560948388553,0.06853927030351385,0.04837925989992833,1.4869012603875575,-0.07011512664175545,0.05105562397874179,CDK13,0.45429560948388553,0
LASP1,0.4636168618154107,0.0702055819911166,0.043058334489763796,1.4744013087949333,-0.06950642855222379,0.052211566873981465,CDK14,0.4636168618154107,0
UBC,0.46857553120741197,0.07175641490058243,0.042208868820159895,1.4629710550091481,-0.06867425539506469,0.05323748585420251,CDKAL1,0.46857553120741197,0
AP2B1,0.46857553120741197,0.07179401739173857,0.044769888114390095,1.4626962749692722,-0.06866248873579034,0.05326690246513082,CDSN,0.46857553120741197,0
VAV2,0.46857553120741197,0.07191275510676133,0.04633083801491141,1.4618293237006474,-0.07037993424366396,0.05365122388763852,CDX1,0.46857553120741197,0
CAB39L,0.46857553120741197,0.07223227518697548,0.0463917329667544,1.4595018197436265,-0.07062878547393386,0.05394576119161499,CELF2,0.46857553120741197,0
EPC2,0.46857553120741197,0.07227048294001026,0.04606888999994527,1.4592240288448526,-0.0695332057133556,0.053763998086702645,CELF2.AS2,0.46857553120741197,0
EDC4,0.47257177406938267,0.07315188426424545,0.04103504730002616,1.4528467835864922,-0.06802345462088084,0.054173757395983416,CEP170,0.47257177406938267,0
TMED6,0.47362149481458166,0.0735800078876271,0.04959519483912161,1.4497703645299733,-0.07107966504022448,0.05509268801851873,CERKL,0.47362149481458166,0
WSB1,0.4841617229330581,0.07567725376758973,0.04363545091119297,1.434894503023004,-0.0695910694936784,0.05637792977330821,CERS3,0.4841617229330581,0
ELN,0.4841617229330581,0.07576058367825193,0.04321524855672853,1.4343099694876533,-0.06820456816491179,0.056148873601318,CFL1P1,0.4841617229330581,0
ASB9,0.490661195157703,0.07705279565011601,0.041132484164769806,1.4253075429570092,-0.07041884532556843,0.05766208326306669,CFLAR.AS1,0.490661195157703,0
NUP98,0.4940269319458542,0.0778584228136764,0.040222730688424795,1.4197529365150463,-0.06912827575631716,0.05795725483442759,CGN,0.4940269319458542,0
ANKRD18A,0.5009404951701674,0.07922895100279709,0.04923029528902113,1.4104028692741706,-0.06630329185737097,0.05836828509572541,CHD1L,0.5009404951701674,0
TMEM50B,0.5032534793503024,0.07987702448465259,0.042996219040272975,1.4060241771346984,-0.06969961377998886,0.05970211279743296,CHD3,0.5032534793503024,0
CD164L2,0.5064038471863422,0.08066107268700011,0.04482371516508725,1.400762547723118,-0.06781623109487561,0.05978969874492008,CHD4,0.5064038471863422,0
SURF6,0.5064262452088021,0.08094867071481132,0.04172593511899765,1.398842207338355,-0.06970941376430152,0.06056272095939145,CHD5,0.5064262452088021,0
MSL2,0.513593496178595,0.08238235552836688,0.041367990809773075,1.3893453137627523,-0.06790904032570476,0.06115245227657245,CHD9,0.513593496178595,0
GJA1,0.5156385693588316,0.08299959024452308,0.04341041092463936,1.3852949982452851,-0.06794971412608543,0.06164784885947118,CHGA,0.5156385693588316,0
SMAD3,0.5278531197351085,0.08526174900937254,0.04491914645865675,1.37064143035182,-0.06862936822838817,0.06367250432374023,CHMP4B,0.5278531197351085,0
CCDC7,0.5291726882602079,0.08577168082288283,0.038908378893738584,1.367378613129265,-0.06505588559786092,0.06297230057828673,CHMP4C,0.5291726882602079,0
ILF3.AS1,0.5319509487793683,0.08674736021768668,0.049632301247066926,1.3611759438387117,-0.06679110998989309,0.06422499178892471,CHPT1,0.5319509487793683,0
EZH2,0.5319509487793683,0.08683286101459677,0.046098754361602115,1.360634881756139,-0.06717130801961385,0.06441883536003487,CHTOP,0.5319509487793683,0
EEF1A2,0.5319509487793683,0.08711703704070418,0.04228760999718729,1.358839428033922,-0.06623235691046425,0.06433311058746753,CHUK,0.5319509487793683,0
ANAPC7,0.545751992029993,0.0896833054766057,0.04165041764811505,1.3428201551328074,-0.06596999539634314,0.06625101047744757,CIAPIN1,0.545751992029993,0
RELB,0.5464805557741634,0.09011940262585985,0.04270152083680048,1.3401319662547615,-0.06724065765473206,0.06707855120890888,CIDEA,0.5464805557741634,0
CCT6A,0.5464805557741634,0.09115486672919838,0.03945966406378123,1.3337876526789954,-0.06421731952891702,0.06680219737565926,CIRBP.AS1,0.5464805557741634,0
TRAF3IP1,0.5464805557741634,0.09139257504153231,0.038084394368325704,1.332338762352204,-0.06718838168564319,0.06809201469938365,CKAP2,0.5464805557741634,0
RPS19BP1,0.5464805557741634,0.09151951044796887,0.043025521860663794,1.3315662041178158,-0.06530191122506523,0.06745429524026231,CLIC2,0.5464805557741634,0
FAM120AOS,0.5464805557741634,0.09169660343119662,0.04557267897821653,1.33048970116513,-0.06361823913131899,0.06702499960336251,CLIP1,0.5464805557741634,0
DAZL,0.5464805557741634,0.0920052883899353,0.04283543651340448,1.3286169613635057,-0.06600817050777028,0.06810462047275259,CLIP1.AS1,0.5464805557741634,0
SIN3B,0.5464805557741634,0.0923565311418603,0.044595624900037614,1.3264916819294383,-0.0663237009114857,0.06851416249732721,CLK4,0.5464805557741634,0
FGFR2,0.5464805557741634,0.0924992828719112,0.04107435032538797,1.325629637810014,-0.06673999873269205,0.06880467850511374,CLOCK,0.5464805557741634,0
DCAF11,0.5464805557741634,0.09256148504980222,0.042352645494064305,1.325254321420882,-0.06580722803476612,0.06846920933987517,CLPTM1L,0.5464805557741634,0
RPL31P11,0.5511518907871575,0.09366181879333076,0.047375210581445275,1.3186457356677697,-0.06708485002846834,0.06991100848650551,CLPX,0.5511518907871575,0
PTPN11,0.551276403970143,0.09399216309978882,0.039271617718737946,1.3166728936309477,-0.06541807296299326,0.06945133356105948,CLRN1,0.551276403970143,0
PTGES3L,0.5518327202526061,0.094412128979708,0.04029588030794567,1.3141721989705155,-0.06342981543102118,0.06902810711387088,CLSTN2,0.5518327202526061,0
UBE2Q2,0.5518327202526061,0.09496582577565187,0.0373568230347987,1.3108877078769532,-0.06772974823116004,0.0713091624696005,CLTCL1,0.5518327202526061,0
CHD4,0.5518327202526061,0.09501550483317446,0.04684177362777446,1.310593705775493,-0.0658113016483263,0.07044424735793792,CMPK2,0.5518327202526061,0
WISP1,0.5565566684248139,0.09614102853328248,0.03544506027585264,1.3039629506685855,-0.0627280936927919,0.07009351001417433,CMTM4,0.5565566684248139,0
PTCD1,0.5576902711475995,0.09664963195995976,0.04815390392508941,1.3009853546306631,-0.06330598370797447,0.07069940722941724,CMTR2,0.5576902711475995,0
TCERG1L,0.5584336288133334,0.09727998777445693,0.042259867207549304,1.2973108959460933,-0.06589418560372104,0.07233526412740454,CNDP1,0.5584336288133334,0
TNIP2,0.5584336288133334,0.09740485617551693,0.04084762900378799,1.296585090659205,-0.06549299828956948,0.07224376149906446,CNEP1R1,0.5584336288133334,0
LGALS8.AS1,0.5590624145497664,0.09792586522639987,0.03785182068874149,1.2935640375220312,-0.06535710975923985,0.07260297069555108,CNOT10,0.5590624145497664,0
MAEA,0.5590624145497664,0.09814163530795113,0.03999864247852006,1.292316352279988,-0.06658070312684372,0.07340096404130937,CNOT11,0.5590624145497664,0
MCM3AP.AS1,0.5623159671670653,0.09939700982558348,0.04025186154870442,1.285096748971256,-0.06506994130265381,0.07366868865207743,CNOT2,0.5623159671670653,0
LETM2,0.5623159671670653,0.0994754931468242,0.03608775309339348,1.2846476155545963,-0.06539861388340915,0.0739015992445689,CNOT3,0.5623159671670653,0
SHC2,0.5623159671670653,0.09989348536352066,0.036365096165671316,1.282259940969406,-0.06556167329395984,0.07433251220863221,CNOT8,0.5623159671670653,0
CNOT3,0.5623159671670653,0.09997429141444741,0.039149628122135134,1.2817991992471771,-0.06545767214709343,0.07434462035960585,CNP,0.5623159671670653,0
PIK3CG,0.5648824744278176,0.10074740710490522,0.04011258095687378,1.2774047174809955,-0.0645661128398834,0.07452219714997324,CNPY1,0.5648824744278176,0
DXO,0.5656412383181283,0.10119997477480815,0.03985074195318727,1.2748436740146833,-0.06344542503600811,0.0743317788207412,CNPY4,0.5656412383181283,0
TMCO2,0.5676947807709941,0.10188577108621318,0.03968344062616791,1.2709786682388662,-0.0646165242666223,0.0754841902017592,CNTROB,0.5676947807709941,0
GBGT1,0.5685496724550841,0.1023580733920819,0.04103108328594379,1.2683278706458079,-0.0642255183812458,0.07566137529250137,COBL,0.5685496724550841,0
PREX2,0.5700387776383222,0.10294587010630385,0.04131058626285973,1.265041256702425,-0.063202599750917507,0.07561199992598763,COG3,0.5700387776383222,0
EID2,0.5714754843278952,0.10352584488946168,0.03720343876119311,1.2618117159050315,-0.06195446442158388,0.0754690773839076,COG4,0.5714754843278952,0
MTOR.AS1,0.5845501356165251,0.1062222344025542,0.038098838083154916,1.246967012112559,-0.0625220487919876,0.07789437519420205,COLGALT2,0.5845501356165251,0
RNF32,0.5900209734378051,0.10758249973524818,0.04042660701367388,1.2395814039296345,-0.06356881752150774,0.07961626263101412,COMMD8,0.5900209734378051,0
WDR83,0.5900209734378051,0.10787820378055214,0.04050825982688092,1.2379847897295027,-0.0632266243476231,0.0796525019676457,COPB1,0.5900209734378051,0
SF3A1,0.5956047777920747,0.10923621652719924,0.04294263418175941,1.2306925750001652,-0.06484699345883432,0.08185629060745996,COPB2,0.5956047777920747,0
ADIPOR2,0.5956047777920747,0.10956722777106029,0.036330235110622826,1.2289250111638843,-0.06230752535020788,0.08049431481617063,COPG2,0.5956047777920747,0
TRAFD1,0.5992655646042048,0.11057676430442141,0.044710959553906256,1.2235577627329242,-0.06334813143051411,0.08199807852787573,COPS4,0.5992655646042048,0
WWTR1,0.6011801470525665,0.11126721734567972,0.03846446718784286,1.2199071373257915,-0.06316677944373625,0.08246092263206731,COPS6,0.6011801470525665,0
ATP11C,0.6068182361283573,0.11275142669964947,0.04577004192110776,1.2121142347573846,-0.06302428415420817,0.08362475304437356,COPS7A,0.6068182361283573,0
IDUA,0.6068182361283573,0.11299139337892014,0.03885373431970204,1.2108611758236272,-0.0620837248050918,0.08318652423208629,COPZ2,0.6068182361283573,0
SETDB2,0.6087882393488858,0.11369965434838977,0.03730986402974366,1.2071738163356756,-0.0631084176694568,0.08449649980884251,CORO1B,0.6087882393488858,0
MON2,0.6184831793311868,0.11638979169408503,0.03644839874020289,1.1933156473507869,-0.06255007989607445,0.08640315306353616,COX10,0.6184831793311868,0
NUMB,0.6184831793311868,0.11651134344218518,0.040326536881052956,1.1926948754248243,-0.06224518355664446,0.08627881987301858,CPNE4,0.6184831793311868,0
UBE2D3,0.6184831793311868,0.1165509524707116,0.038300761403620785,1.1924926890403942,-0.0616784505693301,0.08589216482486717,CPT1A,0.6184831793311868,0
FBXW10,0.6216827189021478,0.11750256661246429,0.03508698706834147,1.187649701713587,-0.06206462846906678,0.08699000398920173,CRCP,0.6216827189021478,0
COX10,0.6229241017174728,0.1180865655527234,0.03902772701815048,1.184691335130044,-0.059291586869069254,0.08550060852765459,CRCT1,0.6229241017174728,0
TAP1,0.6250351334988353,0.11883730244313245,0.03890023652750308,1.1809034870339554,-0.061006805197683894,0.08732543133133613,CREB3,0.6250351334988353,0
PEX3,0.62809761038817,0.11977183821198979,0.033052240236052445,1.1762118242221884,-0.06093259336069027,0.08805457437803028,CREBRF,0.62809761038817,0
RNF43,0.6283917076634528,0.12018035463445732,0.036397691547234594,1.1741690537522937,-0.060617632512974626,0.08816298002661212,CRKL,0.6283917076634528,0
DDX47,0.6290111743270612,0.12072786041973983,0.039598649084116755,1.1714389318312048,-0.06036974388107463,0.08842770169339131,CRLF1,0.6290111743270612,0
MAST4,0.6290111743270612,0.12100439304216602,0.034687347018871,1.170063322573082,-0.06070954186090463,0.08892795690357773,CRTC3,0.6290111743270612,0
LIME1,0.6299901823024084,0.12154605872800252,0.04676738337130114,1.1673752075568489,-0.062073956911209344,0.09052030063271316,CSAD,0.6299901823024084,0
SHISA6,0.6322965057888135,0.1223456503068652,0.03658719874078121,1.1634224352731637,-0.0596918286743398,0.08926168437558321,CSE1L,0.6322965057888135,0
RAB36,0.6463151373112179,0.12542066040924363,0.03532357998102029,1.1483877754088194,-0.060102590052631105,0.09219049783319246,CSMD1,0.6463151373112179,0
PTPRB,0.6526168998474596,0.12715663468328123,0.03505090118933801,1.140013531055391,-0.06209594291804608,0.09558306582484662,CSNK1A1L,0.6526168998474596,0
BCDIN3D,0.6526168998474596,0.12774736378966745,0.03503156425392151,1.1371820490502647,-0.06084937677322222,0.09491057079584972,CSNK1E,0.6526168998474596,0
SLC38A3,0.6526168998474596,0.12784260635518585,0.03478838781810034,1.1367263853281238,-0.06000710152059361,0.0942060081642049,CSNK2A2,0.6526168998474596,0
BTF3P11,0.6526168998474596,0.12845587849943324,0.036047165412880965,1.133797976334039,-0.06006501402684087,0.09479520560491876,CSPG4,0.6526168998474596,0
GGACT,0.6526168998474596,0.12847365779386333,0.03815074931927925,1.1337132241737862,-0.06006294026178398,0.09480887601656131,CSRP2,0.6526168998474596,0
BLVRA,0.6564699065873595,0.1296003405040665,0.03756768757039754,1.12835895319253,-0.059999727336157084,0.09573845460976654,CTCFL,0.6564699065873595,0
AURKA,0.6566938170958143,0.13001285330051734,0.04028273802553195,1.1264066614197423,-0.059346847981779124,0.09547729909184566,CTDP1,0.6566938170958143,0
PHKG1,0.6572863532367712,0.13049880484902804,0.03747138116582944,1.1241123009040188,-0.06032587706819311,0.09685506884341591,CTDSP2,0.6572863532367712,0
DDX43,0.6586227109338669,0.13126467552159837,0.03528687584088517,1.1205083009169443,-0.05971665068641714,0.09693027759030386,CTDSPL,0.6586227109338669,0
UBE2NL,0.6586227109338669,0.13182435807134713,0.03551593867439801,1.1178837478993877,-0.06026461674891325,0.09798008436766197,CTNNBIP1,0.6586227109338669,0
ASCC3,0.6586227109338669,0.13187229826325883,0.03678652312040479,1.117659296948092,-0.05945499849321396,0.09720441117496545,CTNND1,0.6586227109338669,0
SENP3,0.6632972350580313,0.1332015940091387,0.03528059165107648,1.1114579541251643,-0.059870784111781566,0.09881229880520126,CUL2,0.6632972350580313,0
ARIH2,0.6632972350580313,0.133552275594971,0.03818097701562554,1.1098290874658947,-0.06074116652750754,0.10005996989012551,CUL4B,0.6632972350580313,0
NMT2,0.6644455441122362,0.13415613902434384,0.03206705265631677,1.1070311066246146,-0.06015183999487813,0.09997381721169091,CUL5,0.6644455441122362,0
GANC,0.6702435196941918,0.13570269804240226,0.032020765313512355,1.0999043988790416,-0.06014718730310786,0.10138621393547309,CYTH2,0.6702435196941918,0
PRKAA2,0.6714873398982515,0.13665427930451163,0.03439026049270131,1.0955470339249584,-0.05984140817095788,0.10191679990401611,DAPK1,0.6714873398982515,0
PRPF38B,0.6714873398982515,0.13670774222269505,0.03336826029295734,1.0953028398646398,-0.05906828290677574,0.1011027266135579,DAZL,0.6714873398982515,0
NFE2L2,0.6767821588129428,0.13816528648789184,0.03421214859808711,1.0886704367410165,-0.05860449332039939,0.10189839832659375,DBP,0.6767821588129428,0
CSPG4,0.6772161994118314,0.13863371440567496,0.03309834130395694,1.0865490465245726,-0.05762637124629639,0.10123871914865833,DCAF11,0.6772161994118314,0
TRIM45,0.6797288778792857,0.13952931536950003,0.03478490502834281,1.0825066520682465,-0.057163280970105534,0.10151694035725674,DCAF12,0.6797288778792857,0
FZD1,0.6805859686200881,0.14038670177291881,0.03456686456485105,1.0786532468546075,-0.05825782143385486,0.10349762418759458,DCAF6,0.6805859686200881,0
STX16.NPEPL1,0.6805859686200881,0.14046866878978825,0.03384151718860818,1.078285695672882,-0.05904453297400906,0.1044989552150582,DCAF8L1,0.6805859686200881,0
IRAK1BP1,0.6806812153544248,0.1414195637577322,0.03653757375056279,1.0740323545005983,-0.059478885119795995,0.10591323072078472,DCPS,0.6806812153544248,0
TRIM39,0.6806812153544248,0.14167092540390153,0.03445563422971515,1.0729112595472259,-0.0593498038323743,0.1059878928157715,DCTN1,0.6806812153544248,0
GLT8D2,0.6806812153544248,0.14224331305399138,0.029973560949578384,1.0703633786127285,-0.05760683304317969,0.10440136736889151,DCTN1.AS1,0.6806812153544248,0
STAU2,0.6806812153544248,0.14228635353506033,0.03163991982473611,1.0701720724283867,-0.05756354308489782,0.1043909808161223,DCTN3,0.6806812153544248,0
CALCR,0.6806812153544248,0.14239713590981518,0.036267406010670994,1.0696798473527558,-0.05849573023415269,0.10560972634375565,DDB2,0.6806812153544248,0
CIRBP.AS1,0.6808304027908813,0.14316788968836258,0.035271727274513213,1.0662624049505744,-0.05849539486942193,0.10631561604764937,DDR1,0.6808304027908813,0
RPS13,0.6808304027908813,0.1433701605032745,0.034570974671729565,1.06536761770921,-0.05828284857199277,0.10624185293654326,DDX10,0.6808304027908813,0
AKT3,0.6808304027908813,0.14357388191215442,0.039221835258019123,1.0644672747998647,-0.05920728032155552,0.10759783176068442,DDX18,0.6808304027908813,0
SUZ12P1,0.6812785960383123,0.14432690334736498,0.03751454236993836,1.0611467744459901,-0.059206930007144394,0.10831041297591201,DDX19A,0.6812785960383123,0
FLJ10038,0.6812785960383123,0.1444966243004669,0.03663982434347239,1.0603999923097267,-0.05894746065316297,0.10813421866312135,DDX19B,0.6812785960383123,0
GM140,0.6812785960383123,0.14493452774413626,0.03146556330180757,1.058475917327866,-0.05816224490678717,0.1075317841214321,DDX23,0.6812785960383123,0
PDCD6IP,0.6812785960383123,0.14537015145545282,0.032733135551615625,1.056565739197101,-0.05816063021903426,0.10793307600120038,DDX24,0.6812785960383123,0
MCCD1,0.6812785960383123,0.14576727343532045,0.030835554495635246,1.054827741247452,-0.05919761231444761,0.10967298602459961,DDX25,0.6812785960383123,0
SF3A2,0.6812785960383123,0.14642964061924166,0.030368911309697762,1.051935969741624,-0.056368489928504725,0.10663542284844725,DDX28,0.6812785960383123,0
OTUD5,0.6812785960383123,0.146442891076514,0.039485051659278875,1.0518782104501345,-0.05755668669054852,0.10814195953994046,DDX42,0.6812785960383123,0
PPP2R5E,0.6812785960383123,0.14679667055558962,0.028628409216796217,1.0503373666425482,-0.05748797716583811,0.10837959587753088,DDX43,0.6812785960383123,0
HSPA9,0.6812785960383123,0.14710726835375784,0.030092942830395732,1.0489866481990682,-0.05716104552928657,0.10824071280876288,DDX47,0.6812785960383123,0
TSNARE1,0.6820813723703739,0.14766315745090539,0.03451966834199199,1.046573980041992,-0.05702235403135529,0.10856606826514685,DDX49,0.6820813723703739,0
PCGF6,0.6843968090703053,0.14856174908751416,0.03374145348928413,1.0426867468492615,-0.05823705246470325,0.11103100969594573,DDX50,0.6843968090703053,0
ARF3,0.6843968090703053,0.14893211549034127,0.03498119604758054,1.041089149608436,-0.05804023754799994,0.11111042936272864,DDX51,0.6843968090703053,0
ATP6V1G2,0.687162005638293,0.1499862839167133,0.03206946939512642,1.0365564096496782,-0.05707358702414036,0.11076779836629437,DDX60,0.687162005638293,0
SRSF8,0.687162005638293,0.15068606400704115,0.02830826023182043,1.0335592014887214,-0.05773942635639907,0.1123522197760459,DEDD2,0.687162005638293,0
SORBS1,0.687162005638293,0.1506900416178197,0.03726793072878294,1.0335421916324787,-0.05727153889493319,0.11169487640382086,DENND1A,0.687162005638293,0
IL10RB,0.6901211963385345,0.1517260285836823,0.031780224510920524,1.0291220329644875,-0.057520700350055895,0.11302546691774278,DENND4C,0.6901211963385345,0
UBE2Q1,0.6905878690620708,0.1522159464618025,0.03334835771722873,1.0270387285987013,-0.056609398591278656,0.11218794075283528,DENND5B,0.6905878690620708,0
AFM,0.6930941793419839,0.1531570985197654,0.028857374882170436,1.0230490723720382,-0.05756331109195937,0.11445678985444649,DEPDC1,0.6930941793419839,0
REEP6,0.6945507690507374,0.1540317313970183,0.028058961908182734,1.019355942168007,-0.05326571813835701,0.10934437975710155,DERL2,0.6945507690507374,0
WARS,0.6945507690507374,0.15425805078187999,0.037059282418482616,1.0184025723593448,-0.056470616183112214,0.11388988791691503,DESI2,0.6945507690507374,0
RNF39,0.6952252151096934,0.1549436084048451,0.03435324533122085,1.015520294949989,-0.05760454053445331,0.11624565076693792,DET1,0.6952252151096934,0
MAN2B1,0.6952252151096934,0.15544061371871717,0.032286983296188156,1.0134360084113372,-0.05680627748515032,0.11550697912629915,DGCR5,0.6952252151096934,0
KDM2B,0.6952252151096934,0.1556079560105263,0.033937400155165824,1.0127352166280266,-0.05746768353851513,0.11668118818029746,DGKE,0.6952252151096934,0
SPG20,0.6952252151096934,0.15596751881316734,0.030607718464231687,1.0112311285758575,-0.056036678086338956,0.11484694126853595,DHRS1,0.6952252151096934,0
YME1L1,0.6981765774845502,0.1570212044707261,0.03257720800186725,1.0068365702181494,-0.05576951624535264,0.11542865556187813,DHRS7B,0.6981765774845502,0
RABGGTA,0.6989387268700228,0.15779445956491678,0.0284843565633136,1.0036239210696023,-0.0566373610656375,0.1175000361673914,DHX16,0.6989387268700228,0
IBA57,0.6989387268700228,0.15807305257507082,0.025732825158421964,1.0024689838064105,-0.0502065048702467,0.109060996970223,DHX29,0.6989387268700228,0
PFDN6,0.6989387268700228,0.15836861786623063,0.034229575611965914,1.0012451461835254,-0.05651087678374658,0.11785210153768111,DHX32,0.6989387268700228,0
ODF2L,0.6996245128398931,0.15891639242857922,0.02786262839645442,0.998980949941919,-0.05667578191524648,0.11864680155301872,DHX40,0.6996245128398931,0
RNF216.IT1,0.7026567065149081,0.1603543295183033,0.03352305262746929,0.9930615391255918,-0.05649109619892418,0.11974625490125732,DHX57,0.7026567065149081,0
RPL23A,0.7026567065149081,0.16064791460180347,0.029938027657774875,0.9918572393903898,-0.05201197013370592,0.11324476406113458,DHX9,0.7026567065149081,0
INTS6.AS1,0.7026567065149081,0.1607874011542807,0.0324091763724776,0.9912855628441634,-0.05651586680659878,0.12021089110758286,DIABLO,0.7026567065149081,0
TMSB15A,0.7027665562048929,0.1612066861961869,0.03298255429943379,0.9895690976080566,-0.05421412454717887,0.11691364189326178,DIAPH1,0.7027665562048929,0
SUN3,0.7049630059365587,0.16210590714188955,0.03312220428527311,0.9858976708489844,-0.05727192126861214,0.1228070024743093,DIAPH2,0.7049630059365587,0
ADNP2,0.7087669733459572,0.16337814136017298,0.03076371704467921,0.9807258550874033,-0.05522820286089513,0.12056690666677156,DKFZP434A062,0.7087669733459572,0
AP1M2,0.7259456648767935,0.1677451564381598,0.0322706180045095,0.9631694350619241,-0.055980800488031814,0.12618665554333158,DLEC1,0.7259456648767935,0
PTPN7,0.7406623825557261,0.1721068163946885,0.030466525216721538,0.9459259830782096,-0.05524085450973572,0.12919092506575222,DLG1.AS1,0.7406623825557261,0
BAZ2B,0.7406623825557261,0.17239513786240007,0.032130066963736256,0.9447960341749735,-0.05489963967545239,0.12881286985967855,DLGAP5,0.7406623825557261,0
CCT6B,0.7406623825557261,0.17241458491230827,0.030469438566951362,0.9447198634600718,-0.05562160919755527,0.13025781767275504,DLX1,0.7406623825557261,0
OSCAR,0.7406623825557261,0.1728073758514762,0.02941365649948764,0.9431825412732905,-0.053686546808672624,0.12687986495978557,DNAJA3,0.7406623825557261,0
ALAS1,0.7406800324605257,0.17322690607741964,0.025010429879747793,0.9415430237874315,-0.053918526460817275,0.12773419598192154,DNAJC11,0.7406800324605257,0
VDR,0.7418943989339016,0.1739270099575832,0.029318603222690278,0.9388126500437056,-0.052315373181976974,0.12537687735767788,DNAJC12,0.7418943989339016,0
TTC18,0.74341199386418,0.17488456174487166,0.03062385502800187,0.9350895336171602,-0.0555338887561957,0.13264206780398588,DNAJC15,0.74341199386418,0
USP34,0.74341199386418,0.17515587303048918,0.03396158549734163,0.9340369859768636,-0.05508986060547234,0.13200768513266245,DNAJC5B,0.74341199386418,0
DCAF12,0.74341199386418,0.17553362278004475,0.028045045220386134,0.9325732330598906,-0.05362176177988719,0.12941175983766617,DNAJC8,0.74341199386418,0
PPP1R12A,0.7519052144662699,0.17812891930379682,0.027183695996213647,0.9225701471383264,-0.054764367360033935,0.1344062233743758,DNAJC9,0.7519052144662699,0
R3HDM4,0.7519052144662699,0.1787882110532112,0.02779355048189725,0.9200437058737818,-0.05455207651484444,0.13463466887732767,DNM1P35,0.7519052144662699,0
PITPNA,0.7519052144662699,0.17880415644066094,0.026791344832812394,0.9199826750361606,-0.05404002858665825,0.13355285754740562,DNM3,0.7519052144662699,0
N4BP2,0.7591724158174926,0.18095809126328344,0.029085958665569213,0.9117697523058517,-0.05204377979745752,0.13148009447027253,DNMT3A,0.7591724158174926,0
MFGE8,0.7605972765737214,0.18236354315017145,0.02590027026143877,0.9064437869392055,-0.05260869353478378,0.1340575278191469,DNPH1,0.7605972765737214,0
KAT2A,0.7605972765737214,0.18246434119512206,0.025949203004889537,0.9060628005065301,-0.051430812631661486,0.1316448097317596,DOCK2,0.7605972765737214,0
GUCY1A2,0.7605972765737214,0.18257747300816196,0.025529344064878896,0.905635352703978,-0.05329420210453531,0.13578335770459007,DOCK3,0.7605972765737214,0
SAP25,0.7631904174537075,0.18362798041931605,0.02715516166788238,0.9016740752071344,-0.053619209973121654,0.13759866801917392,DPF3,0.7631904174537075,0
SEPHS1,0.7685487408344971,0.18563125368615513,0.029513832447636855,0.8941590293960877,-0.0540307269823082,0.14067281134737245,DRAM1,0.7685487408344971,0
SSUH2,0.7685487408344971,0.18577930863694236,0.027606739077478203,0.8936056226055729,-0.05339647696503551,0.13933134715180578,DRG2,0.7685487408344971,0
RPL10L,0.7702976344972076,0.18663785654476628,0.030963297679079023,0.8904018801885436,-0.053621378868781974,0.14076924648674694,DSCR4,0.7702976344972076,0
FUBP3,0.7702976344972076,0.18733653756076873,0.02777023373878092,0.887801424019963,-0.053342202881084926,0.14084098597790717,DXO,0.7702976344972076,0
CRCP,0.7702976344972076,0.18761885573021558,0.02763724126804912,0.8867523515062391,-0.05275957261185813,0.13974236217749786,DYRK1B,0.7702976344972076,0
MTERF,0.7702976344972076,0.18793015760307646,0.030187697091849687,0.8855967079967328,-0.052908009150037724,0.14042108193433733,E2F5,0.7702976344972076,0
PI4KAP1,0.7727164199416467,0.189448418755652,0.024170143422052284,0.87997733976609,-0.04867605897123186,0.1322908541763544,ECHDC1,0.7727164199416467,0
TCIRG1,0.7727164199416467,0.1894689144372722,0.025162176824915786,0.8799016715884003,-0.05335172117842659,0.14313799431996102,EDC4,0.7727164199416467,0
RPL18A,0.7727164199416467,0.18982041050725812,0.02934307911043623,0.8786047634439771,-0.05234512984039088,0.14102745348344123,EDDM3A,0.7727164199416467,0
ADPGK.AS1,0.7740371879953155,0.19120855517141572,0.026398819514916853,0.8734973266252339,-0.0512057388301103,0.13967187684406498,EEF1A2,0.7740371879953155,0
TAOK1,0.7740371879953155,0.19136981422888505,0.02825200836052216,0.8729054791080025,-0.05339191524474661,0.14529677940088734,EEF2K,0.7740371879953155,0
PPP2R3A,0.7740371879953155,0.19144722372738876,0.02590984945316168,0.8726214819912732,-0.05301760202974945,0.14442392514597555,EFCAB14.AS1,0.7740371879953155,0
FNBP1L,0.7812836207789917,0.19367771193736083,0.026643469759358007,0.8644683451429105,-0.05268486958795043,0.1459732591058495,EGF,0.7812836207789917,0
PSMG1,0.7820459091204988,0.1943052931802473,0.025495485053781318,0.8621846825624088,-0.05237396612211749,0.1458341190665002,EGLN2,0.7820459091204988,0
STAT6,0.7847331643384012,0.19561475906617376,0.0281217334198205,0.8574341728709344,-0.05314734898580592,0.1493305399755411,EHD1,0.7847331643384012,0
NDUFS3,0.7847331643384012,0.19637337359769624,0.025798977885824543,0.8546908875417725,-0.05211796039368423,0.14737965056857144,EHMT1.IT1,0.7847331643384012,0
CREBRF,0.7847331643384012,0.1963920775471083,0.025906437748069066,0.8546233319960352,-0.05314480815971738,0.15019207945038057,EID1,0.7847331643384012,0
CALM2,0.7847331643384012,0.19673344052678932,0.026730908790540384,0.85339107023707,-0.05283277514877151,0.1497171445307362,EID2,0.7847331643384012,0
MTFMT,0.7908691026685569,0.19871528771481406,0.02726551150361217,0.8462623724013599,-0.05250140327912648,0.15100013802253176,EIF1AD,0.7908691026685569,0
CMPK2,0.7913790175152927,0.19928725679437265,0.027452400898078284,0.8442129891828295,-0.051194339351317876,0.1479853515979849,EIF2AK1,0.7913790175152927,0
GAL,0.8087046185467552,0.2041038016522938,0.030055024783116818,0.827093556400147,-0.05266701343693841,0.15761398740772203,EIF2AK2,0.8087046185467552,0
FBRSL1,0.8105416357515809,0.20502202900951372,0.030252910683838584,0.8238573882048557,-0.05197592991386456,0.15657510752681136,EIF2B2,0.8105416357515809,0
SMIM13,0.8114011951948863,0.20569452620756512,0.02276065353556311,0.8214927264546484,-0.0512234992536355,0.15504929132195308,EIF2D,0.8114011951948863,0
SDHAP1,0.8177015396455772,0.2083668696197618,0.02361236457713684,0.8121411319487776,-0.050817525365125196,0.1567868970938156,EIF2S3,0.8177015396455772,0
ANXA8,0.8177015396455772,0.20864364747249398,0.024845866829163593,0.8111766365523289,-0.050587820905819314,0.1563785348213624,EIF3B,0.8177015396455772,0
RPL29,0.8177015396455772,0.2086675269426459,0.02784014728783032,0.8110934584698857,-0.05134063941190038,0.15877304740892337,EIF3C,0.8177015396455772,0
PABPC4L,0.8187402204264833,0.20951717932115016,0.021915444571744384,0.8081375516620319,-0.050052267320125236,0.15566615200894293,EIF3E,0.8187402204264833,0
PSPH,0.8187402204264833,0.20985097068698982,0.023541623699615682,0.8069782354146402,-0.05085663560394505,0.15858217900035287,EIF3F,0.8187402204264833,0
HSP90AB4P,0.8203874019382796,0.21100950608228464,0.02266324879194418,0.8029628225558474,-0.04820560185858926,0.15154609719151732,EIF3I,0.8203874019382796,0
SDHC,0.8203874019382796,0.21152919417590343,0.02614813754119774,0.8011658171611425,-0.05085615058392025,0.1604950018507312,EIF3IP1,0.8203874019382796,0
CBX2,0.8203874019382796,0.21165350807156963,0.02242453594724585,0.800736341313331,-0.0512529286850032,0.1619404310554018,EIF3J.AS1,0.8203874019382796,0
ZDHHC7,0.8218812435734109,0.212512992152315,0.024035174925242712,0.7977710516015198,-0.05088417708536412,0.1617209178539902,EIF3L,0.8218812435734109,0
STARD7.AS1,0.8218812435734109,0.21351354103529618,0.02384519033328444,0.794327888594018,-0.0509800942792446,0.1632055715445081,EIF3M,0.8218812435734109,0
HIF3A,0.8218812435734109,0.21373584559930542,0.023239105067676433,0.7935641560417088,-0.04906627895339204,0.15711256690595124,EIF4A1,0.8218812435734109,0
NIT1,0.8218812435734109,0.21421900383571646,0.028649694035785177,0.7919058485709471,-0.0504411783556957,0.16221054709228433,EIF4A3,0.8218812435734109,0
RPS6KA1,0.8218812435734109,0.21434367821740663,0.02668491266585699,0.7914782915575238,-0.04863939360674903,0.1563798637406787,EIF4E,0.8218812435734109,0
CCT5,0.8234815851277643,0.21522289325268545,0.023374521490737925,0.7884672174391933,-0.050053501322654716,0.16205137153334687,EIF4E3,0.8234815851277643,0
RFX6,0.8235833438414236,0.21606551764842014,0.020865312112130115,0.7855881502220787,-0.05116843625962315,0.16687529785610494,EIF4EBP3,0.8235833438414236,0
MYL2,0.8235833438414236,0.21617330617935293,0.024381790021513448,0.7852203297279408,-0.04984620021796292,0.1624292350745368,EIF4G1,0.8235833438414236,0
PGK2,0.8270413304295925,0.2175448031247778,0.026586003261273247,0.7805494319729273,-0.05023960976412995,0.16537858213568457,EIF4G2,0.8270413304295925,0
MOB3B,0.8282096447384588,0.21850541315878236,0.022620277009409797,0.777288006898988,-0.04913663054830566,0.1626188377250517,EIF4G3,0.8282096447384588,0
ZNF664.FAM101A,0.8282096447384588,0.2187811232034852,0.024475685064917374,0.7763534537166867,-0.05029706094491955,0.16703888657686747,EIF5,0.8282096447384588,0
HDAC6,0.8381602355434282,0.22207635350604443,0.023808664390813104,0.7652358068508973,-0.04927013578466067,0.16718550083712722,EIF5A2,0.8381602355434282,0
HDX,0.8381602355434282,0.22234985497029813,0.02147871901191486,0.7643173070593011,-0.04910718163592663,0.16690437664747645,ELAC1,0.8381602355434282,0
TOR1AIP1,0.8449028076956948,0.22461241214119987,0.02314919108749893,0.7567435226598471,-0.050480774035560394,0.17480521071756197,ELANE,0.8449028076956948,0
HNRNPA3,0.8450953375351671,0.22541403652728775,0.025482565115399154,0.754070532845234,-0.04944695673778061,0.1718015168521476,ELAVL2,0.8450953375351671,0
PHF20,0.8450953375351671,0.22570787470079945,0.023942309909137163,0.7530920881501214,-0.04992000253297634,0.1739898139698459,ELF2,0.8450953375351671,0
TRA2B,0.8450953375351671,0.22662851776983994,0.02300281809161924,0.7500311167584558,-0.04962880548529028,0.1739807442204148,ELF5,0.8450953375351671,0
RPS6KA2,0.8450953375351671,0.2266500450146176,0.023201004040206485,0.7499596267007176,-0.049698551965508986,0.1742814922830411,ELMO3,0.8450953375351671,0
TBC1D10A,0.8450953375351671,0.22703346420602638,0.021601823795900702,0.7486869671595487,-0.048920529927734886,0.17169761105466488,ELN,0.8450953375351671,0
IDH3G,0.8493207512563844,0.22898472847938922,0.025881136340119727,0.7422289365852119,-0.04920223776636529,0.17516955175749138,ELOVL2,0.8493207512563844,0
EIF4EBP3,0.8493207512563844,0.22912130193736452,0.025295814794968337,0.7417780844422576,-0.04920730955958648,0.175357377788137,ELOVL6,0.8493207512563844,0
NCLN,0.85222197217366,0.2303819352707258,0.023415858206716367,0.7376236123884469,-0.047253274975248546,0.1690253339942456,EMBP1,0.85222197217366,0
NDUFA11,0.8522318807874109,0.23229946734505885,0.019652996652432156,0.7313285900120631,-0.04924249129752267,0.1794445874813044,EMC6,0.8522318807874109,0
ARHGDIB,0.8522318807874109,0.23234006578200855,0.027099344360393712,0.7311956240088212,-0.049657818855196954,0.18123975008165502,EMR1,0.8522318807874109,0
WTAPP1,0.8522318807874109,0.23258945188975816,0.020335852701874265,0.7303791303086103,-0.04687572415650237,0.1700133099575156,ENO1.AS1,0.8522318807874109,0
KIAA1430,0.8522318807874109,0.23291695942505253,0.024853443359532615,0.7293076049539122,-0.04911130438237931,0.17966871317371993,ENOSF1,0.8522318807874109,0
TRIM23,0.8522318807874109,0.23325839321994557,0.020388537875751286,0.7281914070988347,-0.046714040540045916,0.17010888578842445,ENTHD1,0.8522318807874109,0
AHSA2,0.8522318807874109,0.2334945935608454,0.02065079408743611,0.7274197637331471,-0.04746197110622428,0.17345674372056302,EOGT,0.8522318807874109,0
TM9SF1,0.8522318807874109,0.23373044851656977,0.020820334153486688,0.7266496806698622,-0.04854947702016434,0.17830631847640732,EPC2,0.8522318807874109,0
CORO1B,0.8534287755319502,0.23453735278219606,0.02155731228685116,0.7240183330013159,-0.046132822100726494,0.16916861275341943,EPS15,0.8534287755319502,0
MAP4K5,0.8546035210478085,0.23579745471917268,0.02158810095995274,0.7199190841027414,-0.04868691037624132,0.18147613575143326,EPS15L1,0.8546035210478085,0
CCT4,0.8546035210478085,0.2358188067052842,0.021464073815748,0.7198497280894124,-0.047954305623043404,0.1783252144997401,EPS8,0.8546035210478085,0
PUM2,0.8627337852017273,0.23906028098403242,0.02212724332382642,0.7093604687955658,-0.048507397980548504,0.18483029826555256,ERBB3,0.8627337852017273,0
DAPK1,0.8627337852017273,0.23949189772810514,0.021441414989803887,0.7079696721301804,-0.047171499778200586,0.17935806534625076,ERCC4,0.8627337852017273,0
RAG1,0.8627337852017273,0.23951386633474764,0.021368173563190013,0.7078989194258372,-0.04773622967116453,0.18191954614975175,ERGIC2,0.8627337852017273,0
XRCC6BP1,0.8711767373446196,0.24234641711886223,0.02104344931590769,0.6988057614546499,-0.04632128357164418,0.17894186606843923,ERH,0.8711767373446196,0
PEX26,0.8730290747115806,0.24335134611982928,0.019933080628564758,0.6955935771961231,-0.04547407574839021,0.17625161149782037,ERP44,0.8730290747115806,0
ATP6V0E2,0.8734284885856135,0.24424314821817822,0.022527690658478036,0.6927489948481161,-0.04804590251710866,0.18940472024496482,ESYT2,0.8734284885856135,0
ZRANB1,0.8734284885856135,0.24444240931251887,0.018472500747954493,0.6921141777593862,-0.047341196194033645,0.1862929366832533,ETFA,0.8734284885856135,0
RIC8B,0.8788359338937413,0.24649796987796052,0.020139336778277485,0.6855816416576997,-0.047547494039363473,0.18993866335382287,EXD1,0.8788359338937413,0
VTN,0.8788359338937413,0.24694156078562218,0.019866542184895232,0.684175756984759,-0.04748959937845401,0.19023365502765038,EXOC3L1,0.8788359338937413,0
TRAM1L1,0.8797385991245782,0.24768860166042528,0.020394402324299548,0.6818111908946198,-0.045676860958067354,0.18229732089879797,EXOC8,0.8797385991245782,0
ARHGEF7,0.8962127521551948,0.25515271658380634,0.02150193701945919,0.6583903525965519,-0.04701556379367351,0.19875367530470547,EXOSC2,0.8962127521551948,0
PPP6R2,0.8962127521551948,0.2561425009310212,0.023812498508862173,0.6553118376962287,-0.04690342379375183,0.1994990970628067,EZH2,0.8962127521551948,0
C1orf50,0.8962127521551948,0.25623049204994075,0.0210280257854594,0.6550384607374421,-0.04697412530212014,0.20000552248381107,FAF2,0.8962127521551948,0
BLID,0.8962127521551948,0.25627231296725794,0.01870369051260429,0.6549085457516193,-0.046438741416043976,0.19713931778477142,FAH,0.8962127521551948,0
CCT8,0.8962127521551948,0.2562882194761576,0.021212574816571003,0.6548591357277469,-0.046660595912219216,0.19837144680651858,FAM104B,0.8962127521551948,0
BARD1,0.8962127521551948,0.25634478074964706,0.022902574304009805,0.6546834536895083,-0.04699503459094764,0.20027719152032042,FAM120AOS,0.8962127521551948,0
HEATR6,0.8962127521551948,0.2578576340214765,0.020748598258042084,0.6499919244259365,-0.04581028198105682,0.19579819073531507,FAM120C,0.8962127521551948,0
OGDHL,0.8962127521551948,0.2579223043622889,0.020953197444294705,0.649791693636574,-0.046269880743808896,0.19843068999354574,FAM134B,0.8962127521551948,0
EIF2B2,0.8962127521551948,0.2580469609455141,0.01947394219477403,0.6494058083418924,-0.046162163903639614,0.19800068815778216,FAM135A,0.8962127521551948,0
PCNT,0.8962127521551948,0.25816811571271037,0.02154708012404477,0.6490308558721786,-0.04679136065523048,0.20166995899111753,FAM13C,0.8962127521551948,0
HDAC4,0.8962127521551948,0.2582459610282778,0.019418292038103895,0.6487899866044781,-0.04577944187612108,0.19614106488559574,FAM168B,0.8962127521551948,0
PRKAG2.AS1,0.8962127521551948,0.25868402797617907,0.01850231139398913,0.6474352193301405,-0.04545752112699029,0.1949278144620615,FAM169A,0.8962127521551948,0
ADRBK2,0.8962127521551948,0.2588612267862733,0.024384147570680467,0.646887551246271,-0.04694892226976829,0.2035192023737791,FAM193B,0.8962127521551948,0
NAT14,0.9026613952871932,0.2616525169378182,0.018983996382309538,0.6382859143262827,-0.04579865669559452,0.20081564252581158,FAM205A,0.9026613952871932,0
GIF,0.9026613952871932,0.2617363664405378,0.017706787577071437,0.6380282562181485,-0.04573424116483186,0.20055709415646514,FAM208B,0.9026613952871932,0
STXBP4,0.9039347402466299,0.2640587103585306,0.02040189753790649,0.6309087315247611,-0.0458671761315994,0.20452913308879062,FAM35A,0.9039347402466299,0
KIAA0101,0.9039347402466299,0.2642805306237903,0.020701233198186387,0.6302303812115739,-0.04560113174622273,0.20325334413072468,FAM50A,0.9039347402466299,0
RBM38,0.9039347402466299,0.26469432326407305,0.01997118021653053,0.6289657330355859,-0.045201478824839915,0.20144033850921203,FAM65C,0.9039347402466299,0
MAN1B1.AS1,0.9039347402466299,0.26496306197980485,0.01831131885052252,0.6281449425925626,-0.04446883747402284,0.19744132883389076,FAM78A,0.9039347402466299,0
SCAMP3,0.9039347402466299,0.2650890135829655,0.019361488363635725,0.6277604027889075,-0.046337110933053934,0.20879617003421863,FAM78B,0.9039347402466299,0
CAMK2N1,0.9039347402466299,0.26514743081827674,0.020816541474434243,0.6275820820481127,-0.04459026597632085,0.19840568373595283,FAXC,0.9039347402466299,0
MGAT2,0.9073332932269956,0.2666531944200481,0.01973444814570317,0.6229925413188034,-0.045338300196893354,0.20494953397752566,FBRSL1,0.9073332932269956,0
DOCK3,0.9079854551373635,0.26735410204549404,0.02193146191923016,0.6208606611382023,-0.04492336927605547,0.20337429298725684,FBXL4,0.9079854551373635,0
C11orf63,0.9160905582134152,0.2710854979117362,0.019681506473776523,0.6095582762820329,-0.04521811578940128,0.2104411025759529,FBXO15,0.9160905582134152,0
UBE2I,0.9160905582134152,0.27142210879330075,0.017354051508594148,0.6085425235153298,-0.04531957463676345,0.2115764181032692,FBXO2,0.9160905582134152,0
USP2,0.9160905582134152,0.2718777434100007,0.020760316464654382,0.6071686054683751,-0.04565488334331217,0.21440509274463979,FBXO3,0.9160905582134152,0
FBXW4,0.9160905582134152,0.27201388476517585,0.01797431489589575,0.606758308021115,-0.04515396575161228,0.21135979173428007,FBXO39,0.9160905582134152,0
NEK8,0.9160905582134152,0.2727292593515397,0.020914731818687915,0.6046040157559461,-0.044556382627571375,0.20849540729996088,FBXO8,0.9160905582134152,0
NARS2,0.9160905582134152,0.27286932331518177,0.019230206212240395,0.6041825531563706,-0.044422595560349554,0.20781890635241598,FBXW10,0.9160905582134152,0
EOGT,0.9160905582134152,0.2733371716037784,0.01887528100954809,0.602775540884831,-0.0446627807348051,0.21004889819053113,FBXW12,0.9160905582134152,0
FOXL1,0.918454573817414,0.27455764881922695,0.018447019398121985,0.5991106642932333,-0.04534440765594931,0.21632573360716334,FBXW4,0.918454573817414,0
OCIAD2,0.9299071950694658,0.27881681152557075,0.01926579517040326,0.5863835180973428,-0.044658456487634786,0.21797804396712808,FCN1,0.9299071950694658,0
NNT.AS1,0.9299071950694658,0.2796477612559985,0.01783989862515893,0.5839115902530986,-0.04455608615436029,0.21849888914805965,FDPSP2,0.9299071950694658,0
KDM4D,0.9299071950694658,0.2804939551862413,0.017071117329579024,0.5813979752058321,-0.04494917065585346,0.22255320976204354,FES,0.9299071950694658,0
DDX25,0.9299071950694658,0.28057040769734365,0.01782519506453688,0.5811710544695922,-0.04399422580548179,0.21589103118229275,FGD4,0.9299071950694658,0
DDX49,0.9299071950694658,0.28112613440225825,0.017740755226862255,0.5795224853211687,-0.044388509374017227,0.21951897512923818,FGD5P1,0.9299071950694658,0
RASSF4,0.9299071950694658,0.2814634643410466,0.017387196203614903,0.5785225604805786,-0.04365038349097302,0.21473796535123332,FGFR2,0.9299071950694658,0
SRPK3,0.9299071950694658,0.28288903363482226,0.017360794171582084,0.5743032042308291,-0.04468962449448448,0.22436967185372075,FIRRE,0.9299071950694658,0
GTPBP10,0.9299071950694658,0.2829922565851851,0.016188464516957504,0.5739980856393437,-0.04289902747198302,0.21150499686856172,FLII,0.9299071950694658,0
IMPDH1,0.9299071950694658,0.2836472798780747,0.019730246616489627,0.5720631338004876,-0.04398736319555408,0.2203906745648795,FLJ10038,0.9299071950694658,0
ACTBL2,0.9299071950694658,0.28392248994914626,0.015101161945864717,0.5712507968046048,-0.04210495261808916,0.20704717601677217,FLNB,0.9299071950694658,0
STAT5B,0.9299071950694658,0.2840815666590888,0.015654796711508653,0.5707814223197313,-0.043790344372579455,0.21959039842008377,FLRT1,0.9299071950694658,0
ACP2,0.9299071950694658,0.284958497766688,0.01848001563355468,0.5681961865654925,-0.043668079439508664,0.2199908788743393,FMNL2,0.9299071950694658,0
PPIA,0.9299071950694658,0.28497550192890586,0.0180127584000684,0.5681460950358782,-0.04354123413844063,0.21907227192792347,FNBP1L,0.9299071950694658,0
NPM1,0.9299071950694658,0.2855573791324926,0.016225043433885814,0.5664328360122018,-0.04417662843614254,0.2246949923960303,FNDC1,0.9299071950694658,0
KIAA0930,0.9299071950694658,0.2858043426237057,0.017577148873259542,0.5657061879004288,-0.044538185713018534,0.22778999488881216,FOXJ3,0.9299071950694658,0
UPF3A,0.9314145696309314,0.28679001611182353,0.019232113720519563,0.5628089790945184,-0.0438581067935698,0.2241848197840364,FOXK1,0.9314145696309314,0
PBX1,0.9335229528949914,0.2879627729064752,0.019634912047731497,0.559368014194196,-0.042786255857181495,0.2177591707834017,FOXL1,0.9335229528949914,0
COPZ2,0.9338772955467343,0.28892117659314887,0.01684290039266207,0.5565608907639689,-0.04395516769052303,0.2282326555581486,FTLP10,0.9338772955467343,0
ELOVL6,0.9338772955467343,0.28989349673047987,0.016263854306848274,0.5537174815078931,-0.04340520686760999,0.2254493459377122,FTSJ2,0.9338772955467343,0
SPR,0.9338772955467343,0.2903584934267237,0.014958411519230778,0.5523592484292889,-0.04377099547946521,0.22904972489874761,FTX,0.9338772955467343,0
EIF4E3,0.9338772955467343,0.2910583748374108,0.01744019976056247,0.550316846872194,-0.0429522037317501,0.22364896760029956,FUBP3,0.9338772955467343,0
FTLP10,0.9338772955467343,0.29136654124188704,0.017482146545856312,0.5494182802832167,-0.04151310701157705,0.2127118394469454,FUCA1,0.9338772955467343,0
CD5,0.9338772955467343,0.29208298939934896,0.015911151923923297,0.5473309377617432,-0.04290265653539482,0.22480932941739457,FUT1,0.9338772955467343,0
WDR62,0.9338772955467343,0.29326766984940356,0.01470145607086801,0.5438846388746101,-0.04267612129685987,0.22478124853788167,FXR2,0.9338772955467343,0
EIF3C,0.9338772955467343,0.2937187211270273,0.01625179802081127,0.542574204963929,-0.04292441598039411,0.22749748894886798,FXYD6,0.9338772955467343,0
XPNPEP2,0.9338772955467343,0.29373509667270264,0.015439595598989489,0.5425266468238908,-0.043206383521057004,0.22982901788583107,FYCO1,0.9338772955467343,0
TRAPPC12,0.9338772955467343,0.29398811500763544,0.018122054776505286,0.5417919825006965,-0.04275852666034067,0.22655570690653734,FYTTD1,0.9338772955467343,0
RNF8,0.9338772955467343,0.2940218365102864,0.015906902791378224,0.541694090797978,-0.04306425208896593,0.2291154682613714,FZD1,0.9338772955467343,0
INS,0.9338772955467343,0.29435728552847146,0.01825060916731952,0.5407205828192369,-0.043325192495727735,0.23178897969641618,G6PC,0.9338772955467343,0
PSMD12,0.9346989164385687,0.295344115062939,0.015058408915369621,0.5378596651896411,-0.041924386753816656,0.22172538007718418,GABARAPL3,0.9346989164385687,0
TRAPPC10,0.9346989164385687,0.29654591451181,0.017766501630817444,0.5343814612705509,-0.042795901808488634,0.23085148817180168,GAL,0.9346989164385687,0
SP3,0.9346989164385687,0.2966565501884974,0.016097527265665684,0.5340615889463933,-0.04308496579320762,0.2334658479081891,GANC,0.9346989164385687,0
PSMB9,0.9346989164385687,0.2967131725766853,0.015807275813763066,0.5338979021820116,-0.0418218691686353,0.2229001441250616,GAPDHS,0.9346989164385687,0
WASF1,0.9359346244213292,0.2977378644022787,0.01894367503061268,0.5309381381124373,-0.0432577840206345,0.23668494460641237,GAR1,0.9359346244213292,0
TMEM30B,0.9359346244213292,0.2981552813636091,0.017954833715776834,0.529733786514057,-0.04210607274685283,0.22749672199041354,GART,0.9359346244213292,0
DNPH1,0.9401255397894174,0.30001762879426724,0.015467516855471515,0.5243697698319413,-0.04271610212390377,0.23572419505322,GATAD2A,0.9401255397894174,0
MKRN2OS,0.9411049567204821,0.3013246343642151,0.015168480384620561,0.5206142731734115,-0.043671498884949256,0.2463055533193178,GATC,0.9411049567204821,0
C16orf70,0.9411049567204821,0.30138582741861764,0.016421969202211145,0.520438623774052,-0.04267695369696572,0.23761261048134008,GBA3,0.9411049567204821,0
TIRAP,0.94720887452755,0.3042506960298348,0.01619316826391198,0.5122330956348775,-0.042774394346558844,0.2432685277797142,GBGT1,0.94720887452755,0
MAPKAPK3,0.94720887452755,0.30467979689925795,0.014891624167082493,0.5110070472467646,-0.04188820718445534,0.2358490515128591,GCNT1,0.94720887452755,0
CDK13,0.94720887452755,0.30527686563191125,0.016823912234929284,0.5093023494319096,-0.04173990838884089,0.23544286107682819,GDNF,0.94720887452755,0
CCNYL1,0.94720887452755,0.3054655652570618,0.016650733406468603,0.5087638988675734,-0.04265482464758878,0.24423327924037852,GGA3,0.94720887452755,0
PPP1R1A,0.9511974351137927,0.3074599747027795,0.015418178329974908,0.5030818624929113,-0.04265392033664154,0.2476540591044891,GGACT,0.9511974351137927,0
PDCD6IPP2,0.9511974351137927,0.3078187998096794,0.015030890991638766,0.5020613034915906,-0.04236146885989076,0.24550386156604737,GGPS1,0.9511974351137927,0
SMARCD2,0.9518111137247884,0.3091950064296471,0.015512056435335254,0.49815197294445507,-0.04184341089815085,0.2428812867631073,GHR,0.9518111137247884,0
BFSP1,0.9518111137247884,0.30966575541400115,0.014639787629952621,0.4968164854332243,-0.04237318825656639,0.2488108250552853,GIF,0.9518111137247884,0
PWWP2B,0.9518111137247884,0.30974699121363825,0.014103254240841523,0.49658611388663626,-0.04218278437645966,0.24710802444398394,GIMAP1,0.9518111137247884,0
GLUD1P3,0.9518111137247884,0.31066193410846193,0.015433217907786257,0.49399329989133534,-0.04229421367805232,0.24978604753040612,GJA1,0.9518111137247884,0
EIF4G2,0.9518111137247884,0.31068652169816424,0.014715187620417045,0.4939236681509971,-0.042731281053512565,0.2540930150558094,GLG1,0.9518111137247884,0
RPL19P12,0.9554450589979524,0.3129242997504462,0.01662437375268992,0.48759627447472703,-0.04007139493215448,0.2314687871990441,GLI1,0.9554450589979524,0
SARDH,0.9554450589979524,0.3129444276246799,0.015183278071478934,0.48753945110175984,-0.042063614702191374,0.2515272491595068,GLOD5,0.9554450589979524,0
HIATL1,0.9567493762269034,0.31390823617091335,0.014873673754527406,0.48482034304411464,-0.042191552746075514,0.25453499763357185,GLT8D2,0.9567493762269034,0
TAPBPL,0.9571521328790833,0.31485672032480827,0.014534269044821706,0.48214796371950075,-0.040733035263874534,0.24129156470181734,GLUD1P3,0.9571521328790833,0
SRCIN1,0.9571521328790833,0.31511402243411213,0.015458532966213098,0.48142360238946696,-0.040455070770893393,0.2388534812575128,GM140,0.9571521328790833,0
CAPN10,0.9617144285930018,0.3171554032600589,0.014094624672160192,0.47568557635217723,-0.03980119127316653,0.23534065567219709,GMIP,0.9617144285930018,0
BRD4,0.9688633512547992,0.3200563734655506,0.013451703926764222,0.4675581755909509,-0.04111983711150078,0.2543748798662521,GML,0.9688633512547992,0
MAATS1,0.9689221343843507,0.32061921440648733,0.013036541466777721,0.46598490019930394,-0.040222673339794485,0.2455720369607291,GMPS,0.9689221343843507,0
SPDEF,0.9754996865228616,0.3233428573948464,0.015117469027769623,0.45838784945822103,-0.04107624575012634,0.25989530426540564,GNA14,0.9754996865228616,0
SRRM2,0.9767492447619349,0.32468821891728883,0.014169649534748256,0.45464500307478534,-0.04092927708886486,0.26073424429271436,GNAI3,0.9767492447619349,0
TXLNB,0.9767492447619349,0.325165896330304,0.012448942741684387,0.45331762004568515,-0.04084809398062022,0.26069687900852867,GNAL,0.9767492447619349,0
ADCY8,0.9767492447619349,0.32566129631843105,0.013686887419786813,0.4519418322926699,-0.040882064696858296,0.262013444419272,GNAS.AS1,0.9767492447619349,0
PPP2R1B,0.9767492447619349,0.3259482897551045,0.013543071006051177,0.4511452069663603,-0.04116095755270542,0.2657661851059953,GNB1L,0.9767492447619349,0
VAMP3,0.9776792167145721,0.3268069619528239,0.014669899154431782,0.44876344425328857,-0.04103581832211435,0.2659647495234889,GNB2L1,0.9776792167145721,0
HNRNPC,0.9828558509216527,0.32908858272587027,0.012536804690960817,0.442447050273025,-0.04003388455771398,0.25841228222225937,GNB3,0.9828558509216527,0
LARS,0.986749331140669,0.3317325803267579,0.013928758885505772,0.4351494574953608,-0.04054474046172402,0.26964517618778333,GNL3,0.986749331140669,0
RNF41,0.986749331140669,0.3319536342267805,0.013408613179848755,0.4345403893005438,-0.04053357862707943,0.26994170176215426,GNPDA1,0.986749331140669,0
FDPSP2,0.986749331140669,0.33254364565117694,0.013189150360342967,0.43291552347451506,-0.039460819245926454,0.25774462346967203,GOLGA2P2Y,0.986749331140669,0
FAM50A,0.986749331140669,0.33260591588084243,0.014488739761174771,0.432744100710986,-0.040126349727063665,0.26617008286304905,GOLGA7B,0.986749331140669,0
ARF1,0.9879821314134177,0.33357557101002666,0.01275973637126599,0.4300763883828051,-0.039765252547234474,0.26349817158729416,GOLPH3L,0.9879821314134177,0
SMCR9,0.9939635625183758,0.3361525676941002,0.012297139501066638,0.42300135389717936,-0.03980219655654474,0.268942854676089,GOPC,0.9939635625183758,0
ADD3.AS1,0.9974022738064067,0.3378749149630228,0.014016240889300343,0.41828452338089195,-0.04008865109323948,0.27611682024868917,GORAB,0.9974022738064067,0
EDDM3A,0.9988120052652605,0.338912654618891,0.015941015007932154,0.41544705675041593,-0.04003017539832287,0.2774639267613528,GOSR1,0.9988120052652605,0
PRPF40B,0.999364035596872,0.3396604630239509,0.015610106355353277,0.41340441535044287,-0.04002086196512905,0.2788781123973354,GOSR2,0.999364035596872,0
HNRNPUL2.BSCL2,0.9996655964033789,0.34093691509048407,0.01114839832122303,0.4099217576021548,-0.03913018067445632,0.2693924241757278,GOT1,0.9996655964033789,0
SMC5.AS1,0.9996655964033789,0.3421589664775615,0.013868239683321569,0.4065921792250774,-0.039432604826467176,0.27601267428108206,GPATCH3,0.9996655964033789,0
DDX18,0.9996655964033789,0.34271544253967645,0.013272390487508449,0.4050775096274964,-0.03940207884710522,0.27672911331203753,GPBAR1,0.9996655964033789,0
RAD50,0.9996655964033789,0.34279360537376274,0.014042210961342847,0.404864833076786,-0.039269582332652896,0.2750422154382224,GPBP1L1,0.9996655964033789,0
TAX1BP3,0.9996655964033789,0.35014816837220336,0.013944122318797523,0.3849336680227433,-0.03887569388559852,0.2847248810447919,GPC1,0.9996655964033789,0
MAP2K4,0.9996655964033789,0.3502579975138781,0.012811686117332724,0.38463720206658947,-0.0389209061357716,0.2856454895850934,GPIHBP1,0.9996655964033789,0
CALML3,0.9996655964033789,0.350559354779318,0.011687521974202428,0.38382391054152054,-0.038488275258802426,0.27971080468588283,GPN2,0.9996655964033789,0
ACKR1,0.9996655964033789,0.35130959213755353,0.0121841723691847,0.3818002995178996,-0.039031205447471566,0.28962016355264797,GPR108,0.9996655964033789,0
DNAJC15,0.9996655964033789,0.3515331795366007,0.011295366048359562,0.38119752116681527,-0.03854130350990035,0.2825929039758717,GPR110,0.9996655964033789,0
PDC,0.9996655964033789,0.3515832944458427,0.012614877538045665,0.38106243335637424,-0.03876408891794529,0.28613125431819325,GPS2,0.9996655964033789,0
LUC7L,0.9996655964033789,0.35183802533761954,0.01156736839242726,0.38037589806283995,-0.038949108597959296,0.2895319560475202,GPT,0.9996655964033789,0
SIKE1,0.9996655964033789,0.35268674590990157,0.011319428628933443,0.37808976895357077,-0.03842011836126841,0.2831849741466343,GRB7,0.9996655964033789,0
EEF2K,0.9996655964033789,0.35300692573378795,0.011597903292323073,0.3772278405603446,-0.038018158372038376,0.27754814269839395,GRK1,0.9996655964033789,0
CSMD1,0.9996655964033789,0.3530931307864238,0.01226418276734403,0.37699582330739756,-0.038596303457141073,0.2868238362583616,GRK7,0.9996655964033789,0
PSMC3,0.9996655964033789,0.35601364813491077,0.011034211839553883,0.36914726161062544,-0.03799563790150354,0.2835910668646172,GRTP1,0.9996655964033789,0
MDH1B,0.9996655964033789,0.3576810240179058,0.010783757806380415,0.36467658462515457,-0.03764115008092572,0.2813474880530759,GSK3B,0.9996655964033789,0
RCVRN,0.9996655964033789,0.35779250124421313,0.010687452744865171,0.3643779454170967,-0.03788901793565253,0.2857195193907282,GSPT2,0.9996655964033789,0
YY1P2,0.9996655964033789,0.35786550864714384,0.010584627607033603,0.36418238162054895,-0.03781845964306252,0.28470476242540915,GSTM1,0.9996655964033789,0
CALCOCO2,0.9996655964033789,0.3583806442279957,0.01155612005905537,0.36280289126496845,-0.038230837897656675,0.29272089152914843,GTF2F2,0.9996655964033789,0
H2AFX,0.9996655964033789,0.35891023541100325,0.010540779305200273,0.3613854094331386,-0.038039240710560564,0.2907195015741101,GTF3C1,0.9996655964033789,0
DLX1,0.9996655964033789,0.3589361147266674,0.011134790432501788,0.3613161605583369,-0.0377723676409154,0.2862862358479114,GTF3C2,0.9996655964033789,0
GYS2,0.9996655964033789,0.35960359099734945,0.010667940526157512,0.359530699208347,-0.03814722566882162,0.2941132209387899,GTF3C2.AS1,0.9996655964033789,0
IL17A,0.9996655964033789,0.36092311858371484,0.011165371663029354,0.3560044012410852,-0.037759211323442746,0.29050683722302945,GTF3C4,0.9996655964033789,0
LBX1,0.9996655964033789,0.3616692140347103,0.01040828259624633,0.35401250046560834,-0.03793890868500861,0.2953182908558595,GTPBP10,0.9996655964033789,0
PARP8,0.9996655964033789,0.36297029535042663,0.01138005983690965,0.35054226949093537,-0.03807234896618315,0.3006912477237763,GTPBP3,0.9996655964033789,0
TUBGCP3,0.9996655964033789,0.3634509776405505,0.010272288826656638,0.34926126799916224,-0.0373098364822994,0.2883402086058862,GTPBP6,0.9996655964033789,0
NFXL1,0.9996655964033789,0.3641545396631515,0.010213748265823575,0.3473873320836866,-0.037327235094488556,0.29024701002574815,GUCY1A2,0.9996655964033789,0
FUT1,0.9996655964033789,0.3664797590800928,0.009755554921248601,0.341202744059651,-0.037447966753836624,0.2978500224961716,GYS2,0.9996655964033789,0
FBXL4,0.9996655964033789,0.3674117931191448,0.009925990735936053,0.3387274052015827,-0.037115693700612726,0.29389108154908355,H2AFX,0.9996655964033789,0
CHD9,0.9996655964033789,0.36807438285721,0.01161714387803237,0.33696893127864347,-0.037243480775129935,0.29784736740430534,H2AFY2,0.9996655964033789,0
ARPP21,0.9996655964033789,0.36848334679002676,0.01041405786142567,0.3358840854389985,-0.03767266355546097,0.306865241467687,H3F3C,0.9996655964033789,0
NUGGC,0.9996655964033789,0.3692685226254786,0.010935552477088455,0.33380238043731103,-0.037161252031224994,0.2991544469441602,HADHB,0.9996655964033789,0
PRMT6,0.9996655964033789,0.37100685113475507,0.009256230204737327,0.3291987477281293,-0.03756405881177895,0.31114350752568115,HARS2,0.9996655964033789,0
GML,0.9996655964033789,0.37252315541480097,0.010977811592747353,0.3251887972259052,-0.03721402483147258,0.30819581848713273,HBQ1,0.9996655964033789,0
RAB8A,0.9996655964033789,0.3728033517934608,0.010871553683274032,0.32444837644892555,-0.03707773266208433,0.3062149086592642,HCN1,0.9996655964033789,0
RBM24,0.9996655964033789,0.3728146178506818,0.009359343796865647,0.32441860954092344,-0.03697773242583327,0.304262784765521,HDAC10,0.9996655964033789,0
SSSCA1,0.9996655964033789,0.3741084629099889,0.01026149572393294,0.3210019472689725,-0.03652875327892991,0.29843363730244044,HDAC4,0.9996655964033789,0
PPP3CC,0.9996655964033789,0.3742258287591466,0.010323008484755813,0.32069220467318493,-0.03688079462081734,0.305853094820893,HDAC6,0.9996655964033789,0
IMP3,0.9996655964033789,0.3744871457505239,0.007679312612758579,0.3200026681578103,-0.03543879472470563,0.2769505600937061,HDGFL1,0.9996655964033789,0
HNRNPU,0.9996655964033789,0.374595736915178,0.009859528067764328,0.3197161736807085,-0.03640810670300254,0.2971568349860677,HDX,0.9996655964033789,0
EIF5A2,0.9996655964033789,0.3747683005273259,0.009633555777641255,0.3192609556079779,-0.03667166868151171,0.3029681712366773,HEATR6,0.9996655964033789,0
IPO9.AS1,0.9996655964033789,0.37540184549098904,0.010306899598958507,0.3175902478129962,-0.03714043195585031,0.31411262639088383,HECTD1,0.9996655964033789,0
CGN,0.9996655964033789,0.37553427521055566,0.01022946654050021,0.3172411324043624,-0.03704303862189372,0.31248083632722107,HECTD2,0.9996655964033789,0
TULP1,0.9996655964033789,0.3755927771479045,0.01127498211921115,0.31708692006602546,-0.0371640860256886,0.31509068692917735,HERC4,0.9996655964033789,0
FCN1,0.9996655964033789,0.37783897804675776,0.008636131675744495,0.3111715492242336,-0.0366392638572497,0.3100953465341025,HEXA.AS1,0.9996655964033789,0
CNEP1R1,0.9996655964033789,0.3780335618304301,0.00833365953049814,0.3106596278861907,-0.03623428847373211,0.3019983642603977,HIATL1,0.9996655964033789,0
USP4,0.9996655964033789,0.3802406295310981,0.008539510858006647,0.30485881699799733,-0.03659205738777731,0.31540391141048824,HIF3A,0.9996655964033789,0
FAM78B,0.9996655964033789,0.3819313688316032,0.009760000147217427,0.3004220061116323,-0.03635444746734768,0.3147228866521644,HIPK1.AS1,0.9996655964033789,0
SEC24D,0.9996655964033789,0.3829249803442143,0.009304993156309645,0.29781734895235096,-0.036533750900896014,0.321410393126733,HK2,0.9996655964033789,0
PPP6R1,0.9996655964033789,0.38311340201518823,0.010031680601268196,0.29732364802063704,-0.036062911438047275,0.31134310975985346,HLA.F,0.9996655964033789,0
RAC1,0.9996655964033789,0.3833917073182689,0.010800788429794483,0.2965945672514759,-0.036556916268078284,0.32322035838948304,HMG20B,0.9996655964033789,0
C14orf164,0.9996655964033789,0.3838416620595503,0.008488282607213807,0.2954161470228113,-0.03615628738472268,0.3154189955172299,HMGN5,0.9996655964033789,0
PRR15,0.9996655964033789,0.38444870252618396,0.009048600708001626,0.2938269727600818,-0.03602763153584479,0.31411729163816127,HMGXB4,0.9996655964033789,0
SP4,0.9996655964033789,0.384467355491041,0.009517480788623101,0.2937781528414067,-0.036037445542735566,0.31439333902352296,HMHB1,0.9996655964033789,0
UQCRBP1,0.9996655964033789,0.38451634746454116,0.009681728871531207,0.2936499307608837,-0.035816998151795426,0.3094344971286401,HNRNPA3,0.9996655964033789,0
CD38,0.9996655964033789,0.38461424092701957,0.008438129975671923,0.29339373787635514,-0.036098491034895354,0.3161963625467489,HNRNPA3P1,0.9996655964033789,0
MKL2,0.9996655964033789,0.38469480719290683,0.00984583002339753,0.29318290572015415,-0.03640753798657698,0.32349057853043167,HNRNPC,0.9996655964033789,0
BRAT1,0.9996655964033789,0.3855340187460111,0.008468868449663085,0.29098756362842093,-0.036139187034699496,0.319665938430589,HNRNPCL1,0.9996655964033789,0
NUP210L,0.9996655964033789,0.3860301402212389,0.009560657134260058,0.2896903907841397,-0.03628292596088236,0.32438723794447755,HNRNPDL,0.9996655964033789,0
OSBP2,0.9996655964033789,0.3880450867324561,0.007999099650371301,0.28442703835996896,-0.03591198497858438,0.3213349472523754,HNRNPF,0.9996655964033789,0
MAPKAP1,0.9996655964033789,0.3898811631389328,0.008447293505800316,0.2796377785346657,-0.035899237304927126,0.3262788431030611,HNRNPH1,0.9996655964033789,0
IVD,0.9996655964033789,0.3905858779902945,0.009245134580897783,0.27780129386038127,-0.03559480986410036,0.3207894550335627,HNRNPH2,0.9996655964033789,0
ELAVL2,0.9996655964033789,0.39127769081566033,0.007695959145374467,0.2759993428643067,-0.035810171136659866,0.3281571207824053,HNRNPK,0.9996655964033789,0
KIAA0355,0.9996655964033789,0.3918177740775754,0.007471122391118081,0.27459322182649365,-0.03537421744618856,0.31874386609984373,HNRNPKP3,0.9996655964033789,0
RAD23B,0.9996655964033789,0.39260328115927734,0.009938100969297207,0.27254910130438703,-0.035473690741985926,0.32354285543162725,HNRNPLL,0.9996655964033789,0
EIF4G1,0.9996655964033789,0.3943134263350571,0.007219966207350599,0.268102724027552,-0.03528013568495512,0.32352662632445406,HNRNPR,0.9996655964033789,0
SLC44A3,0.9996655964033789,0.39509780147255935,0.008122597529738757,0.2660651259817151,-0.03536392747029649,0.3280577296990911,HNRNPU,0.9996655964033789,0
TFIP11,0.9996655964033789,0.39539616621214047,0.007704760562478972,0.2652903441344121,-0.03563990696579398,0.33621243350268154,HNRNPU.AS1,0.9996655964033789,0
ARPC4.TTLL3,0.9996655964033789,0.3965850235244005,0.008672369081553274,0.2622047422058414,-0.03485454354900671,0.3187780888837975,HNRNPUL2,0.9996655964033789,0
FTX,0.9996655964033789,0.39705802504315957,0.0072960577686796545,0.2609777930733406,-0.035216031591838254,0.3300292077136587,HNRNPUL2.BSCL2,0.9996655964033789,0
RNF40,0.9996655964033789,0.3972271075451788,0.007241838423500453,0.2605392944820081,-0.03513432110106807,0.3283235215000654,HPCA,0.9996655964033789,0
HDAC10,0.9996655964033789,0.3983445842118548,0.00809893140378256,0.2576424854445074,-0.03499736264679242,0.3279586901336057,HPS3,0.9996655964033789,0
PDCD2L,0.9996655964033789,0.39856622069700737,0.008180749943166496,0.25706819992367674,-0.03491629084784883,0.32637878394770237,HSP90AB1,0.9996655964033789,0
MIAT,0.9996655964033789,0.39998987873716335,0.008561876073602495,0.25338135091318975,-0.03536547346915223,0.34334489936209817,HSP90AB4P,0.9996655964033789,0
RAB8B,0.9996655964033789,0.40021148293150477,0.00848416325248574,0.2528077732119188,-0.034945896424667625,0.3322830174520678,HSPA1A,0.9996655964033789,0
MYL6B,0.9996655964033789,0.4037992543400996,0.008403341755114103,0.24353297534491303,-0.0347818535058189,0.339004200564164,HSPA4L,0.9996655964033789,0
BTN2A2,0.9996655964033789,0.4044019343330213,0.0071501038515096125,0.24197705383473822,-0.03448918028134929,0.33217699321649935,HSPA6,0.9996655964033789,0
CTDSPL,0.9996655964033789,0.405327343405447,0.007183053263200553,0.23958909055634567,-0.034422095948266875,0.3331141982735025,HSPA9,0.9996655964033789,0
NELFCD,0.9996655964033789,0.4055716123388808,0.008687651863272874,0.2389589974714384,-0.03489522094151474,0.348312026960859,HSPB1,0.9996655964033789,0
NUP50.AS1,0.9996655964033789,0.40765621898924487,0.00703033547381091,0.23358557390658788,-0.034511478430915725,0.3436293121602757,HTATSF1P2,0.9996655964033789,0
AGPAT4,0.9996655964033789,0.4084312972933584,0.007016516276431252,0.23158940670959471,-0.03392638650178592,0.32750225359816104,IBA57,0.9996655964033789,0
GDNF,0.9996655964033789,0.40979321972060023,0.007697409721383446,0.22808408725288873,-0.034429945876412474,0.3484269964274072,ICAM4,0.9996655964033789,0
CDC42BPA,0.9996655964033789,0.4098405472241027,0.007433075008182321,0.22796232622947862,-0.03402178513911903,0.33527793707739134,IDH3G,0.9996655964033789,0
PDIA3P1,0.9996655964033789,0.41000035403837737,0.00654104588311873,0.22755121095067,-0.033827085461475344,0.32936111388633976,IDUA,0.9996655964033789,0
ATP2C2,0.9996655964033789,0.4101002356434949,0.007265168898759582,0.22729427740187153,-0.034045094952602675,0.3369239232706443,IFNB1,0.9996655964033789,0
MECR,0.9996655964033789,0.41058452685209507,0.007295423104279659,0.22604870829658924,-0.03421605849511933,0.3442261378396732,IGBP1P1,0.9996655964033789,0
TMC1,0.9996655964033789,0.41094289668280026,0.0074190313367379305,0.2251272275827297,-0.03420943138299767,0.3452603090310287,IKBIP,0.9996655964033789,0
DHX9,0.9996655964033789,0.4113681836463736,0.006766543594691013,0.2240339299731482,-0.03398726655112142,0.339333288991239,IKBKE,0.9996655964033789,0
TRAPPC9,0.9996655964033789,0.4129380646466052,0.007180750910322211,0.2200004983026346,-0.03398768290875585,0.34484384500761134,IKZF2,0.9996655964033789,0
TRPM8,0.9996655964033789,0.4130756473873672,0.008511469467145224,0.21964718402855005,-0.034290109322207385,0.355608585642655,IL10RB,0.9996655964033789,0
PPM1N,0.9996655964033789,0.4133507684144296,0.0070144424008131675,0.21894075182883632,-0.03414963270999013,0.3518584718396622,IL17A,0.9996655964033789,0
ATXN2,0.9996655964033789,0.41513404597267356,0.0062524559897350965,0.21436443666288066,-0.03397443524297878,0.3523470059895063,IL6ST,0.9996655964033789,0
FOXJ3,0.9996655964033789,0.4161521114013569,0.0064206476796829235,0.21175385620227308,-0.03341935644389003,0.3361243358472775,ILF3,0.9996655964033789,0
BRDT,0.9996655964033789,0.41696209831463815,0.006818757592921979,0.2096778736695082,-0.033844900860648196,0.3545703702301891,ILF3.AS1,0.9996655964033789,0
SETD6,0.9996655964033789,0.4170798416637309,0.007190338475725972,0.20937617492346117,-0.03364259760454048,0.34765612458608974,ILKAP,0.9996655964033789,0
LCP2,0.9996655964033789,0.4173883035432387,0.00690543556407905,0.20858588033989492,-0.032845659094633675,0.3189696491513409,IMP3,0.9996655964033789,0
CD48,0.9996655964033789,0.41796449932780466,0.00675842998049692,0.20710998678313533,-0.03390756623137757,0.3606780212007276,IMPDH1,0.9996655964033789,0
PREPL,0.9996655964033789,0.4181186139163585,0.006090837493014099,0.20671530740897381,-0.033775130348475575,0.35643290760113794,INPP4B,0.9996655964033789,0
ACTG1P4,0.9996655964033789,0.41831731344013845,0.0053429305813203366,0.20620649586847464,-0.032985429617795776,0.32746425565579856,INPP5E,0.9996655964033789,0
RANGAP1,0.9996655964033789,0.4185275000262799,0.006382136677239646,0.20566832741158428,-0.03381305635875538,0.3594055171879188,INPPL1,0.9996655964033789,0
PHF13,0.9996655964033789,0.4187306232954576,0.006819063093693337,0.2051483006971154,-0.03375927788606239,0.3582082275456743,INS,0.9996655964033789,0
CNOT11,0.9996655964033789,0.4192820463092762,0.005850572559570816,0.20373685252477,-0.03362956463794511,0.3555043377954611,INTS12,0.9996655964033789,0
TMEM204,0.9996655964033789,0.41961077538652636,0.005804330511165668,0.20289561544994375,-0.03364328913644215,0.35729613137733446,INTS4,0.9996655964033789,0
ATP1A1.AS1,0.9996655964033789,0.42203733569445995,0.0059199117628082314,0.19669030393864304,-0.03333538298344096,0.3549329265289975,INTS6.AS1,0.9996655964033789,0
UBAC2.AS1,0.9996655964033789,0.42225567151294785,0.005587707009288639,0.19613234035833793,-0.03353201121711009,0.3635406316036269,INTS9,0.9996655964033789,0
GSPT2,0.9996655964033789,0.4222742145623067,0.006349691525370593,0.19608495586824692,-0.03336014149550767,0.35685229892899045,IP6K2,0.9996655964033789,0
RAB5C,0.9996655964033789,0.42274145496344195,0.005795181534085865,0.19489112531026379,-0.03341799044021954,0.3610204488134151,IPO5P1,0.9996655964033789,0
SMG7.AS1,0.9996655964033789,0.42285695077065955,0.006093139146524665,0.19459606865933357,-0.03320827239973509,0.353103495948117,IPO8,0.9996655964033789,0
RPS12,0.9996655964033789,0.4228588895016657,0.0066017559480614245,0.19459111593608133,-0.033097128036625484,0.3486211528145537,IPO9,0.9996655964033789,0
GRB7,0.9996655964033789,0.42398995986200894,0.006319860831211918,0.19170246913992173,-0.032997872011110416,0.34899794806778134,IPO9.AS1,0.9996655964033789,0
ARPC1B,0.9996655964033789,0.4240645513704755,0.0052838476443088245,0.1915120259598585,-0.03312796667556635,0.3546577211723416,IQSEC2,0.9996655964033789,0
PRCD,0.9996655964033789,0.42407935777380845,0.005819301971703715,0.19147422384346938,-0.033049394024315254,0.35148163850884917,IRAK1BP1,0.9996655964033789,0
PARP1,0.9996655964033789,0.4256590614430829,0.005702856156385231,0.18744265466812987,-0.033168281931025716,0.36286935897665556,IREB2,0.9996655964033789,0
NELFA,0.9996655964033789,0.4302916366563012,0.005471372366277769,0.17563713464240613,-0.03264406167742408,0.3596734098040451,IRF1,0.9996655964033789,0
GNAS.AS1,0.9996655964033789,0.43204242145206806,0.0048372724461177435,0.17118194096436196,-0.03232725927768982,0.3523878591686282,IRF2BP1,0.9996655964033789,0
ARPC4,0.9996655964033789,0.4328665488096966,0.005580276649149919,0.16908597851712218,-0.03254850715155968,0.3666557620418647,IRF2BPL,0.9996655964033789,0
CD79A,0.9996655964033789,0.4349679161021236,0.004363657125438202,0.16374501293589633,-0.031760462943237984,0.3366267929178127,ISX,0.9996655964033789,0
FAM78A,0.9996655964033789,0.436191026610402,0.004802210409686925,0.16063843860405083,-0.032451705803811744,0.3775880586299004,ITGA5,0.9996655964033789,0
PSME2,0.9996655964033789,0.43687338415529026,0.004543243267902683,0.1589059963929798,-0.03177450783605952,0.34563506741499633,ITGA6,0.9996655964033789,0
SMARCA4,0.9996655964033789,0.4380190370993174,0.00487181563611608,0.15599835999010866,-0.032220479906594414,0.37469467785941124,ITGAM,0.9996655964033789,0
B4GALT1.AS1,0.9996655964033789,0.4380449354227438,0.0043554527904268526,0.1559326460766562,-0.03229101612769737,0.3785168967476812,ITGB2.AS1,0.9996655964033789,0
TIAF1,0.9996655964033789,0.4383043657138583,0.00490241428920214,0.15527440970049936,-0.0321837865749047,0.3741750618167919,ITM2C,0.9996655964033789,0
ARHGDIG,0.9996655964033789,0.43885861475364496,0.004517860728283102,0.1538683730334459,-0.032138973675148265,0.37455272265609035,IVD,0.9996655964033789,0
KIAA0020,0.9996655964033789,0.43926069959664976,0.0050549394403849686,0.15284854189254604,-0.03202783053765452,0.3705655418430167,IYD,0.9996655964033789,0
AAK1,0.9996655964033789,0.4398375206815509,0.004340782333787015,0.151385794390514,-0.03206168900839327,0.3753088850706192,JAK2,0.9996655964033789,0
MARCH7,0.9996655964033789,0.4411328831154782,0.004901450014921146,0.14810208957318072,-0.032019322898814415,0.37964063979397705,KANTR,0.9996655964033789,0
HMHB1,0.9996655964033789,0.44318663709186157,0.005181255719548249,0.14289914211697957,-0.031742466415181865,0.3745736777503077,KAT2A,0.9996655964033789,0
FAM168B,0.9996655964033789,0.44468211577160616,0.004230140846601679,0.13911296117367752,-0.031809243266416654,0.38667572469489325,KAT6A,0.9996655964033789,0
DKFZP434A062,0.9996655964033789,0.4464173996173143,0.004051238778435066,0.13472214778147318,-0.031596879236923246,0.3834603522134731,KBTBD3,0.9996655964033789,0
PMS1,0.9996655964033789,0.44719948206057675,0.0042474981199833875,0.13274408739557095,-0.031265506744613314,0.36659036030496767,KCNA1,0.9996655964033789,0
NOM1,0.9996655964033789,0.44788985240835427,0.0039357339691077015,0.13099841908934923,-0.03147851312644445,0.38439344936448483,KCTD19,0.9996655964033789,0
USP11,0.9996655964033789,0.4479191278716782,0.0035477799801708946,0.13092440210504375,-0.03148385270332057,0.384910382316697,KCTD20,0.9996655964033789,0
TESC,0.9996655964033789,0.4494306644845646,0.0034954174073842576,0.12710375791139114,-0.031201454785308724,0.37492488295998166,KCTD21,0.9996655964033789,0
ANP32C,0.9996655964033789,0.4497175612700033,0.003967322326709627,0.12637879278339775,-0.03134861954761435,0.3866358811625056,KDM1B,0.9996655964033789,0
DDX23,0.9996655964033789,0.44989910500514435,0.004497747197248,0.12592008068869526,-0.03139811256902069,0.39107859740899786,KDM2B,0.9996655964033789,0
DESI2,0.9996655964033789,0.4507176953634102,0.003216848598827915,0.12385205111255788,-0.03117436692229139,0.38068895008910963,KDM3A,0.9996655964033789,0
FBXO2,0.9996655964033789,0.45242207412789626,0.00357153898741384,0.11954791626894282,-0.031041653306939667,0.3816621990381036,KDM4A,0.9996655964033789,0
WDR86,0.9996655964033789,0.45243065611070427,0.0038923749824671446,0.1195262495200771,-0.031128288815754294,0.38801517965524335,KDM4D,0.9996655964033789,0
ATP5S,0.9996655964033789,0.4526312852802255,0.0036617059620696495,0.11901974130570152,-0.03099773549682996,0.3797434965532939,KDM5B,0.9996655964033789,0
FAM65C,0.9996655964033789,0.45383363869138305,0.0038324503323817843,0.11598491620469727,-0.031101265846414494,0.3951206687315737,KHDRBS2,0.9996655964033789,0
TMED3,0.9996655964033789,0.45429595203547873,0.0036982934073557417,0.11481829044680018,-0.031005194871626656,0.39098099749693355,KHSRP,0.9996655964033789,0
C10orf82,0.9996655964033789,0.45466651239159883,0.0032818477846520244,0.11388331189669691,-0.0309566575751637,0.38973887764820137,KIAA0020,0.9996655964033789,0
FLNB,0.9996655964033789,0.45621355924571544,0.003345140483757867,0.10998094987372149,-0.03067879756604156,0.37805146801560363,KIAA0101,0.9996655964033789,0
RASSF6,0.9996655964033789,0.45741020931991283,0.003261529793937746,0.10696360088889889,-0.030676083979441836,0.385932389141046,KIAA0195,0.9996655964033789,0
NUDT1,0.9996655964033789,0.4585391266980074,0.0031522775132697563,0.1041179326828705,-0.030768302003309458,0.40169028529508943,KIAA0196,0.9996655964033789,0
DHX32,0.9996655964033789,0.4612619684317929,0.0034155858971005545,0.09725787364441824,-0.0304991963051437,0.39870568807953227,KIAA0226,0.9996655964033789,0
ADSSL1,0.9996655964033789,0.46176492214284104,0.0030291691784545727,0.09599121806976929,-0.0304776734798322,0.4006531383714689,KIAA0226L,0.9996655964033789,0
RCCD1,0.9996655964033789,0.46218896975630686,0.002743396491501373,0.09492340201636394,-0.03036674805364497,0.3935825998508426,KIAA0319,0.9996655964033789,0
UBQLN2,0.9996655964033789,0.4638646915562824,0.0030259882677148675,0.09070472802737915,-0.03031657801866031,0.4022204033502876,KIAA0355,0.9996655964033789,0
MARK4,0.9996655964033789,0.4662563501735848,0.0023843609380139585,0.0846864407837804,-0.030072511068774916,0.3973614770936551,KIAA0391,0.9996655964033789,0
RAB15,0.9996655964033789,0.4683447155536813,0.0026318819240800672,0.07943386537839539,-0.029959538357273816,0.4036243180746007,KIAA0513,0.9996655964033789,0
MBTPS2,0.9996655964033789,0.4710911548718798,0.002203635186975945,0.07252943981929338,-0.02983836254506882,0.41620432890450304,KIAA0930,0.9996655964033789,0
FLRT1,0.9996655964033789,0.47116488386123934,0.002424949600855373,0.0723441375629018,-0.029832622469394027,0.4162549670271017,KIAA1024,0.9996655964033789,0
GATC,0.9996655964033789,0.4731152161479196,0.0021279582541867967,0.06744327118685593,-0.02966487685957458,0.41535628072436986,KIAA1210,0.9996655964033789,0
PAIP2B,0.9996655964033789,0.4732015392079314,0.0021023734715395815,0.06722639374295376,-0.029623648345637688,0.4106642386800069,KIAA1430,0.9996655964033789,0
POLR2F,0.9996655964033789,0.47626462869038533,0.001984183435048593,0.05953267992693185,-0.02946429348650701,0.42362555947615976,KIF5C,0.9996655964033789,0
EHD1,0.9996655964033789,0.4780819525160179,0.0017021003671451149,0.054969711918306186,-0.029217341523138592,0.40663055081006555,KLC2,0.9996655964033789,0
THOC6,0.9996655964033789,0.47832007755969175,0.00152585683008079,0.05437191029898857,-0.02931749828443931,0.42708148544025387,KLF14,0.9996655964033789,0
SRSF4,0.9996655964033789,0.4795122209506323,0.0014605665702613804,0.05137937875602567,-0.029156737728754906,0.415384135470713,KLF3.AS1,0.9996655964033789,0
SNRNP25,0.9996655964033789,0.4806605629756117,0.0013504364141566799,0.048497233252152085,-0.028884604061288267,0.3781860710584489,KLHDC2,0.9996655964033789,0
SP140,0.9996655964033789,0.48383224135442854,0.0010637481170679129,0.040538873055925795,-0.028730603118604103,0.391469238090565,KLHDC4,0.9996655964033789,0
NDRG4,0.9996655964033789,0.4857121015595441,0.0010447252143399614,0.03582318087024744,-0.02876540700930436,0.43576112429525404,KLHL13,0.9996655964033789,0
PRKX,0.9996655964033789,0.4860686406422988,0.0011847553577007523,0.03492888373124499,-0.02875191206570166,0.4397217512970808,KMT2E.AS1,0.9996655964033789,0
YTHDF3.AS1,0.9996655964033789,0.4863657932910734,0.0010534967983372857,0.03418356532058953,-0.028710927050055,0.4349542524364624,KPNA2,0.9996655964033789,0
CD99,0.9996655964033789,0.48657293158889237,9.610765960356504e-4,0.03366403220424805,-0.02864962765987878,0.4220722523839668,KPNA5,0.9996655964033789,0
SECISBP2L,0.9996655964033789,0.4885284402843012,9.326052836192295e-4,0.028759759037048332,-0.028540209391399122,0.4340857271414967,KPNA7,0.9996655964033789,0
AIMP2,0.9996655964033789,0.48862554117337714,8.458746078207325e-4,0.028516256091728344,-0.028504241633368496,0.42437132498850616,KPRP,0.9996655964033789,0
NRBP2,0.9996655964033789,0.4891200663863382,7.362021155621591e-4,0.02727614563387056,-0.028495727414050608,0.4343822422186216,KRBA1,0.9996655964033789,0
ERP44,0.9996655964033789,0.4924850137135687,6.143767442094241e-4,0.018838953908619227,-0.028251231831379512,0.43921816282956816,KTN1.AS1,0.9996655964033789,0
GPR108,0.9996655964033789,0.4928233961039563,5.556066341115561e-4,0.01799058584566086,-0.02821722511391129,0.4346246834249101,KY,0.9996655964033789,0
RPL38,0.9996655964033789,0.49305043424081485,5.60035790624903e-4,0.017421379407075506,-0.02818228804597956,0.4243024655998463,L3MBTL3,0.9996655964033789,0
SSBP2,0.9996655964033789,0.49460321043131295,4.09554882301548e-4,0.013528561901307048,-0.02809987379730845,0.44465449999666573,LAMP2,0.9996655964033789,0
FBXW12,0.9996655964033789,0.4946631143964848,4.1578740287998863e-4,0.013378386853856785,-0.028079975580734672,0.43334689922556036,LARGE,0.9996655964033789,0
DNAJC9,0.9996655964033789,0.49478843283983087,3.812490711972496e-4,0.01306422326052995,-0.028029983511308317,0.40139858783571913,LARP1B,0.9996655964033789,0
TBC1D3,0.9996655964033789,0.4960698355245451,2.796557812690814e-4,0.009851914899333973,-0.027985093354382512,0.44032894106055825,LARP6,0.9996655964033789,0
YTHDC2,0.9996655964033789,0.4969126391928996,2.6428023566505305e-4,0.007739174199624732,-0.0279251509175911,0.44287148252103936,LARS,0.9996655964033789,0
RNF5,0.9996655964033789,0.4972434321207466,2.5250689983158354e-4,0.006909952269146547,-0.02789853543283641,0.4396891060119228,LARS2,0.9996655964033789,0
SLC25A47,0.9996655964033789,0.4974170387649247,1.9530129848081506e-4,0.006474762204313201,-0.027889807757137803,0.4456853827882109,LASP1,0.9996655964033789,0
LARP6,0.9996655964033789,0.49803874112845065,1.4158574311757676e-4,0.004916313518622922,-0.027838248711283504,0.4345100765882142,LAT,0.9996655964033789,0
UFD1L,0.9996655964033789,0.49850138498359386,1.1442964253013927e-4,0.0037565917579592575,-0.02780410731178021,0.43094210619961754,LBX1,0.9996655964033789,0
ATP5L2,0.9996655964033789,0.4990017147680328,8.553371075211295e-5,0.002502407307054407,-0.027768652759779258,0.4287291204310351,LCP2,0.9996655964033789,0
CNP,0.9996655964033789,0.5001909230744126,-1.5644230864151873e-5,-4.7858748255956e-4,-0.027685977464347842,0.44789013592011334,LCT,0.9996655964033789,0
MX1,0.9996655964033789,0.5005287473258301,-3.870063532332597e-5,-0.0013254129538587576,-0.027664293856105898,0.4248342655480613,LDHAL6A,0.9996655964033789,0
GPR110,0.9996655964033789,0.500959769256014,-6.91621607412247e-5,-0.0024058588995545596,-0.027634038565962697,0.4304224284396729,LETM2,0.9996655964033789,0
PILRA,0.9996655964033789,0.5017351275741726,-1.5497309001979672e-4,-0.004349463400732811,-0.027574686409563468,0.44564963412991526,LGALS8.AS1,0.9996655964033789,0
SRXN1,0.9996655964033789,0.5022621917928988,-1.6889716220723952e-4,-0.005670673596358359,-0.027551996048202517,0.4182297322297262,LIME1,0.9996655964033789,0
CRLF1,0.9996655964033789,0.502767434462446,-2.003552251381079e-4,-0.006937192219980051,-0.027506182164777435,0.4380134167975475,LINC00658,0.9996655964033789,0
EFCAB14.AS1,0.9996655964033789,0.5042925412511285,-3.7971355424896606e-4,-0.010760334169828575,-0.02738706873080502,0.45150902231421675,LMAN2L,0.9996655964033789,0
NUDT22,0.9996655964033789,0.5043746678208227,-3.7682156705364043e-4,-0.010966213246870355,-0.027379203092225305,0.45333981459374956,LRAT,0.9996655964033789,0
UBE2H,0.9996655964033789,0.5051519551685891,-3.991576195935002e-4,-0.012914781087288605,-0.027340458348582827,0.43979822868264895,LRP1,0.9996655964033789,0
SERINC2,0.9996655964033789,0.50560214422343,-4.715733829360956e-4,-0.014043373982850766,-0.027295149620053614,0.45051679208282974,LRPPRC,0.9996655964033789,0
SPTLC2,0.9996655964033789,0.5058526199047806,-4.6220756144657853e-4,-0.014671306885746936,-0.02726671838029217,0.4579633372769249,LRR1,0.9996655964033789,0
MAPK10,0.9996655964033789,0.5071575535145291,-5.421671706936727e-4,-0.017942824486037054,-0.02723296057214843,0.42295708537738397,LRRC42,0.9996655964033789,0
ZNHIT1,0.9996655964033789,0.5089836763412775,-6.480920200534832e-4,-0.02252131333858888,-0.02715178941161515,0.40652432620454637,LRRC48,0.9996655964033789,0
CBFA2T3,0.9996655964033789,0.5092686562847308,-7.512283380624373e-4,-0.023235860469613717,-0.027025330905933863,0.4570714903713806,LRRFIP2,0.9996655964033789,0
SLC35A5,0.9996655964033789,0.5113344897317266,-8.422637761984271e-4,-0.028416024830854238,-0.02690454398875252,0.4486926595213052,LSM14B,0.9996655964033789,0
PPM1B,0.9996655964033789,0.5120043489347668,-9.412505249282765e-4,-0.03009588201119708,-0.02684238524508833,0.4547774324449394,LSM2,0.9996655964033789,0
GMPS,0.9996655964033789,0.512284449465747,-8.231176598956026e-4,-0.030798336457904446,-0.026982742392988163,0.39817508923402395,LUC7L,0.9996655964033789,0
HK2,0.9996655964033789,0.512521825216665,-0.001001703889240952,-0.031393654789165934,-0.026772395493365752,0.4663156915818683,MAATS1,0.9996655964033789,0
ELMO3,0.9996655964033789,0.5125761475858964,-9.112204673128613e-4,-0.031529892259361536,-0.026749340596555864,0.47254688870515504,MAEA,0.9996655964033789,0
SLC35E2,0.9996655964033789,0.512651494062027,-9.369805288002679e-4,-0.03171885798570836,-0.026790676229483966,0.4573589068382465,MAFA,0.9996655964033789,0
LRRFIP2,0.9996655964033789,0.5128128140865214,-0.0010524734153309497,-0.032123445496794245,-0.02678885639792613,0.4543596060880238,MAMDC2,0.9996655964033789,0
IPO9,0.9996655964033789,0.5129127278454864,-0.0010674190713785053,-0.03237402991091671,-0.026768011262891404,0.45892826375944096,MAML2,0.9996655964033789,0
LSM2,0.9996655964033789,0.5131770480615465,-9.635060643898354e-4,-0.03303695672761568,-0.026752478703189,0.4581241699617587,MAN1B1.AS1,0.9996655964033789,0
CFLAR.AS1,0.9996655964033789,0.5157589335596668,-0.0012176125736733285,-0.03951324855896057,-0.026569373543775913,0.46054809984981027,MAN2A2,0.9996655964033789,0
PPP1R8,0.9996655964033789,0.5158732530636314,-0.0011685811928509448,-0.03980003906470188,-0.026585254380886457,0.4542536017877976,MAN2B1,0.9996655964033789,0
DDX28,0.9996655964033789,0.5161554141002638,-0.0011987641096326157,-0.040507903524992374,-0.026541203297361857,0.46095294334998177,MAN2B2,0.9996655964033789,0
PARL,0.9996655964033789,0.5162498388100195,-0.0013153669678327344,-0.04074479367537811,-0.026560826385129764,0.4541687961712902,MAN2C1,0.9996655964033789,0
SCYL2,0.9996655964033789,0.5165472773659253,-0.0015644783015157954,-0.04149101446529112,-0.026465660428287383,0.4733970730131855,MAP2K2,0.9996655964033789,0
UBA2,0.9996655964033789,0.5165890280489545,-0.0011442676230680334,-0.04159576139299913,-0.026483680903764083,0.4681608176008493,MAP2K4,0.9996655964033789,0
SNAP25,0.9996655964033789,0.5172075779558938,-0.0013566021523011532,-0.04314767518826892,-0.026511792655504327,0.45077590131444045,MAP3K14.AS1,0.9996655964033789,0
NUP153,0.9996655964033789,0.5173782841665843,-0.0013404294817212098,-0.04357598750622216,-0.026445736500140694,0.4643098958078567,MAP3K3,0.9996655964033789,0
SH3BP1,0.9996655964033789,0.5174628401884167,-0.0013612472425962878,-0.04378814668997222,-0.02644693906243989,0.4626436373429563,MAP3K5,0.9996655964033789,0
TM9SF4,0.9996655964033789,0.5180998115985698,-0.0017012112693518884,-0.04538643319194015,-0.026372966538602074,0.4699955704958902,MAP3K7CL,0.9996655964033789,0
PIK3R6,0.9996655964033789,0.5182049693900889,-0.0013179921491312757,-0.045650305808446846,-0.026382125249592644,0.46622603283908653,MAP4K1,0.9996655964033789,0
EHMT1.IT1,0.9996655964033789,0.5184655582568556,-0.0015167432045262016,-0.046304215612641954,-0.026318430212978722,0.47670213118155635,MAP4K5,0.9996655964033789,0
CAND1.11,0.9996655964033789,0.5198687155356173,-0.0017316433651644154,-0.04982558186673128,-0.026254441570437898,0.4697902588638272,MAP7D2,0.9996655964033789,0
FAM205A,0.9996655964033789,0.5200837143695076,-0.001566342410716551,-0.05036519686960287,-0.02621726606503621,0.4745717129527308,MAPK10,0.9996655964033789,0
LAT,0.9996655964033789,0.5223214435062484,-0.0016902714569787065,-0.055982463431985985,-0.026105987430988922,0.4670284395474033,MAPK15,0.9996655964033789,0
KDM1B,0.9996655964033789,0.5225466820604213,-0.0015367632284108094,-0.05654796414588722,-0.026202525911742068,0.4453725880911319,MAPK3,0.9996655964033789,0
MLLT10P1,0.9996655964033789,0.5225769166285682,-0.0017703004943189435,-0.05662387468061046,-0.025979422515333875,0.48761590577548697,MAPKAP1,0.9996655964033789,0
ADARB1,0.9996655964033789,0.5236945100635509,-0.0018135578600770364,-0.05943007153719437,-0.026218791706583276,0.42896501067546433,MAPKAPK2,0.9996655964033789,0
MRAP,0.9996655964033789,0.5239788586898539,-0.0018234594554175957,-0.060144124339923444,-0.025970958956929812,0.4720279883784969,MAPKAPK3,0.9996655964033789,0
TIPARP,0.9996655964033789,0.5240009219847309,-0.00185417005573628,-0.060199530694477095,-0.026005745310267375,0.46549331069996763,MAPKAPK5.AS1,0.9996655964033789,0
SRRM2.AS1,0.9996655964033789,0.5248361940479487,-0.0019805000790951853,-0.062297241574770186,-0.026059482458529147,0.44635241524912883,MAPRE2,0.9996655964033789,0
DHX57,0.9996655964033789,0.5251341635261682,-0.0019280226144927567,-0.06304563107034969,-0.025852105026603844,0.47950547094525814,MARCH7,0.9996655964033789,0
ARHGAP10,0.9996655964033789,0.5269135732853318,-0.002047137428548327,-0.06751560225981791,-0.02572290118645464,0.48144635739076613,MARCH8,0.9996655964033789,0
CAPNS2,0.9996655964033789,0.5271968298910025,-0.0022540131236027834,-0.0682272799807697,-0.025742150026101328,0.47543204798262634,MARK2P9,0.9996655964033789,0
TRPV3,0.9996655964033789,0.527296124072841,-0.002040150252548668,-0.06847676319752352,-0.025699083750213826,0.4812444766717424,MARK4,0.9996655964033789,0
TOMM20L,0.9996655964033789,0.5279086582632664,-0.002150031980836895,-0.07001589082655275,-0.025659310218619242,0.4812087226062788,MARS2,0.9996655964033789,0
CASC4,0.9996655964033789,0.528777770301313,-0.0020446194588860187,-0.07220001261959344,-0.02560146937919639,0.4814221036790833,MAST4,0.9996655964033789,0
MECOM,0.9996655964033789,0.5313980871246176,-0.002219695963413399,-0.07878712716814419,-0.025439442090220105,0.48059966269748816,MATK,0.9996655964033789,0
AMH,0.9996655964033789,0.5328928982219729,-0.0023020078232986927,-0.08254638955850904,-0.025348444806089734,0.48019303312422335,MAU2,0.9996655964033789,0
IFNB1,0.9996655964033789,0.5335777693662391,-0.0023938123155747217,-0.08426914116359772,-0.025145740170288606,0.5009926848078818,MAVS,0.9996655964033789,0
USP24,0.9996655964033789,0.5344377036141502,-0.0023700289316659815,-0.08643260821627176,-0.02526605559492012,0.4784371923259698,MAX,0.9996655964033789,0
TAPT1,0.9996655964033789,0.5350523677136956,-0.002553534616357937,-0.0879792593524374,-0.02509632284653351,0.49512984542538785,MB,0.9996655964033789,0
URM1,0.9996655964033789,0.5368634637206765,-0.0029959228029775875,-0.09253767545385133,-0.02504213431689395,0.48776835579867284,MBD2,0.9996655964033789,0
APEX2,0.9996655964033789,0.5381565958821053,-0.0031461641078843255,-0.09579358036256738,-0.024956839688910385,0.4884290325139187,MBD3,0.9996655964033789,0
PPP2R5A,0.9996655964033789,0.5392860326494355,-0.0028881953200126844,-0.09863815577956613,-0.024880411591874034,0.489272926537099,MBNL1.AS1,0.9996655964033789,0
KLF3.AS1,0.9996655964033789,0.5400830697406714,-0.003281076811766168,-0.10064603560999107,-0.024714976430145016,0.5023089512429963,MBTPS2,0.9996655964033789,0
TAF4B,0.9996655964033789,0.5403437419331565,-0.0028589266887922085,-0.10130280344070693,-0.024737473675920912,0.4980304742154616,MCCD1,0.9996655964033789,0
RABGAP1L,0.9996655964033789,0.5407098674253099,-0.0031878543553445944,-0.10222533644296868,-0.024931700337002927,0.4737106834043565,MCHR1,0.9996655964033789,0
BRD7,0.9996655964033789,0.5409953974136397,-0.0035092212410035555,-0.10294485185472795,-0.024756700373980176,0.49149154185328703,MCM3AP.AS1,0.9996655964033789,0
NDUFAB1,0.9996655964033789,0.5421879446882985,-0.003025485391614982,-0.10595056739452258,-0.024738533094824405,0.4856538319460262,MCMDC2,0.9996655964033789,0
ABRA,0.9996655964033789,0.5422993122209392,-0.0032514748137386453,-0.1062313083953652,-0.024670039777425705,0.4923525625445768,MCTP1,0.9996655964033789,0
SRP72,0.9996655964033789,0.5423377069155592,-0.003154326350204055,-0.10632809765512882,-0.02447665132534246,0.5124932840434727,MDH1B,0.9996655964033789,0
LRAT,0.9996655964033789,0.5425237014369492,-0.00286197521556968,-0.10679698572209725,-0.024899480971824234,0.4657401688408061,MDK,0.9996655964033789,0
DCTN1.AS1,0.9996655964033789,0.5439426464438327,-0.003392857140698825,-0.11037489529031513,-0.02444694977196208,0.5052261659663059,ME3,0.9996655964033789,0
LCT,0.9996655964033789,0.5443743498096942,-0.0032394767284997517,-0.11146372573475284,-0.024510784531248463,0.49600585172056894,MECOM,0.9996655964033789,0
RAB20,0.9996655964033789,0.5448973709314628,-0.0038052480233878284,-0.11278305252921746,-0.02441328902742148,0.5027197314816712,MECR,0.9996655964033789,0
BMS1P17,0.9996655964033789,0.5452690573035035,-0.0032484333013224572,-0.11372075489764728,-0.024675375552713114,0.4734912108318676,MED25,0.9996655964033789,0
BAGE,0.9996655964033789,0.5469188776823181,-0.004069979465450887,-0.11788419392785784,-0.02432845920962692,0.49910543030155996,MED30,0.9996655964033789,0
ANKRD13B,0.9996655964033789,0.5491260658832684,-0.0034402098489568086,-0.12345740089287204,-0.02428585202301321,0.49081510540284534,MED4.AS1,0.9996655964033789,0
PSMB3,0.9996655964033789,0.5491686185007649,-0.003947947571604566,-0.12356488448042548,-0.024189786169120705,0.49973223271948325,MESP1,0.9996655964033789,0
ATP5B,0.9996655964033789,0.5492282409351237,-0.0036882287811102962,-0.12371548709264936,-0.024167897822340877,0.5014674362546476,METAP1D,0.9996655964033789,0
PRKCZ,0.9996655964033789,0.5499593579180171,-0.004098142843043661,-0.1255624730251439,-0.023954207640131446,0.5171446847035854,METRN,0.9996655964033789,0
OXT,0.9996655964033789,0.5509929431937004,-0.004308362311845864,-0.12817430275783234,-0.02400971616286569,0.5065346659371202,MFGE8,0.9996655964033789,0
NRDE2,0.9996655964033789,0.5519134436241808,-0.004213758888086567,-0.1305011073581217,-0.023888449079028165,0.5125508886397798,MFNG,0.9996655964033789,0
CARS2,0.9996655964033789,0.5529213736102638,-0.0037474049349344395,-0.13304972413203994,-0.023780665273774163,0.5167624145942818,MFRP,0.9996655964033789,0
NCOR1P1,0.9996655964033789,0.5536245094429944,-0.004390198521710893,-0.13482815992761352,-0.023920558519223215,0.5009561196152054,MGAT2,0.9996655964033789,0
TMBIM4,0.9996655964033789,0.5536887726366122,-0.0038444617472869467,-0.13499072149315078,-0.02391275145723131,0.5013245314809562,MIAT,0.9996655964033789,0
DHX16,0.9996655964033789,0.5568304731454796,-0.004771800796138491,-0.1429424727451353,-0.023474981378626334,0.5230741604604969,MIEF2,0.9996655964033789,0
MYL1,0.9996655964033789,0.5570644945504188,-0.004375479661729754,-0.14353514459787675,-0.0236287488257713,0.5093206802788157,MIER2,0.9996655964033789,0
DHRS7B,0.9996655964033789,0.5570834728473704,-0.004006782642782915,-0.1435832103680407,-0.023774242249468693,0.4969972601922695,MKL2,0.9996655964033789,0
UGT1A1,0.9996655964033789,0.5574270665787637,-0.0048592258353617615,-0.14445347751652954,-0.023615326278865086,0.5087419134011864,MKRN2,0.9996655964033789,0
GTF2F2,0.9996655964033789,0.5575167382057677,-0.004650485400011444,-0.14468061917054376,-0.023439539357517372,0.5227003460977575,MKRN2OS,0.9996655964033789,0
AGA,0.9996655964033789,0.5596097818085315,-0.005394852791794038,-0.14998452519933747,-0.02337521463515769,0.5182360655934061,MLF1,0.9996655964033789,0
CPNE4,0.9996655964033789,0.5599022417844228,-0.004842029399938952,-0.15072597014936975,-0.023552489184198572,0.5026935617053656,MLH1,0.9996655964033789,0
RNF112,0.9996655964033789,0.5613963605600292,-0.005032515324370035,-0.154515164600308,-0.023252184440466225,0.5199877639325172,MLLT10P1,0.9996655964033789,0
FAM134B,0.9996655964033789,0.5622665340910042,-0.004361019026108635,-0.15672300763791153,-0.023304130908569393,0.5122134493448667,MLXIP,0.9996655964033789,0
CLPTM1L,0.9996655964033789,0.5631113536067589,-0.005468336948766006,-0.15886725246580646,-0.02303903857242831,0.5288487706507108,MLXIPL,0.9996655964033789,0
ABCB11,0.9996655964033789,0.5632522048542298,-0.004796666989184132,-0.15922481921500325,-0.023176624351482215,0.5178706001194548,MOB3B,0.9996655964033789,0
PFKM,0.9996655964033789,0.5651834651714388,-0.005884923968716658,-0.16412961505497542,-0.022995493695329088,0.5234868777068854,MON2,0.9996655964033789,0
PRPH,0.9996655964033789,0.5652827558549001,-0.005457578806992608,-0.16438188802099382,-0.02304908486485892,0.5191105964732596,MORC1,0.9996655964033789,0
POC1A,0.9996655964033789,0.5660253141555172,-0.00520084195686936,-0.1662688771220062,-0.022859562099144408,0.5300211967431487,MORC4,0.9996655964033789,0
C6orf99,0.9996655964033789,0.5663484236567299,-0.005121527708286614,-0.16709014748067583,-0.022827691769578808,0.5310249095759507,MORF4L2.AS1,0.9996655964033789,0
LRRC42,0.9996655964033789,0.5666480597830817,-0.00523858983031171,-0.16785185462483757,-0.02278739331221028,0.5327200494645897,MPHOSPH9,0.9996655964033789,0
EIF2S3,0.9996655964033789,0.5689327130845996,-0.0054513717540081875,-0.17366292507837544,-0.022734957298418044,0.5275357444321781,MRAP,0.9996655964033789,0
SDHD,0.9996655964033789,0.5697497206038402,-0.0049620837975956214,-0.1757424176079241,-0.023216513602048818,0.48948698799937196,MRFAP1L1,0.9996655964033789,0
CD47,0.9996655964033789,0.5698415581478868,-0.00617117949121111,-0.1759762149423453,-0.022500022864612404,0.5404047161507246,MRPL30,0.9996655964033789,0
ZNF76,0.9996655964033789,0.5713414593121193,-0.005411677973355996,-0.17979599094943444,-0.022599392904488133,0.5279859600398,MRPS17,0.9996655964033789,0
CREB3,0.9996655964033789,0.5718185782037772,-0.005677585451499164,-0.18101161012188802,-0.02244983161004394,0.5364582876384041,MRPS28,0.9996655964033789,0
PDHA2,0.9996655964033789,0.5727523608663698,-0.005159621077666686,-0.18339150830349044,-0.022746113194948986,0.5126991243064514,MRPS6,0.9996655964033789,0
SH3GLB2,0.9996655964033789,0.5731803464129986,-0.006891428566833972,-0.1844826460893315,-0.022364793008838486,0.5372443117142565,MSL2,0.9996655964033789,0
CUL2,0.9996655964033789,0.573692200419328,-0.004721742810774918,-0.18578789291721656,-0.023604804997954837,0.4469740025572941,MSL3,0.9996655964033789,0
PPP1R10,0.9996655964033789,0.5745066288626214,-0.006053694892019642,-0.1878653695408501,-0.02225725932045546,0.5396636901760619,MSR1,0.9996655964033789,0
PRPF8,0.9996655964033789,0.5763309215840512,-0.004784707073342559,-0.1925218064394438,-0.023116595978749124,0.47441793238980734,MTA3,0.9996655964033789,0
SRSF3,0.9996655964033789,0.5765399056599798,-0.005829525553893251,-0.19305549495585228,-0.02218297483408895,0.5374939892811967,MTCH2,0.9996655964033789,0
COG4,0.9996655964033789,0.5777954059197485,-0.006037339905503608,-0.19626286475559213,-0.021782506125844182,0.558578616105675,MTERF,0.9996655964033789,0
KLHL13,0.9996655964033789,0.5787793722876886,-0.005970890492653789,-0.19877796967728092,-0.021936081884512914,0.5457535062747374,MTFMT,0.9996655964033789,0
IRF2BP1,0.9996655964033789,0.579456614390367,-0.0061554458680539575,-0.20050979026911175,-0.022025994156939618,0.537869073774291,MTMR2,0.9996655964033789,0
UBASH3A,0.9996655964033789,0.5810151443161171,-0.005784113594010357,-0.2044975049559299,-0.021958736944086114,0.5371036389319841,MTMR4,0.9996655964033789,0
INTS4,0.9996655964033789,0.5817310382536153,-0.0065087586911815095,-0.20633030553678788,-0.02170923950149314,0.5502480445075455,MTMR6,0.9996655964033789,0
CD40,0.9996655964033789,0.5836582950256185,-0.006083716208048024,-0.21126784964288858,-0.021704115410751165,0.5445624263869135,MTOR.AS1,0.9996655964033789,0
FUCA1,0.9996655964033789,0.5847179643868368,-0.006047612345538743,-0.213984862980585,-0.021680382978511426,0.5427775052988271,MX1,0.9996655964033789,0
MIEF2,0.9996655964033789,0.5851690978895433,-0.006467757311183517,-0.21514205673510145,-0.021658354212179563,0.54274999800695,MYL1,0.9996655964033789,0
ERCC4,0.9996655964033789,0.5852734859525486,-0.006479898262870139,-0.21540986151785735,-0.02179584107185357,0.5340973971911759,MYL12B,0.9996655964033789,0
THOC3,0.9996655964033789,0.5855703339161096,-0.007877445716151708,-0.21617150154278758,-0.021531195045210894,0.5491528898996245,MYL2,0.9996655964033789,0
PSMB5,0.9996655964033789,0.5857232343601496,-0.007282154312673657,-0.21656385598740657,-0.02179266812739376,0.5329568241878586,MYL6B,0.9996655964033789,0
CERS3,0.9996655964033789,0.5863888504392001,-0.006691656341464172,-0.21827226807174596,-0.021187270418049898,0.5667364965382118,MYO1G,0.9996655964033789,0
SERINC4,0.9996655964033789,0.5867684354111111,-0.007306908749050076,-0.21924681976154736,-0.021431185725734964,0.5515010289979498,MYO1H,0.9996655964033789,0
ANKMY1,0.9996655964033789,0.5869129474107848,-0.006820770922412631,-0.21961789655272254,-0.02135707551628249,0.5554038430293695,MYOC,0.9996655964033789,0
FBXO8,0.9996655964033789,0.5875391675884933,-0.006015150077155979,-0.22122625010538827,-0.02149396024459549,0.5455567318685828,N4BP2,0.9996655964033789,0
SERP2,0.9996655964033789,0.5880475736615787,-0.006821894903599107,-0.222532436509202,-0.02163855183344243,0.5355013733426949,N4BP2L2.IT2,0.9996655964033789,0
STL,0.9996655964033789,0.5880656893700124,-0.007245254000017167,-0.22257898600746606,-0.021576831311181398,0.5391294416757737,NAA60,0.9996655964033789,0
L3MBTL3,0.9996655964033789,0.5893718251941981,-0.006719803737280107,-0.2259364655298275,-0.021046444636285015,0.5660262180419493,NAAA,0.9996655964033789,0
TRAPPC3L,0.9996655964033789,0.5911111620059728,-0.006910323713609536,-0.23041147194001285,-0.020964743742459224,0.5656860888226458,NACA2,0.9996655964033789,0
FYTTD1,0.9996655964033789,0.59210321187234,-0.006750208166712453,-0.23296590341312887,-0.020992951072295922,0.561373869552465,NAP1L2,0.9996655964033789,0
ZDHHC4,0.9996655964033789,0.5922457303310377,-0.00702125989742846,-0.23333299905168484,-0.020786894237775657,0.5723304217596541,NAP1L5,0.9996655964033789,0
GPN2,0.9996655964033789,0.5927455571090949,-0.006696870107792479,-0.23462068984234802,-0.02082694188713745,0.5687768389712617,NAPA.AS1,0.9996655964033789,0
KIAA0513,0.9996655964033789,0.5929246309450472,-0.007122290181146732,-0.2350821277049156,-0.021747455849763862,0.5155677194209701,NARS2,0.9996655964033789,0
TNKS2.AS1,0.9996655964033789,0.5945157059249266,-0.00810380922183493,-0.23918422451380306,-0.02131881407570292,0.5364642507230684,NAT14,0.9996655964033789,0
C14orf169,0.9996655964033789,0.5946354325370503,-0.007595466592834783,-0.23949306475312437,-0.020947256846863896,0.5570741318216403,NBR2,0.9996655964033789,0
WDR52,0.9996655964033789,0.5948520486098483,-0.007059049757014322,-0.24005189384731015,-0.020680158211332393,0.5710707687036138,NCBP2.AS2,0.9996655964033789,0
CNOT8,0.9996655964033789,0.5950478716610047,-0.008089888782039078,-0.24055714534888942,-0.02085881454378285,0.5608506883888507,NCKAP5,0.9996655964033789,0
RNF103,0.9996655964033789,0.5953023770698327,-0.006404647003800511,-0.24121389754620853,-0.020891146528382712,0.5584051460227406,NCLN,0.9996655964033789,0
WDR49,0.9996655964033789,0.5955368360998146,-0.007838154608114382,-0.24181901207413545,-0.0207813848680303,0.5637875919612427,NCOA4,0.9996655964033789,0
WDR34,0.9996655964033789,0.5968146798960183,-0.007269214202367961,-0.24511855811844085,-0.020584060523281534,0.5710675741974749,NCOR1P1,0.9996655964033789,0
SCAMP4,0.9996655964033789,0.596910057292066,-0.007589901757094443,-0.2453649406273258,-0.02066096852931204,0.5667107178882757,NDC1,0.9996655964033789,0
OTUB2,0.9996655964033789,0.5987547005573315,-0.009380144763522013,-0.250133043557885,-0.020698775280371715,0.5599711402347636,NDFIP2,0.9996655964033789,0
CCAT1,0.9996655964033789,0.5989130812722943,-0.00831555661207342,-0.25054269565922194,-0.020389649152239054,0.5759469574548393,NDRG2,0.9996655964033789,0
WBP11P1,0.9996655964033789,0.5989159525832339,-0.00764220734263756,-0.2505501226997715,-0.020566455911952813,0.5666350057896086,NDRG4,0.9996655964033789,0
IP6K2,0.9996655964033789,0.5994908624703976,-0.007411612759235057,-0.25203748524090164,-0.020259713859100466,0.5812264740076593,NDST3,0.9996655964033789,0
DCAF6,0.9996655964033789,0.5997216237585676,-0.007945883949330513,-0.25263464974063393,-0.020555865306931667,0.5651765029769442,NDUFA11,0.9996655964033789,0
SNX15,0.9996655964033789,0.6010813527807413,-0.008947263961454564,-0.2561551969321517,-0.020389871979971472,0.570536126088542,NDUFAB1,0.9996655964033789,0
RBBP7,0.9996655964033789,0.6010997740146474,-0.008135596110880291,-0.2562029140428144,-0.020047159540518552,0.5880568675377367,NDUFS2,0.9996655964033789,0
RIPK2,0.9996655964033789,0.601481069426816,-0.007125059082920124,-0.257190726929424,-0.02035631520918042,0.571302747665581,NDUFS3,0.9996655964033789,0
WDR47,0.9996655964033789,0.6019512430458167,-0.008028110040521955,-0.25840914022416783,-0.02036782153806938,0.5695586896575799,NEDD1,0.9996655964033789,0
HNRNPLL,0.9996655964033789,0.6027539699625402,-0.008009569780089163,-0.2604902240058083,-0.01994881769085714,0.588962184368198,NEK8,0.9996655964033789,0
DET1,0.9996655964033789,0.6030044368012366,-0.007128390217009851,-0.2611397943225935,-0.02050767442096494,0.5597013635935986,NELFA,0.9996655964033789,0
SEC16B,0.9996655964033789,0.6031410264496712,-0.007545890404690465,-0.2614940775834581,-0.020667427223001106,0.5509058255076972,NELFCD,0.9996655964033789,0
EID1,0.9996655964033789,0.6032309660871692,-0.00708036730585027,-0.2617273789820115,-0.020056268336334088,0.5824252937960339,NELFE,0.9996655964033789,0
N4BP2L2.IT2,0.9996655964033789,0.6034175539451209,-0.009279419628699598,-0.2622114291500754,-0.019894987981926623,0.5900488417318194,NELL1,0.9996655964033789,0
RPS3A,0.9996655964033789,0.6034942833722263,-0.008216707467234368,-0.2624105000768026,-0.021508012822305862,0.5036595762594531,NENF,0.9996655964033789,0
NDUFS2,0.9996655964033789,0.6041654807730124,-0.008641543525903605,-0.2641523349050382,-0.020122662060047345,0.5768390985575553,NFE2L2,0.9996655964033789,0
TBC1D21,0.9996655964033789,0.6044969619953551,-0.00750147784396654,-0.2650128624185401,-0.020528112840831017,0.5550887722391661,NFKB2,0.9996655964033789,0
PFN1P2,0.9996655964033789,0.6045301907763103,-0.008611476962713466,-0.26509913537420615,-0.019801512071672946,0.5920261270295316,NFXL1,0.9996655964033789,0
ATG9B,0.9996655964033789,0.6045562421126511,-0.008537365474545944,-0.2651667746789545,-0.020145777439813366,0.5747410043532499,NFYC.AS1,0.9996655964033789,0
CARD9,0.9996655964033789,0.6050827229080802,-0.007349620858707422,-0.2665339821518051,-0.019883430312104537,0.5866803066619102,NHS,0.9996655964033789,0
SLC10A1,0.9996655964033789,0.6072802297104836,-0.008258969084144687,-0.2722460594758489,-0.02000016120208211,0.5757724696378559,NINJ1,0.9996655964033789,0
PRKCD,0.9996655964033789,0.6074646790336143,-0.008329359469636718,-0.2727259085977901,-0.01971847833742518,0.5892902569513482,NIT1,0.9996655964033789,0
TAF1,0.9996655964033789,0.6079091159134781,-0.00851924918395095,-0.2738823795360806,-0.01971025860376879,0.5886805679394055,NMT2,0.9996655964033789,0
RAB3IL1,0.9996655964033789,0.6091579177971383,-0.00981104755486133,-0.2771338590091576,-0.01966118137011428,0.5882566657431536,NNT.AS1,0.9996655964033789,0
SF3B2,0.9996655964033789,0.6097591689055344,-0.009441446909866532,-0.27870036751677313,-0.019482743854279564,0.5955134705282661,NOM1,0.9996655964033789,0
PSMD8,0.9996655964033789,0.609883632603343,-0.008331492734614752,-0.2790247324128721,-0.019962369266516927,0.5718063487298075,NOP10,0.9996655964033789,0
NXF2,0.9996655964033789,0.610022731860002,-0.008676214470221556,-0.2793872737919022,-0.019729253040174678,0.5830142158424232,NOP14.AS1,0.9996655964033789,0
APBB2,0.9996655964033789,0.6101655635825867,-0.008288449308445578,-0.2797595815058028,-0.019656236761951988,0.5862555585588073,NOS1,0.9996655964033789,0
RANBP1,0.9996655964033789,0.6102816294884553,-0.008731885553071392,-0.28006214952711794,-0.020570683046239522,0.5397870213954539,NPFF,0.9996655964033789,0
MAVS,0.9996655964033789,0.6109076555922195,-0.009384426962674762,-0.2816945573712307,-0.019624003365169566,0.5861840456557408,NPM1,0.9996655964033789,0
YARS2,0.9996655964033789,0.6152440593802071,-0.007882444663147132,-0.29302293564616505,-0.019372413770355118,0.5889431012570996,NRBP2,0.9996655964033789,0
NDST3,0.9996655964033789,0.6153342782505509,-0.009115419980620902,-0.2932590172978345,-0.019084154585090517,0.6022307460805674,NRDE2,0.9996655964033789,0
ARF4,0.9996655964033789,0.6154002732634474,-0.009215347367570254,-0.293431721140494,-0.01969928870497163,0.5729211042788063,NSMAF,0.9996655964033789,0
PCGEM1,0.9996655964033789,0.6165796105106414,-0.00994629537090385,-0.2965194370859895,-0.01916016315118351,0.5961289259604303,NSMCE1,0.9996655964033789,0
ARFIP1,0.9996655964033789,0.6183826198004533,-0.01061896741666104,-0.3012455203425764,-0.019072180824095807,0.5965248705664523,NT5C3A,0.9996655964033789,0
HBQ1,0.9996655964033789,0.619084105864929,-0.008703919222430972,-0.30308608344639637,-0.01884890924912148,0.6053189858273135,NUBP1,0.9996655964033789,0
MKRN2,0.9996655964033789,0.6192853803689027,-0.008439103188596996,-0.30361437799676816,-0.018873824581675448,0.6037871468033407,NUCB1.AS1,0.9996655964033789,0
TGS1,0.9996655964033789,0.6200213974829437,-0.00996169414714562,-0.30554695934419807,-0.019019859942543665,0.5956515139211418,NUDT1,0.9996655964033789,0
PCK1,0.9996655964033789,0.6211242059965533,-0.00919837808118741,-0.30844477554181954,-0.018752754294995174,0.6056134879455097,NUDT22,0.9996655964033789,0
TGFBR3,0.9996655964033789,0.6218116655901577,-0.010005637254464798,-0.31025250211195243,-0.01897812100359321,0.5940433580420995,NUDT6,0.9996655964033789,0
PSMB10,0.9996655964033789,0.6223042307057354,-0.009050735534717644,-0.31154836250383283,-0.01987846665804194,0.5503543572567663,NUGGC,0.9996655964033789,0
HMG20B,0.9996655964033789,0.6225358569621541,-0.009412510787071957,-0.31215791509134,-0.018971563618722518,0.5929369901368262,NUMB,0.9996655964033789,0
RAPGEF2,0.9996655964033789,0.6227327466988865,-0.009927339998146828,-0.31267614552783213,-0.018671623276876183,0.6061206066016183,NUP153,0.9996655964033789,0
UBE2L6,0.9996655964033789,0.6229879425312345,-0.008887023336561974,-0.3133479675530982,-0.019294397941954512,0.5770899278102828,NUP155,0.9996655964033789,0
EIF3IP1,0.9996655964033789,0.6233421984115528,-0.009822513487771037,-0.3142808071118806,-0.0185571440592784,0.6100379526906146,NUP188,0.9996655964033789,0
TMEM87B,0.9996655964033789,0.6238218921317993,-0.010334057371272291,-0.3155443904274596,-0.01856573493328757,0.6087416267061652,NUP205,0.9996655964033789,0
RAP2C.AS1,0.9996655964033789,0.6244220413336508,-0.009700975222660531,-0.3171259811819966,-0.018420804887237987,0.6139816465672474,NUP210,0.9996655964033789,0
USP48,0.9996655964033789,0.6247193720732359,-0.0108793977577557,-0.3179098393210639,-0.018544323465674143,0.6079864674215995,NUP210L,0.9996655964033789,0
TMX4,0.9996655964033789,0.6247903450894352,-0.010589591738054523,-0.3180969755701776,-0.01860902707825092,0.604983432076829,NUP35,0.9996655964033789,0
WHSC1L1,0.9996655964033789,0.6251137861933088,-0.009166404505351026,-0.31894994166655855,-0.01870113407784475,0.6002623183223734,NUP50.AS1,0.9996655964033789,0
SREK1,0.9996655964033789,0.6268983637469829,-0.00874083642846841,-0.32366035322559555,-0.01824138224474947,0.6171565708201137,NUP62CL,0.9996655964033789,0
TXNDC11,0.9996655964033789,0.6280245458915392,-0.010260067381635261,-0.3266366169918475,-0.018168241816636857,0.6182420641338253,NUP98,0.9996655964033789,0
YTHDF3,0.9996655964033789,0.6300496900499514,-0.009844582397268098,-0.33199595828667355,-0.01794142731549994,0.6242485715072494,NUPL1,0.9996655964033789,0
VPS41,0.9996655964033789,0.6310943091102452,-0.00837777749187131,-0.3347641612338794,-0.020756968575048305,0.4908531753840322,NXF2,0.9996655964033789,0
GTF3C2.AS1,0.9996655964033789,0.6316049950113074,-0.009495564724264206,-0.3361183934563494,-0.01820287948232414,0.6103342810047526,OAZ2,0.9996655964033789,0
NUP155,0.9996655964033789,0.6323646197856182,-0.010888249836959785,-0.3381339014547529,-0.018154944556138815,0.6110644629063692,OCIAD2,0.9996655964033789,0
SRSF7,0.9996655964033789,0.6334343567392948,-0.010485567024504408,-0.34097456165763396,-0.01774104802765776,0.6267184285749497,ODF2L,0.9996655964033789,0
RSC1A1,0.9996655964033789,0.6335536969053932,-0.0104953344940847,-0.3412916367990227,-0.01829275711833978,0.603035333450209,OGDHL,0.9996655964033789,0
VPS28,0.9996655964033789,0.6345040944781296,-0.00971436894010921,-0.3438179783560563,-0.01796235918209788,0.6155830263561117,OPA1.AS1,0.9996655964033789,0
SH3PXD2A,0.9996655964033789,0.6348894967211026,-0.011067037005616832,-0.3448430773000873,-0.017948344843153486,0.6155177558219469,OSBP,0.9996655964033789,0
ELF5,0.9996655964033789,0.6363784203481243,-0.011532185179849845,-0.3488067574964323,-0.01745065864064416,0.6336896022782963,OSBP2,0.9996655964033789,0
DDR1,0.9996655964033789,0.6368095826878002,-0.010871028601302594,-0.3499555808852464,-0.017750171865014316,0.6206090157698116,OSBPL3,0.9996655964033789,0
ATXN1L,0.9996655964033789,0.6369472326733978,-0.009900683581563303,-0.35032244372872823,-0.018365218562492975,0.5940887377665395,OSCAR,0.9996655964033789,0
ATG14,0.9996655964033789,0.6373858491146966,-0.010482389160067272,-0.35149175307834774,-0.017508447474644983,0.6296513739232885,OTUB2,0.9996655964033789,0
DDX60,0.9996655964033789,0.6384780157955702,-0.011932528345356313,-0.3544054582754798,-0.017337244915875887,0.6348279772175132,OTUD5,0.9996655964033789,0
FNDC1,0.9996655964033789,0.6384933679598986,-0.011467217284938337,-0.3544464364975135,-0.017383328373597316,0.6329337724598407,OTUD6A,0.9996655964033789,0
PPRC1,0.9996655964033789,0.638511178773395,-0.012221090196748918,-0.3544939781278399,-0.01714089020003904,0.6426619531328758,OXCT1,0.9996655964033789,0
RPS14P3,0.9996655964033789,0.6387416464214959,-0.011815989300196332,-0.35510922772254366,-0.0179101934627646,0.6106743131011875,OXT,0.9996655964033789,0
PRDM4,0.9996655964033789,0.6397578684636089,-0.011661605840776607,-0.35782371151377806,-0.017351130238250155,0.632182148493242,P4HTM,0.9996655964033789,0
ATP5G3,0.9996655964033789,0.639932116737266,-0.011325184664954017,-0.35828941957229704,-0.01769304794317512,0.6178411632237133,PABPC1L,0.9996655964033789,0
SUFU,0.9996655964033789,0.6415962871242749,-0.011367983766461132,-0.3627411315093337,-0.017176306059571062,0.6362850938914856,PABPC4L,0.9996655964033789,0
ATP5G1,0.9996655964033789,0.6420986616539301,-0.009928188035745378,-0.3640864102582568,-0.01878388079987748,0.5671205672166526,PAFAH1B1,0.9996655964033789,0
TNRC6B,0.9996655964033789,0.6426714603271884,-0.012232446198382414,-0.36562107821002254,-0.017069445983007973,0.6388560339005465,PAFAH1B2,0.9996655964033789,0
MATK,0.9996655964033789,0.6433248369767208,-0.011332186929247305,-0.3673726865979386,-0.01708949018782545,0.6370329599378624,PAIP2B,0.9996655964033789,0
DEDD2,0.9996655964033789,0.643716907882698,-0.010626159460146565,-0.3684243131282278,-0.01694222062165169,0.6422656945943168,PAK3,0.9996655964033789,0
RNF125,0.9996655964033789,0.6437629026706555,-0.011511914447509014,-0.368547708672135,-0.017141250867607045,0.6342794406993464,PAN3.AS1,0.9996655964033789,0
ZDHHC6,0.9996655964033789,0.6447656738143955,-0.011036133280549039,-0.3712393581185279,-0.017603679089529606,0.6138600842894562,PAPD5,0.9996655964033789,0
PNKD,0.9996655964033789,0.6449482477794399,-0.01262606095506495,-0.371729714201195,-0.016968992232917767,0.6393037331402659,PAPOLB,0.9996655964033789,0
GOPC,0.9996655964033789,0.6449668062503044,-0.011827648069797391,-0.37177956343668583,-0.01708465090898229,0.6346758851428946,PARL,0.9996655964033789,0
RTDR1,0.9996655964033789,0.6450000184827651,-0.011392209380505077,-0.37186877591616385,-0.017400077872204125,0.6218783929328227,PARP1,0.9996655964033789,0
FXR2,0.9996655964033789,0.646129735215188,-0.011523275835967562,-0.374905114236736,-0.016981534835391308,0.6369962981127425,PARP8,0.9996655964033789,0
RAB5B,0.9996655964033789,0.6469634339665896,-0.012713331778765307,-0.3771480626572369,-0.01676623524771815,0.6442088535994557,PASD1,0.9996655964033789,0
IL6ST,0.9996655964033789,0.6479648945971117,-0.010972141153417927,-0.3798448628035461,-0.016396986985733473,0.6569481548390728,PATL2,0.9996655964033789,0
RPL41,0.9996655964033789,0.6483172555309343,-0.012173678441907783,-0.38079438031141294,-0.01776616458080287,0.6016280170638646,PBX1,0.9996655964033789,0
DDX19B,0.9996655964033789,0.6493089115102949,-0.010452289724556191,-0.3834684723847183,-0.016819430059037813,0.6386181373978903,PBX3,0.9996655964033789,0
KIAA0226L,0.9996655964033789,0.6511689390004414,-0.011261948152679889,-0.38849163170565193,-0.016698796654093958,0.6406106154168636,PCBP1.AS1,0.9996655964033789,0
MLXIPL,0.9996655964033789,0.6512586546575246,-0.011858631907348614,-0.38873416330807103,-0.016497316530271176,0.6482880721297457,PCBP2.OT1,0.9996655964033789,0
RBM12B,0.9996655964033789,0.6515830573999274,-0.011697607353187884,-0.38961132404956783,-0.016967040124646834,0.6294336250371676,PCGEM1,0.9996655964033789,0
NUP205,0.9996655964033789,0.6526394344485301,-0.012587445620914647,-0.3924697715291939,-0.016707852126376908,0.6381258571673372,PCGF6,0.9996655964033789,0
EIF5,0.9996655964033789,0.652680742426254,-0.010190436104289564,-0.3925816116920533,-0.018251823008271214,0.5744858719266752,PCK1,0.9996655964033789,0
SEC63,0.9996655964033789,0.6531787267145323,-0.012168665446346786,-0.3939302768591709,-0.015969386665775964,0.6654898028461316,PCNA,0.9996655964033789,0
INPP5E,0.9996655964033789,0.6532980163648988,-0.0110074588660244,-0.3942534491906208,-0.016470278723217116,0.6463982011500679,PCNT,0.9996655964033789,0
RING1,0.9996655964033789,0.655251393198782,-0.012336468373610755,-0.3995513113453187,-0.016211784690941384,0.6535070512574964,PDC,0.9996655964033789,0
NCBP2.AS2,0.9996655964033789,0.6564156710128889,-0.01235059521801063,-0.4027143473836578,-0.015905449117591113,0.6633706091712663,PDCD1LG2,0.9996655964033789,0
KCTD21,0.9996655964033789,0.6572583954796807,-0.013099891442212413,-0.405006322351607,-0.015980069140358925,0.6594433015510419,PDCD2L,0.9996655964033789,0
SF3B3,0.9996655964033789,0.6575068486671387,-0.011622851381683933,-0.4056824513548888,-0.01657466048631006,0.6364478234398032,PDCD4.AS1,0.9996655964033789,0
NUP210,0.9996655964033789,0.6599273950910703,-0.013935553989030042,-0.41227938574631,-0.015608625638829211,0.6695519692058516,PDCD6IP,0.9996655964033789,0
USP26,0.9996655964033789,0.6622465610552989,-0.015343772932652088,-0.41861689221273596,-0.015321140332411288,0.6769110676871025,PDCD6IPP2,0.9996655964033789,0
TAC1,0.9996655964033789,0.6634125267499502,-0.013999879610485554,-0.42180943453937503,-0.0154090942070759,0.6722484710371466,PDHA2,0.9996655964033789,0
LAMP2,0.9996655964033789,0.6646269488528922,-0.012423314134012644,-0.4251392340599449,-0.015895486985895158,0.6528118087380863,PDHX,0.9996655964033789,0
NDRG2,0.9996655964033789,0.6647256194539571,-0.011413122076787827,-0.42540998368449934,-0.01537913712418755,0.6716529613863398,PDIA3P1,0.9996655964033789,0
MED25,0.9996655964033789,0.6647712086523658,-0.013385000364468387,-0.4255350898210823,-0.015435080527690645,0.669572220331389,PDIK1L,0.9996655964033789,0
PDS5B,0.9996655964033789,0.6652031348682321,-0.01531659183476437,-0.42672071508682247,-0.014769446485865069,0.6926008925035758,PDPN,0.9996655964033789,0
SEC61A2,0.9996655964033789,0.6684668392977847,-0.011756164909616196,-0.4356990554707398,-0.015597972318338966,0.6589650097796695,PDS5B,0.9996655964033789,0
ACTR10,0.9996655964033789,0.6692894270652683,-0.013530142133712685,-0.43796749106426885,-0.01465875883438988,0.6914567387966182,PEG10,0.9996655964033789,0
VPS13A,0.9996655964033789,0.6693197986995454,-0.012081592674093134,-0.4380512894670005,-0.01481182216595005,0.6861031615062376,PEX2,0.9996655964033789,0
GNPDA1,0.9996655964033789,0.6693367851172779,-0.012932298808689945,-0.4380981580484679,-0.014550572620672057,0.695124458574988,PEX26,0.9996655964033789,0
AGPAT9,0.9996655964033789,0.6736681040155675,-0.013041392137836798,-0.4500808544240413,-0.014933427355785284,0.6766369623886908,PEX3,0.9996655964033789,0
CLRN1,0.9996655964033789,0.6741665624032216,-0.013818555733074007,-0.45146397477076977,-0.014531744849674462,0.690099835157733,PFDN6,0.9996655964033789,0
ECHDC1,0.9996655964033789,0.6751087290299249,-0.013810429280077795,-0.4540806587292044,-0.014422477453459473,0.6927749193178359,PFKM,0.9996655964033789,0
DPF3,0.9996655964033789,0.6758193380787025,-0.012349952727965598,-0.45605629478232135,-0.014474927666287232,0.6901585480687624,PFN1P2,0.9996655964033789,0
OPA1.AS1,0.9996655964033789,0.6766021265424951,-0.016574454946221635,-0.45823466705206894,-0.014567221327709686,0.686071893212989,PGK2,0.9996655964033789,0
RAB6B,0.9996655964033789,0.6766821294250585,-0.014511346931848555,-0.45845742435027953,-0.014453667585413285,0.6899081122069528,PHF13,0.9996655964033789,0
KBTBD3,0.9996655964033789,0.6774470989570036,-0.01341843259895381,-0.460588530626887,-0.014186330615044292,0.6981821127046713,PHF20,0.9996655964033789,0
XPO4,0.9996655964033789,0.6774648892327462,-0.01429457552168956,-0.4606381168993268,-0.014740184904444653,0.6790445203578452,PHF21A,0.9996655964033789,0
HSPA6,0.9996655964033789,0.6778899246332016,-0.01323564447145413,-0.4618231418298671,-0.014351776077913636,0.6920464828344923,PHF21B,0.9996655964033789,0
STRBP,0.9996655964033789,0.6780294056225805,-0.013743730294970773,-0.46221216474455346,-0.014659184657504973,0.6812412738323513,PHGDH,0.9996655964033789,0
SNRPB2,0.9996655964033789,0.6785266206359115,-0.015121172900716235,-0.4635995044826097,-0.014842397949105747,0.6742252486475113,PHKA2.AS1,0.9996655964033789,0
TNPO2,0.9996655964033789,0.6786878225011186,-0.01583592036466977,-0.46404948479846253,-0.01422916409576382,0.6953446120777951,PHKG1,0.9996655964033789,0
SMEK3P,0.9996655964033789,0.6799976747719545,-0.015554864471529121,-0.4677093142386542,-0.014367568085241833,0.6891513760770198,PI4KAP1,0.9996655964033789,0
MRPL30,0.9996655964033789,0.6800598223922412,-0.01329645112323836,-0.46788311493188645,-0.0144873700949723,0.6849420114952647,PIANP,0.9996655964033789,0
MAP2K2,0.9996655964033789,0.6805133268139905,-0.013575568841133619,-0.46915180402025164,-0.013826944929747138,0.706880187879533,PIGT,0.9996655964033789,0
RBM18,0.9996655964033789,0.6809079151068957,-0.014727974034947458,-0.4702562885512415,-0.014524842597149076,0.6826959138529343,PIGU,0.9996655964033789,0
HSP90AB1,0.9996655964033789,0.6809321122853855,-0.014649560324462754,-0.47032403706935766,-0.015206381739762003,0.6584308874994693,PIK3CG,0.9996655964033789,0
GLG1,0.9996655964033789,0.681633778471077,-0.012960712771796461,-0.4722895393768893,-0.013925488225136864,0.702382080694215,PIK3R6,0.9996655964033789,0
MLF1,0.9996655964033789,0.6823505751050591,-0.013553300015552567,-0.4742993109859902,-0.01390051173771492,0.7024489850273399,PILRA,0.9996655964033789,0
EIF3B,0.9996655964033789,0.6828526591380266,-0.014429492853644098,-0.47570820768101274,-0.013954277763721018,0.7001058088170865,PIP4K2C,0.9996655964033789,0
AATK,0.9996655964033789,0.6829493942362134,-0.013677256731992387,-0.47597976423629274,-0.014475373688976853,0.682166563378063,PIP5K1B,0.9996655964033789,0
GBA3,0.9996655964033789,0.6835179551392926,-0.014436983776150332,-0.477576549444135,-0.013856684854292518,0.7026715826198555,PITPNA,0.9996655964033789,0
NAP1L2,0.9996655964033789,0.684074586566122,-0.014419123750261947,-0.4791410116990485,-0.014342668589073328,0.6855431763086165,PITPNA.AS1,0.9996655964033789,0
ARID4B,0.9996655964033789,0.684865847501231,-0.015395691794574612,-0.4813669425434402,-0.013907928391279622,0.6995234455304904,PITPNC1,0.9996655964033789,0
ARHGEF10,0.9996655964033789,0.6858710553363578,-0.017971380785613555,-0.48419818249479585,-0.013612145618798498,0.7083407056860334,PITRM1.AS1,0.9996655964033789,0
NFYC.AS1,0.9996655964033789,0.6863379426429252,-0.014542206176339745,-0.4855145240069589,-0.013721919435391278,0.7042114258890173,PKMYT1,0.9996655964033789,0
WDR38,0.9996655964033789,0.6871500007806661,-0.014444087743906847,-0.48780604731089583,-0.013846971790825943,0.6991795986450522,PKN2,0.9996655964033789,0
SFR1,0.9996655964033789,0.687245665538315,-0.014637902829644521,-0.48807616942948157,-0.013597480695575122,0.7074083134250015,PLEKHA3,0.9996655964033789,0
DDX51,0.9996655964033789,0.6882771959136943,-0.014828814045095144,-0.49099110099152554,-0.014413072383360778,0.67860260046176,PLEKHD1,0.9996655964033789,0
GPT,0.9996655964033789,0.688519430398211,-0.017864953669750265,-0.4916762193850855,-0.013517918352678578,0.70873745370379,PLEKHM3,0.9996655964033789,0
RPS6KA4,0.9996655964033789,0.6887164852043861,-0.01735851963087342,-0.4922337251480833,-0.013456356609734437,0.7105663439010121,PLS1,0.9996655964033789,0
BPY2,0.9996655964033789,0.6889706636259876,-0.018167386000340527,-0.4929530706184208,-0.013234107162356684,0.7175719518691804,PMS1,0.9996655964033789,0
GPS2,0.9996655964033789,0.6919602286246568,-0.019494524762448395,-0.5014330833221478,-0.012668499298430943,0.7327271123035957,PNKD,0.9996655964033789,0
XPR1,0.9996655964033789,0.6927329332949732,-0.015630195464289447,-0.503630741907362,-0.01438803635926492,0.6748285327682684,POC1A,0.9996655964033789,0
ERH,0.9996655964033789,0.692776250610583,-0.01657229960867814,-0.5037540131403534,-0.013701667663463318,0.6983217107098718,POGLUT1,0.9996655964033789,0
MESP1,0.9996655964033789,0.6928077559906722,-0.014946307819725769,-0.5038436750990724,-0.012494639721998026,0.7373695174039867,POLA1,0.9996655964033789,0
RABEP2,0.9996655964033789,0.6931338769711894,-0.016271093062393008,-0.5047720292534298,-0.01303766714151594,0.7198383142557464,POLDIP3,0.9996655964033789,0
ARL3,0.9996655964033789,0.6937706825868509,-0.01580273037694425,-0.506586051518132,-0.012964956125663573,0.7215671808543482,POLE,0.9996655964033789,0
RAC3,0.9996655964033789,0.6946519782889724,-0.016341551347961322,-0.5090992896633431,-0.012847120568336496,0.7245042818599166,POLE4,0.9996655964033789,0
AK3,0.9996655964033789,0.6953319278504809,-0.01522933460306566,-0.5110405375711258,-0.013630426084706855,0.6981773773577402,POLG2,0.9996655964033789,0
PCNA,0.9996655964033789,0.6963585814539062,-0.016763469497384758,-0.5139752780825799,-0.012304341011887487,0.7400023396804123,POLR1E,0.9996655964033789,0
DNAJC11,0.9996655964033789,0.6968975643652175,-0.016344763517087257,-0.5155177600115132,-0.01267767344125709,0.7277941590223791,POLR2B,0.9996655964033789,0
FAM35A,0.9996655964033789,0.6969914858811355,-0.017243642318748933,-0.515786673643124,-0.012877903893979832,0.7213080419923394,POLR2C,0.9996655964033789,0
C7orf31,0.9996655964033789,0.6999185365509781,-0.016615808061597886,-0.5241861784637895,-0.011890927220522292,0.7495206118730903,POLR2D,0.9996655964033789,0
POLR2D,0.9996655964033789,0.6999202259250986,-0.015233405034416784,-0.5241910369528919,-0.012997962202714571,0.714684717531268,POLR2F,0.9996655964033789,0
EIF3I,0.9996655964033789,0.7001307364373383,-0.016574423942567782,-0.5247965432869187,-0.012596648455616253,0.7273948281039606,POLR2H,0.9996655964033789,0
WDR27,0.9996655964033789,0.7007482965960468,-0.01822126948867261,-0.5265739873445993,-0.012038329601808256,0.7442901135042943,POLR3D,0.9996655964033789,0
EMR1,0.9996655964033789,0.7022658571331585,-0.01688402608375489,-0.5309488791284614,-0.013108677381309629,0.7088862806140551,PPDPF,0.9996655964033789,0
PPM1D,0.9996655964033789,0.7052383077912731,-0.015785112652113006,-0.5395476333848207,-0.012254377517300028,0.7336579407356314,PPIA,0.9996655964033789,0
BAZ1B,0.9996655964033789,0.705338496393521,-0.01826548728965596,-0.5398381532306145,-0.012588906600130494,0.7229632947038747,PPIH,0.9996655964033789,0
GTF3C2,0.9996655964033789,0.7054834230781583,-0.01621433972824856,-0.5402584820680689,-0.011801512350501664,0.7474738863006807,PPM1B,0.9996655964033789,0
COPS7A,0.9996655964033789,0.7067595813767527,-0.017185841266836154,-0.5439638414444291,-0.012433343429140917,0.7266770530140948,PPM1D,0.9996655964033789,0
FAF2,0.9996655964033789,0.7071748508960289,-0.01670895831345931,-0.5451711974838335,-0.011457406213327888,0.7564906614014718,PPM1H,0.9996655964033789,0
MSR1,0.9996655964033789,0.7075182243072357,-0.018051895637749466,-0.5461701230828295,-0.012739367448957796,0.7161860272861388,PPM1N,0.9996655964033789,0
RNF115,0.9996655964033789,0.7087314096891156,-0.015661189220314176,-0.5497038422433468,-0.011676269148826166,0.7485877766116933,PPP1CB,0.9996655964033789,0
SIRT3,0.9996655964033789,0.7104072769438708,-0.01803542922562017,-0.5545965712643676,-0.011280921760740699,0.7591681232795354,PPP1CC,0.9996655964033789,0
SLC40A1,0.9996655964033789,0.7107174862219642,-0.015840117759949618,-0.5555036882803148,-0.01194900842171524,0.7385381149282855,PPP1R10,0.9996655964033789,0
NHS,0.9996655964033789,0.7130206146008038,-0.018127653662434705,-0.562252903725428,-0.011234411912745657,0.7584935847732233,PPP1R12A,0.9996655964033789,0
ATP6V0A1,0.9996655964033789,0.7135419228428646,-0.019278640086719753,-0.5637841248353013,-0.011255059984098878,0.7574650104851668,PPP1R12B,0.9996655964033789,0
AP2M1,0.9996655964033789,0.7146541183336697,-0.018842139674003028,-0.5670553692080083,-0.011018920101325538,0.763650214775479,PPP1R1A,0.9996655964033789,0
FBXO15,0.9996655964033789,0.7149062268861717,-0.019309624460975457,-0.567797726560776,-0.010742354741427488,0.7715994769710319,PPP1R26,0.9996655964033789,0
USP8,0.9996655964033789,0.7153001899712601,-0.019056561670087298,-0.568958415042222,-0.01083019758075116,0.7687301332505636,PPP1R8,0.9996655964033789,0
UBE2G2,0.9996655964033789,0.7167823523937998,-0.016892553477165537,-0.573332033881909,-0.011224738339579599,0.7558564180684114,PPP1R9A,0.9996655964033789,0
FGD5P1,0.9996655964033789,0.7179555873848321,-0.016981079246399643,-0.5768018481935221,-0.011877149307713221,0.7348712552226815,PPP2CA,0.9996655964033789,0
PDCD1LG2,0.9996655964033789,0.7189461344336001,-0.015812651988644684,-0.5797367824130635,-0.012655579243743819,0.7091187400511649,PPP2CB,0.9996655964033789,0
CD55,0.9996655964033789,0.7193418869496402,-0.017281207423988934,-0.5809107707277307,-0.01047025685813628,0.7762533706875866,PPP2R1B,0.9996655964033789,0
GSTM1,0.9996655964033789,0.7197345020096501,-0.01941123445676572,-0.582076243609854,-0.011165297821651418,0.7553904359768948,PPP2R3A,0.9996655964033789,0
DSCR4,0.9996655964033789,0.7209679763014718,-0.01700322288816698,-0.585742956789043,-0.01103544956247126,0.7583727867349349,PPP2R5A,0.9996655964033789,0
FIRRE,0.9996655964033789,0.7214792166238428,-0.016829126613312366,-0.5872650148681906,-0.011171402389870112,0.7538861328766902,PPP2R5B,0.9996655964033789,0
UBE2E2,0.9996655964033789,0.7219885069117321,-0.019432730572242676,-0.5887826213591288,-0.010820931732592362,0.7640296223191995,PPP2R5D,0.9996655964033789,0
ENOSF1,0.9996655964033789,0.7241898965988478,-0.017315337323608095,-0.595358112778565,-0.010699084219979203,0.7660481981362781,PPP2R5E,0.9996655964033789,0
MCMDC2,0.9996655964033789,0.7253615923363502,-0.01811982253379057,-0.5988684439803261,-0.011362390962790223,0.7451272190111986,PPP3CC,0.9996655964033789,0
POLA1,0.9996655964033789,0.7257860746146045,-0.01851418435413375,-0.6001419888708829,-0.010573283242946653,0.7686309052772283,PPP6R1,0.9996655964033789,0
MBD3,0.9996655964033789,0.7258023170571268,-0.01897088717448561,-0.6001907392794447,-0.010167639781428057,0.7804629646706959,PPP6R2,0.9996655964033789,0
RALYL,0.9996655964033789,0.7263652341935755,-0.02275808264662155,-0.6018811734528655,-0.009711041287813882,0.7930990419891919,PPP6R3,0.9996655964033789,0
CBX3P2,0.9996655964033789,0.7267572138787105,-0.0195382003533671,-0.6030593006921096,-0.010978293360385891,0.7558263019092492,PPRC1,0.9996655964033789,0
PITPNC1,0.9996655964033789,0.7273839648554931,-0.018951532853922544,-0.604944794104402,-0.010101859718887263,0.7812820180181496,PRCD,0.9996655964033789,0
FGD4,0.9996655964033789,0.7279819175865254,-0.01858622203555177,-0.6067456589378064,-0.010755765306506525,0.7616439558275516,PRDM4,0.9996655964033789,0
CHMP4B,0.9996655964033789,0.7282759205657332,-0.01594344539980065,-0.6076318347379561,-0.013707478886187357,0.6658935534284122,PRDM5,0.9996655964033789,0
GOSR2,0.9996655964033789,0.7284095302925406,-0.017393931660219197,-0.6080347152755671,-0.011658401522409542,0.7336154484281827,PREPL,0.9996655964033789,0
TMIE,0.9996655964033789,0.7285537265921281,-0.02119601686257892,-0.6084696288410937,-0.010083228993506702,0.7810289244040602,PREX2,0.9996655964033789,0
FMNL2,0.9996655964033789,0.7289255875880525,-0.01977378364265181,-0.6095917384412746,-0.010026957020642149,0.7824024135346273,PRKAA2,0.9996655964033789,0
RRAD,0.9996655964033789,0.7289627094460422,-0.017062953142196094,-0.6097037976763605,-0.009417124248972425,0.7996468486003379,PRKAG2.AS1,0.9996655964033789,0
PPP1R9A,0.9996655964033789,0.7307666654637661,-0.018283087544460466,-0.6151586491952373,-0.009393616627561174,0.7991626986158942,PRKCD,0.9996655964033789,0
XPO6,0.9996655964033789,0.730941662645781,-0.017823427565100785,-0.6156887831781309,-0.010191676147937706,0.7762708415739287,PRKCZ,0.9996655964033789,0
ATG13,0.9996655964033789,0.7310988047280733,-0.018453447028785836,-0.6161649746793304,-0.01034376726395244,0.7717063297796407,PRKX,0.9996655964033789,0
POLE4,0.9996655964033789,0.7318872031641154,-0.0183244511427622,-0.6185561913703114,-0.010118923558421823,0.7777580301624039,PRMT6,0.9996655964033789,0
SNX1,0.9996655964033789,0.7333137482664875,-0.019279139081696733,-0.6228919306399786,-0.009829209190067719,0.7852006711183439,PRNT,0.9996655964033789,0
QDPR,0.9996655964033789,0.7334582729566971,-0.019373246996066358,-0.6233318412930487,-0.010569274489894868,0.7633957904224798,PROSER2,0.9996655964033789,0
PPP1CC,0.9996655964033789,0.7336653343338484,-0.020967082587871323,-0.6239623142102768,-0.00959481177596052,0.7916703332371919,PRPF3,0.9996655964033789,0
UBE3C,0.9996655964033789,0.7337392827839403,-0.016780540929225464,-0.6241875370027484,-0.010537805562679636,0.7641456876820379,PRPF38B,0.9996655964033789,0
ARHGAP31,0.9996655964033789,0.7337553986996811,-0.018933082824074847,-0.6242366250132493,-0.009463786914316307,0.7953195132173709,PRPF39,0.9996655964033789,0
TOPORS,0.9996655964033789,0.7348479012572685,-0.021286074397417004,-0.6275678338996332,-0.009009985847520281,0.8072938521367119,PRPF40B,0.9996655964033789,0
NACA2,0.9996655964033789,0.7350088192785142,-0.018610987039516195,-0.6280590858876645,-0.01057090821103506,0.7622861888011423,PRPF8,0.9996655964033789,0
SYK,0.9996655964033789,0.73550643171854,-0.01911277988536882,-0.6295791619804039,-0.009509396286122232,0.7929346687817979,PRPH,0.9996655964033789,0
POLE,0.9996655964033789,0.7356326801716597,-0.01748824588050072,-0.6299650493908103,-0.009991396588415722,0.7790020428739538,PRR11,0.9996655964033789,0
C17orf89,0.9996655964033789,0.7356926938786282,-0.017507221486398276,-0.6301485184699113,-0.010524918977737503,0.7631999667997611,PRR14,0.9996655964033789,0
PAFAH1B2,0.9996655964033789,0.7363715537348835,-0.02023108751137835,-0.6322253541937415,-0.009489355232994063,0.792963861126385,PRR15,0.9996655964033789,0
CHPT1,0.9996655964033789,0.73654344957257,-0.02186817299840051,-0.6327516677022859,-0.009580747131763387,0.7902566288647145,PRRC2B,0.9996655964033789,0
IPO5P1,0.9996655964033789,0.7368047952410315,-0.019838267511253376,-0.6335521962204086,-0.009707434905611876,0.7864645324249385,PRRC2C,0.9996655964033789,0
PSMA3,0.9996655964033789,0.736966620473402,-0.019031362710412867,-0.6340480870550393,-0.011159068491035996,0.7429756957511262,PRRG1,0.9996655964033789,0
UNC45A,0.9996655964033789,0.737373895888051,-0.021334939241760355,-0.6352968164691355,-0.010623720186140065,0.759085622435832,PSMA2,0.9996655964033789,0
ZC3H7B,0.9996655964033789,0.7378467638067939,-0.020839905084047566,-0.636747900314407,-0.008650483750456458,0.8153758648880576,PSMA3,0.9996655964033789,0
ATP5D,0.9996655964033789,0.7379566854953982,-0.020631887903586686,-0.6370854076688859,-0.009454394024520453,0.7929747404096049,PSMA6,0.9996655964033789,0
UBL7.AS1,0.9996655964033789,0.7392163586135521,-0.018742320748130085,-0.6409583515054385,-0.009263875709851287,0.7975977515407735,PSMA8,0.9996655964033789,0
ABI2,0.9996655964033789,0.7392805271647962,-0.018942546853603706,-0.6411558988425466,-0.008689898415549064,0.8134855157204015,PSMB10,0.9996655964033789,0
TMEM132A,0.9996655964033789,0.7393478070972144,-0.022365964764922055,-0.6413630516583196,-0.009312410621444306,0.7961482529238935,PSMB3,0.9996655964033789,0
KCNA1,0.9996655964033789,0.7393741467499502,-0.018404580409831086,-0.6414441581256416,-0.009448101282916656,0.7922827979416841,PSMB5,0.9996655964033789,0
MORC4,0.9996655964033789,0.7399315565245084,-0.02007871318011985,-0.6431615552808242,-0.009634836686268801,0.786591294490164,PSMB8,0.9996655964033789,0
NT5C3A,0.9996655964033789,0.7404420057099966,-0.020405033837605627,-0.6447359310871569,-0.009495750163543855,0.7902680326792575,PSMB9,0.9996655964033789,0
SEPT3,0.9996655964033789,0.7405922956019176,-0.01782495097171445,-0.6451997739657945,-0.010407677273857776,0.7634394997286944,PSMC3,0.9996655964033789,0
NAA60,0.9996655964033789,0.7424184812861974,-0.02205491496451279,-0.6508471195501384,-0.008094047548220028,0.8278222545454602,PSMC3IP,0.9996655964033789,0
AKIRIN2,0.9996655964033789,0.7439356790345552,-0.019085374408560358,-0.6555547737750013,-0.00901611441594741,0.8017761851758893,PSMC5,0.9996655964033789,0
MAP7D2,0.9996655964033789,0.7446416456250212,-0.023871937276181195,-0.6577502469466348,-0.008273651178307423,0.8218253176326451,PSMC6,0.9996655964033789,0
CMTM4,0.9996655964033789,0.7454600565107974,-0.019753881065374117,-0.6602993841025281,-0.008053329962115486,0.8273111867086013,PSMD10,0.9996655964033789,0
DNAJC8,0.9996655964033789,0.7468503635740669,-0.022190439179157438,-0.6646396988142188,-0.007922301800152706,0.8300879074326242,PSMD12,0.9996655964033789,0
STAT4,0.9996655964033789,0.7483865864813858,-0.019969936916198153,-0.6694501495627071,-0.008825587309453051,0.8045838261359579,PSMD14,0.9996655964033789,0
SETMAR,0.9996655964033789,0.7485593145912836,-0.021533777161220066,-0.6699919897298418,-0.008193413821099248,0.82191961070561,PSMD3,0.9996655964033789,0
CASP3,0.9996655964033789,0.7488966290977114,-0.019160611108975184,-0.6710506975519084,-0.008344468492800525,0.8176274052684176,PSMD4,0.9996655964033789,0
ZZZ3,0.9996655964033789,0.7500249868249393,-0.022036916734012313,-0.6745976863545983,-0.00798664407074264,0.8267444306053444,PSMD5,0.9996655964033789,0
PRPF39,0.9996655964033789,0.7507263600280896,-0.02126745239102885,-0.6768067331910476,-0.007682298148189836,0.8345186325425518,PSMD6.AS2,0.9996655964033789,0
UBE3B,0.9996655964033789,0.7509298029183888,-0.02509140640961477,-0.6774481154321798,-0.00831108907583799,0.8174641917177501,PSMD8,0.9996655964033789,0
SP110,0.9996655964033789,0.75197182266671,-0.01877323029953119,-0.6807376111317539,-0.011036060234847348,0.7366220282210875,PSMD9,0.9996655964033789,0
P4HTM,0.9996655964033789,0.7519874424776078,-0.021131079809955686,-0.6807869764606986,-0.007786192637677815,0.8311316933384573,PSME2,0.9996655964033789,0
CDC14A,0.9996655964033789,0.7523972361022657,-0.0202621078775467,-0.6820826942641405,-0.008369484199090586,0.8150836047555308,PSME4,0.9996655964033789,0
ATF3,0.9996655964033789,0.7524118144452088,-0.022513919106385366,-0.6821288103074672,-0.008249507434828772,0.8183752382885672,PSMG1,0.9996655964033789,0
MPHOSPH9,0.9996655964033789,0.7526574109063997,-0.02162822994020399,-0.682905930093936,-0.007513315714119701,0.838049140174729,PSPH,0.9996655964033789,0
EIF3E,0.9996655964033789,0.7530991761249062,-0.02027195582185452,-0.6843048091564853,-0.008356223593575995,0.8150788144419465,PTBP2,0.9996655964033789,0
VEZT,0.9996655964033789,0.7534505086454104,-0.02087419873095206,-0.6854182837257212,-0.00812751710069621,0.8211748611723156,PTCD1,0.9996655964033789,0
GHR,0.9996655964033789,0.7557201378716096,-0.02352587355614392,-0.6926320086530339,-0.007667854619974873,0.8324695444242102,PTDSS2,0.9996655964033789,0
KLHDC2,0.9996655964033789,0.756002575337957,-0.021468194999069906,-0.6935322192871406,-0.008351509607216465,0.813689269770931,PTENP1,0.9996655964033789,0
ATP5C1,0.9996655964033789,0.7569053105957982,-0.021807341152510554,-0.696413278623286,-0.008378124204847405,0.8124790828317456,PTGES3L,0.9996655964033789,0
RHOB,0.9996655964033789,0.7577002126903416,-0.024817079418550186,-0.6989549852760816,-0.007740137047875397,0.8295679799543094,PTK6,0.9996655964033789,0
RANBP17,0.9996655964033789,0.7593985533779655,-0.020687636606202982,-0.7044006441852605,-0.007506363138485182,0.8350389699578685,PTMS,0.9996655964033789,0
EPS15L1,0.9996655964033789,0.7606359434887764,-0.024123172827696146,-0.7083814714518099,-0.0071579703438415755,0.8437211839746779,PTP4A3,0.9996655964033789,0
HNRNPF,0.9996655964033789,0.762021723125085,-0.02357068776517087,-0.7128530553293486,-0.007190487407968822,0.8422423076177181,PTPN11,0.9996655964033789,0
INTS9,0.9996655964033789,0.7625583808352696,-0.0215870320441419,-0.7145885543844096,-0.006700084030228644,0.8548318936252342,PTPN12,0.9996655964033789,0
RBMX2,0.9996655964033789,0.7634158387666231,-0.023006913511856873,-0.7173659672334517,-0.007180109188289005,0.841894330312053,PTPN2,0.9996655964033789,0
GTF3C4,0.9996655964033789,0.7637918442457027,-0.02170549150480859,-0.718585642108391,-0.006605759562520727,0.8567533753702382,PTPN20B,0.9996655964033789,0
CLPX,0.9996655964033789,0.7646840553026741,-0.01969535640212159,-0.7214840570498586,-0.010771567114360926,0.7369003865512009,PTPN7,0.9996655964033789,0
DIAPH2,0.9996655964033789,0.7665593403117771,-0.024928229035408863,-0.7275959222356734,-0.006634338910343531,0.8548759597878228,PTPRB,0.9996655964033789,0
MYOC,0.9996655964033789,0.766571341428341,-0.023865729626185654,-0.7276351232843015,-0.006190652805993129,0.8662635590973257,PTPRCAP,0.9996655964033789,0
PAN3.AS1,0.9996655964033789,0.7673234595110273,-0.025033857176822806,-0.7300941156867533,-0.006105898258824751,0.8681247702831391,PUM1,0.9996655964033789,0
UBXN10,0.9996655964033789,0.7673940638014773,-0.02621722984493927,-0.7303251776040812,-0.006886782830185451,0.8479222680343454,PUM2,0.9996655964033789,0
TMPO.AS1,0.9996655964033789,0.7682979067978066,-0.02125754891633857,-0.7332865780547824,-0.0067733803550207765,0.8505257204662875,PURA,0.9996655964033789,0
AKT1S1,0.9996655964033789,0.7688497937279614,-0.02477457584677952,-0.7350979762309522,-0.005876180850686977,0.8733487700609137,PWP2,0.9996655964033789,0
STRIP2,0.9996655964033789,0.7695397619671063,-0.02181281226920498,-0.737365982452338,-0.007410472683771132,0.8329642920492104,PWWP2B,0.9996655964033789,0
ANXA7,0.9996655964033789,0.7701551329699611,-0.021450602256708654,-0.7393919835928179,-0.005754320899830687,0.8759333088256658,PXN.AS1,0.9996655964033789,0
RPL6,0.9996655964033789,0.7708270033369572,-0.02138674332293834,-0.7416074707236439,-0.012893923378772976,0.6630964341829376,QDPR,0.9996655964033789,0
SMARCD1,0.9996655964033789,0.7709380541040199,-0.023135298544247177,-0.7419740102684396,-0.0067788614738301,0.8492849122467181,QRICH2,0.9996655964033789,0
PDIK1L,0.9996655964033789,0.7710890377268951,-0.021697557774705972,-0.742472514103685,-0.007362031298652293,0.8335871933277377,R3HDM4,0.9996655964033789,0
ACTR1B,0.9996655964033789,0.7724012943246747,-0.023509168145673966,-0.7468130044893853,-0.005797938704356448,0.8740380799891088,RAB11B,0.9996655964033789,0
GOSR1,0.9996655964033789,0.772746640932292,-0.021816210191019543,-0.7479576307206598,-0.0056766903618489135,0.8769647084230549,RAB15,0.9996655964033789,0
MAPRE2,0.9996655964033789,0.7733936951963082,-0.024916874106412256,-0.7501048880544519,-0.005325720179304027,0.8854741928376297,RAB20,0.9996655964033789,0
AP3M2,0.9996655964033789,0.7734442569635134,-0.02409781232227578,-0.7502728235408767,-0.006249807611283861,0.8621143270738633,RAB23,0.9996655964033789,0
DCTN3,0.9996655964033789,0.7735371773402606,-0.022887555033153026,-0.7505815037971143,-0.005986264675602211,0.8688505239343708,RAB36,0.9996655964033789,0
CAPN3,0.9996655964033789,0.7739839436714788,-0.021224233329796432,-0.7520666555907995,-0.007235090185394864,0.835763832267641,RAB3IL1,0.9996655964033789,0
HPCA,0.9996655964033789,0.774082245385407,-0.0220984951515456,-0.752393655267426,-0.006330566165198124,0.85977619238558,RAB5B,0.9996655964033789,0
SART3,0.9996655964033789,0.7741703407219924,-0.02630860862463743,-0.7526867719056587,-0.00617756560346193,0.8637059494676484,RAB5C,0.9996655964033789,0
CCNI2,0.9996655964033789,0.7755726637297267,-0.02331812920844463,-0.7573614203440963,-0.006439337543111594,0.8563580549855729,RAB6A,0.9996655964033789,0
RUNX1.IT1,0.9996655964033789,0.776135073731192,-0.02300545835810618,-0.7592408701358604,-0.005312677915502014,0.8849020548468074,RAB6B,0.9996655964033789,0
LINC00658,0.9996655964033789,0.7767253755595793,-0.023695160491697047,-0.7612164174635033,-0.006846647023121529,0.8450926604381664,RAB8A,0.9996655964033789,0
PPP1CB,0.9996655964033789,0.7768892295704153,-0.02573035423122058,-0.7617653101755852,-0.005217695161686451,0.8870122710469871,RAB8B,0.9996655964033789,0
ABCG1,0.9996655964033789,0.7770122415171721,-0.024676524374074728,-0.762177537393407,-0.005972045300985066,0.8679484508393245,RAB9A,0.9996655964033789,0
BACE1,0.9996655964033789,0.7771140786755008,-0.027328167211452533,-0.7625189034773597,-0.006368544721615874,0.8576170006020953,RABEP2,0.9996655964033789,0
XPOT,0.9996655964033789,0.777919686883516,-0.0239821643983995,-0.7652225046887338,-0.005711036364868739,0.8742978666507288,RABGAP1L,0.9996655964033789,0
ATF7,0.9996655964033789,0.7784582229506072,-0.025289459488759117,-0.767032941666819,-0.005240334081222964,0.8859504579289352,RABGGTA,0.9996655964033789,0
BUD13,0.9996655964033789,0.7794532628249851,-0.023781681833374112,-0.770384674864171,-0.005340415835012805,0.8831336646166622,RAC1,0.9996655964033789,0
POLR2C,0.9996655964033789,0.780646028149659,-0.02460591042912689,-0.7744138770592591,-0.005687741780002838,0.8739509806678423,RAC3,0.9996655964033789,0
CARD10,0.9996655964033789,0.7810509137576811,-0.023146252654017797,-0.7757844545423009,-0.0052588829695376545,0.8846613315526443,RAD21.AS1,0.9996655964033789,0
EIF4G3,0.9996655964033789,0.7810675739585496,-0.027850026913521377,-0.7758408821677281,-0.004420622711698913,0.9052004860970256,RAD23B,0.9996655964033789,0
PAK3,0.9996655964033789,0.7823742485803671,-0.030872306144516252,-0.7802742794350431,-0.005389288949944718,0.880956038044852,RAD50,0.9996655964033789,0
CCDC23,0.9996655964033789,0.782831478276691,-0.024556797622133607,-0.7818292323517918,-0.004879033957052513,0.8935514993499258,RAG1,0.9996655964033789,0
TAF1A,0.9996655964033789,0.7856759195797598,-0.02204326748714101,-0.7915454904511431,-0.006152337843066625,0.860097660505859,RALGAPA1,0.9996655964033789,0
MBD2,0.9996655964033789,0.7860733329589349,-0.027653710693949764,-0.7929089535141394,-0.004814157180674435,0.8942071911331987,RALGDS,0.9996655964033789,0
OXCT1,0.9996655964033789,0.786205565601327,-0.02334797965634106,-0.7933629499144007,-0.005278779901171402,0.8825247625082351,RALYL,0.9996655964033789,0
VRTN,0.9996655964033789,0.7878539298001035,-0.0198040358681198,-0.7990361025029655,-0.00904520331104182,0.7772792575339602,RANBP1,0.9996655964033789,0
SPOPL,0.9996655964033789,0.7882321207461556,-0.022588667723458283,-0.8003413456615438,-0.005461561451494103,0.8772115799260004,RANBP17,0.9996655964033789,0
STATH,0.9996655964033789,0.7887081097568387,-0.02381707503117801,-0.8019860581320337,-0.003784521698129658,0.918463140193724,RANBP3L,0.9996655964033789,0
RAB9A,0.9996655964033789,0.7887130490860204,-0.026978244512238302,-0.8020031366537863,-0.005474458383919451,0.8767235671099118,RANGAP1,0.9996655964033789,0
PAPD5,0.9996655964033789,0.7887769838880456,-0.026537925293114255,-0.802224222587951,-0.0047772923749156105,0.8943447073561056,RAP1B,0.9996655964033789,0
SMARCA5.AS1,0.9996655964033789,0.7889194872024171,-0.027361567624481737,-0.8027171388545532,-0.004563054217875136,0.8996077173478227,RAP2A,0.9996655964033789,0
NOS1,0.9996655964033789,0.7892484246751996,-0.022409925700920715,-0.8038556728087788,-0.0049707433665884815,0.889369369508789,RAP2C.AS1,0.9996655964033789,0
PPM1H,0.9996655964033789,0.7894309790941936,-0.02436755532263831,-0.8044879886396827,-0.00475191436481922,0.8947899948149007,RAPGEF2,0.9996655964033789,0
ARFGEF2,0.9996655964033789,0.7895891417904503,-0.02794391514462501,-0.8050360787622143,-0.005417326078421397,0.8779094973094443,RASSF4,0.9996655964033789,0
STUB1,0.9996655964033789,0.7896826954586683,-0.027266906866738386,-0.8053603894314454,-0.004054842811963447,0.9117809821777952,RASSF6,0.9996655964033789,0
NSMAF,0.9996655964033789,0.7897116517943044,-0.024839761269252438,-0.8054607858657188,-0.004628435372873791,0.8977756546308765,RBAK,0.9996655964033789,0
NELL1,0.9996655964033789,0.7898720959428833,-0.027659126853329895,-0.8060172196292231,-0.004396357281610408,0.9034448717637195,RBBP5,0.9996655964033789,0
DDX50,0.9996655964033789,0.7915480760922025,-0.02364858643589635,-0.8118446605518749,-0.004042848090723673,0.9116176055082987,RBBP7,0.9996655964033789,0
EXOC3L1,0.9996655964033789,0.7915716797035712,-0.024921137607057435,-0.8119269278573662,-0.0035705690488410944,0.9228876440049271,RBBP8,0.9996655964033789,0
RNPS1,0.9996655964033789,0.7916677586237645,-0.030632182210778656,-0.8122618551162571,-0.0035560118277116375,0.9232104914973274,RBM12B,0.9996655964033789,0
THUMPD2,0.9996655964033789,0.7917985454288171,-0.02819114094413108,-0.8127179191657506,-0.003465037969286813,0.9253241212429774,RBM17,0.9996655964033789,0
DIABLO,0.9996655964033789,0.7918492571857682,-0.028248208418787987,-0.8128948006042379,-0.0036999229271961376,0.9197638408930138,RBM18,0.9996655964033789,0
FYCO1,0.9996655964033789,0.7924799966712557,-0.025983512996299137,-0.8150969352541508,-0.004736896067458711,0.894303126206501,RBM23,0.9996655964033789,0
CCT3,0.9996655964033789,0.7924981087592733,-0.02389926851117092,-0.8151602293304726,-0.00550474839946965,0.8747115137145614,RBM24,0.9996655964033789,0
AP3M1,0.9996655964033789,0.7925414902700472,-0.025354808954119866,-0.8153118426170253,-0.003708167680592756,0.9194141305076732,RBM26,0.9996655964033789,0
KLF14,0.9996655964033789,0.792693077900926,-0.022008146357932905,-0.8158417708251363,-0.006925934802419316,0.8364657924024358,RBM33,0.9996655964033789,0
RYK,0.9996655964033789,0.7928669061933327,-0.024022330510802138,-0.8164497312856164,-0.004205204520615546,0.9073492345708838,RBM34,0.9996655964033789,0
HDGFL1,0.9996655964033789,0.7929580093474449,-0.02678978563333818,-0.8167684830309475,-0.003443605691017754,0.9255878222490193,RBM38,0.9996655964033789,0
GTF3C1,0.9996655964033789,0.7944256615283651,-0.02711748179034616,-0.8219149980503775,-0.0037513494116652485,0.9179623880255895,RBM4,0.9996655964033789,0
SRP9,0.9996655964033789,0.7944930767799465,-0.025770331981588325,-0.8221519212138808,-0.0029314170812104806,0.937218254254119,RBM5.AS1,0.9996655964033789,0
ZNF385A,0.9996655964033789,0.7957699420402105,-0.024181997196547598,-0.8266480698949377,-0.004315955779489448,0.9038927551143511,RBMS1,0.9996655964033789,0
PPP2CA,0.9996655964033789,0.7958736473316406,-0.02851596171669687,-0.8270139746856545,-0.004146277162432882,0.9080444811568706,RBMS2,0.9996655964033789,0
BTBD10,0.9996655964033789,0.7959117519468406,-0.025509259067508994,-0.8271484475376494,-0.004354747006461389,0.9028963888800694,RBMX2,0.9996655964033789,0
SNX18,0.9996655964033789,0.7959585335337552,-0.025376579417861957,-0.827313562259667,-0.003888415127403782,0.9143103804825587,RCCD1,0.9996655964033789,0
NCOA4,0.9996655964033789,0.7960754574194243,-0.026088558886321302,-0.8277263415670981,-0.004733571361046458,0.8933786750380732,RCSD1,0.9996655964033789,0
STX6,0.9996655964033789,0.7965467398126603,-0.02471419308770453,-0.8293915536698705,-0.004125512231046218,0.9083891098604415,RCVRN,0.9996655964033789,0
RBM33,0.9996655964033789,0.7968990613922029,-0.022739324440152447,-0.8306379378068325,-0.004147106945789952,0.9077723890551246,REEP6,0.9996655964033789,0
ELAC1,0.9996655964033789,0.7979534461441892,-0.024902325184034114,-0.8343756990408991,-0.003928252270231122,0.9128794725431253,RELB,0.9996655964033789,0
VHLL,0.9996655964033789,0.7981371595137621,-0.0222063991295738,-0.8350281499627319,-0.009285707435782187,0.7648509318702289,RERE,0.9996655964033789,0
PTMS,0.9996655964033789,0.7981929343163359,-0.025507321430303476,-0.8352263023665704,-0.0033164346193527905,0.9275347686628636,REV3L,0.9996655964033789,0
PSME4,0.9996655964033789,0.7997842100848449,-0.027463594998261114,-0.8408935540038988,-0.00410308860298502,0.9081541218188849,RFC2,0.9996655964033789,0
UBE2L3,0.9996655964033789,0.7998208416958803,-0.028819995774328467,-0.8410243335709408,-0.003199085241385302,0.9299975892709321,RFX6,0.9996655964033789,0
SLU7,0.9996655964033789,0.7998427622071608,-0.025309128122987502,-0.841102599497952,-0.0034080455933528987,0.925026176732617,RHOB,0.9996655964033789,0
DRAM1,0.9996655964033789,0.7999409627775084,-0.024659686378678,-0.8414532822599344,-0.0032753734218034644,0.9281667027030206,RIC8B,0.9996655964033789,0
MFNG,0.9996655964033789,0.8008851176196696,-0.0207894187701494,-0.8448302385512444,-0.004918412013632443,0.8873080284756172,RING1,0.9996655964033789,0
TMX1,0.9996655964033789,0.8011141393840969,-0.02650197655521978,-0.8456508326889037,-0.0032333654930336215,0.9289384200753995,RIPK1,0.9996655964033789,0
PAFAH1B1,0.9996655964033789,0.8025442838767978,-0.025053385801122725,-0.8507880409358566,-0.0023052217708694235,0.9503101753910395,RIPK2,0.9996655964033789,0
FAXC,0.9996655964033789,0.803113252537504,-0.030714887164376165,-0.8528380800264163,-0.003499672282480634,0.922156609600651,RNF103,0.9996655964033789,0
CEP170,0.9996655964033789,0.8034306867160064,-0.025192260080740686,-0.8539833795493675,-0.003404342861809578,0.9243932375058433,RNF112,0.9996655964033789,0
PSMD14,0.9996655964033789,0.803463956165609,-0.025240454774317973,-0.854103480265446,-0.0038218398190573285,0.9142264145088097,RNF115,0.9996655964033789,0
ABCF3,0.9996655964033789,0.8034691975765798,-0.023593173470389136,-0.8541224025678203,-0.0028976194172222708,0.9364488283473269,RNF125,0.9996655964033789,0
RNF17,0.9996655964033789,0.8034708374911242,-0.02476737897800085,-0.8541283229751852,-0.003381982919147887,0.9249240769840715,RNF168,0.9996655964033789,0
HSPA4L,0.9996655964033789,0.8045815374951912,-0.027231724877256877,-0.8581450675319408,-0.0024494996854480893,0.9467136827785515,RNF17,0.9996655964033789,0
TCP1,0.9996655964033789,0.8049322497871205,-0.028799397026847584,-0.8594162648735457,-0.0032596851795939795,0.9275784710314225,RNF207,0.9996655964033789,0
AP1B1P1,0.9996655964033789,0.8066548079232658,-0.028477269491430313,-0.8656801579262584,-0.0021697648542959094,0.9528605443148699,RNF216.IT1,0.9996655964033789,0
ATRIP,0.9996655964033789,0.8067310915304187,-0.02713689466979353,-0.8659583400232155,-0.003793674436836664,0.9141928680968899,RNF222,0.9996655964033789,0
FAM169A,0.9996655964033789,0.8073935665526515,-0.026785021027331064,-0.8683770006450073,-0.002597241185370957,0.9428611447681396,RNF32,0.9996655964033789,0
GPBP1L1,0.9996655964033789,0.8075409571042225,-0.030549026590528324,-0.8689158066607383,-0.0025303268371905077,0.9444030502337556,RNF39,0.9996655964033789,0
AKAP11,0.9996655964033789,0.8075646606121267,-0.02556049480606163,-0.8690024815745604,-0.001737400062086798,0.9625619753843637,RNF40,0.9996655964033789,0
KIAA0226,0.9996655964033789,0.8076144328945447,-0.031916240045240164,-0.8691845015531551,-0.0023621295507647894,0.9483031211719476,RNF41,0.9996655964033789,0
RNF207,0.9996655964033789,0.8077968749696645,-0.027040435531135484,-0.8698519486735637,-0.0019984481792894573,0.9566313011702523,RNF43,0.9996655964033789,0
MYO1G,0.9996655964033789,0.8079176234470291,-0.026673432763833355,-0.8702939087766978,-0.00549512234253092,0.8700558292172811,RNF5,0.9996655964033789,0
EGF,0.9996655964033789,0.8088795532643565,-0.02702882593720237,-0.8738208285104273,-0.002290835068401729,0.949780875690421,RNF8,0.9996655964033789,0
EIF3L,0.9996655964033789,0.8096647959663035,-0.03168236417164998,-0.8767080024626136,-0.0030727490336684223,0.9311946428157767,RNMTL1,0.9996655964033789,0
UBE4B,0.9996655964033789,0.8104427228455476,-0.027874573102960695,-0.8795755022021641,-0.0036806289862296206,0.9161849730081228,RNPS1,0.9996655964033789,0
CNOT10,0.9996655964033789,0.8105059575688442,-0.03254836172845214,-0.8798089082128006,-0.002762628788706145,0.9384697293782496,RNU11,0.9996655964033789,0
THAP1,0.9996655964033789,0.8105276289556358,-0.02620665091402679,-0.8798889106083784,-0.0021552730905054205,0.9527008306661824,RPA2,0.9996655964033789,0
RTKN,0.9996655964033789,0.810699773276576,-0.027311594799205655,-0.8805246011637676,-0.0020789688550586403,0.9544393323385593,RPL10L,0.9996655964033789,0
UBQLN1,0.9996655964033789,0.8111154516399115,-0.028443869166448144,-0.8820610776905409,-0.0017400739512673956,0.9621377428617214,RPL12,0.9996655964033789,0
MTMR6,0.9996655964033789,0.8111355712703987,-0.02820585671008006,-0.882135498935047,-0.0021554072159467434,0.9526206876730186,RPL17,0.9996655964033789,0
SPIN1,0.9996655964033789,0.8112940862067584,-0.025086764688582966,-0.8827220066710348,-0.004155100316716126,0.9040803124608674,RPL18A,0.9996655964033789,0
SEC14L1,0.9996655964033789,0.8123153507327145,-0.031390092765217446,-0.8865080080052906,-0.001616435226207962,0.9648199755651026,RPL19P12,0.9996655964033789,0
EIF3J.AS1,0.9996655964033789,0.8123945318167876,-0.027609385636062193,-0.8868020765516887,-0.003683441047568461,0.9156991008735526,RPL23A,0.9996655964033789,0
NOP10,0.9996655964033789,0.8124677213287137,-0.02569855944419525,-0.8870739613764878,-0.002303857281958509,0.9489944113411821,RPL26L1,0.9996655964033789,0
FTSJ2,0.9996655964033789,0.8124971110559327,-0.028527929514617304,-0.8871831569607787,-0.002984738273573969,0.9328157824919567,RPL29,0.9996655964033789,0
UGGT2,0.9996655964033789,0.812646840145955,-0.031185316926225417,-0.8877396297946946,-0.0028408201443281796,0.9362527181642668,RPL31,0.9996655964033789,0
CCNT2.AS1,0.9996655964033789,0.8134594438950464,-0.02968634799401867,-0.8907645053491562,-0.0016252668342515166,0.9645109630785904,RPL31P11,0.9996655964033789,0
MAPK3,0.9996655964033789,0.813531760893103,-0.025962303005038597,-0.8910340966088861,-0.002069749171629011,0.9543078324088304,RPL37A,0.9996655964033789,0
SELM,0.9996655964033789,0.8146141829203868,-0.02588540564756638,-0.8950770377243092,-0.0024126460783178887,0.9461422100837498,RPL38,0.9996655964033789,0
UPF2,0.9996655964033789,0.8148503814432628,-0.030746550472891553,-0.895961205622729,-0.0014558339903494376,0.9682220943712251,RPL41,0.9996655964033789,0
TUBB1,0.9996655964033789,0.8150347986243522,-0.02437398591999943,-0.8966520263461544,-0.006021736431953141,0.8533902329912553,RPL6,0.9996655964033789,0
SEC31B,0.9996655964033789,0.8151093988171442,-0.029719931650434045,-0.896931597815985,-0.002517281479968634,0.94359182729467594,RPN2,0.9996655964033789,0
MAU2,0.9996655964033789,0.815354605602971,-0.0329731365040432,-0.8978510284283022,-0.0016287870921842735,0.9642503245467788,RPP14,0.9996655964033789,0
COPB1,0.9996655964033789,0.8161920060639681,-0.029459645436380282,-0.9009966955743921,-0.002671094310638251,0.9397556550322446,RPS12,0.9996655964033789,0
GABARAPL3,0.9996655964033789,0.8165472967106495,-0.02821282100405392,-0.9023340298987063,-0.001956617519928716,0.956578572703716,RPS13,0.9996655964033789,0
ARPC5L,0.9996655964033789,0.8170160381789433,-0.030267788137641635,-0.9041008727093953,-0.0015461381171896615,0.9659815200251497,RPS14P3,0.9996655964033789,0
UBE2J1,0.9996655964033789,0.8180235601413994,-0.026834542719269244,-0.9079081461085953,-7.018012605818021e-4,0.9848265043536026,RPS16P5,0.9996655964033789,0
GPIHBP1,0.9996655964033789,0.8180534912121804,-0.02579004981658781,-0.9080214523728937,-0.0015856036534953215,0.964984154390869,RPS19BP1,0.9996655964033789,0
VAPB,0.9996655964033789,0.8191362157888489,-0.028924464637614524,-0.9121280552237145,-0.0012908308804696908,0.9716120439605436,RPS21,0.9996655964033789,0
LRR1,0.9996655964033789,0.8195334896387454,-0.03129026549013627,-0.9136387142950854,-6.571737826341836e-4,0.9857484335530766,RPS25,0.9996655964033789,0
ZFR2,0.9996655964033789,0.8196442736878576,-0.027905257566610178,-0.9140603495927094,-0.0025157427844258724,0.9429665767631663,RPS3A,0.9996655964033789,0
SUPT20HL1,0.9996655964033789,0.819661413680965,-0.02691380080006123,-0.9141255975621954,-0.0017351779722141983,0.9613815939857184,RPS6KA1,0.9996655964033789,0
FAH,0.9996655964033789,0.8196683762550374,-0.02755034281058127,-0.9141521035747829,-0.0022077607948189737,0.9503085077445076,RPS6KA2,0.9996655964033789,0
POLG2,0.9996655964033789,0.8202156320218895,-0.032442526343564246,-0.9162374796923926,-5.030731490560661e-4,0.9891101073546931,RPS6KA4,0.9996655964033789,0
KPRP,0.9996655964033789,0.8216365800460081,-0.027414443179192893,-0.9216708540060735,-0.0018194357605737423,0.9592164930568976,RPS6KB2,0.9996655964033789,0
PIGU,0.9996655964033789,0.8219330828625695,-0.02303006344393387,-0.9228080457286009,-0.006313808973159853,0.8428646966631599,RPSA,0.9996655964033789,0
TPRA1,0.9996655964033789,0.8219442102478541,-0.03158326759062692,-0.9228507463658147,-5.329557420376926e-4,0.9884012582969709,RRAD,0.9996655964033789,0
DCPS,0.9996655964033789,0.8229856044435699,-0.03046968591857747,-0.9268545078554793,-2.9652760625950054e-4,0.9935645511792461,RRP7A,0.9996655964033789,0
AZU1,0.9996655964033789,0.8232453236809998,-0.03169721700316216,-0.9278553453597561,-0.0013712166469193215,0.9694584786509777,RSC1A1,0.9996655964033789,0
CTNNBIP1,0.9996655964033789,0.8256776960654706,-0.02625137211849807,-0.937274108424423,-0.0013444725868845507,0.9698833214263156,RSL24D1,0.9996655964033789,0
YOD1,0.9996655964033789,0.8265390167450868,-0.03430410924160491,-0.9406293529791873,6.882203549830494e-4,0.9852630713801952,RSRP1,0.9996655964033789,0
STAMBPL1,0.9996655964033789,0.82758667867157,-0.02719659267256258,-0.9447248125320254,-0.0010238179194052657,0.9771234325042083,RTDR1,0.9996655964033789,0
MED30,0.9996655964033789,0.8281603590644568,-0.02836686009696037,-0.9469741387261765,-6.692844200540076e-4,0.9851453624573296,RTFDC1,0.9996655964033789,0
RAB6A,0.9996655964033789,0.8282481537706048,-0.03460726939788736,-0.9473187931839171,1.697759114354277e-5,0.9996290418017606,RTKN,0.9996655964033789,0
VPS51,0.9996655964033789,0.8293727789267544,-0.029514453626229425,-0.9517437150397998,9.548660525800022e-4,0.979522259818877,RTN4IP1,0.9996655964033789,0
PHF21B,0.9996655964033789,0.8293741224218775,-0.02974320307727137,-0.9517490122646228,-2.865750067313863e-4,0.9936754311634401,RUNX1.IT1,0.9996655964033789,0
DNMT3A,0.9996655964033789,0.8302972520001384,-0.030942977024181965,-0.955395127293633,-1.0540363072486283e-5,0.9997682932591915,RYK,0.9996655964033789,0
KHDRBS2,0.9996655964033789,0.8317485949673504,-0.028651630150495423,-0.9611533693725373,-3.4639049963718516e-4,0.99229712773511,S100A5,0.9996655964033789,0
PTP4A3,0.9996655964033789,0.8319440126077482,-0.03127170160579887,-0.9619311300276204,-5.74180863482237e-4,0.9871583564870487,SAP25,0.9996655964033789,0
KAT6A,0.9996655964033789,0.8343634533807269,-0.03044607179969697,-0.9716091472285837,2.3921091043265113e-4,0.9947151855048713,SAP30L,0.9996655964033789,0
DERL2,0.9996655964033789,0.8345924997431877,-0.029756631546312612,-0.9725300755957104,0.0012154456845185138,0.973721481097956,SARDH,0.9996655964033789,0
GGPS1,0.9996655964033789,0.8347503735398029,-0.0298514646644609,-0.9731653203953701,6.923330924305457e-4,0.9848458906783051,SARS2,0.9996655964033789,0
TCP10,0.9996655964033789,0.83580630058193806,-0.030938573037540693,-0.9774242474269207,4.555510752086329e-4,0.9899470084536488,SART3,0.9996655964033789,0
PRNT,0.9996655964033789,0.8362912866397324,-0.029737608886137485,-0.9793863203093184,0.0011966156893629153,0.973999567077467,SASH1,0.9996655964033789,0
BIN3,0.9996655964033789,0.8365843097534793,-0.02629490032685847,-0.9805736119445773,-1.0917254909190696e-4,0.9975548806992766,SASS6,0.9996655964033789,0
BTF3L4,0.9996655964033789,0.8373744342329454,-0.030166522207028645,-0.9837820045474339,-9.677234459966663e-4,0.9778584244680647,SCAF4,0.9996655964033789,0
MDK,0.9996655964033789,0.8375444538575545,-0.0323112014502239,-0.9844737139317774,3.772608925936933e-5,0.9991557637424607,SCAF8,0.9996655964033789,0
TCF3,0.9996655964033789,0.838018750398033,-0.03221095551669724,-0.9864058409103633,-2.4141911562637286e-4,0.9945568207038203,SCAI,0.9996655964033789,0
ARL6IP4,0.9996655964033789,0.8381897847858512,-0.03242563903460773,-0.987103482323675,0.0015828624804803783,0.965732112640204,SCAMP3,0.9996655964033789,0
MTA3,0.9996655964033789,0.8383553193421966,-0.03265685218561159,-0.9877791479855299,0.001956073780391231,0.9579878781920955,SCAMP4,0.9996655964033789,0
ZNF208,0.9996655964033789,0.8383981838110093,-0.029981031638606517,-0.9879541822492207,0.0016344969931391168,0.9646356022329511,SCP2D1,0.9996655964033789,0
RBM17,0.9996655964033789,0.8389192107878265,-0.031224781708689392,-0.9900841870735178,8.575858240902043e-4,0.9810918931157667,SCYL2,0.9996655964033789,0
AP2S1,0.9996655964033789,0.8391024705795785,-0.03065144067326997,-0.9908344380819385,3.6549159256977625e-4,0.9918482176550568,SDHAF1,0.9996655964033789,0
UBE3A,0.9996655964033789,0.8394021864375709,-0.02686341430457094,-0.9920626543764062,5.147434535488677e-4,0.9885488239306315,SDHAP1,0.9996655964033789,0
AANAT,0.9996655964033789,0.8400154834112763,-0.03335662914580375,-0.9945805819116993,0.0016721985904639088,0.9636937792319086,SDHC,0.9996655964033789,0
NSMCE1,0.9996655964033789,0.8402382961973001,-0.028854748339433058,-0.9954969161511923,0.0020341884722244745,0.9561647365760572,SDHD,0.9996655964033789,0
SMARCD3,0.9996655964033789,0.8407688584588846,-0.030390120185081106,-0.9976822654610144,0.0017307093813118232,0.9623970930771524,SEC14L1,0.9996655964033789,0
ME3,0.9996655964033789,0.8420089422409259,-0.03396553856854706,-1.0028087632190936,5.629113705233406e-4,0.9874059866369513,SEC16B,0.9996655964033789,0
UBA6,0.9996655964033789,0.8423754791145069,-0.03236772017541386,-1.0043290779525536,2.506060412191567e-4,0.9943487822723647,SEC24D,0.9996655964033789,0
CSNK1A1L,0.9996655964033789,0.8425420025845198,-0.03251599026605712,-1.0050205482790575,0.0021084353898046726,0.954358695119525,SEC31B,0.9996655964033789,0
STK17A,0.9996655964033789,0.8430515294911319,-0.028541940746313953,-1.0071392934640737,0.001987354898939958,0.9568050480332351,SEC61A2,0.9996655964033789,0
S100A5,0.9996655964033789,0.8436346235786589,-0.029986071701082116,-1.009569511081426,-0.0016769633828258013,0.960419008320269,SEC63,0.9996655964033789,0
WNK2,0.9996655964033789,0.8453402494481518,-0.03549216255584201,-1.016712688753257,0.001121522234093806,0.9750020941482127,SECISBP2,0.9996655964033789,0
PLS1,0.9996655964033789,0.8456392040368329,-0.030491439685604207,-1.017970063917807,0.0017025466569558446,0.9625053662212232,SECISBP2L,0.9996655964033789,0
TMEM215,0.9996655964033789,0.8468711499069702,-0.029983074031962726,-1.0231685837736348,0.0011861251937689292,0.973494808162448,SELM,0.9996655964033789,0
SECISBP2,0.9996655964033789,0.8471716640653014,-0.03636288369452248,-1.0244408831856624,0.0022835935685073137,0.9501468680242786,SELT,0.9996655964033789,0
ARHGEF3.AS1,0.9996655964033789,0.847276280588632,-0.030233619793915978,-1.0248841918690819,0.001346977548464284,0.969975183056781,SEMA4F,0.9996655964033789,0
SF3B4,0.9996655964033789,0.848349068482911,-0.031274633614404246,-1.0294417672355605,0.0021308562561667506,0.9531798191799483,SENP3,0.9996655964033789,0
TPM3P9,0.9996655964033789,0.8490585053337918,-0.03262877635619298,-1.0324674840510446,0.001042491314873188,0.9764992328262831,SENP7,0.9996655964033789,0
RPS25,0.9996655964033789,0.8498541740981669,-0.0305790490641504,-1.035872260965585,-1.4212199116486087e-4,0.9967060412299441,SEPHS1,0.9996655964033789,0
CTDP1,0.9996655964033789,0.8501124119635338,-0.03875958212321334,-1.0369798807922976,0.0031864038502895627,0.9312601854540379,SEPT3,0.9996655964033789,0
SNX7,0.9996655964033789,0.8506199324345097,-0.03482314382971237,-1.0391604253328894,0.0013535446188549858,0.9695714841755677,SEPT7P2,0.9996655964033789,0
POGLUT1,0.9996655964033789,0.8508996606173496,-0.02951760408832265,-1.040364382830097,0.0028780563240950996,0.9373625521756592,SEPW1,0.9996655964033789,0
CMTR2,0.9996655964033789,0.8512099474637006,-0.029389925087523038,-1.0417016321901051,3.798400661821934e-4,0.9912658485789897,SERF1A,0.9996655964033789,0
HLA.F,0.9996655964033789,0.8512964530137466,-0.031139685952790704,-1.042074779066466,1.5614676556590108e-4,0.9963914418225962,SERF2.C15ORF63,0.9996655964033789,0
DYRK1B,0.9996655964033789,0.8514221284366705,-0.0335050529010938,-1.042617146202024,0.0029343317026614972,0.9361271078828753,SERINC2,0.9996655964033789,0
ITGB2.AS1,0.9996655964033789,0.8518128473553971,-0.0312627145031471,-1.0443053021908881,-4.5234275436701433e-4,0.9893949253088421,SERINC4,0.9996655964033789,0
KDM3A,0.9996655964033789,0.8518575403183103,-0.031040584463292845,-1.0444985941464833,0.0022205570459738243,0.9508531250609626,SERP2,0.9996655964033789,0
DCTN1,0.9996655964033789,0.852569130539849,-0.02897624546388668,-1.0475814140111948,0.003116972184881212,0.9322128280275135,SETBP1,0.9996655964033789,0
CHD3,0.9996655964033789,0.8538020875756384,-0.037215243897052996,-1.0529466504554277,0.002719308759428702,0.9401556766037493,SETD3,0.9996655964033789,0
ATG4C,0.9996655964033789,0.8541360451831411,-0.03634337030147582,-1.0544050987736173,0.0025461414159424615,0.9437079707089747,SETD4,0.9996655964033789,0
UBA3,0.9996655964033789,0.8544293950544215,-0.03314897239618578,-1.055688059161257,0.002650067791213183,0.9414959577509305,SETD6,0.9996655964033789,0
ACAA2,0.9996655964033789,0.8545421169500851,-0.03758569469361244,-1.0561815087304596,0.0033717730145577324,0.9266890737942372,SETDB2,0.9996655964033789,0
NAPA.AS1,0.9996655964033789,0.8546171208400296,-0.031759025809230894,-1.0565099870991626,-0.0011397191353384926,0.9727029853963977,SETMAR,0.9996655964033789,0
SRA1,0.9996655964033789,0.8549430162376828,-0.03316781478168965,-1.057938566589977,0.002663973058448794,0.9411274920812056,SF3A1,0.9996655964033789,0
SUPT6H,0.9996655964033789,0.855283639486857,-0.0391205456846414,-1.0594340176482904,0.0035568851386355844,0.9228188587077427,SF3A2,0.9996655964033789,0
PSMD5,0.9996655964033789,0.855503271764559,-0.0346268900116895,-1.0603995351709279,0.0013144294807352897,0.9700552612321083,SF3B1,0.9996655964033789,0
TNFRSF10C,0.9996655964033789,0.8561737534003432,-0.031940835962431066,-1.0633531489359265,0.0026296030031090893,0.9416565150782815,SF3B2,0.9996655964033789,0
GLOD5,0.9996655964033789,0.8564766246785641,-0.030190603130315807,-1.064690407263214,0.0026744197636642316,0.9406721529056218,SF3B3,0.9996655964033789,0
PROSER2,0.9996655964033789,0.8566723803718743,-0.029684110465731856,-1.0655557353222933,-0.0022086694620096904,0.9456467403943233,SF3B4,0.9996655964033789,0
CRTC3,0.9996655964033789,0.8568001776001373,-0.03912237491963307,-1.066121087183039,0.003788662189765796,0.9178647176888858,SF3B5,0.9996655964033789,0
HNRNPR,0.9996655964033789,0.8571139315187588,-0.030333720376770457,-1.0675105251755126,0.0010568275378493573,0.9756927169511185,SFR1,0.9996655964033789,0
PITRM1.AS1,0.9996655964033789,0.8572918418847011,-0.029468399920381198,-1.0682993055824337,0.0028657345707748766,0.936552790707987,SFT2D1,0.9996655964033789,0
XRCC6,0.9996655964033789,0.8597648942297946,-0.03862713703670255,-1.0793334080609855,0.0037503727266729433,0.9179831174928581,SH3BP1,0.9996655964033789,0
CPT1A,0.9996655964033789,0.8603130282826429,-0.030535727727523356,-1.0817968818809869,0.0031430085773294313,0.9302741252810349,SH3GLB2,0.9996655964033789,0
CLIP1,0.9996655964033789,0.8615328066550023,-0.032353197952393685,-1.0873026172890383,0.0034284178444519,0.9241581247852909,SH3PXD2A,0.9996655964033789,0
STXBP3,0.9996655964033789,0.8615543718018006,-0.038933777790421426,-1.087400252896478,0.003835657284476744,0.9158712220468905,SHC2,0.9996655964033789,0
CCDC89,0.9996655964033789,0.8620758098584661,-0.034585278662660326,-1.0897642125294735,0.004297638631422604,0.9065240008253135,SHISA6,0.9996655964033789,0
COPG2,0.9996655964033789,0.8622900246555789,-0.03079395688495494,-1.0907371304005233,0.003413182214662173,0.9243213343929693,SHMT1,0.9996655964033789,0
SELT,0.9996655964033789,0.8623024879437449,-0.032674910501933975,-1.0907937677795683,0.004699768857287638,0.8985791193454471,SIKE1,0.9996655964033789,0
CDC6,0.9996655964033789,0.8625418386523306,-0.03416156017382982,-1.0918821376039813,0.003926010650566334,0.9138290836972168,SIL1,0.9996655964033789,0
KTN1.AS1,0.9996655964033789,0.862676299308887,-0.04040034188481833,-1.0924941216553794,0.004638626292709025,0.89966866447188365,SIN3B,0.9996655964033789,0
OAZ2,0.9996655964033789,0.8628269652546842,-0.035326142283679404,-1.0931803488963965,0.0027189724247700664,0.9387405499998837,SIRT3,0.9996655964033789,0
UFL1,0.9996655964033789,0.863639855592235,-0.031654190226799994,-1.0968916770783006,0.0019152878057671113,0.9560236002358518,SKP1P2,0.9996655964033789,0
ATF5,0.9996655964033789,0.8639301703652377,-0.03261840906225998,-1.098220804038405,0.0041412502531811,0.9091818876161247,SLAMF1,0.9996655964033789,0
SEPT7P2,0.9996655964033789,0.8642866071040041,-0.03548829279919495,-1.0998553102496198,0.004467916172760805,0.9025950251384977,SLC10A1,0.9996655964033789,0
PPP1R26,0.9996655964033789,0.8645932127796968,-0.031448928599699284,-1.1012636614817295,0.003942871593624655,0.9130196510154024,SLC12A7,0.9996655964033789,0
PPIH,0.9996655964033789,0.8659627295998955,-0.036172139603406164,-1.1075811950576038,0.0037929489540662466,0.9157617560297513,SLC25A30,0.9996655964033789,0
ANKRD12,0.9996655964033789,0.8661105221238502,-0.03603966029335148,-1.1082656023828417,0.005573760742849186,0.880680555596164,SLC25A47,0.9996655964033789,0
CAPRIN2,0.9996655964033789,0.8665954674884022,-0.038595569543107174,-1.1105149741522775,0.0035930495756967312,0.9197356459635587,SLC25A5.AS1,0.9996655964033789,0
IPO8,0.9996655964033789,0.8671797263214414,-0.03634980365284569,-1.1132324865730605,0.00466345540398042,0.8979632879366058,SLC30A6,0.9996655964033789,0
EIF3M,0.9996655964033789,0.8675827012302927,-0.03079026046141086,-1.1151116095424394,-7.439641190140828e-4,0.9817827817337162,SLC35A5,0.9996655964033789,0
TPT1.AS1,0.9996655964033789,0.8678195083041247,-0.029925259645685914,-1.1162177100274329,-0.0016618698170895346,0.9585330786909697,SLC35E2,0.9996655964033789,0
ANAPC1P1,0.9996655964033789,0.8682071585485646,-0.036565493325390004,-1.1180313360949523,0.0034177307776935935,0.923050579582982,SLC38A3,0.9996655964033789,0
GRTP1,0.9996655964033789,0.8683461133887161,-0.036224655393288174,-1.1186823339545597,0.005125789065091336,0.8885735601646718,SLC39A8,0.9996655964033789,0
INPPL1,0.9996655964033789,0.8694942604381679,-0.03156371809884696,-1.1240796023237138,0.003998593759435405,0.9107525566313341,SLC3A1,0.9996655964033789,0
TBL1Y,0.9996655964033789,0.8717332649337011,-0.03511736396381992,-1.1347001092432254,0.00515721952752949,0.8869448726631108,SLC40A1,0.9996655964033789,0
NDFIP2,0.9996655964033789,0.8718334527954458,-0.033812953764165626,-1.1351783366288046,0.005165740747248256,0.8867480604894342,SLC44A3,0.9996655964033789,0
RAP2A,0.9996655964033789,0.8719769781064888,-0.031669409114325434,-1.135863879633307,0.004846877129722287,0.8929993341224072,SLC4A2,0.9996655964033789,0
SMEK2,0.9996655964033789,0.8720158057349187,-0.04011825594140648,-1.1360494300345458,0.0065167476333747466,0.860971355670233,SLU7,0.9996655964033789,0
KLHDC4,0.9996655964033789,0.873322743953875,-0.03988230050568468,-1.1423180238183415,0.0055774709172279665,0.8782668350430657,SMAD3,0.9996655964033789,0
MAFA,0.9996655964033789,0.8743005569236244,-0.039602971627277266,-1.147037518872998,0.00525490621380026,0.8842468638335318,SMAD5,0.9996655964033789,0
RPP14,0.9996655964033789,0.8743328728979676,-0.03029286603789324,-1.1471939309704948,0.002028724864352913,0.9522727665953383,SMARCA4,0.9996655964033789,0
TPI1P2,0.9996655964033789,0.8743701802395145,-0.03791339753740534,-1.1473745366236798,0.004798832476598525,0.8932836463886044,SMARCA5,0.9996655964033789,0
MB,0.9996655964033789,0.874774224558455,-0.041654071836680136,-1.1493329264083385,0.004739713181814322,0.8943590030837746,SMARCA5.AS1,0.9996655964033789,0
CRCT1,0.9996655964033789,0.8753534271864862,-0.032132184641101694,-1.1521480155034143,0.005938867231443954,0.8706304830375498,SMARCC2,0.9996655964033789,0
KIAA0196,0.9996655964033789,0.8755322570847066,-0.041132103767796455,-1.1530190263773534,0.0064111308689755965,0.861612667659267,SMARCD1,0.9996655964033789,0
UNC45B,0.9996655964033789,0.8756024572205853,-0.030400671225444754,-1.1533611831210053,0.0027542144982610497,0.9359475125418204,SMARCD2,0.9996655964033789,0
WBP2NL,0.9996655964033789,0.8761036209205187,-0.03527876150815312,-1.155807797135347,0.005534306883264936,0.8782019725812455,SMARCD3,0.9996655964033789,0
ASIC1,0.9996655964033789,0.8763129200699581,-0.03497901051237346,-1.1568316181839788,0.004474872234256269,0.8993191962887217,SMC1A,0.9996655964033789,0
RAD21.AS1,0.9996655964033789,0.8768894868049162,-0.03806201820890927,-1.1596582791331598,0.003499132379749593,0.9195800276863635,SMC5.AS1,0.9996655964033789,0
FES,0.9996655964033789,0.8771138918936175,-0.038443035076379375,-1.1607609501063667,0.00500971557257723,0.8882673121468373,SMCO2,0.9996655964033789,0
CCNDBP1,0.9996655964033789,0.8778430287451213,-0.03441691781588464,-1.1643535286083946,0.006913839251460739,0.851346350862471,SMCR9,0.9996655964033789,0
KLC2,0.9996655964033789,0.8783905199183417,-0.031666746953586886,-1.167061018783608,0.006666163668191473,0.8557385753809461,SMEK2,0.9996655964033789,0
COBL,0.9996655964033789,0.8796316729987332,-0.038261084107977274,-1.1732307491167375,0.003933578981694253,0.9097530156813767,SMEK3P,0.9996655964033789,0
SLC12A7,0.9996655964033789,0.8797125995854557,-0.03803847387238863,-1.1736345849797718,0.006139036902572405,0.8652454610703546,SMG7.AS1,0.9996655964033789,0
SDHAF1,0.9996655964033789,0.880123356768014,-0.03259515349503037,-1.1756872829000542,0.003994979541370887,0.9083434679696112,SMIM13,0.9996655964033789,0
ARRDC3,0.9996655964033789,0.8817564002946114,-0.038807091159689236,-1.183897613023535,0.006533542860523085,0.8569375165893873,SMUG1,0.9996655964033789,0
VIM.AS1,0.9996655964033789,0.8831464861221021,-0.035552633322841344,-1.1909498539376002,0.006010786339418786,0.8665043513285255,SNAP25,0.9996655964033789,0
RBM34,0.9996655964033789,0.8839702616011875,-0.0385038475279129,-1.1951571646278123,0.006626002100273889,0.8543161855374962,SND1.IT1,0.9996655964033789,0
ALDOB,0.9996655964033789,0.8848716494161702,-0.035245589006489234,-1.1997852404203002,2.1058915340055827e-4,0.994734771024555,SNRNP25,0.9996655964033789,0
POLR1E,0.9996655964033789,0.8850300426485371,-0.0331885287965938,-1.200601151227826,0.006290628629021155,0.860367985690155,SNRPB2,0.9996655964033789,0
VCPIP1,0.9996655964033789,0.8851739933208534,-0.034107838797656206,-1.2013433597692926,0.005911284764443963,0.8677445593501285,SNRPE,0.9996655964033789,0
SMUG1,0.9996655964033789,0.885185922841876,-0.036891218151662,-1.201404897984034,0.006715310645572145,0.8521329083387942,SNX1,0.9996655964033789,0
EIF4A3,0.9996655964033789,0.8858697839717374,-0.038424259269107475,-1.2049402176352766,0.006992062982953005,0.8466015046776167,SNX10,0.9996655964033789,0
HCN1,0.9996655964033789,0.8859259909607083,-0.0334344803674566,-1.205231458075407,0.004987049863312516,0.8861337225365656,SNX15,0.9996655964033789,0
GART,0.9996655964033789,0.887316657821236,-0.03705223377308501,-1.2124701055399267,0.004082873319895762,0.904762986568953,SNX18,0.9996655964033789,0
TMEM44,0.9996655964033789,0.8873701063454502,-0.03229309306296597,-1.2127495830926838,0.005273061375014251,0.8798319448277789,SNX30,0.9996655964033789,0
NBR2,0.9996655964033789,0.8874538480737368,-0.0402894654352492,-1.2131876516576867,0.008249050683556743,0.8227083650590538,SNX7,0.9996655964033789,0
KCTD19,0.9996655964033789,0.8879626997083887,-0.034015121493203154,-1.2158545692299052,0.008132699248677829,0.8245622742924512,SORBS1,0.9996655964033789,0
CHUK,0.9996655964033789,0.8882573044251554,-0.03709308757869309,-1.2174025681580654,0.008259967392762699,0.8221199140345746,SP100,0.9996655964033789,0
NAAA,0.9996655964033789,0.888687680458893,-0.0342387962824696,-1.2196692341734654,0.004502614898454754,0.8954696102831772,SP110,0.9996655964033789,0
SMAD5,0.9996655964033789,0.8887734535401847,-0.03969336299292618,-1.2201217256081491,0.007186192111921562,0.8417122480175954,SP140,0.9996655964033789,0
DLGAP5,0.9996655964033789,0.8889166192767812,-0.03510836369487536,-1.220877545953878,0.006834535065349683,0.8483532839284036,SP3,0.9996655964033789,0
SETBP1,0.9996655964033789,0.8889300923587002,-0.0391673785383129,-1.2209487108206032,0.007703827170772762,0.8319603580434954,SP4,0.9996655964033789,0
POLR2H,0.9996655964033789,0.8895507948456951,-0.03837872867712612,-1.224233991593064,0.005805063019659221,0.8683381982397006,SPATA13.AS1,0.9996655964033789,0
TRIM27,0.9996655964033789,0.8897490569170534,-0.03446627619982424,-1.225286150167306,0.007212355371243549,0.8407998352466584,SPDEF,0.9996655964033789,0
ST13P4,0.9996655964033789,0.8897686183287495,-0.037412623593716686,-1.2253900343124642,0.00555379232260854,0.8733428703426457,SPG20,0.9996655964033789,0
NUBP1,0.9996655964033789,0.8907576070517418,-0.03516945767120386,-1.2306595583787212,0.005561253230140554,0.8728645759530446,SPIN1,0.9996655964033789,0
MAML2,0.9996655964033789,0.8907616427715441,-0.0366455064447189,-1.2306811315346795,0.007832037544093432,0.8287420988278125,SPOPL,0.9996655964033789,0
GTPBP3,0.9996655964033789,0.890951775095076,-0.04082876861258345,-1.2316981438520647,0.007661787136959121,0.8318183942849897,SPR,0.9996655964033789,0
DENND1A,0.9996655964033789,0.8914360809616011,-0.040077537818132426,-1.2342944541862366,0.005856344595502694,0.8666487532956195,SPTLC2,0.9996655964033789,0
DDX10,0.9996655964033789,0.8921142965735704,-0.0412083317767343,-1.2379443374211685,0.009421668254847571,0.7995407225540015,SRA1,0.9996655964033789,0
ANXA13,0.9996655964033789,0.8927786814332743,-0.04066056889314639,-1.2415358498607778,0.008843831476377245,0.8093539227308582,SRCIN1,0.9996655964033789,0
LRRC48,0.9996655964033789,0.8936926401087186,-0.039601633007653514,-1.2465028241570784,0.0077018741007834285,0.8298128882706052,SREK1,0.9996655964033789,0
HNRNPKP3,0.9996655964033789,0.8937492710515633,-0.03809595260190005,-1.2468116018892343,0.005284517131829765,0.8775931246449573,SRFBP1,0.9996655964033789,0
E2F5,0.9996655964033789,0.8937945416571804,-0.045946849072915436,-1.247058523399618,0.009486994710794394,0.7974607278763866,SRP14.AS1,0.9996655964033789,0
XRRA1,0.9996655964033789,0.8940971487703917,-0.04336480615557541,-1.2487110033002045,0.007895605579896745,0.8259962079638791,SRP72,0.9996655964033789,0
C17orf64,0.9996655964033789,0.894842612347368,-0.04291702608791934,-1.252796452890425,0.008346451532892055,0.8172947618723255,SRP9,0.9996655964033789,0
RBM23,0.9996655964033789,0.8963492937581363,-0.03609620285140546,-1.2611181553004338,0.009659812902482539,0.7929925292902854,SRPK1,0.9996655964033789,0
PSMD9,0.9996655964033789,0.8966741184356157,-0.04410831637293795,-1.2629237073574333,0.009183785791639651,0.8011973068738605,SRPK3,0.9996655964033789,0
SARS2,0.9996655964033789,0.8975935279281373,-0.0373126512935718,-1.268056735988356,0.008311177796372813,0.8165692271070196,SRPRB,0.9996655964033789,0
PIP5K1B,0.9996655964033789,0.8976008504506908,-0.03441618231988937,-1.268097751569955,0.007027122263515221,0.8410195969809693,SRRM2,0.9996655964033789,0
RIPK1,0.9996655964033789,0.8977420098073126,-0.039499929818805145,-1.2688888435272099,0.00901057944487465,0.8037160059718056,SRRM2.AS1,0.9996655964033789,0
ACBD4,0.9996655964033789,0.8985819496414185,-0.03922669323032182,-1.2736125818788742,0.009713321422838699,0.7907623093395506,SRSF10,0.9996655964033789,0
MLH1,0.9996655964033789,0.8987639388087199,-0.04125564144543931,-1.274639823620381,0.009480784773671,0.7947521832774395,SRSF11,0.9996655964033789,0
BCAR1,0.9996655964033789,0.8987783630908747,-0.040313616442961386,-1.274721299327345,0.009257767075112937,0.7987127348805064,SRSF3,0.9996655964033789,0
QRICH2,0.9996655964033789,0.8987964411731784,-0.04316165504305207,-1.2748234255115642,0.0097552777990815,0.7899033843637477,SRSF4,0.9996655964033789,0
USP50,0.9996655964033789,0.899589359786996,-0.04050843737620823,-1.279315904217284,0.007313744499469033,0.8345668613247034,SRSF6,0.9996655964033789,0
VPS4B,0.9996655964033789,0.9009314909512351,-0.04611191004768903,-1.2869794666602556,0.00919924623229621,0.7985657357902916,SRSF7,0.9996655964033789,0
TACC2,0.9996655964033789,0.9011621748594618,-0.04521662086242212,-1.2883043033672916,0.009858266432919455,0.7866991332221522,SRSF8,0.9996655964033789,0
MCHR1,0.9996655964033789,0.9015314154572631,-0.03648122688797634,-1.2904296008064309,0.0077716593091281296,0.8248318790508545,SRXN1,0.9996655964033789,0
PLEKHA3,0.9996655964033789,0.9015658869219024,-0.04006533982418064,-1.2906283113844315,0.010642764928473783,0.772888114594195,SS18L1,0.9996655964033789,0
UBAP1L,0.9996655964033789,0.901683289011531,-0.03701707661796248,-1.2913054577314238,0.010512949164563539,0.7750292572288366,SSBP2,0.9996655964033789,0
PKN2,0.9996655964033789,0.9018851802315537,-0.043290120286196436,-1.292471303023719,0.008947350936879813,0.8026194614509499,SSR2,0.9996655964033789,0
CAP2,0.9996655964033789,0.9021039783042992,-0.042633782106705424,-1.2937367655852665,0.008615627656117791,0.8086160765554333,SSR3,0.9996655964033789,0
SEMA4F,0.9996655964033789,0.9021639709479465,-0.037296963539836046,-1.2940841071828535,0.009366416158,0.7948618206345106,SSSCA1,0.9996655964033789,0
PUM1,0.9996655964033789,0.9026267167770143,-0.046614203037137016,-1.2967685458762261,0.00993271938341043,0.7845146658956829,SSUH2,0.9996655964033789,0
PSMD10,0.9996655964033789,0.9029940497437214,-0.042528809851025834,-1.2989061560170188,0.008998632384870581,0.801075836369471,ST13P4,0.9996655964033789,0
PSMC3IP,0.9996655964033789,0.9030805596677735,-0.039938785636560684,-1.2994104449549257,0.007935406915679417,0.8209512245135514,STAG3,0.9996655964033789,0
PXN.AS1,0.9996655964033789,0.9039371539748151,-0.03756854272675708,-1.3044216928321346,0.009631597437895255,0.7890801088865655,STAMBPL1,0.9996655964033789,0
TNR,0.9996655964033789,0.904014137727779,-0.03917782714621835,-1.3048736695663987,0.009526875632292308,0.790914698330051,STARD7.AS1,0.9996655964033789,0
PAPOLB,0.9996655964033789,0.9041047328654865,-0.04453393864319739,-1.305405901275504,0.010713265963310993,0.7700480896419664,STAT4,0.9996655964033789,0
ADSS,0.9996655964033789,0.9044131386221097,-0.037129007048453205,-1.3072205127346601,0.005544079779214657,0.8686541590127979,STAT5B,0.9996655964033789,0
ARPC2,0.9996655964033789,0.9045434548579252,-0.04573943096371803,-1.3079885682993566,0.009870191436641328,0.7844674443535231,STAT6,0.9996655964033789,0
SLC25A30,0.9996655964033789,0.9050367713320017,-0.03819355890667177,-1.3109030807518471,0.010550695584643407,0.7722430242978114,STATH,0.9996655964033789,0
CSRP2,0.9996655964033789,0.9053934556930291,-0.040126591135020546,-1.3130173269392107,0.011491063482165715,0.7560626060245869,STAU2,0.9996655964033789,0
SSR2,0.9996655964033789,0.9055999005722196,-0.04937333737595605,-1.314243714885941,0.010672626575576369,0.7697749491369491,STIM2,0.9996655964033789,0
AKAP8L,0.9996655964033789,0.9057279659663415,-0.040407648274709454,-1.315005483106076,0.010512527112344468,0.7724605653498211,STK11,0.9996655964033789,0
HNRNPCL1,0.9996655964033789,0.905801658221913,-0.03805569814840842,-1.3154441710043352,0.008206104785619119,0.8144319267689978,STK17A,0.9996655964033789,0
FLII,0.9996655964033789,0.9062117022991315,-0.0406750959484093,-1.317889787755493,0.01053108193036459,0.7718296104941397,STK25,0.9996655964033789,0
CERKL,0.9996655964033789,0.9067439371272055,-0.03648522062114809,-1.3210759865311537,0.009794888951753771,0.7844910906949394,STK38L,0.9996655964033789,0
RALGDS,0.9996655964033789,0.9068967496156211,-0.04712926764184828,-1.3219932732332897,0.010050903833594398,0.7798278576266062,STK4.AS1,0.9996655964033789,0
ZC3H18,0.9996655964033789,0.9073921941664866,-0.04363470917624861,-1.3249749516259084,0.010792165189725332,0.7665438061727277,STL,0.9996655964033789,0
MSL3,0.9996655964033789,0.907817988739801,-0.039959691970167854,-1.3275469073527006,0.011025806824245907,0.7622470257851051,STRBP,0.9996655964033789,0
NEDD1,0.9996655964033789,0.9081949737534425,-0.0393583066070354,-1.3298313867595322,0.011127313415962922,0.7602592613923347,STRIP2,0.9996655964033789,0
ACSL6,0.9996655964033789,0.9084976070569157,-0.03724635050277672,-1.3316703388563016,0.010490373638282025,0.7710692360871552,STUB1,0.9996655964033789,0
AMZ2P1,0.9996655964033789,0.9085738848471057,-0.03933063053338983,-1.332134552194135,0.011838627190505836,0.7480394953166751,STX16.NPEPL1,0.9996655964033789,0
RPS6KB2,0.9996655964033789,0.9085796983163349,-0.04305730116276412,-1.3321699437282317,0.010638591814847368,0.7684259040692678,STX6,0.9996655964033789,0
COMMD8,0.9996655964033789,0.9089901636611849,-0.03833573493843949,-1.3346730253514805,0.010620723858646592,0.7684687636003619,STXBP3,0.9996655964033789,0
CRKL,0.9996655964033789,0.9103560236633934,-0.03961282418536221,-1.3430630650764268,0.011739522387993924,0.7484051375519186,STXBP4,0.9996655964033789,0
ACAP3,0.9996655964033789,0.9108700728090221,-0.04830351531781907,-1.346245318123365,0.012466666566384147,0.7360263794675157,SUCLG2,0.9996655964033789,0
FAM104B,0.9996655964033789,0.9113716020146461,-0.038661958866207054,-1.3493632588800082,0.010461329831504893,0.7697251391869512,SUFU,0.9996655964033789,0
GLI1,0.9996655964033789,0.9113776822215482,-0.04221494926735689,-1.3494011392491927,0.012356406611360697,0.7374392415320921,SUGT1,0.9996655964033789,0
ZNF414,0.9996655964033789,0.9114425035266472,-0.0399700083303154,-1.3498051036346008,0.01080120615665156,0.7636998935075613,SUMO1,0.9996655964033789,0
LARGE,0.9996655964033789,0.9114949467129879,-0.043509113312291445,-1.350132089214777,0.010219102768231054,0.7739627824856173,SUN3,0.9996655964033789,0
NUPL1,0.9996655964033789,0.9115024995944401,-0.042941603331349686,-1.350179193656224,0.011658782669558415,0.7489362882428485,SUPT20H,0.9996655964033789,0
AIFM2,0.9996655964033789,0.9116689769575765,-0.03658074680261154,-1.351218211072214,0.010451289844081458,0.7697123056386929,SUPT20HL1,0.9996655964033789,0
UROC1,0.9996655964033789,0.9116770283765572,-0.04327714115957673,-1.3512684985216183,0.01068600328904872,0.765562929609344,SUPT5H,0.9996655964033789,0
DENND5B,0.9996655964033789,0.9119791008132196,-0.040674798557414044,-1.3531576528752467,0.011980323629507579,0.743200330056514,SUPT6H,0.9996655964033789,0
ZC3H3,0.9996655964033789,0.9122512845827232,-0.04467749497672904,-1.3548640296409111,0.011120041530742582,0.7576096467304445,SUPT7L,0.9996655964033789,0
CELF2.AS2,0.9996655964033789,0.9129847686552073,-0.043969668841598426,-1.3594821433426052,0.011654238713060835,0.7479477394404788,SURF6,0.9996655964033789,0
BRMS1L,0.9996655964033789,0.9131373246478375,-0.047942281980948485,-1.3604463057055205,0.011698334926761937,0.7470905137586417,SUV420H2,0.9996655964033789,0
DIAPH1,0.9996655964033789,0.9136289060846057,-0.03617942736627488,-1.3635617628697572,0.00996232335437666,0.7772613864283989,SUZ12P1,0.9996655964033789,0
UBFD1,0.9996655964033789,0.9139102312193916,-0.041598671123336296,-1.3653506650504461,0.011125677927700452,0.7563656735003661,SYK,0.9996655964033789,0
RTN4IP1,0.9996655964033789,0.9146699610383112,-0.040875840963210265,-1.3702036283226897,0.012247719633216582,0.7367355380894725,SYN1,0.9996655964033789,0
TFCP2L1,0.9996655964033789,0.915331742144666,-0.04297327123745909,-1.3744573715485688,0.010123154397121097,0.7732623619213755,SYNDIG1,0.9996655964033789,0
TBCA,0.9996655964033789,0.9159523659808451,-0.03821952220961444,-1.3784692889419727,0.0074394740580231026,0.8246284790342667,SYS1.DBNDD2,0.9996655964033789,0
EIF4E,0.9996655964033789,0.9163969964561685,-0.03915784461580974,-1.3813572250255175,0.010275785875465217,0.7698035497190316,SZT2,0.9996655964033789,0
DNAJC5B,0.9996655964033789,0.9168289014746298,-0.04303669514570247,-1.3841735803487245,0.010680930696714986,0.7622197385461547,TAC1,0.9996655964033789,0
CTNND1,0.9996655964033789,0.9173872213716256,-0.04206184404692858,-1.3878306058805052,0.011856939747947748,0.7412759217294806,TACC2,0.9996655964033789,0
INPP4B,0.9996655964033789,0.9176574133293525,-0.044987978630306916,-1.389607060807773,0.012764047503414606,0.7258680981818626,TAF1,0.9996655964033789,0
KPNA7,0.9996655964033789,0.9182894499614952,-0.044409225688940165,-1.39377978343823,0.012855051039615857,0.7238656245380999,TAF10,0.9996655964033789,0
SCAI,0.9996655964033789,0.9185693390313296,-0.04609851873910722,-1.3956353946457907,0.011074853876198913,0.7540154420641207,TAF1A,0.9996655964033789,0
MRPS17,0.9996655964033789,0.9200803354844318,-0.03988101362467452,-1.405737024640849,0.012262057437733507,0.7323420491982642,TAF4B,0.9996655964033789,0
RANBP3L,0.9996655964033789,0.9204178352600031,-0.04820518185991447,-1.4080130431550453,0.01276577147222957,0.7236257882722704,TAF6,0.9996655964033789,0
ANP32A.IT1,0.9996655964033789,0.920968196338155,-0.04557599243257285,-1.4117402679300657,0.013136775720491855,0.717055803731873,TAOK1,0.9996655964033789,0
SUMO1,0.9996655964033789,0.9212879484394983,-0.04390278148481297,-1.413914770559571,0.013435153827216538,0.7119240328397358,TAP1,0.9996655964033789,0
RNF222,0.9996655964033789,0.9213969850030326,-0.05004283726702263,-1.4146578139830654,0.014137602827543956,0.7006073601522239,TAPBPL,0.9996655964033789,0
GTPBP6,0.9996655964033789,0.921674776888716,-0.03773190096995415,-1.41655439968879,0.013349443077828538,0.7129891565297601,TAPT1,0.9996655964033789,0
LMAN2L,0.9996655964033789,0.9216989801716394,-0.04914473528702701,-1.4167198856987284,0.01278262564501735,0.7223110831031991,TATDN3,0.9996655964033789,0
CALR3,0.9996655964033789,0.9224444135927674,-0.038688060735024274,-1.4218357775720754,0.011402620807811818,0.745444133765073,TAX1BP3,0.9996655964033789,0
GOT1,0.9996655964033789,0.9226622640244244,-0.03915153426162048,-1.4233379269368915,0.012281436114379351,0.7300003643395612,TBC1D10A,0.9996655964033789,0
ASB7,0.9996655964033789,0.9227281439879342,-0.045708270378802145,-1.4237928236179056,0.014537782067721659,0.6931414161166438,TBC1D15,0.9996655964033789,0
ETFA,0.9996655964033789,0.922860804663317,-0.0476566442088662,-1.4247097315235946,0.012708464715442357,0.7226086556900457,TBC1D21,0.9996655964033789,0
SMC1A,0.9996655964033789,0.9229980916492665,-0.042115389098015786,-1.4256598777082663,0.014422383875594452,0.6946954696383862,TBC1D3,0.9996655964033789,0
GPC1,0.9996655964033789,0.9240947766730491,-0.04252002852092097,-1.4332965289738584,0.014118515326063695,0.6985009150064392,TBCA,0.9996655964033789,0
CDX1,0.9996655964033789,0.9242431049559978,-0.04930609131107982,-1.4343358337513394,0.014152770097462884,0.6978210267314413,TBL1Y,0.9996655964033789,0
CHD1L,0.9996655964033789,0.9243401150015833,-0.050817771334632195,-1.435016401318412,0.015111364649171968,0.6827842223445995,TBRG4,0.9996655964033789,0
AHCYL2,0.9996655964033789,0.924557362214482,-0.0475678994282464,-1.4365429001476866,0.01378794841168155,0.7033892888146447,TCERG1L,0.9996655964033789,0
CHGA,0.9996655964033789,0.9247596429817175,-0.045411351061080754,-1.4379672517840476,0.01296772691453559,0.7166990151751006,TCF3,0.9996655964033789,0
ARMC9,0.9996655964033789,0.927433704774244,-0.0475604102735998,-1.4570771147284414,0.0150208484809712,0.6812108432645945,TCIRG1,0.9996655964033789,0
OTUD6A,0.9996655964033789,0.9275045544878057,-0.05427324607271615,-1.4575907084454447,0.014173480433975413,0.6945319602009306,TCP1,0.9996655964033789,0
INTS12,0.9996655964033789,0.9278105533253267,-0.04022845918007021,-1.4598133399686206,0.015152310416042468,0.6788099011005778,TCP10,0.9996655964033789,0
CLIC2,0.9996655964033789,0.9278484693010772,-0.04993986355546505,-1.4600892463090525,0.013240280177817922,0.7095250179290071,TERT,0.9996655964033789,0
TRABD,0.9996655964033789,0.9281259377372586,-0.041153025547152076,-1.462111714859926,0.015262786925259963,0.6767965778110872,TESC,0.9996655964033789,0
CNPY4,0.9996655964033789,0.9285551138130674,-0.050780180395238565,-1.465251809561146,0.015194588563964056,0.6774266350234369,TEX264,0.9996655964033789,0
ATP6V1E2,0.9996655964033789,0.9286776121171448,-0.04462668261305819,-1.466150731445283,0.014352152045699628,0.6905784400952854,TFCP2L1,0.9996655964033789,0
SNRPE,0.9996655964033789,0.9287718538903431,-0.04380998798782236,-1.4668431072262158,0.01573490857173135,0.6689406966996536,TFDP2,0.9996655964033789,0
DNAJA3,0.9996655964033789,0.9292876853028835,-0.04413695700133824,-1.4706453347278137,0.014488688399161587,0.6878230015658555,TFIP11,0.9996655964033789,0
TM9SF3,0.9996655964033789,0.929499648473219,-0.05312151357565882,-1.4722139095109648,0.014736842599480396,0.6836780292875829,TGFBR3,0.9996655964033789,0
PSMD4,0.9996655964033789,0.9298920176999381,-0.04554598096502968,-1.4751271244662123,0.014568084164354877,0.6859852160834317,TGS1,0.9996655964033789,0
CD46,0.9996655964033789,0.9299514705060126,-0.04873615043688714,-1.4755696358323038,0.015083189352025727,0.6777938527193026,THAP1,0.9996655964033789,0
RNMTL1,0.9996655964033789,0.9299553745478858,-0.04852343722333453,-1.4755987039971081,0.014941340092424435,0.6800108952524659,THOC3,0.9996655964033789,0
WIPF2,0.9996655964033789,0.930091234278984,-0.045373431294736054,-1.4766110467433151,0.015835138759328467,0.6660807699408231,THOC6,0.9996655964033789,0
DBP,0.9996655964033789,0.9312541295615598,-0.05141166716896633,-1.4853388014445148,0.015736063676605017,0.666398844139712,THRB,0.9996655964033789,0
TRIP13,0.9996655964033789,0.9315518938538478,-0.05410369508349097,-1.4875918649257347,0.016392045400393115,0.65618995841614,THUMPD2,0.9996655964033789,0
MAN2A2,0.9996655964033789,0.9326631346877767,-0.049755959590081625,-1.4960675794598088,0.01655422684506093,0.6525868186615689,TIAF1,0.9996655964033789,0
CCDC116,0.9996655964033789,0.9327040256657476,-0.04165868451467976,-1.4963815207021143,0.014027793362193402,0.6921087296444477,TIAM1,0.9996655964033789,0
YWHAE,0.9996655964033789,0.9327881730469345,-0.04977053717944903,-1.497028028141984,0.015933609322201083,0.6617971260711616,TIPARP,0.9996655964033789,0
YIPF4,0.9996655964033789,0.9331229750434376,-0.048367270394029396,-1.4996065414616155,0.016581537919918468,0.6516848327738438,TIRAP,0.9996655964033789,0
DDX24,0.9996655964033789,0.9331616565936711,-0.048676731964982276,-1.4999050946667494,0.014959064275013378,0.6765918025379801,TLE6,0.9996655964033789,0
ABCF2,0.9996655964033789,0.9331868604183833,-0.04233472814702503,-1.5000996955971784,0.01658485073987092,0.6515676186856425,TLN2,0.9996655964033789,0
PABPC1L,0.9996655964033789,0.9342212418659698,-0.041605891474585814,-1.5081357317060842,0.013806182884563525,0.694381706603499,TM9SF1,0.9996655964033789,0
KHSRP,0.9996655964033789,0.9342302026839722,-0.0389458905463954,-1.5082057741065007,0.013692879989671855,0.6962770444248485,TM9SF3,0.9996655964033789,0
SIL1,0.9996655964033789,0.934687707902418,-0.04887003626085378,-1.5117917468896,0.015985499288048783,0.659006636014956,TM9SF4,0.9996655964033789,0
ATP2A3,0.9996655964033789,0.9350159210028022,-0.04698553587495365,-1.5143763390706781,0.014724674121781616,0.6785221811880314,TMA16,0.9996655964033789,0
DLG1.AS1,0.9996655964033789,0.9358021869981892,-0.053253475570672,-1.5206094633599758,0.01649743036022595,0.6500286956408654,TMBIM4,0.9996655964033789,0
HEXA.AS1,0.9996655964033789,0.9358548961387974,-0.044076327098720315,-1.5210294326402418,0.01575625193854941,0.6613177097600393,TMC1,0.9996655964033789,0
AKNAD1,0.9996655964033789,0.9358889932579506,-0.050663490144870905,-1.5213012503352599,0.017253456444150855,0.6387065787094075,TMCO2,0.9996655964033789,0
LRP1,0.9996655964033789,0.9361642502838057,-0.04676251734255387,-1.523499689783372,0.015379186890822428,0.6669063090896866,TMED10P1,0.9996655964033789,0
MARCH8,0.9996655964033789,0.9365826274059631,-0.05043991592709737,-1.5268553761555967,0.01710942652404182,0.6400349758672093,TMED3,0.9996655964033789,0
DHX29,0.9996655964033789,0.9366999368523228,-0.04904941448015863,-1.52779937497641,0.015068942936770621,0.6712984047797401,TMED5,0.9996655964033789,0
UBE2D4,0.9996655964033789,0.9370494437488717,-0.04634567965947392,-1.5306199857909613,0.016202132022924094,0.6531589537922377,TMED6,0.9996655964033789,0
SP100,0.9996655964033789,0.9370910567157562,-0.04870845757884586,-1.53095662528783,0.01568671414226677,0.6611011504942997,TMEFF1,0.9996655964033789,0
MBNL1.AS1,0.9996655964033789,0.9371387340862524,-0.05556468465277022,-1.531342537794355,0.017562106781699477,0.6327748266541281,TMEM11,0.9996655964033789,0
TERT,0.9996655964033789,0.9375387991350672,-0.04583614671277319,-1.5345897854255892,0.017278320859595735,0.6364567177941668,TMEM132A,0.9996655964033789,0
HECTD2,0.9996655964033789,0.9388164300748436,-0.056955499491245884,-1.5450699185214882,0.017671690239992148,0.6292167073096463,TMEM174,0.9996655964033789,0
ATP5H,0.9996655964033789,0.9388968260348496,-0.046768474226102134,-1.545735086137924,0.01651648738258273,0.6463206526893226,TMEM204,0.9996655964033789,0
TP53,0.9996655964033789,0.93904210908564,-0.04429433962742976,-1.546938843779093,0.017383536344144836,0.6331652921943463,TMEM215,0.9996655964033789,0
SCAF4,0.9996655964033789,0.9394641940815824,-0.05845450528463062,-1.5504488467758222,0.017816299314736418,0.6263483592574763,TMEM231,0.9996655964033789,0
IGBP1P1,0.9996655964033789,0.9394903301324913,-0.04615838234290465,-1.5506668194706794,0.01709731527562421,0.6368893986738418,TMEM249,0.9996655964033789,0
TAF10,0.9996655964033789,0.9395595667848224,-0.0522237338958394,-1.551244604254567,0.017529222966167317,0.6304179802556619,TMEM30B,0.9996655964033789,0
GPATCH3,0.9996655964033789,0.9395988366223138,-0.05286614515561386,-1.551572544092407,0.017768853121724545,0.6268770155967631,TMEM44,0.9996655964033789,0
ZNF248,0.9996655964033789,0.9398574822963861,-0.04942326676687963,-1.553736656946518,0.01648420061156746,0.6457404593358372,TMEM50B,0.9996655964033789,0
SCP2D1,0.9996655964033789,0.9403353304035427,-0.048284324277545795,-1.5577541036475897,0.016906097062550956,0.6387856742977909,TMEM59L,0.9996655964033789,0
MORC1,0.9996655964033789,0.9403929769598002,-0.052324865335754527,-1.5582404619954509,0.016009193127288417,0.6525039440619352,TMEM67,0.9996655964033789,0
TMEM67,0.9996655964033789,0.9404737199765314,-0.05031131464341445,-1.5589223031296986,0.01914167421135463,0.6063742325110942,TMEM87B,0.9996655964033789,0
PIGT,0.9996655964033789,0.9406378458149738,-0.04979704005651088,-1.5603105153121573,0.0183068326771511,0.6178719499350833,TMIE,0.9996655964033789,0
BSG,0.9996655964033789,0.9406445183469233,-0.049144114026004306,-1.5603670166733796,0.016999500263023572,0.6370203382628458,TMPO.AS1,0.9996655964033789,0
U2SURP,0.9996655964033789,0.9409980101617139,-0.05977486111064818,-1.5633674464407357,0.018096086277385,0.6204489524662877,TMSB15A,0.9996655964033789,0
EIF2AK1,0.9996655964033789,0.9417658550687917,-0.04690023662169057,-1.5699338224802286,0.01672170979406581,0.6399446000430111,TMSB4Y,0.9996655964033789,0
PURA,0.9996655964033789,0.9428237827602632,-0.056469051253681346,-1.5790932732398637,0.019064677750485724,0.6044209872319182,TMX1,0.9996655964033789,0
NOP14.AS1,0.9996655964033789,0.9429309651532678,-0.04524492259369907,-1.580028669172884,0.016753096807667532,0.6381186807952737,TMX4,0.9996655964033789,0
MCTP1,0.9996655964033789,0.9432606532693603,-0.051032140139000697,-1.582914603092246,0.018363865136494018,0.6137911938982226,TNFRSF10C,0.9996655964033789,0
PHF21A,0.9996655964033789,0.9437752661540731,-0.053427945612957675,-1.5874458014174382,0.018748800815236468,0.6076379685198272,TNIP2,0.9996655964033789,0
DDB2,0.9996655964033789,0.944335223774257,-0.04600750323039051,-1.5924135712910141,0.018278718602487087,0.6136670611670461,TNKS2.AS1,0.9996655964033789,0
NCKAP5,0.9996655964033789,0.9445745776538325,-0.05286868879201362,-1.5945490833404379,0.01469806047590522,0.669285041889877,TNPO2,0.9996655964033789,0
GNAI3,0.9996655964033789,0.9452068031009075,-0.0538693968800871,-1.6002250323515108,0.017432405117070227,0.6250807076300319,TNR,0.9996655964033789,0
ACTR3B,0.9996655964033789,0.9454214487685324,-0.05523313749929872,-1.602163834129533,0.018552854164351647,0.608324446682268,TNRC6B,0.9996655964033789,0
MTMR4,0.9996655964033789,0.9459149840126084,-0.04959055619626873,-1.6066447098287508,0.016657335707396848,0.6361108231703614,TOMM20L,0.9996655964033789,0
HADHB,0.9996655964033789,0.9459933473831756,-0.05066418025462881,-1.6073591560146971,0.0177628596826221,0.6191677732617129,TOP1MT,0.9996655964033789,0
ATXN3,0.9996655964033789,0.946241435265473,-0.0523851850763666,-1.6096264226956325,0.01630928352748306,0.6411962228410437,TOP3A,0.9996655964033789,0
EMC6,0.9996655964033789,0.9462582976014503,-0.04467916781012034,-1.6097808275456211,0.019188521089935975,0.5981757476790894,TOPORS,0.9996655964033789,0
ILKAP,0.9996655964033789,0.9465403028404646,-0.05023864026748839,-1.6123687960454747,0.01759233122606848,0.6210392570318604,TOR1AIP1,0.9996655964033789,0
REV3L,0.9996655964033789,0.9470292709571873,-0.05088736082491159,-1.6168818282380166,0.019524390872353557,0.5924345429882509,TP53,0.9996655964033789,0
SASS6,0.9996655964033789,0.9472049343531113,-0.04645493013784068,-1.6185112177448062,0.01826618855096639,0.610185843812131,TP53I11,0.9996655964033789,0
KRBA1,0.9996655964033789,0.9475809189029712,-0.05169369768821163,-1.622013224549633,0.0199946750528504,0.585178819657659,TPD52L3,0.9996655964033789,0
RBAK,0.9996655964033789,0.9475928586810585,-0.05938114370198719,-1.6221247606448381,0.01931027646725691,0.5946647136285845,TPI1P2,0.9996655964033789,0
HARS2,0.9996655964033789,0.9481892472873648,-0.04975960874500097,-1.6277218171410741,0.0139211550777076,0.6788966136638118,TPM3P9,0.9996655964033789,0
NUP188,0.9996655964033789,0.9488682882468165,-0.053512014186690694,-1.6341572634576431,0.019124400978496704,0.5955738542531479,TPPP,0.9996655964033789,0
GIMAP1,0.9996655964033789,0.9497608223057961,-0.052233281173023394,-1.6427203324061599,0.019562905728803988,0.5881379277115804,TPRA1,0.9996655964033789,0
FAM208B,0.9996655964033789,0.9498853015502913,-0.058222010724389504,-1.6439242123012028,0.020290549628792905,0.5778746420847791,TPT1.AS1,0.9996655964033789,0
CHD5,0.9996655964033789,0.9499904925695681,-0.04760177129491633,-1.6449434096615851,0.018037229042208187,0.609979919342629,TRA2B,0.9996655964033789,0
MTCH2,0.9996655964033789,0.9503991465794035,-0.055058864990325966,-1.648919164013128,0.02107246243309293,0.5665957075852708,TRABD,0.9996655964033789,0
PPP1R12B,0.9996655964033789,0.9506203365496222,-0.057892109074418774,-1.6510820143858504,0.02080815902565106,0.5697964450956376,TRAF3IP1,0.9996655964033789,0
PRRG1,0.9996655964033789,0.9508735342605326,-0.06069439266827667,-1.6535673613092063,0.018826319690212583,0.5971429437367445,TRAFD1,0.9996655964033789,0
GNB3,0.9996655964033789,0.9510365842851107,-0.044767803851247026,-1.6551732548742042,0.010996001844754936,0.7310822475281478,TRAM1L1,0.9996655964033789,0
TLE6,0.9996655964033789,0.9511939578281363,-0.04733926852443872,-1.6567272981360617,0.020179880105825086,0.5775067437821744,TRAPPC10,0.9996655964033789,0
ZYG11A,0.9996655964033789,0.9514933828575752,-0.04666092136112365,-1.6596951762871113,0.020294442821729472,0.5754936691221427,TRAPPC11,0.9996655964033789,0
NDC1,0.9996655964033789,0.9519728954149124,-0.05347618753287074,-1.6644787369152836,0.01912732880145674,0.5912492322462001,TRAPPC12,0.9996655964033789,0
ZFP91.CNTF,0.9996655964033789,0.951980840021037,-0.052127894307053786,-1.6645583126217718,0.02100810128595689,0.5650867444291974,TRAPPC3L,0.9996655964033789,0
POLR3D,0.9996655964033789,0.9521895427236702,-0.04609968054835704,-1.6666525305016293,0.020999421806719848,0.5648891866466241,TRAPPC9,0.9996655964033789,0
TMED5,0.9996655964033789,0.9522930645069185,-0.05184194000622063,-1.667694032399645,0.0214021619312492,0.5593755040816286,TRIM23,0.9996655964033789,0
YTHDF2,0.9996655964033789,0.9529449713194111,-0.05075322242985022,-1.6742946054635266,0.01934485148116826,0.5867611943366883,TRIM27,0.9996655964033789,0
PTPN20B,0.9996655964033789,0.9534420277822917,-0.04932299517940908,-1.679376761671841,0.01760982544720048,0.6119582792549382,TRIM29,0.9996655964033789,0
NENF,0.9996655964033789,0.9534864381705708,-0.05628446511322035,-1.6798329514460404,0.02093670684232957,0.5637681310182998,TRIM34,0.9996655964033789,0
CDK14,0.9996655964033789,0.953944098477136,-0.05079324119862585,-1.6845545928673515,0.021611649068334137,0.5540597878834812,TRIM39,0.9996655964033789,0
WDR46,0.9996655964033789,0.9542862979883799,-0.04734576151055287,-1.688109726112877,0.021932833723044626,0.5493114832429326,TRIM45,0.9996655964033789,0
IYD,0.9996655964033789,0.9548629726418026,-0.049276535489640734,-1.6941495500543975,0.023001529014213158,0.5347375693541365,TRIP13,0.9996655964033789,0
CAND1,0.9996655964033789,0.9552059522585279,-0.0541771222935667,-1.697771268923156,0.019635221403404943,0.5793272305275696,TRPC5,0.9996655964033789,0
EPS15,0.9996655964033789,0.9556367382158357,-0.0594261329585663,-1.702351964090673,0.02269583738351782,0.5373122455993562,TRPM8,0.9996655964033789,0
CLK4,0.9996655964033789,0.9558115883477782,-0.057313256767647355,-1.7042214375453348,0.020857822091664667,0.5612735431418232,TRPV3,0.9996655964033789,0
RBBP8,0.9996655964033789,0.9558171061260743,-0.05267248606898419,-1.7042805298668384,0.019791749179547444,0.5761793440133537,TSNARE1,0.9996655964033789,0
SCAF8,0.9996655964033789,0.9561556976044654,-0.05236775417246895,-1.7079180954885358,0.021803628376776952,0.5480174844276005,TSPAN15,0.9996655964033789,0
CCDC94,0.9996655964033789,0.956175985463514,-0.05343609513369357,-1.7081367712303697,0.02161493895826943,0.5504815602624047,TSR2,0.9996655964033789,0
BIRC3,0.9996655964033789,0.9563688612027847,-0.05651859524950054,-1.710219801705369,0.022193729198684148,0.542558613514575,TTC18,0.9996655964033789,0
H2AFY2,0.9996655964033789,0.9565387955100111,-0.0581510716518141,-1.7120612357075087,0.022880184907226854,0.533472722786844,TUBB1,0.9996655964033789,0
SLC30A6,0.9996655964033789,0.957330616588393,-0.05234907331320852,-1.7207190027057826,0.022506082062602357,0.5369233382089025,TUBGCP3,0.9996655964033789,0
ILF3,0.9996655964033789,0.9576353599493665,-0.05049796976804438,-1.7240856975527648,0.0215207168946438,0.5493873758403358,TUBGCP4,0.9996655964033789,0
AREG,0.9996655964033789,0.9576944069956079,-0.055012248789735894,-1.7247402924461002,0.02304426520290296,0.5294401859150929,TULP1,0.9996655964033789,0
ENTHD1,0.9996655964033789,0.957919917007338,-0.05511411701614199,-1.7272471180122002,0.021417968819274314,0.5503093892885313,TXLNB,0.9996655964033789,0
SLC25A5.AS1,0.9996655964033789,0.9583698500575606,-0.05372866304208631,-1.7322813620582864,0.021197574423748394,0.5525794775282825,TXNDC11,0.9996655964033789,0
HSPB1,0.9996655964033789,0.9584173478356011,-0.05303828029503423,-1.7328153768215213,0.020635227047675612,0.5602758410145067,TXNDC15,0.9996655964033789,0
SUV420H2,0.9996655964033789,0.9585811940561659,-0.05933536422594244,-1.734661292040882,0.02152307977305315,0.5478121406629682,TYMP,0.9996655964033789,0
HTATSF1P2,0.9996655964033789,0.9585880164307884,-0.05552344235408237,-1.7347382821553006,0.022049963762691565,0.5407764244059936,U2AF1L4,0.9996655964033789,0
PDHX,0.9996655964033789,0.9588643906907042,-0.05213643866251496,-1.7378658303296166,0.022863973314826477,0.5297278876497902,U2SURP,0.9996655964033789,0
SF3B5,0.9996655964033789,0.9589860715330538,-0.0574080702481615,-1.7392482184700355,0.023679657819743568,0.5192470379166754,UACA,0.9996655964033789,0
GGA3,0.9996655964033789,0.9590451817376071,-0.047768601760809666,-1.7399209568520508,0.021951548070562335,0.5413158555719716,UBA2,0.9996655964033789,0
CLOCK,0.9996655964033789,0.9592521683576395,-0.0512387082509023,-1.7422829160746032,0.0214598553144881,0.5475782275792265,UBA3,0.9996655964033789,0
GSK3B,0.9996655964033789,0.9598214626098098,-0.057435004952912705,-1.74882983943913,0.021699709525856026,0.5433880024066111,UBA5,0.9996655964033789,0
ZSWIM8.AS1,0.9996655964033789,0.9599390602005264,-0.05704211090446671,-1.7501916001178939,0.02291531040057508,0.5272063820236793,UBA6,0.9996655964033789,0
YY1,0.9996655964033789,0.9599826396859423,-0.05630175399171454,-1.7506970683899383,0.024048846363715612,0.5129196302680189,UBAC2.AS1,0.9996655964033789,0
SSR3,0.9996655964033789,0.9602531116999169,-0.05904858647376707,-1.7538442553771778,0.021000550222805663,0.5522271177372262,UBAP1L,0.9996655964033789,0
HPS3,0.9996655964033789,0.9604255986225497,-0.06039874852410642,-1.7558604024832736,0.023625783297181797,0.517354527426823,UBASH3A,0.9996655964033789,0
COG3,0.9996655964033789,0.9604514636304567,-0.04808410200410385,-1.7561633466511832,0.02127337688128718,0.5481406203805412,UBC,0.9996655964033789,0
ICAM4,0.9996655964033789,0.9604993131473178,-0.052260708701405034,-1.7567242097522031,0.019655648670194384,0.5710397800860181,UBE2D3,0.9996655964033789,0
SUPT20H,0.9996655964033789,0.9610418190340129,-0.059025882063750944,-1.763122122551198,0.024665276324085814,0.5034924619949926,UBE2D4,0.9996655964033789,0
ANKK1,0.9996655964033789,0.9615933899110509,-0.06088914318288821,-1.7697017682628322,0.023346707807394007,0.5187658219857182,UBE2E2,0.9996655964033789,0
MAPK15,0.9996655964033789,0.9618158173260658,-0.05448654911036952,-1.7723768958130657,0.024018331063556185,0.509945214577237,UBE2G2,0.9996655964033789,0
HNRNPH1,0.9996655964033789,0.9619294367995891,-0.0542596338308402,-1.7737483011885207,0.025273628075087998,0.4945845780465094,UBE2H,0.9996655964033789,0
DHRS1,0.9996655964033789,0.9622739027140715,-0.062025021538439286,-1.77792657173406,0.023127234031236926,0.5203415943034753,UBE2I,0.9996655964033789,0
ITGAM,0.9996655964033789,0.9625963372692754,-0.052203600482574185,-1.7818659258880207,0.023991218930295106,0.5088349880389169,UBE2J1,0.9996655964033789,0
CYTH2,0.9996655964033789,0.9629316935624601,-0.06123312483724118,-1.785992694501805,0.025499324232763097,0.48999574407654173,UBE2L3,0.9996655964033789,0
RPN2,0.9996655964033789,0.9630718161698968,-0.05499426608143096,-1.7877260344810315,0.023225464333318426,0.5176281039041163,UBE2L6,0.9996655964033789,0
TFDP2,0.9996655964033789,0.9632111896530686,-0.04754455967796073,-1.789455450933206,0.0210658682178087,0.5463856996736283,UBE2NL,0.9996655964033789,0
DNM3,0.9996655964033789,0.9636488888800158,-0.06255414698429479,-1.7949217189747662,0.024597873987920963,0.49937559323506386,UBE2Q1,0.9996655964033789,0
PRR11,0.9996655964033789,0.9637308804501565,-0.05028132511896031,-1.7959516668500806,0.021397160399396917,0.540871722333697,UBE2Q2,0.9996655964033789,0
RBMS1,0.9996655964033789,0.9653995058719134,-0.052370849907475314,-1.817338720049917,0.02140518208983815,0.5378469881445209,UBE3A,0.9996655964033789,0
SFT2D1,0.9996655964033789,0.9655631136354662,-0.06338805338756086,-1.8194809831670693,0.025097238688026918,0.4895707920282331,UBE3B,0.9996655964033789,0
TMED10P1,0.9996655964033789,0.9658710161854351,-0.05798878020169738,-1.8235354144349003,0.025088190701762332,0.48906220378342313,UBE3C,0.9996655964033789,0
PSMD6.AS2,0.9996655964033789,0.9669466791958616,-0.05458353425087393,-1.8379400551219065,0.022927227840403547,0.5142841691375655,UBE3D,0.9996655964033789,0
MRPS28,0.9996655964033789,0.9669565990145852,-0.051259920702114006,-1.8380746809948363,0.0236069029073628,0.5053877145233736,UBE4B,0.9996655964033789,0
BTG2,0.9996655964033789,0.9674460377290393,-0.05396820440892869,-1.8447588037869544,0.024572023945285352,0.49220735788476905,UBFD1,0.9996655964033789,0
NFKB2,0.9996655964033789,0.9674797752735615,-0.050757458697648805,-1.8452225940251086,0.025276067723184508,0.4835184593922728,UBL7.AS1,0.9996655964033789,0
KIAA1024,0.9996655964033789,0.9678348959551885,-0.06514816342406549,-1.8501286823468959,0.02564394326159072,0.47836323990016727,UBN2,0.9996655964033789,0
HNRNPU.AS1,0.9996655964033789,0.9679910668990175,-0.06578035230342684,-1.8523003937523936,0.027062045591480507,0.4616061112767729,UBQLN1,0.9996655964033789,0
TOP1MT,0.9996655964033789,0.9679979482141878,-0.05777062894148312,-1.8523962863522272,0.02742489715262571,0.4575338031623216,UBQLN2,0.9996655964033789,0
CTDSP2,0.9996655964033789,0.9680615279873503,-0.06373963972164076,-1.8532830906598365,0.026967129047010728,0.4625232879046848,UBR7,0.9996655964033789,0
NUDT6,0.9996655964033789,0.9685410614005797,-0.0512022403458675,-1.8600189791126334,0.02695928512051863,0.4615634958219975,UBXN10,0.9996655964033789,0
NUCB1.AS1,0.9996655964033789,0.9692036899471108,-0.057091674162624236,-1.869467887339898,0.026366286559628162,0.4669250078525121,UBXN6,0.9996655964033789,0
CHMP4C,0.9996655964033789,0.9692042072368598,-0.05886914405412297,-1.8694753292116413,0.02649318384306304,0.46545011306651024,UFD1L,0.9996655964033789,0
RNU11,0.9996655964033789,0.9707963588644106,-0.0596721419946304,-1.89288749972405,0.02806251057888078,0.44415562548186044,UFL1,0.9996655964033789,0
PSMA2,0.9996655964033789,0.9710028030128572,-0.06126753879010873,-1.8960003246806612,0.025105083408694384,0.47813509661558523,UFSP1,0.9996655964033789,0
SMCO2,0.9996655964033789,0.9714428344397731,-0.06810325389584172,-1.902697221126076,0.027899408904077678,0.44443222540920224,UGGT2,0.9996655964033789,0
AIM1L,0.9996655964033789,0.9720538456012378,-0.05970465689960525,-1.9121401260781883,0.028387012531513885,0.4376324248120054,UGT1A1,0.9996655964033789,0
CTCFL,0.9996655964033789,0.972972423113201,-0.060618459401001475,-1.9266653112919372,0.02688362921668752,0.45234177087806776,UNC45A,0.9996655964033789,0
SS18L1,0.9996655964033789,0.9738515410333608,-0.05453918267612082,-1.9409577149350519,0.027235973792777556,0.446169581088446,UNC45B,0.9996655964033789,0
CDKAL1,0.9996655964033789,0.9744190101053873,-0.0634635954780881,-1.9503983074510087,0.030378658517015846,0.41074285097910596,UPF2,0.9996655964033789,0
STK25,0.9996655964033789,0.9745745383450076,-0.056564779194274294,-1.953016317972221,0.02973570151742572,0.4169543940883737,UPF3A,0.9996655964033789,0
DOCK2,0.9996655964033789,0.9752605066087282,-0.07373829578359768,-1.964725881289847,0.029182930500113367,0.42102089577484797,UQCRBP1,0.9996655964033789,0
STK11,0.9996655964033789,0.9754713483244928,-0.06143891404222606,-1.9683796845597616,0.031007237259843827,0.4016092309002112,UQCRFS1,0.9996655964033789,0
PHKA2.AS1,0.9996655964033789,0.9761562665320602,-0.05437939382177314,-1.9804339100356418,0.020973093514599216,0.5234719339786553,URM1,0.9996655964033789,0
PRRC2C,0.9996655964033789,0.9764340315963921,-0.06598912281360693,-1.9854055231527272,0.030063979126697008,0.40859554903638706,UROC1,0.9996655964033789,0
RNF168,0.9996655964033789,0.9768951129055714,-0.06152783052965111,-1.9937681739384097,0.02973357751487882,0.41080786065063746,USP11,0.9996655964033789,0
TMA16,0.9996655964033789,0.9770403963631155,-0.06567045957976994,-1.9964323002696924,0.029534843858751693,0.41251152523137563,USP2,0.9996655964033789,0
MAP3K3,0.9996655964033789,0.9775022082354288,-0.07126970930927512,-2.0049961601291666,0.031685634690574824,0.3892540721299637,USP24,0.9996655964033789,0
FOXK1,0.9996655964033789,0.9778380159919062,-0.05028801880326579,-2.0113169784714366,0.011356933766973337,0.6974312730461865,USP26,0.9996655964033789,0
SRPRB,0.9996655964033789,0.9780945952091096,-0.05210180782662082,-2.0162012085045906,0.028525207971763843,0.4206560998493167,USP34,0.9996655964033789,0
HSPA1A,0.9996655964033789,0.9783136395982126,-0.057950691739774594,-2.0204093084610557,0.029342241143577877,0.41106874858842835,USP4,0.9996655964033789,0
HERC4,0.9996655964033789,0.9784164040905793,-0.06192802416828839,-2.0223959238632996,0.029446919104852486,0.4096450571197986,USP40,0.9996655964033789,0
PWP2,0.9996655964033789,0.9786768552762004,-0.059575208175788784,-2.027466943424389,0.03328745678780976,0.3705524170964974,USP48,0.9996655964033789,0
NAP1L5,0.9996655964033789,0.9787003366533438,-0.06607442296444543,-2.027926698599923,0.029047782819538973,0.4131829227857706,USP49,0.9996655964033789,0
EIF4A1,0.9996655964033789,0.9787264044750911,-0.06509207502229297,-2.0284375976352025,0.031232738203910294,0.39018496561053845,USP50,0.9996655964033789,0
ELOVL2,0.9996655964033789,0.9787365086359905,-0.06425131436672817,-2.028635769867762,0.030142859187111223,0.40133213877366025,USP8,0.9996655964033789,0
CFL1P1,0.9996655964033789,0.9789176376888313,-0.05995017427880206,-2.0322018262870247,0.030984117734187966,0.39213957355981294,VAMP3,0.9996655964033789,0
MAN2B2,0.9996655964033789,0.978939945516677,-0.06644040967435773,-2.0326428124897093,0.029983714528351652,0.4024172944651795,VAPB,0.9996655964033789,0
ATP6AP1L,0.9996655964033789,0.9789422506802119,-0.06841365947660202,-2.0326884040174713,0.03066543481115004,0.3953198731957258,VAV2,0.9996655964033789,0
APIP,0.9996655964033789,0.9796004433714945,-0.06987427136534342,-2.0458824085636986,0.03403491350759415,0.36089270780815536,VCPIP1,0.9996655964033789,0
SPATA13.AS1,0.9996655964033789,0.9796067597541185,-0.06581769849317722,-2.0460107623904578,0.032727092368494436,0.3729685481276597,VDR,0.9996655964033789,0
EIF3F,0.9996655964033789,0.9798814154192399,-0.06842218479198262,-2.051624849565859,0.03163838628923268,0.38268549865373397,VEZT,0.9996655964033789,0
BRMS1,0.9996655964033789,0.9799460531906119,-0.06240310720928612,-2.052955517856703,0.030580405058900865,0.3932400457364053,VHLL,0.9996655964033789,0
LDHAL6A,0.9996655964033789,0.9802859370245315,-0.0630379969641363,-2.0600130311324527,0.030897162014141992,0.38892882157796016,VIM.AS1,0.9996655964033789,0
PSMA8,0.9996655964033789,0.9804412615580409,-0.07347137409547316,-2.063272709693671,0.03317756888637337,0.36611600469220207,VPS13A,0.9996655964033789,0
PTBP2,0.9996655964033789,0.9807965995268502,-0.06785354073222435,-2.0708134357961265,0.03203111003285271,0.3759921645247224,VPS28,0.9996655964033789,0
COPS4,0.9996655964033789,0.9808799511505972,-0.060193532445435446,-2.072599422377753,0.030280102107221495,0.3935654323473226,VPS37A,0.9996655964033789,0
STAG3,0.9996655964033789,0.9809800017951058,-0.07934692761728389,-2.074751985485561,0.033783369651071045,0.3587842949232317,VPS41,0.9996655964033789,0
FBXO3,0.9996655964033789,0.9812772410959099,-0.06497291511370387,-2.0812043252230765,0.033173005436490204,0.36348823629569316,VPS4B,0.9996655964033789,0
RFC2,0.9996655964033789,0.9816552002452088,-0.07101820106415005,-2.089536038696364,0.032470376925854874,0.36896287753415774,VPS51,0.9996655964033789,0
NUP62CL,0.9996655964033789,0.9821228966579816,-0.06459594811354333,-2.100050840417179,0.032532671760141685,0.366840371398072,VRTN,0.9996655964033789,0
ERBB3,0.9996655964033789,0.9823148691708201,-0.07983896033635064,-2.104434815846079,0.03392165074021328,0.35310596220887464,VTN,0.9996655964033789,0
PDCD4.AS1,0.9996655964033789,0.9828502286870078,-0.06827302124037525,-2.116878822301386,0.033683362601889116,0.3534865761797594,WAC.AS1,0.9996655964033789,0
ANKRD44.IT1,0.9996655964033789,0.9831319753927571,-0.07074799474646216,-2.123561690687247,0.03505416772081521,0.3401158251966819,WARS,0.9996655964033789,0
APELA,0.9996655964033789,0.9831628277884277,-0.07015639256617771,-2.124299278410277,0.02860191248056309,0.4048622293786369,WASF1,0.9996655964033789,0
DDX19A,0.9996655964033789,0.9833063166976991,-0.07084512735009042,-2.1277449340812606,0.03118610241786421,0.37637963882295006,WASF3,0.9996655964033789,0
PSMD3,0.9996655964033789,0.9835045439347985,-0.06059799506888552,-2.132546975124184,0.0327134904553349,0.3604301127193552,WBP11P1,0.9996655964033789,0
GNB2L1,0.9996655964033789,0.9836178807586548,-0.08591721166571838,-2.135314794002771,0.03665181074121145,0.32474694328904624,WBP2NL,0.9996655964033789,0
POLR2B,0.9996655964033789,0.9837164642584169,-0.06526372922546896,-2.1377356878485942,0.034330777513103046,0.34452230699907244,WDR11,0.9996655964033789,0
TMEFF1,0.9996655964033789,0.9838994826309304,-0.06712727655834895,-2.1422635197584627,0.033317102230237594,0.3532797805993862,WDR27,0.9996655964033789,0
YWHAZ,0.9996655964033789,0.9840375814164235,-0.06260753703898082,-2.145709344639182,0.03358108320577169,0.35030572220354556,WDR34,0.9996655964033789,0
CNPY1,0.9996655964033789,0.9846030173306046,-0.06878357403972364,-2.1600902759515943,0.03508799213544924,0.3345147623910358,WDR38,0.9996655964033789,0
COLGALT2,0.9996655964033789,0.9846854633136508,-0.06939946907469906,-2.1622248872495815,0.034617689014812644,0.3384126008617301,WDR46,0.9996655964033789,0
ENO1.AS1,0.9996655964033789,0.9850354481774628,-0.06434698101266291,-2.171397737917846,0.03260495147361462,0.35609072915717854,WDR47,0.9996655964033789,0
MYO1H,0.9996655964033789,0.985546795058619,-0.06718979731954638,-2.185137139521377,0.034042966369542106,0.3404598291972879,WDR49,0.9996655964033789,0
METRN,0.9996655964033789,0.9856984432009508,-0.07017278892430379,-2.1892922124171843,0.036128314499737524,0.3213113163531851,WDR52,0.9996655964033789,0
GORAB,0.9996655964033789,0.985977257919962,-0.07629284308241065,-2.197031637219687,0.03782904412160979,0.30616833588129416,WDR62,0.9996655964033789,0
FXYD6,0.9996655964033789,0.9859831494160084,-0.06426884648137533,-2.197196601059295,0.03505069530124621,0.3296128888699386,WDR83,0.9996655964033789,0
UFSP1,0.9996655964033789,0.9861483732319807,-0.07192874484876197,-2.20184744892037,0.034910496056682644,0.3302202625560614,WDR86,0.9996655964033789,0
KIAA0391,0.9996655964033789,0.9862681529186788,-0.07222246876714618,-2.205249110818396,0.03465876654520654,0.3320388136114337,WDYHV1,0.9996655964033789,0
GAR1,0.9996655964033789,0.9865333801427794,-0.07436549711733531,-2.2128734612272996,0.039227894911514974,0.2930264328668863,WHSC1L1,0.9996655964033789,0
GAPDHS,0.9996655964033789,0.9866233099542763,-0.07008553728167755,-2.2154880715871172,0.031972955656064984,0.3564899888084005,WI2.2373I1.2,0.9996655964033789,0
PPP2R5D,0.9996655964033789,0.9866420591798599,-0.06929075774993013,-2.2160350964278877,0.03957648324124622,0.2899590053998465,WIPF2,0.9996655964033789,0
CUL5,0.9996655964033789,0.9867107369459958,-0.07896904228311363,-2.218044510372272,0.03698513867049888,0.3100598200691371,WISP1,0.9996655964033789,0
PTENP1,0.9996655964033789,0.9869799464506738,-0.07523889380118441,-2.226008746228349,0.036945725525356236,0.30927465088678074,WNK2,0.9996655964033789,0
PITPNA.AS1,0.9996655964033789,0.9880309161115198,-0.06134357252050347,-2.2585314219917505,0.03461727052314855,0.3252426931512767,WSB1,0.9996655964033789,0
PCBP2.OT1,0.9996655964033789,0.9880895735377123,-0.06168740127859188,-2.260418571061963,0.03766774464718334,0.29860631794637194,WTAPP1,0.9996655964033789,0
ARPC3,0.9996655964033789,0.9884193968195704,-0.0683647587069615,-2.2711824507676286,0.03658023644045366,0.3061891114044049,WWTR1,0.9996655964033789,0
ITGA5,0.9996655964033789,0.9886899408000605,-0.07360813859813116,-2.280212354384568,0.03819206487596624,0.291703877601954,XPNPEP2,0.9996655964033789,0
SF3B1,0.9996655964033789,0.988797970664054,-0.06444799054792087,-2.2838705741308143,0.03590731483949079,0.31031106169177985,XPO4,0.9996655964033789,0
OSBP,0.9996655964033789,0.9888709349705256,-0.07679567324535287,-2.286358762567798,0.03546154487934353,0.3139066341577084,XPO6,0.9996655964033789,0
CNTROB,0.9996655964033789,0.9896570786227805,-0.0742388879994092,-2.3141086858159365,0.04013095447445081,0.2722655461896689,XPO7,0.9996655964033789,0
MTMR2,0.9996655964033789,0.9899629406779332,-0.0743799419949559,-2.325404318968074,0.039316700305607785,0.27689995213276036,XPOT,0.9996655964033789,0
RRP7A,0.9996655964033789,0.990170669095449,-0.06402877432654341,-2.3332484006418444,0.040090287040531726,0.2700377406362721,XPR1,0.9996655964033789,0
SND1.IT1,0.9996655964033789,0.9903723600118737,-0.06766223205875234,-2.341004300631425,0.03840309795913524,0.2820028558761895,XRCC6,0.9996655964033789,0
MAP4K1,0.9996655964033789,0.9907497275761675,-0.06411154293226155,-2.35590536434324,0.040958344263204556,0.26073443100400007,XRCC6BP1,0.9996655964033789,0
TUBGCP4,0.9996655964033789,0.9907690385227221,-0.06974822860277295,-2.356682109249406,0.03975093936560001,0.2695307681274476,XRRA1,0.9996655964033789,0
WDR11,0.9996655964033789,0.9908015388964386,-0.06863089710666113,-2.3579925902428545,0.04174669390833251,0.2548829609575838,YARS2,0.9996655964033789,0
MAN2C1,0.9996655964033789,0.9908204136980803,-0.06524249210788906,-2.3587555223201853,0.035112687128720524,0.30792352729547623,YBX2,0.9996655964033789,0
DGCR5,0.9996655964033789,0.991036229518335,-0.07455599875130242,-2.367578018826728,0.042201614012140974,0.2504952463945234,YEATS4,0.9996655964033789,0
CCNL1,0.9996655964033789,0.9912737102336249,-0.06972890568498391,-2.3775039071601904,0.04010959477676799,0.2641778556124469,YIPF4,0.9996655964033789,0
PTPRCAP,0.9996655964033789,0.9913839049288442,-0.07770062965780383,-2.3821903537089804,0.03605767124187317,0.2965564533181678,YLPM1,0.9996655964033789,0
LARS2,0.9996655964033789,0.991573521544671,-0.07501760918023481,-2.390379042916875,0.03964210753948826,0.2660854326701692,YME1L1,0.9996655964033789,0
FAM135A,0.9996655964033789,0.9919032984260011,-0.07489540878798512,-2.405014078839619,0.04283447370178486,0.2414292055159743,YOD1,0.9996655964033789,0
IRF1,0.9996655964033789,0.9919201535567385,-0.07886726971489756,-2.405776068119003,0.04399869842419556,0.23372450429890468,YTHDC2,0.9996655964033789,0
RSL24D1,0.9996655964033789,0.9920056195030735,-0.0741774767146088,-2.4096614688172253,0.03950076439383419,0.2647806016369231,YTHDF2,0.9996655964033789,0
CSE1L,0.9996655964033789,0.9923339001060729,-0.08912501694295587,-2.4249335801687435,0.042804857898512495,0.23913509006140946,YTHDF3,0.9996655964033789,0
ACAD11,0.9996655964033789,0.9923578791736718,-0.07182924365497399,-2.426071547712693,0.04473013845828299,0.22656947330734686,YTHDF3.AS1,0.9996655964033789,0
MAP3K5,0.9996655964033789,0.992649084664372,-0.07363577787722358,-2.440148250417974,0.04453477736305177,0.22604373267773378,YWHAE,0.9996655964033789,0
ARIH2OS,0.9996655964033789,0.9930359943970148,-0.07503585008610464,-2.4596321763600706,0.0444309339978963,0.22430847520465502,YWHAZ,0.9996655964033789,0
KY,0.9996655964033789,0.9932590158920317,-0.08788687282929,-2.4713016495185784,0.04479484201620561,0.22062021729402598,YY1,0.9996655964033789,0
CDC42SE2,0.9996655964033789,0.9933565957034005,-0.07849885535176533,-2.4765150733866204,0.04285033133220674,0.23256582838186302,YY1AP1,0.9996655964033789,0
TRIM34,0.9996655964033789,0.9934527089621683,-0.08479901824887273,-2.4817167558923208,0.043905172860902106,0.22500367623021095,YY1P2,0.9996655964033789,0
PPP2CB,0.9996655964033789,0.9936935109271778,-0.07889455346281764,-2.4950519048420188,0.045368032406953286,0.21426714813265318,ZBTB11.AS1,0.9996655964033789,0
SERF1A,0.9996655964033789,0.9942259910424518,-0.07556242138801819,-2.526219558359768,0.04663605902721307,0.20313649205119427,ZC3H12A,0.9996655964033789,0
TOP3A,0.9996655964033789,0.994454557478608,-0.09312266121884769,-2.540387218148052,0.046847756214279744,0.2002916532258378,ZC3H18,0.9996655964033789,0
BSN,0.9996655964033789,0.9947412806390564,-0.07990110575802055,-2.5589124913132846,0.04578534028774633,0.20440613653591733,ZC3H3,0.9996655964033789,0
KDM5B,0.9996655964033789,0.9947787468795182,-0.0836590224335336,-2.5613992005747392,0.04593610981496841,0.20322795719066403,ZC3H7B,0.9996655964033789,0
SLC39A8,0.9996655964033789,0.9949271477952593,-0.07701335157348127,-2.5714075444994737,0.04692908938868297,0.19632484608779044,ZC3H8,0.9996655964033789,0
PCBP1.AS1,0.9996655964033789,0.995555872104013,-0.07828831691318565,-2.6169354284717574,0.046263970059169844,0.19520942554046866,ZCCHC9,0.9996655964033789,0
SHMT1,0.9996655964033789,0.9955940780132663,-0.0955604579303977,-2.619883768297376,0.05020331540050774,0.17357821686499939,ZDHHC4,0.9996655964033789,0
THRB,0.9996655964033789,0.9957464551299544,-0.08096150504327125,-2.6318746930342893,0.04920741771504343,0.17737255813803174,ZDHHC6,0.9996655964033789,0
SRSF6,0.9996655964033789,0.9959127192180914,-0.08422062168987947,-2.6454048931334437,0.0485542206741362,0.1793688755016742,ZDHHC7,0.9996655964033789,0
PEG10,0.9996655964033789,0.9964129081914065,-0.08084645411715127,-2.6893095421273547,0.05196887908254194,0.15792201225878794,ZFP91.CNTF,0.9996655964033789,0
CAP1,0.9996655964033789,0.9964971570169778,-0.09846391519646731,-2.6972399045507918,0.048591958030779876,0.17385524475396208,ZFR2,0.9996655964033789,0
GNAL,0.9996655964033789,0.9966892176479817,-0.09675378856689903,-2.715979444563739,0.052683405434588305,0.15203399378308,ZMAT3,0.9996655964033789,0
SENP7,0.9996655964033789,0.9969844230157343,-0.08900279768811566,-2.746783177394294,0.050087798467261385,0.16131535473964037,ZNF208,0.9996655964033789,0
PHGDH,0.9996655964033789,0.9975077714488457,-0.0849932075167733,-2.8087815752411034,0.05270913690323735,0.14319540368840963,ZNF248,0.9996655964033789,0
RTFDC1,0.9996655964033789,0.9975088766196769,-0.08778573764839616,-2.8089245130608482,0.05254482163099972,0.143914819883899,ZNF318,0.9996655964033789,0
TPD52L3,0.9996655964033789,0.9980028164904794,-0.09737055550988648,-2.8794045159117903,0.05571697522198577,0.12454119364024506,ZNF385A,0.9996655964033789,0
USP49,0.9996655964033789,0.9982973680357308,-0.09815062443136743,-2.929406362314383,0.056783741240075625,0.11646445180647405,ZNF414,0.9996655964033789,0
SASH1,0.9996655964033789,0.9983769097295581,-0.08647053262864648,-2.944259538546837,0.05979405515664605,0.1049069982840521,ZNF593,0.9996655964033789,0
PKMYT1,0.9996655964033789,0.9989067623144776,-0.09805413128975347,-3.0646098173020118,0.06165829974867686,0.09050061002921507,ZNF639,0.9996655964033789,0
BCMO1,0.9996655964033789,0.9990729412718905,-0.11887964580579034,-3.113649940450513,0.0655425149530516,0.07697109383386301,ZNF658,0.9996655964033789,0
UBR7,0.9996655964033789,0.9991797967836955,-0.11344171290979135,-3.1496510402547946,0.0671324425292233,0.07106987726535832,ZNF664.FAM101A,0.9996655964033789,0
SYNDIG1,0.9996655964033789,0.999204649842951,-0.11357096561620166,-3.1586411389582674,0.0632973231325513,0.07992821939324209,ZNF76,0.9996655964033789,0
UACA,0.9996655964033789,0.9993533146447879,-0.11931143613069047,-3.2185374115583487,0.06793310445062453,0.0654139560282292,ZNHIT1,0.9996655964033789,0
AMDHD1,0.9996655964033789,0.999528285839215,-0.09894793105197072,-3.308054140516231,0.06670114140913962,0.06338259945893908,ZRANB1,0.9996655964033789,0
PSMB8,0.9996655964033789,0.9995489761474743,-0.10515210686819357,-3.320611030298177,0.06807358892166386,0.059841504579210794,ZSWIM8.AS1,0.9996655964033789,0
CLTCL1,0.9996655964033789,0.9995665568796386,-0.11953263429953838,-3.331707670875691,0.06816397843764224,0.0591110583937344,ZYG11A,0.9996655964033789,0
LRPPRC,0.9996655964033789,0.9996655964033789,-0.11498013111798751,-3.4033343927899353,0.07153967166152171,0.04952940420380332,ZZZ3,0.9996655964033789,0
