att,pval.adj,pval.att,beta.raw.att,beta.Z.att,beta.0,pval.0,gene,p_adj_use,beta_use
EPS15L1,1.805423067107614e-6,1.012576033150653e-9,0.5780014073291834,6.06217906171705,-0.6238089765072312,8.80908056750051e-8,AAK1,1.805423067107614e-6,0
SETMAR,1.848948892958915e-5,2.0739752024216655e-8,0.5044291000852654,5.535448967977134,-0.5257393732062637,1.7437503757046569e-6,AANAT,1.848948892958915e-5,0
NAP1L2,6.392358164049788e-5,1.0755510090941875e-7,0.4861625923944737,5.229038706384637,-0.5678410570777749,2.5903333117396993e-6,AATK,6.392358164049788e-5,0
PRKAA2,7.1433228820462285e-05,1.6025401866620815e-7,0.5117499227443227,5.152417723477528,-0.5168147604702957,5.333604193772299e-6,ABCB11,7.1433228820462285e-05,0
NDST3,7.260147629293342e-5,2.035935958859602e-7,0.47839406285913166,5.105941246224566,-0.5305092738703673,5.551283456976186e-6,ABCF2,7.260147629293342e-5,0
SRXN1,1.6163964327527657e-4,5.439359841007624e-7,0.4574090643102606,4.911117152515067,-0.5129112901498044,1.1183185270001053e-5,ABCF3,1.6163964327527657e-4,0
NOS1,2.5035969770927834e-4,9.82904029144671e-7,0.4011956948323644,4.790485322340323,-0.49419532676293393,1.982902619902173e-5,ABCG1,2.5035969770927834e-4,0
SEC24D,3.2988063926513085e-4,1.4801150387667115e-6,0.4538395214133412,4.705445572720309,-0.5199341430373264,1.999028562147231e-5,ABHD16B,3.2988063926513085e-4,0
SCAMP3,0.0015020503822653084,7.581858351311147e-6,0.390268063727446,4.351754609286301,-0.48535044112258813,7.040294062183207e-5,ABI2,0.0015020503822653084,0
FBXL4,0.002360101899221516,1.3236690405056174e-5,0.404673645243087,4.225246135973086,-0.4642480821199528,1.1572133077167554e-4,ABRA,0.002360101899221516,0
STAU2,0.003931210346825004,2.425312047957097e-5,0.36870269635793146,4.0839242214863285,-0.44392528574082046,1.9121279349853038e-4,ACAA2,0.003931210346825004,0
PHF21B,0.004587751639433879,3.0876623484692396e-5,0.36319518275564666,4.026378161083647,-0.4268257840008119,2.4821628045193603e-4,ACAD11,0.004587751639433879,0
YARS2,0.004711539775635714,3.43522249485498e-5,0.3552187385325713,4.000727975887207,-0.4495556954983317,2.250679842011761e-4,ACAP3,0.004711539775635714,0
ARF3,0.009110603149598325,7.345548428274538e-5,0.3526368235928701,3.81367586067952,-0.388294784052208,5.691598804699368e-4,ACBD4,0.009110603149598325,0
ZNF76,0.009110603149598325,7.664556771955967e-5,0.3374878897380059,3.802979148233668,-0.4087116579081655,4.915377597042652e-4,ACKR1,0.009110603149598325,0
ERBB3,0.010263576266751118,9.210163783960621e-5,0.3558379160567384,3.7564563337361156,-0.37726888742698833,7.028795423494967e-4,ACMSD,0.010263576266751118,0
GAL,0.014246787942499738,1.4894075800177858e-4,0.3358019527879941,3.6323177745742274,-0.36583358731230053,0.0010141157079637205,ACOT1,0.014246787942499738,0
ERGIC2,0.014246787942499738,1.5009832090463296e-4,0.3314533326516407,3.6302885542326404,-0.3922687590050383,8.254525566796431e-4,ACP2,0.014246787942499738,0
UBE2I,0.014246787942499738,1.52938229756166e-4,0.3180359911217626,3.6253716914387355,-0.3874004599010021,8.648278835585796e-4,ACSL6,0.014246787942499738,0
AGA,0.014246787942499738,1.6537571557866904e-4,0.35626054207170016,3.604799929051448,-0.3583664273451971,0.0011355533761228847,ACSS2,0.014246787942499738,0
RAB8A,0.014246787942499738,1.6999988703315865e-4,0.3351715038811246,3.5975198417196963,-0.37769331436409415,9.836313314104449e-4,ACTBL2,0.014246787942499738,0
RPS3A,0.014246787942499738,1.7578762464105118e-4,0.3594319031286886,3.5886650335986734,-0.395766723942801,8.787937230044155e-4,ACTG1P4,0.014246787942499738,0
METAP1D,0.01528696007883256,1.971957834061407e-4,0.33766221193403195,3.5581266739314015,-0.3487959395947521,0.001341761868285405,ACTR10,0.01528696007883256,0
TM9SF1,0.01542847343721576,2.0767434800514763e-4,0.30503682148917755,3.544295156771598,-0.38792342207592856,0.001022590688350687,ACTR1B,0.01542847343721576,0
XRCC6BP1,0.021496682723945903,3.01411703925209e-4,0.3230914491640134,3.4433890928928284,-0.34605572403152507,0.0017187146560062635,ACTR3B,0.021496682723945903,0
APIP,0.021795097759812483,3.1781970934106814e-4,0.319207071645072,3.4288254484419194,-0.36496969040978255,0.0015515030054593826,ADARB1,0.021795097759812483,0
POLR3D,0.023077490153722333,3.5528528869592166e-4,0.2914748755122158,3.3980358235696624,-0.3608759830483078,0.001710639659690821,ADCY8,0.023077490153722333,0
CORO1B,0.023077490153722333,3.6240590258229124e-4,0.3344883090466579,3.3925282229002844,-0.36622275634402834,0.0016586247585319795,ADD2,0.023077490153722333,0
SART3,0.0362985229918576,5.903853991945431e-4,0.30977151791462737,3.254613784078865,-0.36232589057932907,0.0023004233761846284,ADD3.AS1,0.0362985229918576,0
FAM120C,0.0394025094575633,6.629698730941666e-4,0.2729701024893387,3.221115227807626,-0.34229851367312614,0.0027804920820073283,ADIPOR2,0.0394025094575633,0
S100A5,0.041059220593587006,7.138731567028588e-4,0.2960036167498456,3.199590257907455,-0.32934218189100556,0.003175888845063231,ADIRF,0.041059220593587006,0
USP2,0.04429809530047151,7.95030313861519e-4,0.3154907400331412,3.168040851300349,-0.352116148296236,0.002915489802408592,ADNP2,0.04429809530047151,0
FUT1,0.05127036155747202,9.489186379117087e-4,0.2486875102933816,3.1156162561627148,-0.3267430197126246,0.0038082022834525554,ADPGK.AS1,0.05127036155747202,0
ADIRF,0.05149725578527287,9.820003907455288e-4,0.3097375526966926,3.1053778016293787,-0.34678078804412565,0.003412940898776281,ADRBK2,0.05149725578527287,0
COPB1,0.05349442123200493,0.0010500867880651557,0.2469035633244525,3.085267467779938,-0.24254475610042314,0.009187380563168084,ADSS,0.05349442123200493,0
MAP3K3,0.05357863682911985,0.001096416871923629,0.28147874528491446,3.0722574303553394,-0.3429671883267335,0.0037716494483181055,ADSSL1,0.05357863682911985,0
RPL12,0.05357863682911985,0.0011118393509127508,0.26944730012643625,3.0680384799470626,-0.3246357013737664,0.00425232014880646,AFM,0.05357863682911985,0
ARFGAP3,0.05683278053707915,0.0012112426586702231,0.29853465947267105,3.0420683184593273,-0.32310584891503064,0.0045006655653596975,AGA,0.05683278053707915,0
THAP1,0.059975205366625664,0.0013852918837909283,0.2532115829357396,3.000973852213039,-0.30693363355969916,0.005444976094854575,AGPAT4,0.059975205366625664,0
TM9SF3,0.059975205366625664,0.0013930142792647287,0.26813439603272937,2.9992623166845878,-0.32371954193111047,0.004870521152994879,AGPAT9,0.059975205366625664,0
TNIP2,0.059975205366625664,0.001399252689722256,0.27872825322425954,2.9978860082915277,-0.34106669220998975,0.004395606771014166,AHCYL2,0.059975205366625664,0
ASCC3,0.059975205366625664,0.001412764231855456,0.2709067809627361,2.994924256751387,-0.31676080094638726,0.005151736049262707,AHSA2,0.059975205366625664,0
TRAFD1,0.06103401856293878,0.0014719365104915129,0.26709723664869245,2.9822513578089533,-0.3214214367035884,0.005123540001010453,AIFM2,0.06103401856293878,0
ARHGDIB,0.06112530509829777,0.0015313332574069304,0.28451102563799485,2.9699904004997264,-0.3144323402657753,0.005476826014623072,AIM1L,0.06112530509829777,0
CYTH2,0.06112530509829777,0.0015427025964236678,0.2688880389414132,2.9676931575381302,-0.32645446073576134,0.0051070962443451745,AIMP2,0.06112530509829777,0
KIAA0195,0.06144618139223951,0.0015852632327779121,0.25246048737457416,2.959228632259966,-0.32678622601457685,0.0051712084517402095,AK3,0.06144618139223951,0
POLG2,0.0728254181392591,0.0019196829234689721,0.2684818288632406,2.899120487472801,-0.3112928632081678,0.006367523164997112,AKAP11,0.0728254181392591,0
ARF4,0.07321174649231627,0.0019810103022849797,0.27159385277867304,2.8891469311646714,-0.29820261729943115,0.007032343605675558,AKAP8L,0.07321174649231627,0
CCNE1,0.07321174649231627,0.002011988546339595,0.24906766610039452,2.8842153282059186,-0.321898661710758,0.006126253529547218,AKIRIN2,0.07321174649231627,0
COPZ2,0.07792748342676217,0.002185291178540723,0.25818873384910784,2.8578371509028653,-0.29894375023119346,0.007390749510231907,AKNAD1,0.07792748342676217,0
GNA14,0.08054717415460197,0.0023039292663402694,0.2593158810920062,2.840854182286467,-0.28677656506612104,0.008396879485877327,AKT1S1,0.08054717415460197,0
LARGE,0.08171420449636331,0.002383140007745873,0.2667697624711768,2.829951653577528,-0.3136523800550376,0.0071449530983840525,AKT3,0.08171420449636331,0
KHSRP,0.08188038994837255,0.0024339095161322183,0.24087049695447166,2.8231352914580032,-0.30811722146738235,0.007465286786364018,ALAS1,0.08188038994837255,0
RBBP8,0.08624408347527326,0.0026119913110851127,0.23586282605811404,2.8002029644148143,-0.30465002998872803,0.007978028483171211,ALDOB,0.08624408347527326,0
NSMAF,0.08781632630409612,0.002708860317849291,0.25268554598224924,2.788316859039948,-0.2859794766784461,0.009134336847103736,AMDHD1,0.08781632630409612,0
ELANE,0.09318142547173057,0.0029266179620958564,0.270117961563982,2.7629414075498024,-0.3019015174369932,0.008642926714014504,AMH,0.09318142547173057,0
ACOT1,0.10272820590039547,0.003333116934531981,0.26713625376601385,2.7198240114219208,-0.3147262907621492,0.008742578953528216,AMZ2P1,0.10272820590039547,0
LRAT,0.10272820590039547,0.0033416914987229036,0.2251950802334923,2.7189666837499624,-0.2845746024421986,0.010426914652455174,ANAPC1P1,0.10272820590039547,0
UBQLN1,0.11191400166289346,0.0037032675816661325,0.21420552053895897,2.684502621473746,-0.25125434364954824,0.014175693956472895,ANAPC7,0.11191400166289346,0
DLG1.AS1,0.11387035103507061,0.0038318682344948046,0.24762035824001075,2.67297188373499,-0.2853564003549435,0.01115926367824212,ANKH,0.11387035103507061,0
SEC16B,0.11518468524466892,0.004044784543108151,0.24427051088445573,2.6546236385435824,-0.29262123870869927,0.011079492187733027,ANKK1,0.11518468524466892,0
CSPG4,0.11518468524466892,0.004073622857781477,0.22708063669490358,2.652205458953822,-0.2829483920750247,0.011752335101287807,ANKMY1,0.11518468524466892,0
BRPF3,0.11518468524466892,0.00410533327514893,0.24362903657284135,2.6495641001669346,-0.27926256436312386,0.012158244985941792,ANKRD12,0.11518468524466892,0
SH3BP1,0.11518468524466892,0.004159590644294114,0.22119398239065705,2.645086793806215,-0.2919948337132768,0.011303118565395785,ANKRD13B,0.11518468524466892,0
RBBP5,0.11518468524466892,0.00419910518278378,0.24598167005507532,2.6418588860850285,-0.27895168588994174,0.01229082292954941,ANKRD18A,0.11518468524466892,0
MAP2K2,0.11692196693669991,0.004328014479990014,0.22777153760526153,2.631514327101344,-0.29338976312375364,0.01149091223453512,ANKRD44.IT1,0.11692196693669991,0
ELOVL6,0.12240337509981661,0.004605171897350251,0.21879540578400614,2.610176100490469,-0.27395522114912996,0.013351293460088629,ANP32A.IT1,0.12240337509981661,0
SEC14L1,0.12240337509981661,0.004668216212443932,0.21300136991375485,2.6054831388745345,-0.27858167172913784,0.013075146945161868,ANP32C,0.12240337509981661,0
PBX1,0.12263219671987607,0.004760104710899138,0.2443931077168835,2.5987434955689586,-0.2792956890124016,0.013171712199123548,ANXA13,0.12263219671987607,0
BUD13,0.12263219671987607,0.00489612343351125,0.22825309676760888,2.5889774036747797,-0.27594897580063477,0.013612591989483044,ANXA7,0.12263219671987607,0
ELAVL2,0.12263219671987607,0.004911565486486719,0.23424501737840567,2.5878840321735956,-0.30514422034695693,0.011785530540773461,ANXA8,0.12263219671987607,0
ARPC2,0.12263219671987607,0.0050574756151254415,0.25268405608846534,2.5777016520884604,-0.2943923485026702,0.012654610955398745,AP1B1P1,0.12263219671987607,0
HBQ1,0.12263219671987607,0.0050790531738721416,0.24525649656839724,2.5762181620114375,-0.2866334979769184,0.013131339439773721,AP1M2,0.12263219671987607,0
PSPH,0.12263219671987607,0.00508961444602963,0.2346729315606776,2.57549410641769,-0.2855959288025358,0.013272126101038369,AP2B1,0.12263219671987607,0
UBE2H,0.12788277659481403,0.005379253081666322,0.21006010634705272,2.5561414286617303,-0.2852458667472173,0.013733398094483087,AP2M1,0.12788277659481403,0
TXNDC15,0.12983483895830697,0.005534182703775283,0.22569778523671427,2.546167637595742,-0.2552385219045836,0.016610827850191023,AP2S1,0.12983483895830697,0
DDX42,0.13158273309966692,0.00569738769107071,0.2230075150067839,2.5359263508692402,-0.2595898404129043,0.016579810591586405,AP3M1,0.13158273309966692,0
MOB3B,0.13158273309966692,0.005801973657971363,0.18685050674967482,2.529499804236341,-0.22703739639552997,0.021488221750588704,AP3M2,0.13158273309966692,0
RBBP7,0.13158273309966692,0.005888837212027467,0.24180434554194014,2.5242400636525533,-0.29178636238806405,0.014082239359421938,APBB2,0.13158273309966692,0
GGPS1,0.13158273309966692,0.005903880340983372,0.23110195656002352,2.5233361873768123,-0.2822653387211576,0.014775157809987682,APELA,0.13158273309966692,0
ATF3,0.1339069607829955,0.006083266305901646,0.19855540881189118,2.5127124316377434,-0.24345088281389865,0.019172706018374824,APEX2,0.1339069607829955,0
UBE2L3,0.13440260027871498,0.006181162772212355,0.2246310510487422,2.5070315008582873,-0.2924321638996287,0.014511225131797341,APH1B,0.13440260027871498,0
CBX3P2,0.13608567311602662,0.006334891120936741,0.2109329027790615,2.4982697459768386,-0.2653340679742909,0.016894481278647334,APIP,0.13608567311602662,0
CGN,0.14304163947112578,0.00680137284227301,0.21949641565446587,2.47279038762654,-0.26678452363749067,0.017476931043126316,ARAP1,0.14304163947112578,0
U2SURP,0.14304163947112578,0.006819147142482159,0.25492482113534837,2.471850509632665,-0.26957441333572113,0.017245800939978646,AREG,0.14304163947112578,0
TATDN3,0.14980821836075978,0.0072524227426727875,0.20295253960706724,2.4495844257062274,-0.2672138105538581,0.01819888877900858,ARF1,0.14980821836075978,0
NNT.AS1,0.14980821836075978,0.007309767244748234,0.20407748185871027,2.4467261491208623,-0.26393989850571536,0.018559737432035737,ARF3,0.14980821836075978,0
CAP2,0.15667621824854047,0.007811996379796943,0.22162550899752537,2.4225051809634617,-0.2810014570207574,0.017789947518212754,ARF4,0.15667621824854047,0
ZC3H12A,0.15667621824854047,0.007820630075221593,0.22840131021080526,2.4221009520163177,-0.26093291189286155,0.0196649793461017,ARFGAP1,0.15667621824854047,0
SFR1,0.16524344716722386,0.008340947978154878,0.1969158796048197,2.3984365936767187,-0.2762119471284545,0.018924760922746586,ARFGAP3,0.16524344716722386,0
UBE3D,0.16761156101194033,0.008554487970884223,0.2333631010325714,2.389099119248827,-0.27051660224607876,0.019731801122203768,ARFGEF1,0.16761156101194033,0
DBP,0.16866589738976645,0.008770463612384972,0.21013681801472342,2.379861246354973,-0.2552768963210635,0.02170834486183642,ARFGEF2,0.16866589738976645,0
TRIM29,0.16866589738976645,0.00879749212408765,0.23652199192829337,2.378719269410552,-0.23691575207178447,0.024349846285587968,ARFIP1,0.16866589738976645,0
OTUB2,0.1733610334816349,0.009139617020344184,0.235664150285001,2.36452426802597,-0.27751016255023425,0.019969032014702574,ARHGAP10,0.1733610334816349,0
UPF2,0.17580043643055263,0.009366820785699665,0.21061126799759852,2.3553528321218553,-0.2452063083440466,0.023926494665110664,ARHGAP31,0.17580043643055263,0
MCM3AP.AS1,0.1791716351261782,0.009646930438650088,0.2054198778799964,2.344310372654543,-0.2544195831268088,0.02308248952866995,ARHGDIB,0.1791716351261782,0
PLEKHA3,0.18294720739346326,0.009952820592914155,0.20814846254450697,2.3325677403004996,-0.2643909644423455,0.0223708056193732,ARHGDIG,0.18294720739346326,0
SF3B5,0.18350620818467742,0.010086151655691749,0.1968348438542091,2.3275479164501505,-0.2459598390344269,0.024827705144091553,ARHGEF10,0.18350620818467742,0
LCP2,0.194989579378508,0.01082667883256999,0.21849321761031867,2.300679148732784,-0.25494099443888596,0.02465818910611144,ARHGEF25,0.194989579378508,0
PPP1CB,0.19501747454563137,0.010937603732228345,0.21096151955302359,2.29679347175319,-0.2513988634090384,0.02523852805491284,ARHGEF3.AS1,0.19501747454563137,0
GM140,0.19851437121491464,0.011245065335225115,0.16261698748069234,2.2861999258189747,-0.2305927626157526,0.029076213159602408,ARHGEF7,0.19851437121491464,0
GCNT1,0.20848094073132292,0.011959005955859248,0.20225471994519287,2.262541608946449,-0.2548201803877065,0.026282618865184657,ARHGEF7.AS1,0.20848094073132292,0
BAZ2B,0.20848094073132292,0.012123732227996434,0.19510956345194866,2.2572578152756817,-0.23147342094903725,0.03003980113149216,ARID1B,0.20848094073132292,0
CD47,0.20848094073132292,0.012160413817194382,0.203402774666289,2.2560897032263574,-0.2643933519775796,0.025466225769879114,ARID4B,0.20848094073132292,0
ACAA2,0.23269882200834113,0.01370352008461908,0.18905323923307207,2.209518438228148,-0.24705806421888662,0.02966159565471987,ARIH2,0.23269882200834113,0
FZD1,0.23554872086956175,0.014003457325952633,0.2004375868805364,2.2009976593482112,-0.24681594514174926,0.030004201970684798,ARIH2OS,0.23554872086956175,0
YY1,0.23745296957377382,0.014249841696238809,0.1927532587985295,2.194115350656708,-0.2541359845581445,0.029510068368684902,ARL3,0.23745296957377382,0
ASIC1,0.2405756144386986,0.014572162848782641,0.18897362554495006,2.1852652645372004,-0.23582466173762448,0.0326242888380093,ARL6IP4,0.2405756144386986,0
NOM1,0.2484989421850166,0.015543905922168285,0.18241790380437967,2.1595682825462914,-0.25152772222829334,0.03154182879701953,ARL6IP6,0.2484989421850166,0
EIF2B2,0.2484989421850166,0.015616656841970675,0.19037034617826076,2.15770058055703,-0.23749667186301385,0.033710783448361134,ARMC9,0.2484989421850166,0
FBXO8,0.2484989421850166,0.015646719183987898,0.17958971144875152,2.1569309866865094,-0.2356840056116683,0.033960736883998026,ARPC1B,0.2484989421850166,0
THOC6,0.2484989421850166,0.015734994945869385,0.18045642904587267,2.1546784553702407,-0.24268461188633728,0.03300665378667204,ARPC2,0.2484989421850166,0
GOLGA7B,0.2484989421850166,0.015842071569881547,0.1795770689037734,2.151960711610604,-0.23019481279642431,0.03534881183918222,ARPC3,0.2484989421850166,0
KPNA2,0.2484989421850166,0.01588832271962529,0.17006740228727033,2.1507916753847804,-0.24153245180455699,0.033382582924212714,ARPC4,0.2484989421850166,0
GTF3C4,0.2542460458880308,0.01639837087892515,0.19348170248862911,2.1380899017345154,-0.24511300182166987,0.03355385267683191,ARPC4.TTLL3,0.2542460458880308,0
SCYL2,0.2543899293741141,0.01655032630813081,0.21721620541803396,2.1343713008014977,-0.23848109112287622,0.03472472637397995,ARPC5L,0.2543899293741141,0
ANXA8,0.2545549204107544,0.016703828204182987,0.2049917688420962,2.1306444600718684,-0.253498157213165,0.03282425825575768,ARPP21,0.2545549204107544,0
PPP1R1A,0.2552272943508234,0.016891094073694428,0.18737841264765376,2.1261374132525095,-0.2565478519620641,0.0326958710826566,ARRDC1,0.2552272943508234,0
MTMR2,0.2584018143679737,0.017246110998199032,0.1845182175466614,2.1177092128746082,-0.23919287403329617,0.0355528279584171,ARRDC3,0.2584018143679737,0
PTBP2,0.27051594205190593,0.018217274137639447,0.21297738242116543,2.0953892717514244,-0.24131026905959327,0.03649770752864106,ASB7,0.27051594205190593,0
ATP6AP1L,0.27051594205190593,0.018358064491464172,0.18854687029386472,2.0922383703673395,-0.22537952706737824,0.03931233155932233,ASB8,0.27051594205190593,0
PSMD12,0.2733855258432389,0.018706132446929414,0.1803623058948268,2.0845361760598857,-0.21866397199098933,0.04121493216890977,ASB9,0.2733855258432389,0
VEZT,0.2934820329557769,0.020245816070420954,0.18393810168206332,2.0518643496492235,-0.2083595119241348,0.045866406392518655,ASCC3,0.2934820329557769,0
AHCYL2,0.29433528016144545,0.02046975588335347,0.1921758082178238,2.047289819185552,-0.24301810974858806,0.03913217177749408,ASIC1,0.29433528016144545,0
CNOT3,0.30740749381016,0.02155128251613573,0.16321409574843715,2.0257769990665824,-0.22858213884545175,0.042883878350182356,ATF3,0.30740749381016,0
ANKRD13B,0.3132306289933821,0.022135198683772377,0.15091046851024467,2.0145397969458485,-0.2195690382766643,0.0453906228219061,ATF5,0.3132306289933821,0
TRAPPC12,0.31884301144462096,0.022710635139353258,0.1752923135867556,2.0037083592213323,-0.2233240000451129,0.045272556590864085,ATF7,0.31884301144462096,0
MRFAP1L1,0.3218798603557084,0.0231941019707579,0.16940417995167276,1.9947857644197238,-0.2232754001414958,0.045945744068750106,ATG13,0.3218798603557084,0
SNRNP25,0.3218798603557084,0.023497140927870693,0.17199136906149856,1.9892727132053836,-0.22285121890250803,0.04645133282614153,ATG14,0.3218798603557084,0
DESI2,0.3218798603557084,0.023647473266444518,0.15542266452660833,1.9865599920707113,-0.22922510720385222,0.04540298230565495,ATG4C,0.3218798603557084,0
SLC10A1,0.3218798603557084,0.023696626417808016,0.1814868310567009,1.9856761838253105,-0.22246475943315458,0.0467165468777567,ATG9B,0.3218798603557084,0
RBAK,0.3218798603557084,0.023829580239457943,0.18215052130491488,1.983293294549438,-0.23952094774215185,0.04396187833363523,ATN1,0.3218798603557084,0
CSRP2,0.32933863359411314,0.02456648248346441,0.1726867939685359,1.9702853762874706,-0.2229679717283933,0.04776943539142781,ATP11C,0.32933863359411314,0
MAP4K1,0.33576495854302757,0.02567198051067274,0.16642318989601046,1.9513729950081642,-0.2273975058475553,0.04834690129998935,ATP1A1.AS1,0.33576495854302757,0
H2AFY2,0.33576495854302757,0.02573706895461134,0.18220709642960772,1.9502809442103617,-0.23165339418738384,0.04755808951941209,ATP2A3,0.33576495854302757,0
IPO5P1,0.33576495854302757,0.025760631446621066,0.16419895360570955,1.949886184706673,-0.22852660994779295,0.04815986801494039,ATP2C2,0.33576495854302757,0
OXCT1,0.33576495854302757,0.0259265756740272,0.1704657247212411,1.9471145416751605,-0.22548478711038591,0.04894100478179405,ATP5B,0.33576495854302757,0
SRA1,0.33576495854302757,0.026298723511680902,0.16089357610574137,1.940952481181544,-0.22310200233021438,0.04985083213188564,ATP5C1,0.33576495854302757,0
ZC3H8,0.33576495854302757,0.026314159314701803,0.1793145577667851,1.9406984750484961,-0.21851790546579397,0.05080837991542547,ATP5D,0.33576495854302757,0
CD55,0.33576495854302757,0.026364046099845124,0.1578328689126867,1.9398784080363114,-0.22927730747085645,0.04884992485850841,ATP5G1,0.33576495854302757,0
GUCY1A2,0.34222078030988073,0.02706288840364172,0.17598030044917684,1.9285248418050092,-0.2167272521138105,0.052158870688896956,ATP5G3,0.34222078030988073,0
PPP2R3A,0.34236419615958985,0.02736475006993851,0.17173279588866872,1.9236964129984508,-0.2206528554499652,0.05168153790997713,ATP5H,0.34236419615958985,0
DAPK1,0.34236419615958985,0.027598439403085095,0.1541086530475295,1.9199889022190852,-0.22780034391771634,0.05055382279131067,ATP5L2,0.34236419615958985,0
ELAC1,0.34236419615958985,0.027650277199652795,0.16549099213852517,1.9191700437242751,-0.22433859958355795,0.051307537111620886,ATP5S,0.34236419615958985,0
NOP10,0.3449000901782142,0.02804852107450424,0.16649753941834786,1.9129215445181513,-0.21655172691974975,0.053335516769818854,ATP6AP1L,0.3449000901782142,0
NUGGC,0.3749021602616456,0.030783219816331416,0.15771846479454532,1.8719034233531022,-0.22068481015535465,0.05582610444862603,ATP6V0A1,0.3749021602616456,0
C16orf70,0.3749021602616456,0.030908927402390297,0.15125465126503795,1.8700918415696481,-0.19276913633848036,0.06321195696151095,ATP6V0E2,0.3749021602616456,0
ZC3H18,0.38503641327342153,0.03224441354892115,0.16048679708958263,1.851213575516257,-0.2314389731016537,0.055764877856653634,ATP6V1E2,0.38503641327342153,0
COPB2,0.38503641327342153,0.03242432003894834,0.1499363388551923,1.8487201303149334,-0.21590016203521956,0.05880209720819166,ATP6V1G2,0.38503641327342153,0
EID1,0.38503641327342153,0.03259041145170751,0.14491497612920895,1.8464282885220424,-0.22218331861285223,0.05777785419755924,ATRIP,0.38503641327342153,0
EIF2S3,0.38503641327342153,0.03260824363672835,0.17557357214690408,1.846182802069588,-0.22831271886695326,0.05668892514993473,ATXN1L,0.38503641327342153,0
HNRNPU,0.38690763172191134,0.03302355997014366,0.18517799185948017,1.8404964850297767,-0.21560025130987606,0.05954549506919687,ATXN2,0.38690763172191134,0
TBRG4,0.38690763172191134,0.03375623646720053,0.17070058524967743,1.830607362156046,-0.2204863694868736,0.059541108833999226,ATXN3,0.38690763172191134,0
CRCT1,0.38690763172191134,0.0337635120756692,0.13535482707505847,1.8305100526922344,-0.19846942804157153,0.06475257451773792,ATXN7L3B,0.38690763172191134,0
LCT,0.38690763172191134,0.03419611173034365,0.15288339921736074,1.8247549575934339,-0.19369089130987555,0.06677693093856103,ATXN8OS,0.38690763172191134,0
ELF2,0.38690763172191134,0.034290722591425626,0.16036322594345573,1.8235042993332955,-0.21675537867942937,0.06085297278051081,AURKA,0.38690763172191134,0
NFXL1,0.38690763172191134,0.034455628805451444,0.16141319930101422,1.821331184178314,-0.2171100237929841,0.06095952106057209,AZU1,0.38690763172191134,0
ACTR3B,0.38690763172191134,0.034969607861686805,0.14700324023369565,1.814612494357746,-0.1930011903585924,0.06784238651728179,B4GALT1.AS1,0.38690763172191134,0
IKBIP,0.38690763172191134,0.03517676111908456,0.1517970849819542,1.8119275509364077,-0.1920068933951429,0.06843977045565647,BACE1,0.38690763172191134,0
SLAMF1,0.38690763172191134,0.035259315732409015,0.16345433338934037,1.810861169312887,-0.18625636281388622,0.07041445068190533,BAGE,0.38690763172191134,0
PPM1H,0.38690763172191134,0.035354079608618624,0.16945538721352055,1.8096396034789899,-0.2202939921509039,0.061532921727248814,BARD1,0.38690763172191134,0
RPL29,0.38690763172191134,0.03562058088842347,0.19120728586772212,1.8062185956933348,-0.22050849541006856,0.06179057889681487,BAZ1B,0.38690763172191134,0
IKZF2,0.38690763172191134,0.035679188879225096,0.1566764118254097,1.8054690811064316,-0.2054295138235116,0.06509557076348235,BAZ2A,0.38690763172191134,0
HSPA4L,0.38690763172191134,0.035756741967800786,0.15932372938400322,1.8044788373637861,-0.20743991220188557,0.06469515929091689,BAZ2B,0.38690763172191134,0
TMSB15A,0.38690763172191134,0.03580468829731653,0.17141346300864946,1.8038675118995637,-0.1969190505484478,0.06758908813595933,BCAR1,0.38690763172191134,0
DDX60,0.39078873283072324,0.036383022798597904,0.1500089753545645,1.7965460483568823,-0.21126154596732655,0.06455706950134733,BCDIN3D,0.39078873283072324,0
BCMO1,0.3920873080604703,0.036736360923622195,0.1720829066736904,1.7921197776808204,-0.20847530474443812,0.06562154580240742,BCL7C,0.3920873080604703,0
HMGN5,0.3920873080604703,0.03694372840951151,0.15833435064963305,1.78953830222755,-0.2013020879535947,0.06760851356075312,BCMO1,0.3920873080604703,0
STL,0.39550770665196755,0.03750878471446788,0.1670884345711177,1.782563756398353,-0.21941616849987602,0.06426518494119816,BECN1P1,0.39550770665196755,0
GSTM1,0.39550770665196755,0.0377283374995109,0.1657912694073314,1.7798769739025013,-0.2133917163293586,0.06570369104208028,BFSP1,0.39550770665196755,0
LRRC48,0.39550770665196755,0.0379755004625607,0.16511141180517128,1.7768675658615445,-0.21212780761233963,0.06628981883092226,BID,0.39550770665196755,0
PTGES3L,0.39550770665196755,0.038153295313594175,0.15567250359148943,1.7747126551741759,-0.21638161258394512,0.06566491908557562,BIN3,0.39550770665196755,0
DDX19A,0.39776184832726014,0.038593830488287156,0.15963851794137734,1.7694084075755887,-0.20663707630863717,0.06824366051423794,BIRC3,0.39776184832726014,0
METRN,0.39886487556150424,0.0389245588040952,0.16099850031021776,1.7654586742684846,-0.21616635813143734,0.06663085643149114,BLID,0.39886487556150424,0
WHSC1L1,0.4004227406749582,0.039301166359011604,0.15019848259777852,1.7609942251865474,-0.1973192953453547,0.07140340703647381,BLVRA,0.4004227406749582,0
IL10RB,0.40990542459590373,0.040531900347790376,0.14445573163230122,1.7466436535894232,-0.20948477193662546,0.06992658757611994,BMS1P17,0.40990542459590373,0
SP110,0.40990542459590373,0.04069167703503924,0.15379683181380246,1.7448067327364893,-0.21844236169380965,0.0683729728450575,BNIP3,0.40990542459590373,0
DCTN3,0.4180001331509705,0.04175218901698825,0.1622283120078841,1.732760596520654,-0.21544464525362392,0.07017096552228938,BPY2,0.4180001331509705,0
RAB23,0.4180001331509705,0.04210806304120086,0.13994060462461008,1.7287739475997508,-0.1871899118932081,0.07807194433201393,BRAT1,0.4180001331509705,0
CIDEA,0.4180001331509705,0.042584088182102575,0.1693729343354141,1.7234838033161126,-0.20933787385520622,0.07243747341665961,BRD3,0.4180001331509705,0
GNAI3,0.4180001331509705,0.04282119084764783,0.1450192471626884,1.7208666974069262,-0.19272232149285665,0.07692490914993037,BRD4,0.4180001331509705,0
MLXIP,0.4180001331509705,0.042828267667229455,0.14279424847038974,1.7207887649959537,-0.19569919246808057,0.07605376822427043,BRD7,0.4180001331509705,0
RAB36,0.4180001331509705,0.04290186447932002,0.16325792286033053,1.7199789085598658,-0.21305310994416807,0.07206075860427237,BRDT,0.4180001331509705,0
AMZ2P1,0.4288601654789643,0.04445165516114327,0.14633425414835488,1.7031805751578022,-0.20041167972560525,0.0767146522865865,BRMS1,0.4288601654789643,0
TRAF3IP1,0.4288601654789643,0.04449754941873718,0.1515743827771629,1.702690382799131,-0.2004897145422512,0.07672530806445983,BRMS1L,0.4288601654789643,0
ZNF248,0.4304954072535753,0.04491925593913452,0.15370522677293716,1.698205165908608,-0.1955240536798029,0.07852236398093405,BRPF3,0.4304954072535753,0
COLGALT2,0.4304954072535753,0.04515010721055445,0.14365929275947692,1.6957642280170389,-0.21358633072876582,0.07465900081473541,BSG,0.4304954072535753,0
PPDPF,0.4315834805626515,0.045506278376768634,0.15804925333877876,1.6920178630483624,-0.18941344969482724,0.08098556659909198,BSN,0.4315834805626515,0
MCTP1,0.43221574378937117,0.045815353660230596,0.15012995149868652,1.6887859679638721,-0.18743068109754588,0.08201355126660623,BTBD10,0.43221574378937117,0
PAIP2B,0.4364849629665716,0.04691726521394418,0.14531049557647707,1.67740458543195,-0.20634438488166792,0.07824455951542886,BTF3L4,0.4364849629665716,0
EIF2AK2,0.4364849629665716,0.04695005742243302,0.1459203853021067,1.6770691895938763,-0.19753747884328715,0.08027966922616785,BTF3P11,0.4364849629665716,0
PIANP,0.4364849629665716,0.04700230672438684,0.14921543428609318,1.6765351769193166,-0.2046234283660986,0.07874124738906338,BTG2,0.4364849629665716,0
ABHD16B,0.43811412867736776,0.04753901806278978,0.1474743749094869,1.6710771494943013,-0.1894096651972954,0.08333651631963533,BTN2A2,0.43811412867736776,0
PSMB3,0.43811412867736776,0.04766917608716172,0.14198316931793853,1.6697609783695073,-0.18603921746785546,0.08464142977735413,BUD13,0.43811412867736776,0
NEK8,0.44132037732699553,0.04826554883834219,0.14423739462984558,1.6637670021902125,-0.18790201912614776,0.08460326125521506,C10orf55,0.44132037732699553,0
SELT,0.4652377518772459,0.051209247448182546,0.1303825035681741,1.6350205833661875,-0.19541105988868976,0.0858344148229547,C10orf82,0.4652377518772459,0
PPP2R5E,0.4652377518772459,0.0514031615927187,0.12595477794871107,1.6331736941760706,-0.19898021002180427,0.08519609812021606,C11orf63,0.4652377518772459,0
RBM23,0.4872708163086425,0.054203637852808635,0.13102770310635747,1.6071002910529135,-0.1860708081670327,0.09192213257567988,C14orf164,0.4872708163086425,0
CSE1L,0.4872708163086425,0.05438412363736391,0.17098232714950554,1.605456911632757,-0.20612690453736252,0.08723486659922594,C14orf169,0.4872708163086425,0
MAATS1,0.49379328575852227,0.055389039344758535,0.12483982533979356,1.5963850184327852,-0.19268960663636006,0.09140984402985654,C16orf70,0.49379328575852227,0
MSL3,0.4988165427004162,0.05645918661356912,0.14256733675814237,1.58686627843409,-0.19738724124146204,0.09152730586183912,C16orf74,0.4988165427004162,0
TSNARE1,0.4988165427004162,0.05660514696186625,0.14483166725897487,1.5855790618668584,-0.19554614169322135,0.09213035154023895,C17orf64,0.4988165427004162,0
SND1.IT1,0.4988165427004162,0.05679736577994444,0.1378383430118743,1.583887884998958,-0.18758626274668652,0.09435722455353746,C17orf89,0.4988165427004162,0
GPT,0.4988165427004162,0.057071550594999944,0.13700293374998657,1.5814833535823967,-0.1737986942759946,0.09947581073376216,C19orf10,0.4988165427004162,0
EIF5A2,0.5009770800541634,0.05759972036517303,0.13935042562152106,1.5768769959808817,-0.1996873246015299,0.0923755329326857,C1orf50,0.5009770800541634,0
KLHDC4,0.5029570940762892,0.05830705140789499,0.154912337470949,1.5707599479790835,-0.19335094264876013,0.09464589944780438,C4orf32,0.5029570940762892,0
WIPF2,0.5029570940762892,0.0586408048323192,0.13708628664991074,1.5678938870512067,-0.19218335083449606,0.09527218906395164,C6orf118,0.5029570940762892,0
PPP1CC,0.5029570940762892,0.05893718145145615,0.14074096716664874,1.5653595282084587,-0.18443699064365854,0.09773564916284899,C6orf99,0.5029570940762892,0
MESP1,0.5029570940762892,0.05895571097136536,0.1202119715141634,1.5652014126807998,-0.18208504515147952,0.09855643039696999,C7orf31,0.5029570940762892,0
MAN2A2,0.5045056945392934,0.05942018836413438,0.15313577125492284,1.5612506472708256,-0.1935302400187968,0.09587246920106339,C9orf84,0.5045056945392934,0
PPP6R3,0.508905021978908,0.0602237575084406,0.1578219637015658,1.5544725212340689,-0.1967718988632629,0.09612683795236629,CAB39L,0.508905021978908,0
KDM1B,0.5113256227381033,0.06079698935528766,0.12793329289275937,1.5496805177968425,-0.18107538959352606,0.10090584003379884,CALCOCO2,0.5113256227381033,0
EMBP1,0.5141218217162054,0.06161269060746295,0.10887494649805164,1.542922205333335,-0.161559593413165,0.10979901614664322,CALCR,0.5141218217162054,0
PTCD1,0.5141218217162054,0.061706152466218696,0.13558528860118388,1.5421523269492272,-0.1827471656061187,0.10138053846357237,CALM2,0.5141218217162054,0
UBQLN2,0.5143146615962623,0.062017752239594166,0.15227784110551773,1.539592139961553,-0.1954029907562479,0.09850202182843386,CALML3,0.5143146615962623,0
VHLL,0.5170390931048323,0.06263625581079292,0.11510110776242476,1.5345399868138456,-0.1639265026530537,0.10970222439325747,CALR3,0.5170390931048323,0
SDHC,0.5185233738886675,0.06310688285689336,0.13233919998941815,1.5307217768120986,-0.17910609986616685,0.10411746425998358,CAMK2N1,0.5185233738886675,0
C17orf89,0.5253368057279124,0.06423074798019343,0.12602962406165913,1.5216928602982978,-0.18429449167163778,0.10382318030917582,CAND1,0.5253368057279124,0
SNX30,0.5290114525590716,0.06497672917018321,0.13797536964242715,1.5157675064889287,-0.18332466154845586,0.10495255648810294,CAND1.11,0.5290114525590716,0
ATP5C1,0.5311348447974142,0.06553542672766748,0.13388352441481788,1.5113643071304732,-0.1796134206767132,0.10671383502407748,CAP1,0.5311348447974142,0
TNFRSF10C,0.5406668812309711,0.06701479571062513,0.11752767968442578,1.4998442739305502,-0.18628481794085966,0.10659313348314003,CAP2,0.5406668812309711,0
AANAT,0.54162998948543,0.06743794597070413,0.13708647732734866,1.4965854425202187,-0.1865932348938943,0.10695157570038548,CAPN10,0.54162998948543,0
FAM134B,0.5433481849771237,0.06795661539534413,0.12573456749862633,1.4926125083381367,-0.17506826088806401,0.11091215587884787,CAPN3,0.5433481849771237,0
POLR2F,0.5440194336396995,0.06834568319421912,0.11873976867375645,1.489647674109956,-0.16452751242657998,0.1154412587038893,CAPNS2,0.5440194336396995,0
TIRAP,0.549644737454567,0.06936066513027346,0.1255698032056471,1.4819740808434307,-0.18399073019661996,0.10980124879663943,CAPRIN2,0.549644737454567,0
AP1B1P1,0.5529005254369093,0.07008818373528079,0.12883786045661005,1.4765269564828845,-0.17344467475199113,0.11380957733503268,CARD10,0.5529005254369093,0
PCNT,0.5529005254369093,0.07056280569096335,0.13617877510892407,1.4729967822181023,-0.17249544473379494,0.11463897768027582,CARD9,0.5529005254369093,0
SNX1,0.5529005254369093,0.0707018058326502,0.12411982413422931,1.47196638072547,-0.17934716980562662,0.11262763445714467,CARS2,0.5529005254369093,0
MBD2,0.5547509639360507,0.07124956295084443,0.13571640016339617,1.467920997940823,-0.17361924395910602,0.11496075882410883,CASC4,0.5547509639360507,0
AZU1,0.5560900728005447,0.07173343619973375,0.15456198947655692,1.4643672702744241,-0.18684266827707535,0.11193920271828284,CASC5,0.5560900728005447,0
ADNP2,0.561034254123117,0.07280542540053538,0.13626095088320575,1.4565593272334816,-0.18151930684999235,0.11452478158129933,CASP3,0.561034254123117,0
YWHAE,0.561034254123117,0.07300053110295185,0.12973237716619562,1.4551477583600119,-0.18419230216275054,0.11411310679829106,CASP5,0.561034254123117,0
POGLUT1,0.5619868650017241,0.07343967445058987,0.11932732070077941,1.4519811526707362,-0.18367747441724455,0.11471000328431341,CBFA2T3,0.5619868650017241,0
MYL12B,0.5669373428648731,0.07440456434682013,0.11405210506884408,1.4450740688976516,-0.1678518907317389,0.12057520705601127,CBL,0.5669373428648731,0
ATG9B,0.5739453630532654,0.07564619198963396,0.1269001894991949,1.4362860557204662,-0.17066328678943676,0.12083825434578485,CBX2,0.5739453630532654,0
STIM2,0.5818574217036826,0.07725539705611068,0.1050731312653968,1.4250586912697694,-0.16407767315895327,0.1251237123902841,CBX3P2,0.5818574217036826,0
CHMP4C,0.5818574217036826,0.07755171061193492,0.11951607647023217,1.4230107820466975,-0.17584418804108326,0.12149542288775403,CCAT1,0.5818574217036826,0
MLF1,0.5818574217036826,0.07766801254373329,0.11257798443324529,1.4222086121284432,-0.18382452549476236,0.11966327882709579,CCDC116,0.5818574217036826,0
MORC4,0.5821864772444258,0.07803845656837789,0.13655567566268706,1.4196596195916196,-0.17604672220452885,0.12204333369880419,CCDC23,0.5821864772444258,0
WDR49,0.5890468760189163,0.07928841853311268,0.12993722911548955,1.4111260101466694,-0.17362294264736877,0.12410095595764312,CCDC7,0.5890468760189163,0
KIF5C,0.5974350778065431,0.08075258202544974,0.11972811610246259,1.4012587934747214,-0.16801731519012178,0.1275207139195891,CCDC89,0.5974350778065431,0
APBB2,0.5980470396718318,0.08117071430206578,0.11118282582072436,1.398465814290423,-0.15425594240832882,0.13367386192392813,CCDC94,0.5980470396718318,0
PAN3.AS1,0.6004294989259226,0.08183082907403207,0.13492853521149226,1.3940785287945054,-0.17802073655154257,0.125885999120279,CCNDBP1,0.6004294989259226,0
FLII,0.6006936858539403,0.08277037092089254,0.11519085929948447,1.3878799473209407,-0.16633325350599537,0.13030318960965348,CCNE1,0.6006936858539403,0
AGPAT4,0.6006936858539403,0.08289646359328214,0.12727179254000653,1.3870521016599937,-0.16977434507676759,0.12935476506422244,CCNI2,0.6006936858539403,0
ACTR10,0.6006936858539403,0.08319084645640568,0.11088962030706555,1.3851230550827014,-0.16475892853190138,0.13136565025131844,CCNL1,0.6006936858539403,0
ATP5S,0.6006936858539403,0.08323965220546366,0.12479120580580084,1.384803735525035,-0.17742813674679805,0.1276516070079031,CCNT2.AS1,0.6006936858539403,0
ITM2C,0.6006936858539403,0.08375094189455869,0.12297751614253347,1.3814669847035783,-0.17315439469123758,0.12933874249998112,CCNYL1,0.6006936858539403,0
CUL4B,0.6006936858539403,0.08388823767674208,0.11465501461540177,1.3805735847033798,-0.16668776360771068,0.13137751427035846,CCT3,0.6006936858539403,0
FBXW10,0.6008736662154731,0.08425037383840062,0.11298300419943377,1.3782223868405807,-0.16272900552849037,0.13319183898887485,CCT4,0.6008736662154731,0
DDX10,0.604053788033146,0.08503505372760496,0.1241361436192239,1.3731537363535153,-0.17896617918127683,0.12941484058406533,CCT5,0.604053788033146,0
HSPB1,0.6111361737611821,0.0864369534678278,0.1200417832973826,1.3641848688129627,-0.17706851917304528,0.13152278134915013,CCT6A,0.6111361737611821,0
TGS1,0.6111361737611821,0.08680225212420041,0.12079493796055842,1.3618657369335572,-0.17124454906583378,0.13333154045910295,CCT6B,0.6111361737611821,0
SASS6,0.6111361737611821,0.08706034107422336,0.11848866319894291,1.3602316363282387,-0.1746779077694392,0.13284107935352146,CCT8,0.6111361737611821,0
CHD5,0.6128194401366902,0.08792440509071056,0.11367588208309283,1.3547870159381417,-0.1765601807209184,0.13338071543027724,CD164L2,0.6128194401366902,0
ATXN3,0.6128194401366902,0.0881342586056835,0.12174885572137867,1.3534707312067644,-0.17438493594441168,0.13417093339182748,CD38,0.6128194401366902,0
KDM5B,0.6128194401366902,0.08833123730517632,0.12421859365658255,1.3522373303852966,-0.17128593546975263,0.1351390845845938,CD40,0.6128194401366902,0
MARK4,0.6138403807972498,0.08882266867397108,0.12733910965464304,1.3491691118688771,-0.17239932249409645,0.1353788104421331,CD46,0.6138403807972498,0
EID2,0.6174700943365925,0.08996562482687713,0.11700159176232751,1.3420817888339518,-0.18017451737838178,0.1351190915387056,CD47,0.6174700943365925,0
PPM1B,0.6174700943365925,0.09025473863433335,0.11663342851237249,1.3402996674539385,-0.1725542350350663,0.1370744074322157,CD48,0.6174700943365925,0
OXT,0.6174700943365925,0.09060139813375997,0.11901982748205765,1.3381684207419318,-0.15269195749199788,0.14410531636408414,CD5,0.6174700943365925,0
AP2M1,0.6174700943365925,0.09102168984347322,0.1136377762527018,1.335592603576319,-0.16711875571692214,0.1393375377524489,CD55,0.6174700943365925,0
C6orf99,0.6174700943365925,0.09107943623697355,0.10357634658365185,1.3352393877723545,-0.1743985143366255,0.1376390370212379,CD79A,0.6174700943365925,0
MAPKAPK3,0.6201715619327302,0.09251142694728758,0.1114059348770916,1.3265330767884806,-0.16898543203887958,0.1405532429791101,CD99,0.6201715619327302,0
MED30,0.6201715619327302,0.09300240057960178,0.11450275822375394,1.3235710336030941,-0.1594010010683983,0.14398137059843366,CDC14A,0.6201715619327302,0
ADIPOR2,0.6201715619327302,0.0933029395287292,0.1172973280089735,1.3217635923769926,-0.1664359494732803,0.1421404417405874,CDC42BPA,0.6201715619327302,0
BTF3P11,0.6201715619327302,0.093386452124171307,0.11910423875945758,1.3212621128977757,-0.16260784310517098,0.143431392097417,CDC42SE2,0.6201715619327302,0
UBXN6,0.6201715619327302,0.09361574286312142,0.11278081436498716,1.3198869636969635,-0.17093104208585905,0.14140648419874546,CDC6,0.6201715619327302,0
DDR1,0.6201715619327302,0.09363747128091333,0.11888082358250064,1.319756778899992,-0.16686023199127023,0.14236534472989923,CDK13,0.6201715619327302,0
CAPRIN2,0.6201715619327302,0.0939126874491515,0.11385462921112256,1.3181097646541793,-0.16923492175034652,0.14213230838663102,CDK14,0.6201715619327302,0
TCERG1L,0.6235794931456926,0.0949302861548189,0.11710597404589342,1.3120508108680233,-0.17071118063602034,0.14297697780150298,CDKAL1,0.6235794931456926,0
TRAM1L1,0.6235794931456926,0.09512822329536084,0.12395716485211734,1.3108778371761094,-0.1656438685378971,0.144451196809111,CDSN,0.6235794931456926,0
SETD6,0.6340078732265648,0.09707467716817286,0.11287240571269438,1.2994379118473445,-0.17277954899359335,0.1450955089278917,CDX1,0.6340078732265648,0
TOR1AIP1,0.6374770329517814,0.09821653129480448,0.10190366179159115,1.2928052057686226,-0.14959141265474268,0.15359123263961327,CELF2,0.6374770329517814,0
TM9SF4,0.6374770329517814,0.098593224461817,0.12388619914168099,1.290629523709869,-0.15749247214286693,0.1508850889116321,CELF2.AS2,0.6374770329517814,0
RPL19P12,0.6374770329517814,0.09899886123291093,0.12385251681659529,1.2882934766273564,-0.16797069827751115,0.14833996880435085,CEP170,0.6374770329517814,0
PLEKHM3,0.6374770329517814,0.09939651165223817,0.1224998441757108,1.2860102213337645,-0.17607653806285486,0.14730460892950567,CERKL,0.6374770329517814,0
SEC61A2,0.6374770329517814,0.09967149490237796,0.10896377186700956,1.284435214089132,-0.17780966373281842,0.1473823826777949,CERS3,0.6374770329517814,0
AIM1L,0.6374770329517814,0.09998311049113044,0.1088772419757775,1.2826542292776784,-0.16859445298620818,0.14941574082526105,CFL1P1,0.6374770329517814,0
TAP1,0.6374770329517814,0.10012967385007755,0.10672285044028004,1.2818179757994401,-0.152999307311698,0.15414471820706724,CFLAR.AS1,0.6374770329517814,0
ARPC5L,0.6374770329517814,0.10048255620486166,0.11155342553661653,1.279808184145302,-0.1663366298884363,0.15054228347268628,CGN,0.6374770329517814,0
DCTN1.AS1,0.6374770329517814,0.1008236249536749,0.10267589858977952,1.2778705720760564,-0.14958789002076425,0.1563754248842569,CHD1L,0.6374770329517814,0
SDHD,0.63908192167775,0.10152663586884787,0.10808770189262983,1.2738918188003452,-0.16186679372290877,0.15287157421618996,CHD3,0.63908192167775,0
NEDD1,0.63908192167775,0.10179431618422939,0.10614437798594974,1.2723821429808606,-0.15815150152831078,0.15426602644968215,CHD4,0.63908192167775,0
HNRNPDL,0.6402372313193523,0.10233741498935243,0.11402707280214076,1.2693280209390967,-0.15547352125931618,0.15570455081471443,CHD5,0.6402372313193523,0
SYNDIG1,0.6408941042359859,0.10325680448629723,0.13734060553279753,1.2641846249293187,-0.16916775722190325,0.15320832495035994,CHD9,0.6408941042359859,0
AP2B1,0.6408941042359859,0.10371731529474237,0.11481534154727127,1.2616208778519757,-0.1524657578456806,0.15832121815352126,CHGA,0.6408941042359859,0
C11orf63,0.6408941042359859,0.10413688043701225,0.11257715976357698,1.25929227542804,-0.14897462196388792,0.15998638667718823,CHMP4B,0.6408941042359859,0
C14orf164,0.6408941042359859,0.10434604134702448,0.1088740382696941,1.2581339690385491,-0.17203334685135963,0.15405265943863816,CHMP4C,0.6408941042359859,0
ARIH2OS,0.6408941042359859,0.10468925152269715,0.11685856135014579,1.2562369615416447,-0.16382592599582696,0.1560407176528136,CHPT1,0.6408941042359859,0
EIF3L,0.6408941042359859,0.10470903037346013,0.11893025245098048,1.2561277765617984,-0.15695523446284915,0.1578841684285551,CHTOP,0.6408941042359859,0
ZNF414,0.6408941042359859,0.10495854090684682,0.10671394682211834,1.2547516893496635,-0.16277202411796673,0.15661393216412273,CHUK,0.6408941042359859,0
MCHR1,0.6428072017606863,0.10563236686252445,0.10607379198078717,1.2510472541599402,-0.17262504494491454,0.1555014226166017,CIAPIN1,0.6428072017606863,0
DLEC1,0.6519916931525063,0.10750732349233698,0.12270743885471756,1.2408286946036484,-0.1595739653716026,0.16032674002455818,CIDEA,0.6519916931525063,0
OCIAD2,0.6520948968069324,0.10789006985869044,0.1041592515647086,1.238758571612696,-0.15595644608655684,0.1618057727369868,CIRBP.AS1,0.6520948968069324,0
SARDH,0.6596264757620226,0.11014092882685532,0.1085006097149014,1.2266904691161193,-0.15513437107353287,0.16457633770227778,CKAP2,0.6596264757620226,0
TMEM67,0.6596264757620226,0.11055199988589783,0.10732002017165947,1.2245056925844862,-0.16474243344982262,0.16282748523136653,CLIC2,0.6596264757620226,0
DNAJA3,0.6596264757620226,0.11083534434691038,0.11699026231291357,1.2230031566549309,-0.15916380278716227,0.16430199105131688,CLIP1,0.6596264757620226,0
MAP7D2,0.6596264757620226,0.1109191958294942,0.11070781257701573,1.2225590327826614,-0.15335959743239092,0.16598253853858858,CLIP1.AS1,0.6596264757620226,0
SMC5.AS1,0.6596264757620226,0.11098594656680133,0.11738435646502149,1.2222056561375991,-0.1625554986307652,0.163772297738472,CLK4,0.6596264757620226,0
CTDSP2,0.6615025288997686,0.11178436983835796,0.1061009029049055,1.2179905936974926,-0.15742699774115398,0.16587016632617896,CLOCK,0.6615025288997686,0
BRMS1,0.6615025288997686,0.11204361398077965,0.10130618131197958,1.2166266251841216,-0.1618522814783719,0.16513323708854685,CLPTM1L,0.6615025288997686,0
BTG2,0.661949292487613,0.11249054157248838,0.10953538183553957,1.214280489518462,-0.16452185504504918,0.16520628904031076,CLPX,0.661949292487613,0
CNOT8,0.6756836323772949,0.11556501817538428,0.1073098004439836,1.1983189800160967,-0.15333962161276965,0.17131200687145526,CLRN1,0.6756836323772949,0
INPPL1,0.6756836323772949,0.11558244973363709,0.09908515595368722,1.1982293501435157,-0.16024336168724623,0.16971708245021802,CLSTN2,0.6756836323772949,0
FYCO1,0.6779808983965546,0.11635566736362632,0.10356539743882767,1.1942632441506553,-0.16043222179701866,0.1705901863863509,CLTCL1,0.6779808983965546,0
ACKR1,0.6783188119791149,0.11700721812972847,0.10210911736504566,1.190935728484616,-0.15876333463399703,0.17171304911111354,CMPK2,0.6783188119791149,0
AP3M2,0.6783188119791149,0.11717453398181009,0.1083679401326387,1.1900833587095987,-0.15651523015754118,0.17233292315184773,CMTM4,0.6783188119791149,0
ARF1,0.6786412370389707,0.11792271884802762,0.10292639135117088,1.186282352640143,-0.15158159110392,0.1744381939029519,CMTR2,0.6786412370389707,0
KIAA0020,0.6786412370389707,0.1179914657779478,0.10238075913044753,1.185933956027934,-0.1581502896080298,0.17296163909637596,CNDP1,0.6786412370389707,0
PRR15,0.6829844628820795,0.11914065587057134,0.10553342944663302,1.1801312472491714,-0.15650167579238788,0.17467945273517257,CNEP1R1,0.6829844628820795,0
ATXN7L3B,0.6829844628820795,0.11983525625540727,0.10210678387406177,1.176643113462734,-0.14957519372363273,0.17720636093142894,CNOT10,0.6829844628820795,0
GNAL,0.6829844628820795,0.11989575820644469,0.10629784702853431,1.1763399626920803,-0.15587021410050825,0.1756848345477054,CNOT11,0.6829844628820795,0
GPN2,0.6845608470972734,0.12114027345014124,0.0999890874064524,1.1701280136811376,-0.15975959929692776,0.17650931345885876,CNOT2,0.6845608470972734,0
PDCD6IPP2,0.6845608470972734,0.12120103655261717,0.10835602967764502,1.1698258715121854,-0.15018797182547483,0.17854959723633468,CNOT3,0.6845608470972734,0
PCGF6,0.6845608470972734,0.12163981361573487,0.10368713008910435,1.1676472306958632,-0.14612610031923093,0.1802400002223712,CNOT8,0.6845608470972734,0
PMS1,0.6845608470972734,0.12170823809861787,0.10504316969428115,1.1673079845795682,-0.15454368679020233,0.17812533546019982,CNP,0.6845608470972734,0
PREPL,0.6869439079970501,0.12251719727597415,0.09629332172421996,1.1633073293377303,-0.14707601583826416,0.18091356730886937,CNPY1,0.6869439079970501,0
GSK3B,0.6903513622769168,0.12372203666191393,0.10620325471740821,1.1573831453295604,-0.1507984961778214,0.18134391985391854,CNPY4,0.6903513622769168,0
RNF32,0.6903513622769168,0.12389929104240796,0.11091731962427974,1.1565150081758435,-0.15264978526001638,0.18115559097767203,CNTROB,0.6903513622769168,0
TUBGCP3,0.6917673380072829,0.12454139960759271,0.09083787791305155,1.1533774289788363,-0.14745478831275585,0.18319386260140466,COBL,0.6917673380072829,0
KIAA0101,0.6937099126247623,0.12531200751236704,0.09747736534250404,1.1496268749852907,-0.12181305434094095,0.19695524455982702,COG3,0.6937099126247623,0
CD38,0.6937099126247623,0.1261413046489395,0.10301036393107907,1.145608656128682,-0.15253064702648686,0.18377872031308023,COG4,0.6937099126247623,0
SEC63,0.6937099126247623,0.12651715701349892,0.09515832188322453,1.143793602310179,-0.1521406016642267,0.18431287926503365,COLGALT2,0.6937099126247623,0
CUL5,0.6937099126247623,0.12670724069831787,0.09481464914892541,1.1428770890604663,-0.1532545025817706,0.18432896981186453,COMMD8,0.6937099126247623,0
USP48,0.6937099126247623,0.1268364730878702,0.09711072549764763,1.1422545258683037,-0.14963517363862194,0.18525954270478787,COPB1,0.6937099126247623,0
STK17A,0.6970033453590361,0.12782955352350242,0.10432321891259509,1.1374851597479005,-0.1570162569925237,0.18506601029278896,COPB2,0.6970033453590361,0
ZSWIM8.AS1,0.700841897019506,0.12950077211084915,0.10295855177793152,1.1295168472190706,-0.15013877405523626,0.1882557553343914,COPG2,0.700841897019506,0
USP4,0.700841897019506,0.1298144711366457,0.09420725108227344,1.1280291151099875,-0.15348004858906517,0.18800299154430627,COPS4,0.700841897019506,0
SMARCD3,0.700841897019506,0.12997885521059954,0.09429819971675932,1.1272505117546394,-0.14768912130593095,0.18938344464214418,COPS6,0.700841897019506,0
EZH2,0.700841897019506,0.13010581487013825,0.09926638357025794,1.1266496359606466,-0.15581569188905992,0.18801761147530494,COPS7A,0.700841897019506,0
TMED10P1,0.7016125823963761,0.130642387748512,0.09477051786838683,1.124114618075012,-0.1501718860857412,0.18960468329799748,COPZ2,0.7016125823963761,0
TOMM20L,0.702874322477765,0.1315194105912018,0.09686286666874944,1.1199866358208224,-0.1497467738419287,0.19072076632088175,CORO1B,0.702874322477765,0
SAP25,0.702874322477765,0.13201576341714652,0.09132522248906311,1.1176588272941217,-0.15275891625015264,0.19080444365061336,COX10,0.702874322477765,0
RAPGEF2,0.702874322477765,0.13215513161001421,0.0888976640570644,1.1170063024154795,-0.1395238990497572,0.1941535246475604,CPNE4,0.702874322477765,0
TBC1D15,0.702874322477765,0.13298159937527626,0.09527130420304274,1.113146492859899,-0.14427501318834554,0.19370451214736834,CPT1A,0.702874322477765,0
ZFP91.CNTF,0.702874322477765,0.13317361682163503,0.10696675266599892,1.1122520942788434,-0.14962762946369784,0.19272120253759528,CRCP,0.702874322477765,0
BCDIN3D,0.702874322477765,0.13324258048092236,0.10036085029899317,1.1119310852786144,-0.15569971718041953,0.1919367360708541,CRCT1,0.702874322477765,0
N4BP2L2.IT2,0.7078106687053133,0.13470806515633107,0.09104428629670423,1.1051365009273568,-0.15081337931640237,0.19436808455704208,CREB3,0.7078106687053133,0
UBE2J1,0.7078106687053133,0.13497230923152356,0.09583333697505766,1.1039167760174144,-0.15217997401756567,0.19450248084403554,CREBRF,0.7078106687053133,0
BRMS1L,0.7117600133716339,0.1363977430324434,0.09208136448492268,1.0973652362160629,-0.14475981463530266,0.19750824901161768,CRKL,0.7117600133716339,0
EIF4A3,0.7117600133716339,0.13685609237150306,0.09415030390408137,1.0952685631170949,-0.15116964850133832,0.1969620721398269,CRLF1,0.7117600133716339,0
PRRC2C,0.7117600133716339,0.13725448083116423,0.09694727261191494,1.0934500775064147,-0.14882379243059116,0.19779858767214648,CRTC3,0.7117600133716339,0
FAM169A,0.7117600133716339,0.13740391328439483,0.09476194177714953,1.0927689090586872,-0.1402090357187574,0.1998188763035721,CSAD,0.7117600133716339,0
CDKAL1,0.7117600133716339,0.1380406404030026,0.09634135336877195,1.0898721356551118,-0.14345235311806442,0.19967090756252198,CSE1L,0.7117600133716339,0
TIPARP,0.7117600133716339,0.13886354450628763,0.08801878453687054,1.0861418451320672,-0.14292419317034982,0.20078354776292792,CSMD1,0.7117600133716339,0
POLDIP3,0.7117600133716339,0.13900249058969474,0.09924763623242985,1.0855134811677367,-0.15317030292693753,0.1993646568182553,CSNK1A1L,0.7117600133716339,0
PRKX,0.7117600133716339,0.1392596937759052,0.09407010514537534,1.084351445610082,-0.14524819008562806,0.2007325674938588,CSNK1E,0.7117600133716339,0
SLC3A1,0.7117600133716339,0.13931814058704442,0.08998266350267997,1.0840875888940915,-0.1448624351911279,0.20092612346207253,CSNK2A2,0.7117600133716339,0
NDRG4,0.7160299164613552,0.1408758555907776,0.08961623670114918,1.077082927695922,-0.1504566639046155,0.20197024697534013,CSPG4,0.7160299164613552,0
MAVS,0.7160299164613552,0.1409570951642937,0.09935346381368254,1.0767190619250455,-0.1484879223623048,0.20229714312382238,CSRP2,0.7160299164613552,0
DLX1,0.7180841830625574,0.14176423580371295,0.09406988407345071,1.073111655212537,-0.1411651015859825,0.20458670475384225,CTCFL,0.7180841830625574,0
CCNDBP1,0.7203288852851469,0.14314994954712984,0.0825576623081539,1.0669507451450493,-0.13431059865087763,0.20803856317174155,CTDP1,0.7203288852851469,0
MAPRE2,0.7203288852851469,0.1439028636647128,0.09995689190533247,1.0636201892101549,-0.1445564296314111,0.20645746411160684,CTDSP2,0.7203288852851469,0
PTPN20B,0.7203288852851469,0.14408174889505515,0.10056711727890143,1.0628306134834133,-0.14137954376656317,0.2072366849430008,CTDSPL,0.7203288852851469,0
IRAK1BP1,0.7203288852851469,0.1440912407737189,0.10565183903648503,1.0627887360952215,-0.1436839521485233,0.20684192498235593,CTNNBIP1,0.7203288852851469,0
FDPSP2,0.7203288852851469,0.14524621618283035,0.09373379659551312,1.0577069168598643,-0.14232500700596054,0.2084162216369416,CTNND1,0.7203288852851469,0
PARP1,0.7203288852851469,0.14546822403851026,0.09495627019910388,1.056733221939668,-0.14593984771811155,0.20813519469081296,CUL2,0.7203288852851469,0
HK2,0.7203288852851469,0.14560098483197867,0.08630739663673474,1.056151430285577,-0.13894548961246325,0.20950009261214045,CUL4B,0.7203288852851469,0
GPBP1L1,0.7203288852851469,0.14582616977679377,0.09227097558260476,1.0551654289049504,-0.14014165039746665,0.20952203498126207,CUL5,0.7203288852851469,0
LRRC42,0.7203288852851469,0.14584336937068876,0.08727318434392921,1.0550901604186955,-0.1310289415538359,0.21205198857054358,CYTH2,0.7203288852851469,0
NUP35,0.7253258398096507,0.1473150920202083,0.09491739806102274,1.0486716312685629,-0.14630925683388715,0.2104116233551582,DAPK1,0.7253258398096507,0
MYL1,0.7253258398096507,0.1483825594466825,0.09151548442575361,1.044043050559942,-0.13394946176354988,0.21387959319615635,DAZL,0.7253258398096507,0
TMEM132A,0.7253258398096507,0.14874227955492647,0.09468936959554473,1.042488319574361,-0.1419952517461592,0.21261320810531478,DBP,0.7253258398096507,0
RPS6KA2,0.7253258398096507,0.1488693485606233,0.08416852397107354,1.041939721889621,-0.14498370699968316,0.21246085131171316,DCAF11,0.7253258398096507,0
IMP3,0.7253258398096507,0.14895379035596304,0.09207959770987835,1.0415753329031263,-0.12582835698112768,0.21736621638049572,DCAF12,0.7253258398096507,0
NDUFS2,0.7253258398096507,0.14929589636014684,0.08968583980343335,1.040100466660195,-0.1421806388911703,0.2133310924881823,DCAF6,0.7253258398096507,0
CD164L2,0.7307466720585222,0.15091102889498456,0.08954523994246913,1.033167744201006,-0.1427631242544488,0.21517771056584234,DCAF8L1,0.7307466720585222,0
ABCG1,0.7307466720585222,0.15123136398743392,0.09600025673959747,1.0317986435740307,-0.13466599899468296,0.21692642345196636,DCPS,0.7307466720585222,0
WDR27,0.7326049361131708,0.15202682353442132,0.10016239822334767,1.0284072129731106,-0.13960163768769435,0.21698468065453125,DCTN1,0.7326049361131708,0
CLPX,0.7341139672296801,0.15297364740450234,0.08243200008287586,1.0243857970666126,-0.13761120252054979,0.21842167580485813,DCTN1.AS1,0.7341139672296801,0
SURF6,0.7341139672296801,0.15353791127967864,0.0819323186359615,1.0219970746736502,-0.13821390665453429,0.2189725142808671,DCTN3,0.7341139672296801,0
YTHDF2,0.7341139672296801,0.15384049915334116,0.0854532943081876,1.020718515236421,-0.13405562613390143,0.2201189655633901,DDB2,0.7341139672296801,0
FGFR2,0.7341139672296801,0.15402397466637596,0.08582411055426457,1.0199440669209445,-0.14295480306033334,0.21901316761627063,DDR1,0.7341139672296801,0
HNRNPK,0.7341139672296801,0.15457447298774704,0.09437476009646519,1.0176240814405648,-0.1404075334794926,0.21995975801033557,DDX10,0.7341139672296801,0
ZMAT3,0.7341139672296801,0.15481034866985963,0.08863347584356611,1.0166316962279842,-0.13113387104048385,0.2219746981357805,DDX18,0.7341139672296801,0
FBRSL1,0.7403171012458992,0.1577014225186585,0.09652481886396068,1.0045486153455139,-0.13222613890709975,0.22496716973493483,DDX19A,0.7403171012458992,0
CPNE4,0.7403171012458992,0.15809299725710266,0.09522447296892018,1.0029233090556071,-0.14537807023369245,0.22399724265888263,DDX19B,0.7403171012458992,0
XPR1,0.7403171012458992,0.15814482508282068,0.09117757606910823,1.0027083861847375,-0.14543859735022277,0.22408575230544853,DDX23,0.7403171012458992,0
ATP2C2,0.7403171012458992,0.15847682882937347,0.0851054024161075,1.0013327094258555,-0.14048578449100244,0.2247409860386462,DDX24,0.7403171012458992,0
CLTCL1,0.7403171012458992,0.158598185056447,0.09273882570945195,1.0008303355617922,-0.14231498057381678,0.22474451522224115,DDX25,0.7403171012458992,0
PTPN2,0.7403171012458992,0.15879872608273143,0.08948476707685767,1.0000007164470066,-0.14104965896673416,0.22508531153321545,DDX28,0.7403171012458992,0
SUN3,0.7403171012458992,0.15902492976846855,0.08477206620938495,0.999065758601046,-0.14130004174610833,0.22535190113777148,DDX42,0.7403171012458992,0
NCKAP5,0.7423267911676703,0.15987296007200527,0.08762972921006493,0.995568379036452,-0.1321177133679243,0.22750170740180373,DDX43,0.7423267911676703,0
TNPO2,0.7466774289039705,0.1618738467839239,0.08997154813694234,0.9873643497544542,-0.13805606748581356,0.22914013959812557,DDX47,0.7466774289039705,0
TAF1A,0.7466774289039705,0.16299548558834093,0.08133744087087195,0.982794348408006,-0.1082969093669727,0.24203637540537604,DDX49,0.7466774289039705,0
SF3B3,0.7466774289039705,0.1635542681088074,0.09020529350979169,0.9805252900544008,-0.13965667732330825,0.23109273946657277,DDX50,0.7466774289039705,0
POLR1E,0.7466774289039705,0.16365359392368173,0.074331029281614,0.980122484174835,-0.1295165641381988,0.23246530545344507,DDX51,0.7466774289039705,0
NAP1L5,0.7466774289039705,0.16417047523332834,0.0868518783020691,0.9780288857268805,-0.13833664403074863,0.23196356299907997,DDX60,0.7466774289039705,0
CAMK2N1,0.7466774289039705,0.16421649863113713,0.09599369014797905,0.9778426783862917,-0.1341915303843741,0.23229811138749493,DEDD2,0.7466774289039705,0
PTPN12,0.7466774289039705,0.16440042354263767,0.09414900725337448,0.977098869748886,-0.13662329233576628,0.23234483613416096,DENND1A,0.7466774289039705,0
RBM38,0.7466774289039705,0.16444362056117867,0.0755516369277413,0.9769242555606013,-0.13037415990942763,0.23318386608791913,DENND4C,0.7466774289039705,0
PPM1N,0.7466774289039705,0.16457892852454314,0.08822848984278053,0.9763774963715969,-0.1378683056713587,0.2324831213417946,DENND5B,0.7466774289039705,0
LUC7L,0.748974198961172,0.16550523521632182,0.08656485937507956,0.9726422403614945,-0.1337519866603707,0.23399376351499088,DEPDC1,0.748974198961172,0
MAU2,0.7492383929539412,0.16609303076519877,0.0856439643095061,0.9702790250863595,-0.14000838079085695,0.23432576070083425,DERL2,0.7492383929539412,0
HNRNPCL1,0.7492383929539412,0.16640404016251303,0.08759022490491057,0.969030810295705,-0.13288468002181267,0.23513696828203223,DESI2,0.7492383929539412,0
INTS4,0.7498205608013858,0.16718994728934927,0.0808397994296377,0.9658833338922783,-0.12998687659792474,0.23647204484964732,DET1,0.7498205608013858,0
TMEM215,0.7498205608013858,0.16745819837149378,0.07361430251717206,0.9648112045835645,-0.1271718566871273,0.2373120216179085,DGCR5,0.7498205608013858,0
PSMD8,0.7498205608013858,0.16779495443620468,0.08282721325866939,0.963466846887232,-0.1316802531901183,0.23698196716298375,DGKE,0.7498205608013858,0
PAPD5,0.7509450420388613,0.16846776041253197,0.09652916050823897,0.960786152028563,-0.13155379697064326,0.23775669090994456,DHRS1,0.7509450420388613,0
DOCK2,0.7570322145155126,0.17064168152961123,0.08885606806472728,0.9521712920026414,-0.1328021784339167,0.2403113095390494,DHRS7B,0.7570322145155126,0
UACA,0.7570322145155126,0.17068252957668878,0.08461780429379326,0.952010095037496,-0.13727938775892085,0.24018355329680363,DHX16,0.7570322145155126,0
RPL41,0.7576256302469482,0.1720930224586889,0.08423112401690873,0.946459019013774,-0.13737724875678023,0.2419920378168236,DHX29,0.7576256302469482,0
TBCA,0.7576256302469482,0.17241675422552255,0.08075233791219584,0.9451890652109658,-0.13536236134088864,0.2424274966699802,DHX32,0.7576256302469482,0
PPM1D,0.7576256302469482,0.17250147095237206,0.08429131483564008,0.9448569851212889,-0.13425978709551384,0.24253799311689747,DHX40,0.7576256302469482,0
ARFGEF1,0.7576256302469482,0.17251598759408915,0.08282666172874927,0.9448000919680107,-0.13273816972986122,0.24263057715226194,DHX57,0.7576256302469482,0
RAB8B,0.7602982701575135,0.17372463711966551,0.08843467770038893,0.9400738706498392,-0.12281212688261477,0.24529671147222606,DHX9,0.7602982701575135,0
GGACT,0.7602982701575135,0.17397739440508442,0.08419644210010441,0.9390881587754747,-0.13344308352625,0.24444101346646332,DIABLO,0.7602982701575135,0
NCOA4,0.7684092053468738,0.17654560916753753,0.07463851755252186,0.9291237867119364,-0.1366955930155476,0.24772582812673546,DIAPH1,0.7684092053468738,0
OGDHL,0.7684092053468738,0.17669533044992614,0.0797396882554725,0.9285457316618045,-0.13036518944970787,0.24791207532226464,DIAPH2,0.7684092053468738,0
SPDEF,0.7701247085232872,0.17783289138509512,0.0835115527805515,0.9241638448130832,-0.13610773450663938,0.24938231822752685,DKFZP434A062,0.7701247085232872,0
ZFR2,0.7701247085232872,0.177953662317215,0.08478944687797134,0.9236996768545325,-0.12569837712630227,0.24982486852880822,DLEC1,0.7701247085232872,0
PREX2,0.7722066400268196,0.17962246486433386,0.0740451024977628,0.9173060947200093,-0.13369922633989154,0.2515920982383205,DLG1.AS1,0.7722066400268196,0
PDPN,0.7722066400268196,0.17965134781102765,0.0811495757637178,0.9171957674918736,-0.12163778628503667,0.2524454474192915,DLGAP5,0.7722066400268196,0
CREBRF,0.7722066400268196,0.17973401885088625,0.08115941352901902,0.9168800419318477,-0.13467583770565453,0.2517686833983485,DLX1,0.7722066400268196,0
TCP10,0.7727580574149661,0.18029576662065389,0.07361871372531867,0.914737110135013,-0.12356631627120547,0.2528476365015911,DNAJA3,0.7727580574149661,0
PLS1,0.7728074734703614,0.1809339006015664,0.09174119703214856,0.9123078692591702,-0.13133797550023255,0.2532116529113447,DNAJC11,0.7728074734703614,0
FOXL1,0.7728074734703614,0.1818694856624392,0.07570763614414609,0.9087559977444148,-0.1309018102189653,0.25439046666281323,DNAJC12,0.7728074734703614,0
TPT1.AS1,0.7728074734703614,0.1819463572007985,0.07931547464723217,0.9084646710548627,-0.1310201215417017,0.2545039462244343,DNAJC15,0.7728074734703614,0
PRRG1,0.7728074734703614,0.18207371441580938,0.07945172339045203,0.9079821840938367,-0.12755211226893173,0.2546947469556377,DNAJC5B,0.7728074734703614,0
FAM13C,0.7728074734703614,0.18257426416183126,0.08317003019897397,0.906087919012359,-0.12511882229401414,0.25539408686923143,DNAJC8,0.7728074734703614,0
PSMD14,0.7728074734703614,0.18290788211132503,0.08011098717710881,0.9048271895234362,-0.12230166462530494,0.25608795142183305,DNAJC9,0.7728074734703614,0
GLG1,0.7764224192671594,0.18419892504206864,0.07599335870502397,0.8999618791660926,-0.1323129212984027,0.2574480188130724,DNM1P35,0.7764224192671594,0
GSPT2,0.7818371156649808,0.18592200619290628,0.07952945165027382,0.8935014284744015,-0.13040007546002105,0.25955018009896114,DNM3,0.7818371156649808,0
MDK,0.7829912458539452,0.1866356026292354,0.07199665671967288,0.8908367987072128,-0.12200838030613062,0.26051946392929964,DNMT3A,0.7829912458539452,0
FMNL2,0.7860747291672949,0.18839182370905322,0.07673672365733773,0.8843057011776392,-0.11187636768641493,0.2646089397786366,DNPH1,0.7860747291672949,0
HNRNPR,0.7860747291672949,0.18843039476409834,0.0754443512412276,0.8841626853499497,-0.12370357021917446,0.26260709277024513,DOCK2,0.7860747291672949,0
SCAI,0.7860747291672949,0.18869320475804946,0.07435916930780957,0.8831887054280251,-0.12371066803131575,0.2629476008427885,DOCK3,0.7860747291672949,0
RIPK2,0.787719948006153,0.18952992579620842,0.06044773894811169,0.880093363055843,-0.11770189467276902,0.2644567363088535,DPF3,0.787719948006153,0
EXOC3L1,0.7895111893412269,0.1904037080295724,0.07645172856059568,0.8768698951377507,-0.1287483049256266,0.26523799855021285,DRAM1,0.7895111893412269,0
GNB2L1,0.7916953860953692,0.19177781601919752,0.08750576372535407,0.8718190279985264,-0.12694151553517252,0.2668483625192976,DRG2,0.7916953860953692,0
HECTD1,0.7916953860953692,0.19201228343982352,0.06451656788251028,0.8709594072547537,-0.11958284136785907,0.2671531465675751,DSCR4,0.7916953860953692,0
GTF3C2,0.7916953860953692,0.19226253627554396,0.07011719876407589,0.8700426226048686,-0.11969491551583256,0.2674167891946025,DXO,0.7916953860953692,0
CCT6A,0.7928844667091699,0.19323200020944142,0.07322542401751854,0.8664979385339873,-0.12584480358413588,0.26864996628151877,DYRK1B,0.7928844667091699,0
PPP2R5D,0.7928844667091699,0.1938507058870021,0.063156423845173,0.8642414263741118,-0.12030726438522218,0.2693582957816227,E2F5,0.7928844667091699,0
FOXJ3,0.7928844667091699,0.19432847791493174,0.06760546081187085,0.8625019279958037,-0.12103854853651728,0.2698753425091521,ECHDC1,0.7928844667091699,0
NUDT22,0.7928844667091699,0.19453212390120417,0.07328689782829778,0.8617612757065176,-0.1277132930161216,0.2705130817077066,EDC4,0.7928844667091699,0
C4orf32,0.7928844667091699,0.19509979999695648,0.07346167288117361,0.8596991520779025,-0.12338420305553753,0.270912272383812,EDDM3A,0.7928844667091699,0
IFNB1,0.7928844667091699,0.19549529009074929,0.07175095254998066,0.8582646650724153,-0.12386025039556751,0.2714068850032731,EEF1A2,0.7928844667091699,0
ANP32A.IT1,0.7928844667091699,0.19647269814293988,0.08053811939037904,0.8547270498094774,-0.12569214834837095,0.27282340399281324,EEF2K,0.7928844667091699,0
GBA3,0.7928844667091699,0.1969380529939253,0.07402200269855579,0.8530465071075325,-0.1311005849210712,0.27422484773184264,EFCAB14.AS1,0.7928844667091699,0
GPBAR1,0.7928844667091699,0.19697056756564768,0.06754993862759091,0.8529291768459422,-0.1235830030993314,0.27327307762342384,EGF,0.7928844667091699,0
SMARCD2,0.7928844667091699,0.19699821578921045,0.06973642190710429,0.852829416255096,-0.11065717113411787,0.27420856351375744,EGLN2,0.7928844667091699,0
DHRS1,0.7951266385846961,0.198064183955946,0.08240831646529986,0.8489896296580577,-0.12077055389187946,0.27450725941590043,EHD1,0.7951266385846961,0
PPP1R9A,0.7951266385846961,0.1984471980763824,0.0630831088580789,0.8476130070921631,-0.11995603027168118,0.27498434384749837,EHMT1.IT1,0.7951266385846961,0
NELL1,0.7997589084695736,0.2000518638123555,0.07743230087145228,0.8418629206816581,-0.12233859237923829,0.2771034308275431,EID1,0.7997589084695736,0
MBTPS2,0.8003603990637617,0.200855566518995,0.07071590038291707,0.8389934124654457,-0.12192969432452319,0.2780492773882575,EID2,0.8003603990637617,0
NUMB,0.8003603990637617,0.20110008905247628,0.06688068046906971,0.8381217493709442,-0.11876722585478357,0.2782050334546686,EIF1AD,0.8003603990637617,0
PEX2,0.8029989198402384,0.2022134127920735,0.07126381719549249,0.8341610457026778,-0.12087172796894227,0.27971018903731426,EIF2AK1,0.8029989198402384,0
PDCD1LG2,0.808167507180379,0.20434249050654568,0.06903394395304854,0.8266229566583096,-0.1226985064769922,0.28268865294322837,EIF2AK2,0.808167507180379,0
RPS6KA4,0.808167507180379,0.20442150630305717,0.07318680093011629,0.8263441028256316,-0.12642378532423082,0.2834734757343296,EIF2B2,0.808167507180379,0
SUZ12P1,0.8106008711600634,0.2058099250565677,0.07870769942605295,0.821454688260324,-0.12485004784681193,0.28501681723952427,EIF2D,0.8106008711600634,0
GHR,0.8106008711600634,0.20594626732221466,0.07447508473283376,0.8209756088642789,-0.12462542682083654,0.285155845388954,EIF2S3,0.8106008711600634,0
TBC1D10A,0.81120569127075,0.20784913869254967,0.06891138882026952,0.8143088510227754,-0.11787598453154725,0.28659516481391617,EIF3B,0.81120569127075,0
RNPS1,0.81120569127075,0.20800169661694862,0.07432380034144384,0.8137759288745003,-0.12256674838275793,0.2875046918703813,EIF3C,0.81120569127075,0
FUBP3,0.81120569127075,0.20865301541298475,0.06972564048953968,0.8115033082663197,-0.12224124229531014,0.2883161261894659,EIF3E,0.81120569127075,0
PPP2R1B,0.81120569127075,0.209300755552832,0.06610672664998457,0.8092473253778497,-0.11241694701039683,0.28813567121470574,EIF3F,0.81120569127075,0
MARCH8,0.81120569127075,0.2096102051758481,0.06981934949767125,0.808171011597613,-0.12304230510082237,0.2897700995493366,EIF3I,0.81120569127075,0
CD46,0.81120569127075,0.2097105358836026,0.07642439042456578,0.8078222468644639,-0.12500742308842366,0.29034103465712197,EIF3IP1,0.81120569127075,0
COX10,0.81120569127075,0.20973912556097446,0.0658494673482957,0.8077228828125109,-0.11393447049192511,0.2886213657865173,EIF3J.AS1,0.81120569127075,0
PDCD6IP,0.81120569127075,0.20997212754515082,0.07036858582322343,0.8069133765362142,-0.11851925767882279,0.28941582960208917,EIF3L,0.81120569127075,0
SLC44A3,0.81120569127075,0.21019463228664415,0.06854670442247118,0.8061408337392243,-0.12167868880307128,0.2902565881152592,EIF3M,0.81120569127075,0
CSNK1E,0.8138287973948748,0.2118146831230064,0.0718931955408397,0.800530405901957,-0.12417295566210995,0.2930167112154022,EIF4A1,0.8138287973948748,0
YOD1,0.8138287973948748,0.2118848692174316,0.07518272791787507,0.8002879132149961,-0.1178148725684587,0.2917585513197533,EIF4A3,0.8138287973948748,0
NCOR1P1,0.8138287973948748,0.2124678986728223,0.06672281940826139,0.798275365158685,-0.1224611585618286,0.29347651716017253,EIF4E,0.8138287973948748,0
GML,0.8138287973948748,0.21315909394892368,0.06505111400319903,0.795893623928857,-0.11651941898716288,0.2931762041189561,EIF4E3,0.8138287973948748,0
PABPC4L,0.8138287973948748,0.21358531442766693,0.06612471734496043,0.7944271898071998,-0.11934821235942161,0.29426721898880054,EIF4EBP3,0.8138287973948748,0
PPP6R2,0.8138287973948748,0.21477847807059525,0.07362414091534421,0.7903311030165603,-0.11560952956630238,0.29513757757824566,EIF4G1,0.8138287973948748,0
REEP6,0.8138287973948748,0.2149094688773377,0.07206386618316683,0.7898822247286272,-0.1226699488719308,0.29686424392896676,EIF4G2,0.8138287973948748,0
GORAB,0.8138287973948748,0.21495523455026955,0.07319257132741425,0.7897254328034076,-0.12348952626336311,0.297179608883502,EIF4G3,0.8138287973948748,0
TMEM59L,0.8138287973948748,0.21527597999306936,0.06877484979727044,0.7886271123388721,-0.11897388129770123,0.29644362077759795,EIF5,0.8138287973948748,0
CMTR2,0.8138287973948748,0.21564268547993248,0.06600867286758288,0.7873725769732404,-0.11227272274185156,0.2957847881582858,EIF5A2,0.8138287973948748,0
FAM50A,0.8138287973948748,0.21596791198878423,0.07506300403382549,0.7862609817198829,-0.11133483121992263,0.2960939569008684,ELAC1,0.8138287973948748,0
RBM12B,0.8138287973948748,0.2166926038380943,0.0703153713486767,0.7837875378749917,-0.11659935334808501,0.29778625306275136,ELANE,0.8138287973948748,0
RHOB,0.8138287973948748,0.2168080082796217,0.06538792953809144,0.7833940941009417,-0.12026783988947248,0.298819191048897,ELAVL2,0.8138287973948748,0
EIF4G2,0.8142351398627455,0.2174264437003549,0.06372983537307032,0.7812877499406334,-0.11890369612140429,0.2992927409124473,ELF2,0.8142351398627455,0
BRAT1,0.8142351398627455,0.21817961597471403,0.07331468361129531,0.7787271761117442,-0.12556952981515118,0.30239100490574966,ELF5,0.8142351398627455,0
RBM17,0.8142351398627455,0.21828625734963114,0.06497161327132474,0.7783650383083933,-0.10668940279154251,0.29877190486778415,ELMO3,0.8142351398627455,0
GOPC,0.8155504463388095,0.2190962780685865,0.06727141936171156,0.7756176572874989,-0.11162438815763169,0.29999103144553807,ELN,0.8155504463388095,0
ARID1B,0.8170779230502755,0.21996489235228955,0.06861519774626884,0.7726780350476736,-0.11858331503717853,0.30262892510061856,ELOVL2,0.8170779230502755,0
FXYD6,0.8173497206695322,0.22067277109888617,0.07259743632276458,0.7702873163780575,-0.11308940611968155,0.3022515921965062,ELOVL6,0.8173497206695322,0
YTHDF3,0.8173497206695322,0.22095488803293017,0.06845299578980626,0.7693357498882384,-0.11618918805190342,0.30331593204207347,EMBP1,0.8173497206695322,0
VAV2,0.8176104517776701,0.22180651258963263,0.06858158337850093,0.7664674790097419,-0.11735109626373659,0.304786795885191,EMC6,0.8176104517776701,0
MORC1,0.8176104517776701,0.2220086500960199,0.07023384936394218,0.765787606338965,-0.11496327856458466,0.30439484777424874,EMR1,0.8176104517776701,0
COPS4,0.8176104517776701,0.22240104829622548,0.06536202348986424,0.7644688175462058,-0.1170792093216178,0.30550916770395625,ENO1.AS1,0.8176104517776701,0
SPTLC2,0.8184746387425782,0.223095162326917,0.06596229082213939,0.7621392604479353,-0.11147127645860357,0.3050521299162827,ENOSF1,0.8184746387425782,0
DHX16,0.821213527420251,0.22498369779538419,0.06292074409725139,0.7558218649733969,-0.11386118796790588,0.3080568075901936,ENTHD1,0.821213527420251,0
E2F5,0.821213527420251,0.22533740280321884,0.0658269356740626,0.7546420317040651,-0.1168896257816208,0.30945005433507716,EOGT,0.821213527420251,0
ESYT2,0.821213527420251,0.22631520627983148,0.06399280316816551,0.7513858825567592,-0.11166057909696926,0.3092598403219597,EPC2,0.821213527420251,0
PHGDH,0.821213527420251,0.22641792748883804,0.06769178288569731,0.7510442770475706,-0.11982850942023701,0.3120184179943777,EPS15,0.821213527420251,0
ALAS1,0.821213527420251,0.22642848385261855,0.06254261108219437,0.7510091761989177,-0.1153194069237787,0.310423112817192,EPS15L1,0.821213527420251,0
RNU11,0.821213527420251,0.2269451927411334,0.0659644525879956,0.7492922030280059,-0.11894321457911633,0.31240675208598584,EPS8,0.821213527420251,0
SNRPE,0.821213527420251,0.2270657706215276,0.06476669681608975,0.7488918525360461,-0.11547537588585721,0.3113515025455938,ERBB3,0.821213527420251,0
PRPF39,0.8217989232756368,0.22778358170691054,0.06886505012695786,0.7465110097861735,-0.1182671734864935,0.3133585232185833,ERCC4,0.8217989232756368,0
ABRA,0.8217989232756368,0.22847487304431707,0.06322783130019098,0.7442221232451652,-0.11985933519317757,0.314966173979107,ERGIC2,0.8217989232756368,0
ANKH,0.8217989232756368,0.22874403162993395,0.06860682440649249,0.7433319857592167,-0.12054982876093856,0.3156472587975125,ERH,0.8217989232756368,0
ZDHHC7,0.8217989232756368,0.22939513515760873,0.05843215553495089,0.74118114613761,-0.11229660884861521,0.3134791681070872,ERP44,0.8217989232756368,0
CLK4,0.8217989232756368,0.23007172714140522,0.06496413409238562,0.7389497371910558,-0.11432098287548667,0.31505423989623493,ESYT2,0.8217989232756368,0
ATP5B,0.8217989232756368,0.23212898139305288,0.05957598412447355,0.732187367463851,-0.11271034694267201,0.31731290727845546,ETFA,0.8217989232756368,0
RTN4IP1,0.8217989232756368,0.2327596320779196,0.06493057060701887,0.7301210703996426,-0.11624073793804045,0.31953645696772903,EXD1,0.8217989232756368,0
ZNF318,0.8217989232756368,0.23414526112358514,0.060592806553029815,0.7255920356125647,-0.11439783772020054,0.32072389672395757,EXOC3L1,0.8217989232756368,0
MED25,0.8217989232756368,0.23464603168324755,0.06440382737054558,0.7239588900818341,-0.1153937795876552,0.3218539589640348,EXOC8,0.8217989232756368,0
POC1A,0.8217989232756368,0.23536264823647435,0.0651481860598007,0.7216251679638236,-0.11468448694054151,0.32254078382215107,EXOSC2,0.8217989232756368,0
FBXO15,0.8217989232756368,0.23542825681961638,0.06514907703088638,0.7214117046448075,-0.11343874011759975,0.32211752594218945,EZH2,0.8217989232756368,0
RIPK1,0.8217989232756368,0.2356984166781364,0.061383377775002336,0.7205330619834414,-0.10204671016829257,0.319117262317636,FAF2,0.8217989232756368,0
GIF,0.8217989232756368,0.23572797974101295,0.06352807992140812,0.7204369476306886,-0.11567713085692495,0.32352406971840636,FAH,0.8217989232756368,0
TESC,0.8217989232756368,0.23576849494969165,0.05848510327972126,0.7203052368761389,-0.11113650437262425,0.32168132556864254,FAM104B,0.8217989232756368,0
ATG14,0.8217989232756368,0.2364108774943542,0.05987190075912492,0.7182185850738954,-0.10994030947268188,0.32208742050947836,FAM120AOS,0.8217989232756368,0
EIF4G1,0.8217989232756368,0.23646740623938428,0.06018677441900445,0.7180351125331723,-0.11289811878959238,0.3233450681803706,FAM120C,0.8217989232756368,0
ABCF3,0.8217989232756368,0.2367066628231272,0.06087478050853971,0.7172588369343181,-0.1128085848265751,0.32363706941143594,FAM134B,0.8217989232756368,0
HSP90AB4P,0.8217989232756368,0.2368262557957349,0.06456336867458262,0.7168709758115492,-0.1145834651566582,0.32458498003793046,FAM135A,0.8217989232756368,0
RSL24D1,0.8217989232756368,0.23697236210050038,0.05593334406208067,0.7163972736601943,-0.1100542059517816,0.32288494892808667,FAM13C,0.8217989232756368,0
GLT8D2,0.8217989232756368,0.23739392009397764,0.061222320400356356,0.7150314095382612,-0.11124571614296312,0.32393573202683323,FAM168B,0.8217989232756368,0
RSRP1,0.8217989232756368,0.23782010426995448,0.06010793894478479,0.7136519118409141,-0.11104098242586843,0.3244370307162488,FAM169A,0.8217989232756368,0
DCAF6,0.8217989232756368,0.23791952302245023,0.059600662997712654,0.7133303029211644,-0.10630473142874712,0.32286290711391363,FAM193B,0.8217989232756368,0
SRPRB,0.8217989232756368,0.23801148517161452,0.05662950096143677,0.7130328810203207,-0.10811295050611124,0.32357419798987636,FAM205A,0.8217989232756368,0
FBXO2,0.8217989232756368,0.23828942419153348,0.06135289095190802,0.7121343602510803,-0.10135896297630895,0.32222021649460075,FAM208B,0.8217989232756368,0
NRBP2,0.8221320215911154,0.23884710442187201,0.059380641613753664,0.710333225158474,-0.11424541301019209,0.3273155208962524,FAM35A,0.8221320215911154,0
CNOT2,0.8223566478747629,0.23951940729538307,0.060800242666107576,0.7081649546138851,-0.11548473543116608,0.3288916641879177,FAM50A,0.8223566478747629,0
RABEP2,0.8223566478747629,0.24071275723413466,0.06237275588940064,0.7043244137000849,-0.10548635978227855,0.32625038963671926,FAM65C,0.8223566478747629,0
MYO1H,0.8223566478747629,0.2409648497274784,0.05779170491924159,0.7035144381354239,-0.10638764593389605,0.3269119946052366,FAM78A,0.8223566478747629,0
RERE,0.8223566478747629,0.24124779541215635,0.06320121578963817,0.7026058806770704,-0.1059669993477074,0.32710417779409134,FAM78B,0.8223566478747629,0
XPO6,0.8223566478747629,0.24167017716469436,0.06162123304560118,0.701250663349482,-0.11226399003664618,0.3303843402503918,FAXC,0.8223566478747629,0
SMARCA5,0.8223566478747629,0.24167968787794492,0.05781529185696177,0.7012201629426361,-0.10341001528973505,0.326846365736066,FBRSL1,0.8223566478747629,0
SRSF8,0.8230917092442243,0.24256698852954806,0.05259888839038748,0.6983774951936121,-0.10860093047982362,0.3299399754718425,FBXL4,0.8230917092442243,0
SNRPB2,0.8230917092442243,0.2432705453002924,0.06706819236099389,0.6961275005622689,-0.11103215890445133,0.33204754794807817,FBXO15,0.8230917092442243,0
SNX15,0.8230917092442243,0.2436029810381946,0.058166958281112645,0.6950655877778485,-0.10891026904320193,0.3314995511559108,FBXO2,0.8230917092442243,0
KIAA0226L,0.8230917092442243,0.244049920686022,0.06074332617316263,0.6936391452380057,-0.10629660288866871,0.3309828906364118,FBXO3,0.8230917092442243,0
YLPM1,0.8230917092442243,0.24425108225364323,0.06157875584927643,0.6929975832429396,-0.10834741519996292,0.33212973483505087,FBXO39,0.8230917092442243,0
CERS3,0.8230917092442243,0.2446655108802237,0.060272951196654656,0.6916767500905626,-0.11254945915348308,0.33484253393910096,FBXO8,0.8230917092442243,0
PIGT,0.8241397882357507,0.24613568320712542,0.06616151221728887,0.6870008362793497,-0.11289165971804252,0.33716440124512415,FBXW10,0.8241397882357507,0
SENP3,0.8241397882357507,0.24631527505313267,0.060298132597667614,0.6864306714909424,-0.10803238009754479,0.33484394944511675,FBXW12,0.8241397882357507,0
BARD1,0.8241397882357507,0.24636371684220704,0.05964727291880574,0.6862769176544551,-0.11092664728622145,0.33640612912875,FBXW4,0.8241397882357507,0
ELN,0.827498578053219,0.24787390959469674,0.05262356007656697,0.6814916840484834,-0.10779395542164091,0.3368979789778812,FCN1,0.827498578053219,0
RNF125,0.827498578053219,0.24926227674954393,0.06159441608060076,0.6771062066249898,-0.10838995028488624,0.3391610110961166,FDPSP2,0.827498578053219,0
RAB15,0.827498578053219,0.25041705121128954,0.06788833928104968,0.6734684895856813,-0.11305701312600398,0.3436260047357595,FES,0.827498578053219,0
SMIM13,0.827498578053219,0.2507308462947855,0.058402323860211595,0.6724815278109001,-0.10899344330725409,0.3416137856838378,FGD4,0.827498578053219,0
AHSA2,0.827498578053219,0.2509586804498575,0.05218342925022597,0.6717653446077999,-0.10700082811304949,0.34079544521420574,FGD5P1,0.827498578053219,0
GATC,0.827498578053219,0.2509914244275296,0.06512477737975911,0.6716624441884526,-0.11160066274432541,0.34357181445381046,FGFR2,0.827498578053219,0
SLC12A7,0.827498578053219,0.2515780115217734,0.05926862987207417,0.6698202536207308,-0.10748656854638211,0.34195526697934187,FIRRE,0.827498578053219,0
RPL26L1,0.827498578053219,0.2524890238455118,0.05766115448540945,0.666963697696268,-0.10019775867298884,0.33964588481286906,FLII,0.827498578053219,0
LARS,0.827498578053219,0.2527564529357778,0.05621570723478872,0.6661261852212884,-0.102807648214259,0.34108345385001787,FLJ10038,0.827498578053219,0
SS18L1,0.827498578053219,0.25371859131003704,0.05324458616125287,0.6631168961050702,-0.10569612370099037,0.3439634471309763,FLNB,0.827498578053219,0
PTPRCAP,0.827498578053219,0.2537332681316506,0.06018053088054421,0.6630710378426191,-0.11194451870628541,0.34789763440481075,FLRT1,0.827498578053219,0
CHPT1,0.827498578053219,0.25383952752116073,0.062154297892566664,0.6627390681274854,-0.11134532269866819,0.3476528360757252,FMNL2,0.827498578053219,0
TOPORS,0.827498578053219,0.25389552051482167,0.054551156110212544,0.6625641673103257,-0.10886172211384063,0.3461399600051639,FNBP1L,0.827498578053219,0
AATK,0.827498578053219,0.25430004498752534,0.05889177784519491,0.6613011885676955,-0.10555489800679146,0.3447152838875742,FNDC1,0.827498578053219,0
UBE2L6,0.827498578053219,0.2543293442362109,0.0515569203284452,0.661209753456183,-0.1062832826147134,0.3451815431842095,FOXJ3,0.827498578053219,0
TPPP,0.8281633176111853,0.25499812752021356,0.0609466671692336,0.6591241611399276,-0.10897098271779049,0.3478225207452485,FOXK1,0.8281633176111853,0
ABI2,0.8283655509274307,0.25552498766690235,0.0541485756714308,0.6574831727137301,-0.10737943232337842,0.34756956538628575,FOXL1,0.8283655509274307,0
DCAF12,0.828808890400403,0.2566717550523413,0.05679236858717794,0.6539174933353743,-0.10827046134415107,0.34984345214186874,FTLP10,0.828808890400403,0
VPS13A,0.828808890400403,0.25694241990986477,0.054909292525441064,0.6530771205412915,-0.10854320085949963,0.35041527460307464,FTSJ2,0.828808890400403,0
FBXW4,0.828808890400403,0.2570562626984985,0.0585772105009186,0.6527237940488336,-0.10755803980443639,0.34993176485488076,FTX,0.828808890400403,0
NUBP1,0.8298565416556041,0.2582359066197363,0.05312790512699156,0.6490673936060041,-0.10417228190216783,0.34945161593760465,FUBP3,0.8298565416556041,0
MRAP,0.8298565416556041,0.25831204745869896,0.05925820260344615,0.6488316875871009,-0.10829658493624675,0.35229231139282025,FUCA1,0.8298565416556041,0
CNPY4,0.8309249582975571,0.2592096635119387,0.05991593489427552,0.6460556873149161,-0.10503564746906609,0.3513945544861466,FUT1,0.8309249582975571,0
TCF3,0.8309249582975571,0.2605163086465111,0.05382888414600056,0.642023586887618,-0.10102093365875613,0.35075810256810486,FXR2,0.8309249582975571,0
VDR,0.8309249582975571,0.26064757473952466,0.04966289085750017,0.6416190983233291,-0.09760441761428346,0.34911345991821974,FXYD6,0.8309249582975571,0
SREK1,0.8309249582975571,0.2618197587904046,0.05462710700347521,0.6380117258678344,-0.10172919436454908,0.35299540402668567,FYCO1,0.8309249582975571,0
DNM1P35,0.8309249582975571,0.2619586963683159,0.06187772152588199,0.6375846994550922,-0.10881059239532281,0.35817998617369545,FYTTD1,0.8309249582975571,0
REV3L,0.8309249582975571,0.2620525108712862,0.05814963571998229,0.6372964251810348,-0.10467164804507374,0.35529582187938613,FZD1,0.8309249582975571,0
LRP1,0.8309249582975571,0.26265887194374343,0.05468474583549773,0.6354344681114188,-0.10653601815731631,0.35752900054406145,G6PC,0.8309249582975571,0
ICAM4,0.8309249582975571,0.2626941968502503,0.06134765576950543,0.635326063669265,-0.10129088434352665,0.3539295176430513,GABARAPL3,0.8309249582975571,0
TMEM11,0.8309249582975571,0.2631577137935319,0.0612982340373914,0.6339043224484984,-0.10807681524408391,0.35946345917806344,GAL,0.8309249582975571,0
PHF21A,0.8309249582975571,0.26330488022328646,0.050895816402515205,0.633453188414773,-0.10134575294102881,0.35481863464244756,GANC,0.8309249582975571,0
STX16.NPEPL1,0.8330340968967274,0.26444043681634755,0.0506612654205634,0.6299765003344849,-0.10300803954978069,0.35760193293476994,GAPDHS,0.8330340968967274,0
HARS2,0.8344714825695833,0.2653647395496095,0.06005651192892525,0.6271522164999632,-0.10624566110770209,0.36139883120526944,GAR1,0.8344714825695833,0
ASB8,0.8366924297830456,0.26654026927468866,0.04916795522088265,0.6235675017482298,-0.10398606909664128,0.36140542962239575,GART,0.8366924297830456,0
CCDC7,0.8369389280003577,0.26739856924886785,0.05028099269110024,0.6209552202459584,-0.10157758519624957,0.36084675866284666,GATAD2A,0.8369389280003577,0
TP53,0.8369389280003577,0.2675575933596208,0.05003661369307221,0.6204716877339537,-0.098121628773996,0.3586583126116765,GATC,0.8369389280003577,0
POLE,0.8372314092419669,0.26829509846925026,0.051755523113726026,0.6182311061930231,-0.09912610622389277,0.36037412236539623,GBA3,0.8372314092419669,0
PKN2,0.8372314092419669,0.26859022214604883,0.04980545568578767,0.6173353740745128,-0.10473241220632246,0.36509967669003196,GBGT1,0.8372314092419669,0
MAP2K4,0.8401944476135289,0.27017741454068067,0.0514603685854493,0.6125265392914109,-0.09883075493005222,0.3628216862926109,GCNT1,0.8401944476135289,0
DAZL,0.8401944476135289,0.27048323776229144,0.05949278798055915,0.6116015939367528,-0.10336665948855413,0.3668306676579608,GDNF,0.8401944476135289,0
ARHGEF3.AS1,0.8430504262124827,0.2722842937555341,0.05079345027583372,0.6061649708695215,-0.10363853876274294,0.36980767886876287,GGA3,0.8430504262124827,0
SMEK3P,0.8430504262124827,0.27234831491777345,0.05115635266578001,0.6059720487308601,-0.0972297099274431,0.36470411351115006,GGACT,0.8430504262124827,0
RTFDC1,0.8435229431908079,0.2729740539658419,0.06289409491813247,0.6040876255038008,-0.10497669249783732,0.37204900235338545,GGPS1,0.8435229431908079,0
RAC3,0.8453343732102758,0.2744538870727683,0.0516222640184603,0.599639595507561,-0.1020908702507912,0.37175862054523634,GHR,0.8453343732102758,0
BECN1P1,0.8453343732102758,0.27470147057934724,0.05096955248344982,0.5988965781292329,-0.10330687992594667,0.3732304553624966,GIF,0.8453343732102758,0
ATXN8OS,0.8453343732102758,0.2749825779371621,0.050462173525105215,0.5980533539724907,-0.10582141323415108,0.3760262247600134,GIMAP1,0.8453343732102758,0
RPS6KB2,0.8473485428770393,0.2764098200230086,0.056260794567854405,0.5937786653983259,-0.10211735319764353,0.37479310802805754,GJA1,0.8473485428770393,0
BRD7,0.8473485428770393,0.2767826496361716,0.05517010916642896,0.5926638045462855,-0.10464601023552103,0.3777714532675926,GLG1,0.8473485428770393,0
ACMSD,0.8473485428770393,0.2776175101173044,0.05371511017526614,0.5901700154377599,-0.09845800315472243,0.37330159648116157,GLI1,0.8473485428770393,0
KIAA0226,0.8473485428770393,0.27795934472614325,0.049980195935076584,0.5891499903544435,-0.10344830648766275,0.37848173403798724,GLOD5,0.8473485428770393,0
SECISBP2,0.8473485428770393,0.27801396387160293,0.05500819049695054,0.588987065177858,-0.10226219024357001,0.3774210378832627,GLT8D2,0.8473485428770393,0
TAPT1,0.8482262786474962,0.2789957159213624,0.045993792672385646,0.586061226810712,-0.103031512830369,0.37971687155635403,GLUD1P3,0.8482262786474962,0
RASSF6,0.8482262786474962,0.2792534074963995,0.04476778347179967,0.5852940810923296,-0.09594786744646203,0.37352302796083786,GM140,0.8482262786474962,0
STUB1,0.8487908799304282,0.2799977433632752,0.049078107238300736,0.5830801316473426,-0.10243384466448181,0.3807083743645528,GMIP,0.8487908799304282,0
NHS,0.8487908799304282,0.2804740038707181,0.0535722922525664,0.581665044182855,-0.098573020028326,0.3776767404985939,GML,0.8487908799304282,0
PPP2CA,0.8487908799304282,0.2808674252153408,0.052070744285892485,0.580496970976328,-0.10083038705782653,0.3804767513160895,GMPS,0.8487908799304282,0
GMIP,0.8511259592566617,0.2831338963295835,0.05338390766531908,0.5737831321833078,-0.0970588391369043,0.3802327483480315,GNA14,0.8511259592566617,0
STAT5B,0.8511259592566617,0.2832981994292022,0.04553260271080803,0.5732974348055273,-0.09571165837585566,0.37920008725727533,GNAI3,0.8511259592566617,0
ERCC4,0.8511259592566617,0.28350751314426736,0.044099792873091265,0.5726788772448259,-0.09707355076025796,0.380805206940969,GNAL,0.8511259592566617,0
FNBP1L,0.8511259592566617,0.28383094800682374,0.04666922303627855,0.5717235032501683,-0.09342364806519976,0.3778776386231507,GNAS.AS1,0.8511259592566617,0
PRKAG2.AS1,0.8511259592566617,0.28402689049787644,0.048975457977328954,0.5711449749761387,-0.09908786284508372,0.38364193853556144,GNB1L,0.8511259592566617,0
KY,0.8512320463178897,0.2851428064143683,0.049401709565748714,0.5678538238695,-0.09525644646691085,0.3814828121760548,GNB2L1,0.8512320463178897,0
UBE2Q2,0.8512320463178897,0.28533537127792963,0.04964787399501229,0.5672865189665164,-0.09969483658157699,0.38632862636461784,GNB3,0.8512320463178897,0
TEX264,0.8512320463178897,0.2866631537740961,0.04701999973960278,0.5633797669431716,-0.09813884489334258,0.3867539027707819,GNL3,0.8512320463178897,0
TMIE,0.8512320463178897,0.28670229520188883,0.05232928872847534,0.563264731374109,-0.09618465574356419,0.3847295676279991,GNPDA1,0.8512320463178897,0
MRPS6,0.8512320463178897,0.2870096012121409,0.0467761681575679,0.5623618265309954,-0.10177582232791056,0.3913128408726375,GOLGA2P2Y,0.8512320463178897,0
SEPT7P2,0.8512320463178897,0.2871952619018028,0.04857313420537342,0.5618165536923664,-0.09782042284581452,0.38724183796331096,GOLGA7B,0.8512320463178897,0
NDFIP2,0.8512320463178897,0.2874042018414861,0.043823930707381935,0.5612031111355903,-0.09406251891780884,0.38364768210638167,GOLPH3L,0.8512320463178897,0
PTENP1,0.8521043788312902,0.2881766351291464,0.0478002789577523,0.5589370973462541,-0.09941529029084967,0.390551597234478,GOPC,0.8521043788312902,0
PCBP1.AS1,0.8580801295800355,0.29067885488858186,0.04477191695718385,0.5516161763169036,-0.09282566182718154,0.3872375573803121,GORAB,0.8580801295800355,0
CLRN1,0.8586138069861137,0.29224508296249196,0.05074580088218582,0.5470487882585775,-0.10008500514729948,0.3979909358182749,GOSR1,0.8586138069861137,0
OSBP,0.8586138069861137,0.29287185006764827,0.04612303942330266,0.5452242288954049,-0.0980622731302606,0.39657280730214395,GOSR2,0.8586138069861137,0
HNRNPU.AS1,0.8586138069861137,0.2928939533957336,0.04514466628854343,0.5451599178702131,-0.09296332456151607,0.39070532215864806,GOT1,0.8586138069861137,0
FAM208B,0.8586138069861137,0.2931556900284428,0.046313525855925484,0.544398550103213,-0.090561589892763,0.38851692178297653,GPATCH3,0.8586138069861137,0
YY1P2,0.8586138069861137,0.29357391750109996,0.04561845514985347,0.5431826198817695,-0.09525498282578493,0.394357353211187,GPBAR1,0.8586138069861137,0
AREG,0.8586138069861137,0.2943159441872737,0.0467633003035576,0.5410272696285309,-0.09369125185484345,0.39367956638409407,GPBP1L1,0.8586138069861137,0
ADCY8,0.8586138069861137,0.29433302168757147,0.04768353514586296,0.5409776945897358,-0.09754219524109004,0.3983091775334024,GPC1,0.8586138069861137,0
RPL10L,0.8586138069861137,0.2947120863014591,0.04778382303823007,0.5398776331965077,-0.09502876333501048,0.39587409688165404,GPIHBP1,0.8586138069861137,0
ASB9,0.8615473284021535,0.29620219422911953,0.04324786217995405,0.5355595912132959,-0.09581536025775031,0.399220189991847,GPN2,0.8615473284021535,0
THOC3,0.8625058227228083,0.2970154655927113,0.04922715312598244,0.5332071036959458,-0.09426729988032254,0.3985854736550977,GPR108,0.8625058227228083,0
NUDT1,0.864902713206484,0.2983259498721187,0.04582307120524297,0.5294225638839927,-0.0958292347094737,0.40267696607565817,GPR110,0.864902713206484,0
NCLN,0.867488829485447,0.29970449745543204,0.04559329100949533,0.5254496372748728,-0.09382011181507331,0.40231871676644004,GPS2,0.867488829485447,0
FNDC1,0.8680222304455284,0.3003756119937695,0.04490801638845495,0.5235185122771868,-0.09755225909611673,0.4083860997282133,GPT,0.8680222304455284,0
USP34,0.8684041069962712,0.3020813005657371,0.04814512774579666,0.518619171074466,-0.08581780376453241,0.39615955662114805,GRB7,0.8684041069962712,0
THUMPD2,0.8684041069962712,0.3024921036581746,0.04478401354641882,0.5174410630665971,-0.09626215304751075,0.41020640001782893,GRK1,0.8684041069962712,0
GRTP1,0.8684041069962712,0.3030619465758264,0.04744057454292199,0.515808046802484,-0.09466476159406233,0.40894128374179883,GRK7,0.8684041069962712,0
MRPL30,0.8684041069962712,0.3032624574860182,0.04296175730952799,0.5152337640689977,-0.09356568900437522,0.40774769143178463,GRTP1,0.8684041069962712,0
LARS2,0.8684041069962712,0.30378192053369146,0.04718511250693635,0.5137467615102049,-0.09601594278713381,0.41204591018543457,GSK3B,0.8684041069962712,0
ATG13,0.8684041069962712,0.30380107676872325,0.04328887629106947,0.5136919470791358,-0.09670774550434985,0.41306093695719664,GSPT2,0.8684041069962712,0
MDH1B,0.8684041069962712,0.30438543112141714,0.043455937631251995,0.5120205928324819,-0.09191841265846913,0.40731098771095303,GSTM1,0.8684041069962712,0
INTS12,0.8684041069962712,0.3045208312036154,0.04151973256716546,0.5116335296066366,-0.09353708668730648,0.4097698397224304,GTF2F2,0.8684041069962712,0
TLE6,0.8684041069962712,0.3059876828458543,0.04413206238505239,0.5074451929678161,-0.09545960765853467,0.41500929215687143,GTF3C1,0.8684041069962712,0
SNX18,0.8684041069962712,0.3061438662013427,0.04521088008685846,0.5069997645527519,-0.0918866439968442,0.41009549345739704,GTF3C2,0.8684041069962712,0
RCVRN,0.8684041069962712,0.30631637310846227,0.04316129173667958,0.5065078990321552,-0.0921169979743838,0.41071067825704355,GTF3C2.AS1,0.8684041069962712,0
ATP5G3,0.8684041069962712,0.3065289592100122,0.04981814364275964,0.5059019251404787,-0.094666169185896,0.41477320633785264,GTF3C4,0.8684041069962712,0
VPS51,0.8684041069962712,0.3074416031181224,0.047269842462628706,0.5033025533432611,-0.09323681081308488,0.414208004164381,GTPBP10,0.8684041069962712,0
PIGU,0.8684041069962712,0.3074874049452544,0.04142727310913629,0.5031721914105373,-0.09064749903785287,0.41052215897805927,GTPBP3,0.8684041069962712,0
HERC4,0.8684041069962712,0.30781345800428683,0.04299183813702893,0.5022444208085919,-0.09262423234359415,0.4139329753381824,GTPBP6,0.8684041069962712,0
ARRDC1,0.8690098159802269,0.30886238224916085,0.04039987247284829,0.499262677573115,-0.08877098741288626,0.41003307091051683,GUCY1A2,0.8690098159802269,0
IPO9.AS1,0.8690098159802269,0.30900292951848785,0.04215832064601455,0.49886348626838856,-0.09448736150337314,0.4187517608689723,GYS2,0.8690098159802269,0
ETFA,0.8705588735265314,0.31004199926491727,0.04542222918057176,0.495914715973213,-0.08821260074855686,0.41109285987913746,H2AFX,0.8705588735265314,0
WDR34,0.8740750548673049,0.31180827157294777,0.034701603319693505,0.49091209051099205,-0.08737737163002257,0.41266209282524535,H2AFY2,0.8740750548673049,0
DNAJC9,0.8740750548673049,0.3124323722325173,0.042468302986478045,0.4891473882892559,-0.09222075102927536,0.4211236260776655,H3F3C,0.8740750548673049,0
PPIH,0.8740750548673049,0.3127649383092207,0.0420447774938774,0.4882076496824979,-0.09209824563569376,0.42150154457519,HADHB,0.8740750548673049,0
RAD23B,0.874264409917516,0.3139070561635755,0.05045568246126958,0.48498362113768806,-0.09511941616949596,0.4284089357118359,HARS2,0.874264409917516,0
EXOC8,0.874264409917516,0.31488090832663695,0.0419322822527419,0.4822385626386965,-0.08931545198419592,0.4206156759998213,HBQ1,0.874264409917516,0
IGBP1P1,0.874264409917516,0.31488727323249394,0.03989448008559348,0.48222063345789623,-0.09385076358321907,0.42807646880793493,HCN1,0.874264409917516,0
ARHGEF25,0.874264409917516,0.3150453325916266,0.0441000149097421,0.48177544883563145,-0.09035556537483687,0.42258545314378443,HDAC10,0.874264409917516,0
UBE2E2,0.874264409917516,0.3158235549876005,0.04235195094158062,0.47958492497996846,-0.09288061583148448,0.42812197612016784,HDAC4,0.874264409917516,0
SP100,0.874264409917516,0.315914209502223,0.04559215016957136,0.4793299025010536,-0.09088718805367647,0.4249403757667201,HDAC6,0.874264409917516,0
IDH3G,0.874264409917516,0.3165604262906165,0.03891928977932498,0.47751291633444215,-0.08595488407032688,0.41798613460781564,HDGFL1,0.874264409917516,0
NDC1,0.874264409917516,0.3167553610806031,0.04175499465057239,0.4769651225455946,-0.0898859368817998,0.4247213565456577,HDX,0.874264409917516,0
MLXIPL,0.8750096701575703,0.3177958253358959,0.037356872002882194,0.47404369019966724,-0.08951518820902697,0.42588206976347404,HEATR6,0.8750096701575703,0
SLC30A6,0.8750096701575703,0.3187155470099766,0.0442770039975277,0.4714646492581038,-0.09305336827877357,0.4336173407563089,HECTD1,0.8750096701575703,0
SERF1A,0.8750096701575703,0.31896020707373507,0.03994848835865932,0.4707791137564603,-0.09092201375648305,0.43032027388257377,HECTD2,0.8750096701575703,0
RPS13,0.8750096701575703,0.31898838227841875,0.044450903721380296,0.47070018128680796,-0.0911831911488376,0.4308194860033614,HERC4,0.8750096701575703,0
BTF3L4,0.8752467746625409,0.3195657040411184,0.04043596653207504,0.4690834671177051,-0.08896639439870246,0.42796127239783555,HEXA.AS1,0.8752467746625409,0
TMPO.AS1,0.8760034309391334,0.32033327928901567,0.04037321683698468,0.46693587092403105,-0.08934900913195873,0.4299599926250793,HIATL1,0.8760034309391334,0
DPF3,0.8767952477533185,0.32131353033535104,0.0387705198607797,0.46419635900590983,-0.08483706975415814,0.4237613655052451,HIF3A,0.8767952477533185,0
OTUD6A,0.8767952477533185,0.3219430227403751,0.045226253670663207,0.4624389519534048,-0.08923865435726303,0.432584579393256,HIPK1.AS1,0.8767952477533185,0
RNF222,0.8767952477533185,0.32209808596658646,0.03997581102095776,0.462006268428878,-0.08956180250313178,0.433441791914829,HK2,0.8767952477533185,0
ARPP21,0.8776714257853924,0.3231951192620752,0.04117380359180125,0.45894760711620664,-0.08954014813029487,0.43534946208737524,HLA.F,0.8776714257853924,0
MTMR6,0.8776714257853924,0.32340444573247495,0.04499261484525417,0.45836446845629036,-0.09025263438721137,0.4370440172969392,HMG20B,0.8776714257853924,0
SRSF10,0.8786229422464934,0.3248880791566137,0.03777505143905269,0.45423583787614513,-0.08974078192660329,0.4387781574688933,HMGN5,0.8786229422464934,0
ECHDC1,0.8786229422464934,0.32520649582803846,0.040426050052019824,0.45335076486037085,-0.08924439681123136,0.4384098861600224,HMGXB4,0.8786229422464934,0
TBL1Y,0.8786229422464934,0.32563308787771217,0.036775807197041245,0.4521655636019239,-0.08776858866628347,0.43635959833521704,HMHB1,0.8786229422464934,0
URM1,0.8786229422464934,0.32572617208352894,0.03817644724667209,0.4519070321629214,-0.09081882122986872,0.4423696202936635,HNRNPA3,0.8786229422464934,0
CRKL,0.879015388823958,0.3263646592268425,0.035051612356169055,0.45013451586153863,-0.08699011701105365,0.43616249274866253,HNRNPA3P1,0.879015388823958,0
C17orf64,0.8804412128178276,0.3273878430163879,0.04356723705975603,0.4472969821372024,-0.08809770707429838,0.4401270019549893,HNRNPC,0.8804412128178276,0
PRRC2B,0.8809371230636562,0.32898724371368615,0.03820716629531633,0.4428686614861788,-0.08483005663232765,0.4365341957252548,HNRNPCL1,0.8809371230636562,0
DDB2,0.8809371230636562,0.3291079467493858,0.03722064984662555,0.44253482006025463,-0.0881559106881669,0.44336159192882185,HNRNPDL,0.8809371230636562,0
SF3B1,0.8809371230636562,0.3296086264605984,0.037286317979275514,0.4411505625369988,-0.07943553746368072,0.4273639060760659,HNRNPF,0.8809371230636562,0
CAPNS2,0.8809371230636562,0.33089451601512143,0.03485277832400869,0.4375992568847524,-0.08539129543324123,0.4409877353291246,HNRNPH1,0.8809371230636562,0
CDC42BPA,0.8809371230636562,0.3325294123351782,0.03962511637203786,0.43309203800836726,-0.08624636537488044,0.44569060230352053,HNRNPH2,0.8809371230636562,0
SIKE1,0.8809371230636562,0.3325599164545187,0.03885551322962218,0.43300802562123564,-0.0865258091685481,0.44632793243881025,HNRNPK,0.8809371230636562,0
STK4.AS1,0.8809371230636562,0.3326572536358299,0.038817886246933886,0.4327399665750825,-0.08795578228301183,0.44951899042164223,HNRNPKP3,0.8809371230636562,0
DDX18,0.8809371230636562,0.3328026288063831,0.040871400828566724,0.4323396725747885,-0.08921885340024341,0.45246241727982556,HNRNPLL,0.8809371230636562,0
RALYL,0.8809371230636562,0.33298581734614957,0.04088512546473782,0.43183535727606387,-0.08842276023746677,0.4511245973269735,HNRNPR,0.8809371230636562,0
ZNF658,0.8809371230636562,0.3330565509451826,0.03606624439233143,0.43164065816341196,-0.08634057860295476,0.4468533034573962,HNRNPU,0.8809371230636562,0
PTP4A3,0.8809371230636562,0.33395662940070264,0.035604456510080734,0.4291645567480973,-0.08680910431202217,0.44951504329856484,HNRNPU.AS1,0.8809371230636562,0
RPL31,0.8809371230636562,0.334141214718163,0.03835742967876425,0.42865709127917556,-0.08586063594440052,0.4478133169152546,HNRNPUL2,0.8809371230636562,0
RPS25,0.8809371230636562,0.334337593671891,0.03406994050565371,0.42811732380087925,-0.08284774282252232,0.4417515322518931,HNRNPUL2.BSCL2,0.8809371230636562,0
SUPT5H,0.8809371230636562,0.3344893058407713,0.0382331233159572,0.4277004129890312,-0.08668194683584361,0.45022652272401975,HPCA,0.8809371230636562,0
UBE2D4,0.8820678991236088,0.3354133682590055,0.040563992128220226,0.42516265733536374,-0.08683120953288263,0.45227814165287145,HPS3,0.8820678991236088,0
SERF2.C15ORF63,0.8825635994323121,0.33609685026053837,0.036985646203791266,0.42328737114422205,-0.08648653077582195,0.4528088296227533,HSP90AB1,0.8825635994323121,0
RTKN,0.8835824211895724,0.33722153792352816,0.03767907674976467,0.42020477474076584,-0.08745011344838784,0.457095536785249,HSP90AB4P,0.8835824211895724,0
POLA1,0.8835824211895724,0.3374759555973633,0.037051774783073234,0.41950800994494386,-0.0812139797137178,0.44365011698063067,HSPA1A,0.8835824211895724,0
PTMS,0.8841877368006111,0.3385607692186716,0.037599179653534404,0.4165393503596589,-0.08310304288305338,0.4497889054860827,HSPA4L,0.8841877368006111,0
DNPH1,0.8841877368006111,0.33869894797241584,0.037643985616727306,0.4161614798934738,-0.0852495384303819,0.45493000180005616,HSPA6,0.8841877368006111,0
RPN2,0.886208283276861,0.33996997518865557,0.0332391900804581,0.41268844607018046,-0.08522128598313826,0.45727280710399654,HSPA9,0.886208283276861,0
RPSA,0.8883369531357318,0.3412848081312262,0.03276316728583031,0.409100949874064,-0.0826517514841874,0.45371132790669344,HSPB1,0.8883369531357318,0
RYK,0.8885756923156228,0.3418748877894096,0.03102285469588479,0.4074926435238795,-0.0808632249935754,0.45057127088294313,HTATSF1P2,0.8885756923156228,0
LINC00658,0.8894604512084161,0.34278769809534804,0.03659945685659912,0.40500678571709714,-0.07933653017362233,0.44857318168866717,IBA57,0.8894604512084161,0
IPO9,0.8894604512084161,0.34357564000346624,0.03658591025234677,0.402862995550174,-0.08378607075458595,0.46073178368880713,ICAM4,0.8894604512084161,0
ARIH2,0.8894604512084161,0.34371186252529373,0.03855743662033057,0.40249255670986933,-0.0873180864408326,0.46960770971178306,IDH3G,0.8894604512084161,0
ARID4B,0.8903636713392551,0.3447939913500744,0.03769558556104378,0.39955181100653664,-0.08554186809050733,0.4674340429610813,IDUA,0.8903636713392551,0
HPS3,0.8903636713392551,0.34505961687909437,0.0377996043126554,0.3988304881246967,-0.0842728308184254,0.46480148772510793,IFNB1,0.8903636713392551,0
WASF1,0.8999796593163233,0.34929103995899924,0.03622187960146624,0.3873674646498015,-0.08035832112752324,0.4628909103994893,IGBP1P1,0.8999796593163233,0
ARL6IP4,0.900465986802338,0.3502159534463185,0.03319802708950664,0.3848686759339327,-0.08385586233510971,0.4739991150384587,IKBIP,0.900465986802338,0
MLH1,0.900465986802338,0.3507114630709646,0.0318077049753401,0.3835309743060636,-0.08254456376735819,0.47148258486513783,IKBKE,0.900465986802338,0
WNK2,0.900465986802338,0.3509948742723639,0.032155690598843045,0.3827661726694118,-0.07738471532639565,0.4581451608728419,IKZF2,0.900465986802338,0
PSMG1,0.903152561714994,0.3525486163508894,0.03212479149064895,0.3785772749427757,-0.08064919139352053,0.46993425281852996,IL10RB,0.903152561714994,0
MAML2,0.9038474402696645,0.35384371096265155,0.029999375901826126,0.37509076958783905,-0.07871154230473199,0.4670336722334835,IL17A,0.9038474402696645,0
RING1,0.9038474402696645,0.3541068846962645,0.031229544026202254,0.37438284241425984,-0.0841999150654876,0.4829845865917176,IL6ST,0.9038474402696645,0
UBE3B,0.9038474402696645,0.35482550082689934,0.035744974705350395,0.3724507478188403,-0.08060522977224005,0.47431339175368475,ILF3,0.9038474402696645,0
ZC3H7B,0.9038474402696645,0.35484756488433267,0.03696788620239843,0.372391447733178,-0.08337448699033106,0.4822334377662594,ILF3.AS1,0.9038474402696645,0
EXOSC2,0.9068355826916309,0.35652930087876233,0.034420209108460505,0.3678753968273692,-0.08081010806031214,0.47834693228938874,ILKAP,0.9068355826916309,0
FYTTD1,0.9078567127663331,0.3575629988523983,0.03213274051331603,0.3651032834648713,-0.08106384049028144,0.48121156190615844,IMP3,0.9078567127663331,0
PRPF3,0.9078567127663331,0.35794911333411783,0.03181913380329953,0.36406854444447206,-0.07909519807746436,0.4761462287404222,IMPDH1,0.9078567127663331,0
HIATL1,0.9079727535918206,0.35892757101842987,0.030115501681510285,0.3614481423964037,-0.0785523508831913,0.4764648852682495,INPP4B,0.9079727535918206,0
SAP30L,0.9079727535918206,0.36065406726325633,0.03016619852801848,0.356830462237752,-0.07452799781042763,0.4675134650487646,INPP5E,0.9079727535918206,0
SARS2,0.9079727535918206,0.3608265757134941,0.031035283914036798,0.35636949168997895,-0.08133137995181786,0.4888802746090298,INPPL1,0.9079727535918206,0
MTFMT,0.9079727535918206,0.3609934727975317,0.031161770833758082,0.3559235877581257,-0.08075466584358307,0.48746372145275885,INS,0.9079727535918206,0
BAGE,0.9079727535918206,0.3610104151376574,0.03749477390935576,0.35587832636316397,-0.0813168425175275,0.4892282775980128,INTS12,0.9079727535918206,0
DNAJC12,0.9079727535918206,0.3610502985398771,0.02913751611887807,0.3557717808920251,-0.07708089697852931,0.47614768658929213,INTS4,0.9079727535918206,0
RANGAP1,0.9090577769854975,0.3619915993604617,0.029626753350514973,0.3532583377877537,-0.0805997268660611,0.48910893488626717,INTS6.AS1,0.9090577769854975,0
RPP14,0.9096479535306505,0.3629614784396911,0.028677038018802014,0.3506709200524612,-0.0788559998263923,0.48564107312198984,INTS9,0.9096479535306505,0
SMG7.AS1,0.9096479535306505,0.3641348538384355,0.029868523748421725,0.34754375681576405,-0.07576405733109723,0.47802394189142355,IP6K2,0.9096479535306505,0
SRSF11,0.9096479535306505,0.36456377576599064,0.03286031856136206,0.3464014870425813,-0.08079717377936615,0.49530005429959323,IPO5P1,0.9096479535306505,0
NPM1,0.9096479535306505,0.36468204085429035,0.030260861976889538,0.3460866127605933,-0.07487133049319626,0.47617916681482436,IPO8,0.9096479535306505,0
SFT2D1,0.9096479535306505,0.36486176207730203,0.032316066661398316,0.34560818064629534,-0.07852933394814075,0.48857292408223163,IPO9,0.9096479535306505,0
MAPK3,0.9096479535306505,0.36528768072234763,0.032133321326264466,0.34447466743805805,-0.08009120219509769,0.4945974741735572,IPO9.AS1,0.9096479535306505,0
AFM,0.9101445679906608,0.3659975632357284,0.028897990618305915,0.3425864139239363,-0.07930098445892558,0.4935500391899588,IQSEC2,0.9101445679906608,0
IL17A,0.915510972633152,0.36866902880011393,0.02735458550833679,0.33549132719740793,-0.07554035622706247,0.4864117983167516,IRAK1BP1,0.915510972633152,0
SERINC4,0.9167188883803647,0.36966959099578367,0.030184496084132362,0.3328383209973522,-0.07899720346100135,0.5006034269845432,IREB2,0.9167188883803647,0
ZBTB11.AS1,0.9180158191116389,0.37088648517734485,0.02866732019810966,0.32961486269597756,-0.07679523482782334,0.4955334196480835,IRF1,0.9180158191116389,0
TMX4,0.9180158191116389,0.3712223250586044,0.033003441774929726,0.3287258536663748,-0.07657260202139227,0.4954620961485998,IRF2BP1,0.9180158191116389,0
ZNF664.FAM101A,0.9195361066382827,0.3723528149146607,0.030100544920913862,0.32573521517254,-0.0755500424034815,0.4941843129293301,IRF2BPL,0.9195361066382827,0
HDX,0.9207087173050102,0.37334402838559866,0.025059110426079324,0.3231154218111631,-0.0767169025961926,0.5006422115058707,ISX,0.9207087173050102,0
PUM2,0.9223530353725321,0.37468537145703035,0.02960197437024321,0.319573757924345,-0.07736346804522293,0.5060599593706386,ITGA5,0.9223530353725321,0
NT5C3A,0.9223530353725321,0.37601750298289643,0.027725830897107614,0.31606038328359837,-0.0763529136825369,0.5052784110603276,ITGA6,0.9223530353725321,0
ITGAM,0.9223530353725321,0.3761825684829197,0.025941611228745994,0.3156253108856398,-0.07390843414119168,0.4962080437950053,ITGAM,0.9223530353725321,0
EGLN2,0.9223530353725321,0.37635907650555367,0.0261589286052773,0.31516014494792766,-0.07713752605363057,0.5090522541233782,ITGB2.AS1,0.9223530353725321,0
ARHGAP31,0.9223530353725321,0.3770985709031997,0.02677814247546575,0.31321203589321045,-0.07849076043422691,0.5159142514444846,ITM2C,0.9223530353725321,0
RNF41,0.9223530353725321,0.3771146173788984,0.02818784241622192,0.3131697765974541,-0.07500646198108227,0.5025376517785767,IVD,0.9223530353725321,0
ATN1,0.930619574169113,0.38142720994945933,0.02860658136309142,0.3018323256762414,-0.07643224771330553,0.5182298279812012,IYD,0.930619574169113,0
RPL18A,0.930619574169113,0.3822522285784187,0.025045763096339213,0.2996678830017481,-0.07736319745090858,0.5240038326269516,JAK2,0.930619574169113,0
MGAT2,0.930619574169113,0.38250386482659837,0.025528776174164217,0.29900799345369045,-0.0745007395212931,0.5128102736040135,KANTR,0.930619574169113,0
PDS5B,0.930619574169113,0.3828641340861386,0.028047717969035744,0.29806345204699086,-0.07436212770680654,0.5130680935839385,KAT2A,0.930619574169113,0
NAT14,0.930619574169113,0.38356875726573647,0.026059056786229072,0.29621686386872237,-0.07425265402311897,0.5142629566085544,KAT6A,0.930619574169113,0
MTERF,0.930619574169113,0.3836261284432406,0.026686577322801892,0.2960665572642442,-0.07378748317017927,0.5124049473919041,KBTBD3,0.930619574169113,0
SEMA4F,0.9311053828601932,0.38558327166438755,0.02537762637538501,0.29094302654014526,-0.07464787733046516,0.5207892604023243,KCNA1,0.9311053828601932,0
LAT,0.9311053828601932,0.38563709491450504,0.024477659328523974,0.29080223328547594,-0.07062959323617636,0.5030704250830966,KCTD19,0.9311053828601932,0
HNRNPA3,0.9311053828601932,0.3857069271858738,0.02673932551857311,0.2906195715199101,-0.07439688784292534,0.5199957793853646,KCTD20,0.9311053828601932,0
DYRK1B,0.9311053828601932,0.38591524281193645,0.025845535749589803,0.2900747335206337,-0.07272060400276792,0.5130858281574702,KCTD21,0.9311053828601932,0
MLLT10P1,0.9329623460836631,0.387708590358921,0.02567882224423446,0.28538787715270536,-0.07539351364857487,0.5293192044272638,KDM1B,0.9329623460836631,0
EIF3E,0.9329623460836631,0.3877314068693182,0.025389538106860607,0.2853282875647073,-0.07440010691805413,0.5249761412305336,KDM2B,0.9329623460836631,0
CBL,0.9330793355483832,0.3883033465938869,0.027131074847899457,0.28383489063512396,-0.07386689524942804,0.5239913995319729,KDM3A,0.9330793355483832,0
IYD,0.9342996510489365,0.38938087197997695,0.02310104623985796,0.28102307223340117,-0.07267314102196362,0.5211538387085248,KDM4A,0.9342996510489365,0
CUL2,0.9342996510489365,0.39018576864839255,0.024085185697407214,0.27892413408661204,-0.07133117145270522,0.5167499794351548,KDM4D,0.9342996510489365,0
SIL1,0.9342996510489365,0.3903831968768692,0.026762237110880265,0.27840948643739866,-0.07395674307347602,0.529606701455747,KDM5B,0.9342996510489365,0
MAST4,0.9383862863204709,0.3934789697050759,0.02454798340122248,0.2703491076789314,-0.0741096451355507,0.5383152268865711,KHDRBS2,0.9383862863204709,0
ZZZ3,0.9383862863204709,0.39392729050048186,0.022484918513188627,0.26918329572716293,-0.07307662479867988,0.5345133872602031,KHSRP,0.9383862863204709,0
FGD5P1,0.9383862863204709,0.39416848821526235,0.02162721011864747,0.2685562375635222,-0.07106798110402011,0.5251664327280666,KIAA0020,0.9383862863204709,0
RAB6A,0.9383862863204709,0.39419592173529594,0.025782716384587834,0.2684849234686126,-0.07120478927018616,0.5259243436410566,KIAA0101,0.9383862863204709,0
SMCR9,0.9391259458386235,0.3950333479410923,0.02424709703961992,0.26630866966519406,-0.06817171809759541,0.5123400778823941,KIAA0195,0.9391259458386235,0
VAMP3,0.9393689169923636,0.39566239857614416,0.021655494735875032,0.26467476062343054,-0.07264709429916721,0.5369229808603824,KIAA0196,0.9393689169923636,0
LARP1B,0.9424765130035841,0.39797237541040464,0.021907428068725556,0.25868080696996965,-0.07152168569393158,0.5372518719472509,KIAA0226,0.9424765130035841,0
AP1M2,0.9424765130035841,0.39802849932232126,0.023689127102002088,0.25853529259900987,-0.0711351153919006,0.5353691609546898,KIAA0226L,0.9424765130035841,0
RIC8B,0.9437639017730037,0.399101504170973,0.023360740805135012,0.25575432639858603,-0.07130732614192224,0.5391137981063201,KIAA0319,0.9437639017730037,0
CCNL1,0.9466205034209112,0.4020087400932718,0.02227387658081616,0.2482293559400809,-0.07034239797744057,0.5416684442818014,KIAA0355,0.9466205034209112,0
NUP210,0.9466205034209112,0.4035213508402934,0.02252236737894218,0.24431976138122247,-0.07028624066366602,0.5454836457941934,KIAA0391,0.9466205034209112,0
C19orf10,0.9466205034209112,0.40368071286274954,0.021008511156136386,0.243908082318613,-0.0708068828564156,0.5488717848219193,KIAA0513,0.9466205034209112,0
MBD3,0.9466205034209112,0.4038599446604346,0.023364101826454795,0.24344512320785577,-0.07064183800425859,0.5484411134619813,KIAA0930,0.9466205034209112,0
HNRNPKP3,0.9466205034209112,0.4039953743430303,0.021490060420440663,0.24309534043508613,-0.06847695537074969,0.5362783391486314,KIAA1024,0.9466205034209112,0
RNF115,0.9466205034209112,0.40405632362037014,0.020525177723166105,0.24293793261445742,-0.07030209236848062,0.5470553985417372,KIAA1210,0.9466205034209112,0
TRABD,0.9466205034209112,0.4044209296934594,0.018869164821409892,0.24199642536385768,-0.06821022209304693,0.5358251076236928,KIAA1430,0.9466205034209112,0
ADD2,0.9466205034209112,0.4050120126538913,0.02150184865776226,0.24047055193490535,-0.06836039238160638,0.538301297137701,KIF5C,0.9466205034209112,0
CASP3,0.9466205034209112,0.4050877420696328,0.01951518084171556,0.24027509794996213,-0.06901646303832089,0.5424166479631574,KLC2,0.9466205034209112,0
MAPK15,0.9528014939348849,0.40826715724411217,0.020105035777851336,0.23207736891550457,-0.06795910489442639,0.544737264958443,KLF14,0.9528014939348849,0
ACBD4,0.9549378136758006,0.41010543541318095,0.019393318486006252,0.22734474504825372,-0.06975144626123836,0.5611771720590928,KLF3.AS1,0.9549378136758006,0
PDCD4.AS1,0.9549378136758006,0.410964937218837,0.0173529302727656,0.22513372272893523,-0.06630625055888761,0.5415031492826486,KLHDC2,0.9549378136758006,0
EXD1,0.9549378136758006,0.41103341155910966,0.020562159214112908,0.22495762367967342,-0.06754564634716055,0.5498981342493194,KLHDC4,0.9549378136758006,0
XPO4,0.9549378136758006,0.41132486870612156,0.020467053678254774,0.2242081461139008,-0.06729694147557413,0.5490987490194192,KLHL13,0.9549378136758006,0
KIAA0930,0.9550682638987777,0.41213602670005883,0.01948622882206403,0.22212292801664835,-0.06853671076111119,0.5595697915394815,KMT2E.AS1,0.9550682638987777,0
CNOT11,0.9550682638987777,0.4129896681951587,0.01943985661004478,0.21992954245965374,-0.0665115801740937,0.5485893994902501,KPNA2,0.9550682638987777,0
ATP6V1G2,0.9550682638987777,0.4133195954982452,0.01887109381226362,0.2190820964475624,-0.06844899853697756,0.5625535878741713,KPNA5,0.9550682638987777,0
TMEM249,0.9550682638987777,0.4142026022044885,0.01833503003696884,0.21681479243738996,-0.06678675760491118,0.5540070449265854,KPNA7,0.9550682638987777,0
WWTR1,0.9550682638987777,0.4144940581468133,0.019077117272773225,0.21606666391745846,-0.06664642653890535,0.5538940436179332,KPRP,0.9550682638987777,0
RBMS1,0.9550682638987777,0.4145949726627336,0.01873987450677378,0.21580765805377705,-0.066729249249901,0.5547650786536582,KRBA1,0.9550682638987777,0
STARD7.AS1,0.9565651820193365,0.41618681391131906,0.016235082468135816,0.21172396434832502,-0.06482676780889858,0.5457940459399875,KTN1.AS1,0.9565651820193365,0
RAB5C,0.9565651820193365,0.41678700776749406,0.01809337810645571,0.2101851538598698,-0.06593093547389536,0.555626582115548,KY,0.9565651820193365,0
CHTOP,0.9565651820193365,0.4168542604761775,0.019389400329381842,0.2100127587210409,-0.06746119151399778,0.5667250073217271,L3MBTL3,0.9565651820193365,0
MAP4K5,0.9566788249059969,0.4181443697139925,0.0177448056254784,0.2067069044900436,-0.06620942153270713,0.5617806623890231,LAMP2,0.9566788249059969,0
TAPBPL,0.9566788249059969,0.41838863610933463,0.018783042148112543,0.2060812371102839,-0.06705185361042296,0.5686434514748985,LARGE,0.9566788249059969,0
SEC31B,0.9566788249059969,0.41873954696803845,0.016645391913861184,0.20518255036945082,-0.06380408521496848,0.545385832666729,LARP1B,0.9566788249059969,0
SMCO2,0.9566788249059969,0.4190500068713312,0.019857806295894717,0.20438759730759928,-0.06560247452485261,0.5600685589704792,LARP6,0.9566788249059969,0
RCSD1,0.9576983400681273,0.42019752446437464,0.017341652851321457,0.20145042066526367,-0.06481992124625786,0.557614718822507,LARS,0.9576983400681273,0
YTHDF3.AS1,0.9576983400681273,0.4205708358235242,0.018056920982406018,0.20049527215319626,-0.06670499647685335,0.5730955170111033,LARS2,0.9576983400681273,0
TMC1,0.9593792312490843,0.42184706522674265,0.018500489205087355,0.19723130900427568,-0.06535046606720944,0.5669077446767075,LASP1,0.9593792312490843,0
OSBP2,0.9610784186111604,0.42336295859698925,0.015924300374459004,0.1933571324884923,-0.06441798585894339,0.564311728981542,LAT,0.9610784186111604,0
UBAP1L,0.9610784186111604,0.42384200407704914,0.016406656918375277,0.19213344015534617,-0.06465541429022585,0.567786784160438,LBX1,0.9610784186111604,0
NDUFA11,0.9610784186111604,0.4246826444801798,0.014591351555745828,0.18998677059321284,-0.06375747512198272,0.563053290377408,LCP2,0.9610784186111604,0
DDX43,0.9610784186111604,0.4251128583514932,0.01684636076819061,0.18888851080945182,-0.06380138270695594,0.5648052699743811,LCT,0.9610784186111604,0
INTS6.AS1,0.9610784186111604,0.4253715609834414,0.01491242505707777,0.18822819871775368,-0.06367662511010323,0.5645810335863779,LDHAL6A,0.9610784186111604,0
SLC39A8,0.9610784186111604,0.4258283514878389,0.016348614555596955,0.18706248792936186,-0.06507353013780179,0.5777921357623524,LETM2,0.9610784186111604,0
EEF2K,0.9611443588048961,0.42661323177380495,0.016338803266626113,0.18506009859324368,-0.06380729292940161,0.5697662682301026,LGALS8.AS1,0.9611443588048961,0
CALCR,0.9611443588048961,0.42816610063317545,0.017264565801733273,0.18110059385601407,-0.06440206762181408,0.5801579506907446,LIME1,0.9611443588048961,0
PITPNC1,0.9611443588048961,0.42854396308963066,0.013643480104382811,0.18013755243710255,-0.06196187491643517,0.5595531304883252,LINC00658,0.9611443588048961,0
EIF3C,0.9611443588048961,0.43008661755964417,0.014505268844628248,0.1762075817507918,-0.060947901344033585,0.5548493763241273,LMAN2L,0.9611443588048961,0
WBP2NL,0.9611443588048961,0.4304322748810461,0.013735929767583473,0.17532738230374828,-0.06301827038349028,0.5756779772288633,LRAT,0.9611443588048961,0
SF3A1,0.9611443588048961,0.43083758820017265,0.01517031153657774,0.1742954449215312,-0.06258147627749554,0.5730014087736239,LRP1,0.9611443588048961,0
MKL2,0.9611443588048961,0.43161760966048135,0.014385855580380595,0.17231001347700742,-0.06155884809489037,0.5658284473526795,LRPPRC,0.9611443588048961,0
RBM4,0.9611443588048961,0.4317398228492768,0.013262176913725525,0.1719989993476272,-0.061460218561268494,0.5652701003970207,LRR1,0.9611443588048961,0
COG3,0.9611443588048961,0.4321702195372876,0.014332098192664355,0.1709038371019547,-0.06396566695270421,0.590584246280714,LRRC42,0.9611443588048961,0
HCN1,0.9611443588048961,0.43240862778016237,0.014283291556324981,0.17029728582072887,-0.06280862480901497,0.5806743572507791,LRRC48,0.9611443588048961,0
SMARCA5.AS1,0.9611443588048961,0.4331586238722706,0.014751003115653274,0.16838957558538725,-0.06349130316162713,0.5898507163251324,LRRFIP2,0.9611443588048961,0
STK11,0.9611443588048961,0.4334106534658705,0.015673721046493148,0.16774864438017187,-0.06155260858772195,0.5719218095741065,LSM14B,0.9611443588048961,0
ARL3,0.9611443588048961,0.4335008053361179,0.01395958461945874,0.16751939780363836,-0.06274138828563432,0.5839736338774255,LSM2,0.9611443588048961,0
IPO8,0.9611443588048961,0.4341051852317639,0.013309614728157658,0.16598275126313872,-0.06228132247529263,0.581674849991933,LUC7L,0.9611443588048961,0
PSMD5,0.9611443588048961,0.4343039089819582,0.014794232853220563,0.16547757851024925,-0.06267150342673877,0.5862428054018348,MAATS1,0.9611443588048961,0
ARPC4,0.9611443588048961,0.4344825312376592,0.014350933798162355,0.16502354155479512,-0.06189980088478527,0.5792319954715346,MAEA,0.9611443588048961,0
SRPK1,0.9623223645741564,0.43613947135172915,0.01411782362031931,0.16081340312639816,-0.0613114470396719,0.5792143835908423,MAFA,0.9623223645741564,0
PPP2R5A,0.9623223645741564,0.43618008124199403,0.01495027553657976,0.16071025310815712,-0.06219701067777768,0.5885211639190218,MAMDC2,0.9623223645741564,0
TPD52L3,0.9623223645741564,0.436634208042901,0.014562560348893371,0.15955687734601087,-0.06136810083145244,0.5816355109728519,MAML2,0.9623223645741564,0
EIF1AD,0.9626622360190075,0.43861080095888666,0.013422474425165145,0.154539247927374,-0.06209993471067268,0.5969138979819759,MAN1B1.AS1,0.9626622360190075,0
GRK7,0.9626622360190075,0.43871737314477444,0.012923513808166406,0.1542688236030776,-0.05957688698111447,0.5695010607715918,MAN2A2,0.9626622360190075,0
DCAF11,0.9626622360190075,0.4389391180459363,0.011354513731210452,0.15370618749480192,-0.0600674234594879,0.575933679153301,MAN2B1,0.9626622360190075,0
CLSTN2,0.9626622360190075,0.43897209643726687,0.01271621611364492,0.15362251517572556,-0.06085175061552915,0.584871072561072,MAN2B2,0.9626622360190075,0
PARP8,0.9626622360190075,0.43955505159470654,0.012197266183781762,0.15214362658165578,-0.06116066247060148,0.5905430581857762,MAN2C1,0.9626622360190075,0
RALGDS,0.9626622360190075,0.4400278869071739,0.013884967832910268,0.15094434385942082,-0.061078564009099286,0.5914946158930469,MAP2K2,0.9626622360190075,0
UFL1,0.9635634673291987,0.44116890104720313,0.012507924045231485,0.14805120748087183,-0.06053408404724087,0.5898513685168946,MAP2K4,0.9635634673291987,0
STRIP2,0.9635634673291987,0.4415206689893188,0.012368740108219613,0.147159521840714,-0.060539598704282625,0.5913184163879972,MAP3K14.AS1,0.9635634673291987,0
RAB5B,0.9651490889741531,0.4437160180098421,0.014009479909210192,0.14159721703487393,-0.059858805157020446,0.5921159109519862,MAP3K3,0.9651490889741531,0
ZNF385A,0.9651490889741531,0.4437768250294549,0.011567247904589871,0.1414432149035156,-0.060576250190968343,0.6010162405145857,MAP3K5,0.9651490889741531,0
TACC2,0.9651490889741531,0.44404286983028407,0.012411299051414679,0.14076945933472923,-0.06016657879953952,0.5972218529788118,MAP3K7CL,0.9651490889741531,0
PHF13,0.9651490889741531,0.4445510706334733,0.01166309392472601,0.13948262385970484,-0.05954478504848692,0.5916651931656156,MAP4K1,0.9651490889741531,0
RPL23A,0.9651490889741531,0.4463089069258014,0.011642649486155553,0.13503330559604768,-0.05806747660577301,0.5794944997843372,MAP4K5,0.9651490889741531,0
KHDRBS2,0.9651490889741531,0.4465589979469849,0.01223937348522656,0.13440051130170408,-0.060053570801950805,0.6066388339992173,MAP7D2,0.9651490889741531,0
ANAPC7,0.9651490889741531,0.4471760746896543,0.011172844880884021,0.13283937912074745,-0.059865025727723994,0.6069900018854768,MAPK10,0.9651490889741531,0
ANKRD12,0.9651490889741531,0.4472088083067223,0.01175736036209419,0.1327565759734514,-0.06006184846459846,0.6096312402219914,MAPK15,0.9651490889741531,0
MARCH7,0.9651490889741531,0.4481721145145455,0.01209937141542814,0.13032019652983184,-0.05958761232764826,0.6078731856976922,MAPK3,0.9651490889741531,0
SMAD5,0.9651490889741531,0.449981703321902,0.01006368584375621,0.12574549341292282,-0.05760392456881458,0.5883065045174325,MAPKAP1,0.9651490889741531,0
TXLNB,0.9651490889741531,0.45170819207544904,0.00976390719495165,0.12138332607518038,-0.058458716061688426,0.6087015101952029,MAPKAPK2,0.9651490889741531,0
LARP6,0.9651490889741531,0.45185553369141973,0.010126343142416668,0.12101115921447397,-0.05859664924720266,0.6113955571545353,MAPKAPK3,0.9651490889741531,0
PPIA,0.9651490889741531,0.4532453645858964,0.010940716321849949,0.11750143504446474,-0.05760080198314977,0.6031564916167138,MAPKAPK5.AS1,0.9651490889741531,0
PI4KAP1,0.9651490889741531,0.45328243072278906,0.010295660384006962,0.11740785237805183,-0.05780123335433596,0.6064276712277903,MAPRE2,0.9651490889741531,0
PWWP2B,0.9651490889741531,0.4539259591588159,0.009211058803408652,0.11578326839800684,-0.05845828711802763,0.6195226776687914,MARCH7,0.9651490889741531,0
ADARB1,0.9651490889741531,0.45410999951787856,0.010324118537504841,0.11531871596979999,-0.05829626638024639,0.6180262644175974,MARCH8,0.9651490889741531,0
IMPDH1,0.9651490889741531,0.4543799420827992,0.01158212616311777,0.11463737528523608,-0.05858927257538832,0.6237612913776802,MARK2P9,0.9651490889741531,0
PSMC6,0.9651490889741531,0.4548942325580041,0.010539743677172293,0.11333944252729346,-0.05739982758416622,0.6080148198425548,MARK4,0.9651490889741531,0
CRCP,0.9651490889741531,0.45504282599453216,0.00888599308293181,0.11296446779230972,-0.055374326343155957,0.5744071591176629,MARS2,0.9651490889741531,0
RPS21,0.9651490889741531,0.4561214877723217,0.009515636130615105,0.11024294391532152,-0.05697782589409972,0.6072427692656255,MAST4,0.9651490889741531,0
SETD4,0.9651490889741531,0.4561398920198958,0.009266126761444829,0.11019651612105254,-0.05749829846456906,0.6159096475939039,MATK,0.9651490889741531,0
GATAD2A,0.9651490889741531,0.45659263431287755,0.009196782248639637,0.10905447255209236,-0.05698014625242944,0.6096778662319313,MAU2,0.9651490889741531,0
NELFE,0.9651490889741531,0.45670477827649736,0.009458820977807772,0.10877161118423562,-0.0566201373834466,0.6041118488925291,MAVS,0.9651490889741531,0
LSM14B,0.9651490889741531,0.45692894509850135,0.009239181270961457,0.10820622000476185,-0.05738544888712369,0.6181768768048237,MAX,0.9651490889741531,0
TRIM45,0.9651490889741531,0.4573271512853245,0.008950481193526049,0.10720195386060215,-0.05644584764442259,0.6042363912932542,MB,0.9651490889741531,0
ARHGEF7.AS1,0.9651490889741531,0.45915198220641057,0.008350803434535294,0.10260114410694947,-0.055739367269609846,0.6007685435907637,MBD2,0.9651490889741531,0
SUPT20H,0.9651490889741531,0.45969949838753776,0.008336819772797063,0.10122116088990901,-0.056304966732223065,0.6142359056846449,MBD3,0.9651490889741531,0
SSR2,0.9651490889741531,0.4598024938893761,0.009820828512747974,0.1009615882634071,-0.057156461203676026,0.629994626206726,MBNL1.AS1,0.9651490889741531,0
RPL6,0.9651490889741531,0.46010473432516,0.008512402112348933,0.10019991129836667,-0.05555520426132863,0.602256249296407,MBTPS2,0.9651490889741531,0
GLUD1P3,0.9651490889741531,0.46034489148266244,0.007886238725947159,0.09959473209006948,-0.05654669727410523,0.6222426654451887,MCCD1,0.9651490889741531,0
RPS12,0.9651490889741531,0.46054029873763963,0.009534075589090753,0.09910234645463863,-0.056084182548371705,0.6147592680763656,MCHR1,0.9651490889741531,0
RNF17,0.9651490889741531,0.4608052437400032,0.008253704515773121,0.0984347785539855,-0.05609060028675634,0.616360540373601,MCM3AP.AS1,0.9651490889741531,0
OPA1.AS1,0.9651490889741531,0.4612414096231796,0.008859695356534285,0.09733588997647703,-0.05534481397582149,0.604233956778615,MCMDC2,0.9651490889741531,0
ELMO3,0.9651490889741531,0.4613890221943371,0.008064093911620775,0.09696401743512047,-0.05572316139228508,0.6125564890571003,MCTP1,0.9651490889741531,0
NELFCD,0.9651490889741531,0.46151507607868275,0.008151910544260439,0.09664646718156328,-0.05526676163878859,0.6041607484184172,MDH1B,0.9651490889741531,0
UBL7.AS1,0.9651490889741531,0.46230659726492396,0.00891730513099951,0.09465271813977354,-0.056361861367450285,0.6301769741091177,MDK,0.9651490889741531,0
NDUFS3,0.9651490889741531,0.4625089950619314,0.008345899262293103,0.09414296261221355,-0.056010648018468154,0.6246366469433879,ME3,0.9651490889741531,0
SMC1A,0.9651490889741531,0.46357436909029304,0.007847527217616362,0.0914601309252317,-0.055745341690082995,0.6257509657104792,MECOM,0.9651490889741531,0
LGALS8.AS1,0.9651490889741531,0.46394481726763975,0.007394523162871313,0.09052742134793541,-0.055195333139983774,0.6166038794454343,MECR,0.9651490889741531,0
TRA2B,0.9651490889741531,0.4650279223038658,0.007327103618440138,0.08780084284903397,-0.05570108246174504,0.6338670875706534,MED25,0.9651490889741531,0
TAOK1,0.9651490889741531,0.4651331432561515,0.008318814806462715,0.0875359976985968,-0.055536735820353574,0.6311195073449505,MED30,0.9651490889741531,0
DDX24,0.9651490889741531,0.4655396842202856,0.007267421896774825,0.08651277617320617,-0.05506317829149317,0.6235357112627893,MED4.AS1,0.9651490889741531,0
PSMC5,0.9651490889741531,0.46570700857707614,0.0074555968865558314,0.0860916644894968,-0.05587557706829501,0.6418259320414403,MESP1,0.9651490889741531,0
RRAD,0.9651490889741531,0.46669124400929607,0.007589590409905929,0.08361490796937322,-0.05557377240724913,0.6420505715840588,METAP1D,0.9651490889741531,0
XPNPEP2,0.9651490889741531,0.466835948494833,0.007074875011609437,0.083250813369686,-0.054968785643750045,0.6297759576494024,METRN,0.9651490889741531,0
SYK,0.9651490889741531,0.4671473156392003,0.006899166524875748,0.08246741205897455,-0.05491735715268879,0.6306692299174281,MFGE8,0.9651490889741531,0
CD5,0.9654872229247818,0.46897479101651274,0.006438201908178419,0.07787048019695396,-0.05430425236776493,0.6285255193938143,MFNG,0.9654872229247818,0
KIAA0355,0.9654872229247818,0.470580148867519,0.005964227177864205,0.07383363705047574,-0.05382446665308204,0.62757092044798235,MFRP,0.9654872229247818,0
TRPC5,0.9654872229247818,0.4713141068946697,0.0060008404857746995,0.07198842665133168,-0.05421781896569921,0.6432872124087148,MGAT2,0.9654872229247818,0
SRSF4,0.9654872229247818,0.47178773427984555,0.005523511076276684,0.0707978322981653,-0.05347528274766868,0.6268811415094666,MIAT,0.9654872229247818,0
CTDP1,0.9654872229247818,0.47210175132998755,0.006888497183456343,0.07000851847089194,-0.05393414690684109,0.6418673944720518,MIEF2,0.9654872229247818,0
MYL2,0.9654872229247818,0.47259105932289786,0.006055451639658897,0.06877867985882975,-0.05395272556399675,0.6461957630329462,MIER2,0.9654872229247818,0
UBR7,0.9654872229247818,0.4732633796510113,0.006203770959451227,0.06708902306327293,-0.05293317878248358,0.6221790450453092,MKL2,0.9654872229247818,0
HMHB1,0.9654872229247818,0.473316683330266,0.006965198610979463,0.06695507000291495,-0.053466063482088586,0.6384068811550568,MKRN2,0.9654872229247818,0
FAM120AOS,0.9654872229247818,0.4736799903423885,0.005283852577092655,0.06604210516123657,-0.05264028360310605,0.61626599088526135,MKRN2OS,0.9654872229247818,0
SASH1,0.9654872229247818,0.47413342660532987,0.004661177939468918,0.0649027291045991,-0.052665859484916686,0.6205961945907552,MLF1,0.9654872229247818,0
ARFGEF2,0.9654872229247818,0.4741659098515537,0.005489633082071155,0.0648211097903301,-0.05277936811026734,0.6244583485158703,MLH1,0.9654872229247818,0
KDM2B,0.9654872229247818,0.4752009272092055,0.00576016059370626,0.062220687719137656,-0.05335976942583098,0.6509647920350454,MLLT10P1,0.9654872229247818,0
RANBP17,0.9654872229247818,0.4753194941916404,0.005592823806999545,0.061922822161051536,-0.05277611565082891,0.6338102533265266,MLXIP,0.9654872229247818,0
MAP3K7CL,0.9654872229247818,0.47551856561845895,0.0047470154829020615,0.06142272461848901,-0.052711589702146205,0.6333993861557761,MLXIPL,0.9654872229247818,0
TTC18,0.9654872229247818,0.47552223677497074,0.005033837108301167,0.06141350226271734,-0.05285321000077771,0.6380205564890327,MOB3B,0.9654872229247818,0
RNF103,0.9654872229247818,0.47597491247946344,0.004979227827371819,0.06027637009278401,-0.05276254938631847,0.6389988680618932,MON2,0.9654872229247818,0
PABPC1L,0.966147773659212,0.4768424233427406,0.004693413367795289,0.058097378892541345,-0.05238987418572182,0.6340587109858271,MORC1,0.966147773659212,0
KIAA0319,0.9668163820691166,0.47786243038963006,0.004128262463013249,0.055535704183999425,-0.05211441145294501,0.6334386609872646,MORC4,0.9668163820691166,0
COG4,0.9668163820691166,0.4792922290117376,0.0045495698038123715,0.05194547754868677,-0.05224567830243324,0.6521896366252335,MORF4L2.AS1,0.9668163820691166,0
BSG,0.9668163820691166,0.47935217053573687,0.004542719373622874,0.051794979248601485,-0.052018650329156965,0.6441973484077506,MPHOSPH9,0.9668163820691166,0
PCNA,0.9668163820691166,0.47997363812531085,0.0041563123394711505,0.05023469685142784,-0.052257967775345165,0.6597109370050462,MRAP,0.9668163820691166,0
TMED3,0.9668163820691166,0.4801783266231383,0.004118686690707626,0.04972082437897623,-0.05170615473207403,0.6401793286644207,MRFAP1L1,0.9668163820691166,0
SF3B4,0.9668163820691166,0.4804258634398414,0.004359408690557689,0.04909939833109437,-0.051773679121832644,0.6455347233918713,MRPL30,0.9668163820691166,0
RABGAP1L,0.9683141656024418,0.4817132164270139,0.004014787791560698,0.04586787796671513,-0.051718950201973576,0.657408315619568,MRPS17,0.9683141656024418,0
PDHX,0.9705466791467098,0.4833681722278622,0.00352231646224715,0.04171429871441252,-0.05135330037081352,0.6610091507189704,MRPS28,0.9705466791467098,0
MKRN2,0.9712243896286895,0.4854573016780881,0.0032573323998758854,0.0364720576904778,-0.05079100844466841,0.6605379118434254,MRPS6,0.9712243896286895,0
ARPC4.TTLL3,0.9712243896286895,0.48591850928532243,0.0030293036208081593,0.035314892237060344,-0.05050818363105341,0.6511499434351478,MSL2,0.9712243896286895,0
RPL38,0.9712243896286895,0.48629748880879997,0.0028420934238593985,0.03436407175814578,-0.05027997100667926,0.642828695054307,MSL3,0.9712243896286895,0
SRP72,0.9712243896286895,0.4868110027357484,0.0024873403338560077,0.03307576781912053,-0.05031235800023188,0.6524894632169851,MSR1,0.9712243896286895,0
SLC35E2,0.9712243896286895,0.4876331793836028,0.0026196155785517426,0.031013204271781357,-0.050436430898152404,0.6733443574530213,MTA3,0.9712243896286895,0
MBNL1.AS1,0.9712243896286895,0.4879969965707247,0.0025066853728987963,0.03010055249360487,-0.049884150922159046,0.6423996608423731,MTCH2,0.9712243896286895,0
LAMP2,0.9712243896286895,0.4888898391292126,0.0023661322149460735,0.027860921595904222,-0.050202103601520526,0.6802789763937634,MTERF,0.9712243896286895,0
TSPAN15,0.9712243896286895,0.4892764364178894,0.002400882439001998,0.02689121435992068,-0.05007196652697926,0.6785674901648178,MTFMT,0.9712243896286895,0
KDM3A,0.9712243896286895,0.4894902552983916,0.0022855207576690582,0.026354900485950582,-0.04971496847402817,0.6558260055884089,MTMR2,0.9712243896286895,0
NUP205,0.9712243896286895,0.48980019643775574,0.0021512012931950006,0.02557750019016225,-0.04956275006659376,0.649270951156045,MTMR4,0.9712243896286895,0
PDCD2L,0.9712243896286895,0.4906798340466353,0.0021132749895720186,0.023371259025551677,-0.04956836570490595,0.6677129772482329,MTMR6,0.9712243896286895,0
SIN3B,0.9712243896286895,0.49083971001200827,0.001977115138860703,0.022970282650225788,-0.04948569384465294,0.6639002165660404,MTOR.AS1,0.9712243896286895,0
BIRC3,0.9712243896286895,0.4914176944580941,0.0019018467647267585,0.021520701087946674,-0.04935726337062255,0.665030818384295,MX1,0.9712243896286895,0
BRDT,0.9712243896286895,0.49208072720284946,0.0018127108620966874,0.019857874469053134,-0.049248508525739636,0.6703568480382025,MYL1,0.9712243896286895,0
ARHGEF10,0.9712243896286895,0.4927642533973149,0.0015703391878941688,0.018143709612943773,-0.04898502585150897,0.6593963376413887,MYL12B,0.9712243896286895,0
POLR2B,0.9712243896286895,0.4932610786253615,0.001503131692273145,0.01689779210578266,-0.04888860946257924,0.6616537041197894,MYL2,0.9712243896286895,0
PTDSS2,0.9712243896286895,0.49419847632342184,0.0012370215030649795,0.014547095361983106,-0.04875354296231579,0.6733004131028694,MYL6B,0.9712243896286895,0
AAK1,0.9712243896286895,0.4943680269037448,0.0012118830324362702,0.014121925142497285,-0.048725595243952306,0.6752181365603143,MYO1G,0.9712243896286895,0
TMA16,0.9712243896286895,0.4946341262239491,0.0012191734529356274,0.013454651474596518,-0.048697695697661025,0.6807898072693113,MYO1H,0.9712243896286895,0
DDX51,0.9712243896286895,0.49539645560679646,0.0010395574756676866,0.011543057863826109,-0.04849587682806674,0.678839354424893,MYOC,0.9712243896286895,0
ERP44,0.9712243896286895,0.49611569873207956,8.550507241345994e-4,0.009739544859324304,-0.04828560009186608,0.6715585004431531,N4BP2,0.9712243896286895,0
MORF4L2.AS1,0.9712243896286895,0.4969353590695569,6.703849285057961e-4,0.007684272512431544,-0.048052901268859874,0.6597335891008501,N4BP2L2.IT2,0.9712243896286895,0
SMAD3,0.9712243896286895,0.4977623189031285,5.095861957251604e-4,0.005610729816969718,-0.04793051985862392,0.6811529310508566,NAA60,0.9712243896286895,0
KLHL13,0.9712243896286895,0.49827962862725506,3.650111288771211e-4,0.004313625492440538,-0.04781141988434223,0.683358231447817,NAAA,0.9712243896286895,0
SETBP1,0.9712243896286895,0.49862182665096966,2.817980351090499e-4,0.003455601024720417,-0.04769384176003004,0.6614654315521253,NACA2,0.9712243896286895,0
CHD1L,0.9712243896286895,0.499283993839447,1.4898784772673983e-4,0.001795295217755733,-0.04756577252410896,0.6770088504493772,NAP1L2,0.9712243896286895,0
KCTD19,0.9712243896286895,0.49962489534960314,7.154279353934533e-5,9.405272738402386e-4,-0.04748338165140827,0.6670821073986284,NAP1L5,0.9712243896286895,0
SPOPL,0.9712243896286895,0.5001325348147327,-2.988317874830016e-5,-3.3231417353791494e-4,-0.047371581725868354,0.6807090057062788,NAPA.AS1,0.9712243896286895,0
FXR2,0.9712243896286895,0.500273005485607,-5.601250729610179e-5,-0.00068452653686199255,-0.04734518032818599,0.6614636609972222,NARS2,0.9712243896286895,0
TNR,0.9712243896286895,0.5006069668896624,-1.2831942331689846e-4,-0.00152189275661986,-0.0472660453837063,0.6755164248266534,NAT14,0.9712243896286895,0
SCAF4,0.9712243896286895,0.5014452063732615,-3.35915606037551e-4,-0.003623678849575196,-0.047071500456869565,0.6805601294496915,NBR2,0.9712243896286895,0
BLID,0.9712243896286895,0.5020228038348673,-4.237979127984638e-4,-0.005071944749376594,-0.0469466094648516,0.6783179678662173,NCBP2.AS2,0.9712243896286895,0
ILF3,0.9712243896286895,0.5021295648545716,-4.940873397117293e-4,-0.005339638040844619,-0.0469528695118434,0.6658939842217996,NCKAP5,0.9712243896286895,0
KLC2,0.9712243896286895,0.5022259603127603,-4.72011159081914e-4,-0.005581340982940254,-0.04687916540818809,0.686876274920787,NCLN,0.9712243896286895,0
NFKB2,0.971739405105303,0.5034374719280434,-7.035248241732873e-4,-0.00861912988383916,-0.04659525939794505,0.688485116135279,NCOA4,0.971739405105303,0
GPC1,0.971739405105303,0.503618400613387,-8.136170801713421e-4,-0.00907280329289489,-0.04655995596217492,0.6870865767740533,NCOR1P1,0.971739405105303,0
P4HTM,0.971739405105303,0.5049390450200877,-0.001125510762780353,-0.01238434325493297,-0.046292133519211916,0.6821436613482592,NDC1,0.971739405105303,0
KLF14,0.971739405105303,0.5056043964478845,-0.0012343454861902796,-0.014052773339529262,-0.04610592819015468,0.6887697295821311,NDFIP2,0.971739405105303,0
PAK3,0.971739405105303,0.505637411350604,-0.001420128937555617,-0.014135562235300493,-0.04620198597874619,0.6725742341889765,NDRG2,0.971739405105303,0
GTPBP3,0.971739405105303,0.5060225645333276,-0.0013852172186168974,-0.015101388138277837,-0.04600266460113724,0.6903151607364958,NDRG4,0.971739405105303,0
TLN2,0.971739405105303,0.5063072952006878,-0.0014310149656664014,-0.015815399443606434,-0.04607393782098927,0.6714050704290637,NDST3,0.971739405105303,0
UBN2,0.9742926100647801,0.5084251227455036,-0.0018835450497454273,-0.021126495525255685,-0.045381380287525926,0.7002114454610747,NDUFA11,0.9742926100647801,0
BCL7C,0.9742926100647801,0.508949759862784,-0.002042473843654414,-0.022442268910305624,-0.045489103822911395,0.6780656074404761,NDUFAB1,0.9742926100647801,0
SHISA6,0.9742926100647801,0.5093082320044775,-0.0018673119965188013,-0.023341327996192325,-0.04536149069538447,0.6835745962570137,NDUFS2,0.9742926100647801,0
ANXA13,0.9742926100647801,0.5101257585995917,-0.002334080429869516,-0.025391781506050794,-0.04504021616167914,0.6971575302379567,NDUFS3,0.9742926100647801,0
UBE3A,0.9742926100647801,0.5109981214125395,-0.002335431301731815,-0.027579888840408743,-0.04478253746731217,0.7026749439688872,NEDD1,0.9742926100647801,0
GPIHBP1,0.9742926100647801,0.5113532207053297,-0.0023015266483351142,-0.028470605255893896,-0.04510572104460945,0.670622010722644,NEK8,0.9742926100647801,0
RBM33,0.9742926100647801,0.5115583994046816,-0.0023293172043441362,-0.02898527730349889,-0.04487348211571209,0.6864029170287944,NELFA,0.9742926100647801,0
SERP2,0.9742926100647801,0.5125692368516758,-0.0026787042890085884,-0.03152098565141055,-0.04426745529320444,0.7143962736939231,NELFCD,0.9742926100647801,0
CSNK1A1L,0.9742926100647801,0.5130232071111045,-0.002961857531697634,-0.03265984525834103,-0.044392668373316464,0.6995668302321975,NELFE,0.9742926100647801,0
CIRBP.AS1,0.9742926100647801,0.5131019410268247,-0.0030265954442342054,-0.03285736660422663,-0.044548267285182776,0.687755240278866,NELL1,0.9742926100647801,0
CFLAR.AS1,0.9751255752099207,0.5144995777415098,-0.003189051149791921,-0.036363866520641455,-0.044113551178651504,0.697951899038538,NENF,0.9751255752099207,0
RANBP1,0.9751255752099207,0.5149765280690857,-0.003077377190765275,-0.037560576957566885,-0.04388496157830003,0.7057620957264465,NFE2L2,0.9751255752099207,0
BNIP3,0.9751255752099207,0.5161790274693606,-0.0038053265691871986,-0.040577996949851966,-0.04370809538773306,0.7017857812785708,NFKB2,0.9751255752099207,0
CNPY1,0.9751255752099207,0.5163749073261312,-0.003423690753808542,-0.041069550669034956,-0.043911980466051895,0.6880784466032364,NFXL1,0.9751255752099207,0
TRIM34,0.9751255752099207,0.516613176185315,-0.0038654557016606452,-0.04166749152697976,-0.04369852247169977,0.6975412272083892,NFYC.AS1,0.9751255752099207,0
SP3,0.9751255752099207,0.5168220238773836,-0.0033931591231654624,-0.042191611588769114,-0.04372704346064972,0.6937246764174637,NHS,0.9751255752099207,0
MKRN2OS,0.9762094310447937,0.5181620625671839,-0.003484583942010963,-0.045554828649238266,-0.04347961131131939,0.6933182372728937,NINJ1,0.9762094310447937,0
ZNF208,0.9762094310447937,0.5184914925403363,-0.003957725240994409,-0.046381706576304624,-0.04316337070092724,0.7060181532700582,NIT1,0.9762094310447937,0
SUPT7L,0.9765748554621451,0.5192332938744327,-0.004253259314450099,-0.04824376461667503,-0.04335892363384923,0.6893530620348178,NMT2,0.9765748554621451,0
STK38L,0.9771801807710083,0.5208685773339552,-0.004627686279660522,-0.05234922822801537,-0.04221901961344446,0.7262870296608486,NNT.AS1,0.9771801807710083,0
VRTN,0.9771801807710083,0.5209187201376946,-0.004486910824655965,-0.05247512793359353,-0.042884527846218726,0.6972744368046871,NOM1,0.9771801807710083,0
HDAC6,0.9771801807710083,0.5212684747678121,-0.004822007203960038,-0.0533533231816529,-0.04240160116735373,0.7154234325727061,NOP10,0.9771801807710083,0
PUM1,0.9771801807710083,0.5219313759811791,-0.0050556902692495105,-0.05501790851369277,-0.04223719109689778,0.7167655621920225,NOP14.AS1,0.9771801807710083,0
ATXN1L,0.9771801807710083,0.5222954078938704,-0.004924962524427094,-0.05593207945381276,-0.042869110157333794,0.6868754242494581,NOS1,0.9771801807710083,0
ANKRD18A,0.978043620654227,0.5243689260349981,-0.00560469919571246,-0.0611400934403056,-0.04240426369514491,0.6915610430597509,NPFF,0.978043620654227,0
FAM35A,0.978043620654227,0.5258189286217139,-0.005958665712797891,-0.06478301419488162,-0.04174706996946698,0.7073022257876367,NPM1,0.978043620654227,0
SRFBP1,0.978043620654227,0.5258594318998207,-0.00567239351878333,-0.06488478492766254,-0.042048727020009564,0.6955941987213694,NRBP2,0.978043620654227,0
ADRBK2,0.978043620654227,0.5261867079481009,-0.005817009848506778,-0.06570714124750425,-0.0415518595412483,0.7120048206549902,NRDE2,0.978043620654227,0
DDX28,0.978043620654227,0.5266348572160722,-0.006200973907849221,-0.06683329160844802,-0.0410268601657046,0.7272944312253318,NSMAF,0.978043620654227,0
CCDC23,0.978043620654227,0.5271098138472594,-0.005722718221559318,-0.06802689862062064,-0.04194633962704797,0.6914990911060165,NSMCE1,0.978043620654227,0
PITRM1.AS1,0.978043620654227,0.5275160988242039,-0.0059938967992389965,-0.06904800478094827,-0.04181812125024661,0.6937956799689959,NT5C3A,0.978043620654227,0
DNMT3A,0.978043620654227,0.5280502024360871,-0.006299924319329825,-0.07039046424989194,-0.04076076690911607,0.7271171435544808,NUBP1,0.978043620654227,0
LRR1,0.978043620654227,0.5286929852130483,-0.006042760793598529,-0.07200625541163495,-0.04066051345183835,0.7264465076615705,NUCB1.AS1,0.978043620654227,0
BLVRA,0.978043620654227,0.529020595471631,-0.006591485498071573,-0.07282985578846178,-0.04076770566650848,0.7210837773026946,NUDT1,0.978043620654227,0
PAFAH1B2,0.978043620654227,0.5293954948905644,-0.007444333898296852,-0.07377240013069125,-0.04037187261602719,0.7313101194383986,NUDT22,0.978043620654227,0
UBC,0.978043620654227,0.5307093365173752,-0.006598747421220111,-0.07707608694068402,-0.04031198986861403,0.7257189832731872,NUDT6,0.978043620654227,0
ITGB2.AS1,0.978043620654227,0.5312082338349756,-0.006494931380925903,-0.07833079511699693,-0.04037498672995126,0.7210813281252003,NUGGC,0.978043620654227,0
NPFF,0.978043620654227,0.531275226512392,-0.00712323565127134,-0.07849928856538775,-0.03974348348932525,0.7392718120720921,NUMB,0.978043620654227,0
RAP2C.AS1,0.978043620654227,0.5316820453464371,-0.006880967214276552,-0.0795225277105297,-0.039750887298848216,0.736891755201361,NUP153,0.978043620654227,0
INPP4B,0.978043620654227,0.531909926678714,-0.006196734255994924,-0.08009573590904902,-0.04123940720910756,0.6896021895366595,NUP155,0.978043620654227,0
MFRP,0.978043620654227,0.5320992348559153,-0.007445210261951508,-0.08057193798408771,-0.040328516793533276,0.7177644467639275,NUP188,0.978043620654227,0
GMPS,0.978043620654227,0.5329776019080372,-0.0071113057591046455,-0.08278169912634951,-0.041550718328872034,0.6737080554474653,NUP205,0.978043620654227,0
SRRM2,0.978043620654227,0.5337642439241204,-0.007446717083640269,-0.08476104530215052,-0.03941392513189152,0.735601698509692,NUP210,0.978043620654227,0
PSMB8,0.978043620654227,0.5342453019065654,-0.007514218727255833,-0.08597164524047479,-0.039326688895966015,0.7356153120447774,NUP210L,0.978043620654227,0
SDHAF1,0.978043620654227,0.5344761600634009,-0.006027609482058305,-0.08655265289001987,-0.041065815633192726,0.6828300124015203,NUP35,0.978043620654227,0
USP40,0.978043620654227,0.5348247504979649,-0.00784041309855571,-0.0874300163948051,-0.03905087102991858,0.7401609308756691,NUP50.AS1,0.978043620654227,0
KCTD21,0.9788326323441765,0.5359951714750741,-0.008608179564447385,-0.0903763332311015,-0.038646816245508975,0.7450580421785185,NUP62CL,0.9788326323441765,0
SRCIN1,0.9788326323441765,0.5363541681437243,-0.007820700454156311,-0.09128019673118683,-0.04126189893893672,0.668183461290935,NUP98,0.9788326323441765,0
AKAP8L,0.9791599731410423,0.5370826997935723,-0.0076334137432384945,-0.09311468686333757,-0.039085745602075346,0.7289047411848069,NUPL1,0.9791599731410423,0
HADHB,0.980559412174467,0.5384002605265301,-0.008398190034301352,-0.09643319178793947,-0.03833195185982837,0.7422758064984489,NXF2,0.980559412174467,0
MAPK10,0.9806441515885852,0.5390265536952654,-0.008357453477952647,-0.09801099026288224,-0.03950200801547245,0.7094295268246436,OAZ2,0.9806441515885852,0
EIF4G3,0.9806441515885852,0.5396440769147868,-0.009279088415579867,-0.09956693410360684,-0.0381898712983575,0.740548448929857,OCIAD2,0.9806441515885852,0
KANTR,0.9806441515885852,0.5401733941810501,-0.008531420008566937,-0.10090082157571305,-0.038592250205720234,0.7285428791727857,ODF2L,0.9806441515885852,0
GAPDHS,0.9806441515885852,0.541507601158858,-0.010188110207931391,-0.10426384630777244,-0.03775081919517357,0.7434989275223756,OGDHL,0.9806441515885852,0
CMTM4,0.9806441515885852,0.5415204683255397,-0.008702797222361459,-0.10429628519356551,-0.037870595237355836,0.7406707761417933,OPA1.AS1,0.9806441515885852,0
MON2,0.9806441515885852,0.5420894099399377,-0.009721255252678142,-0.10573073088952446,-0.03720296862327908,0.7535935650675992,OSBP,0.9806441515885852,0
CTCFL,0.9806441515885852,0.54346061479654,-0.008967398481459702,-0.10918878614611416,-0.03738351059448451,0.744518134462077,OSBP2,0.9806441515885852,0
POLR2H,0.9806441515885852,0.5439107739924283,-0.009965224737315507,-0.11032433018970236,-0.037488189767504995,0.7405360866012038,OSBPL3,0.9806441515885852,0
RNF40,0.9806441515885852,0.5448038638293349,-0.009654428843703216,-0.1125776070563706,-0.03677083019243294,0.7530457103827488,OSCAR,0.9806441515885852,0
SLC25A47,0.9806441515885852,0.5449504641369792,-0.010048158133841623,-0.11294753585103838,-0.036968788298595984,0.748304105740967,OTUB2,0.9806441515885852,0
BAZ2A,0.9806441515885852,0.5452197256567546,-0.009651023265663307,-0.11362702627469476,-0.03711171330759357,0.7442640957528234,OTUD5,0.9806441515885852,0
TP53I11,0.9806441515885852,0.5454766790660743,-0.010285118901558093,-0.11427550574786022,-0.03808178864614202,0.7212590978978731,OTUD6A,0.9806441515885852,0
CAB39L,0.9806441515885852,0.5457432503426578,-0.010385327594900682,-0.11494830891755303,-0.03654353736886283,0.7545715422628985,OXCT1,0.9806441515885852,0
LIME1,0.9806441515885852,0.5462768621628349,-0.011450058021336158,-0.11629525648429388,-0.03666228633407972,0.7502810819561426,OXT,0.9806441515885852,0
SH3GLB2,0.9806441515885852,0.5466967395844384,-0.010943405420513547,-0.11735526309830739,-0.03685356793197407,0.7448148720338605,P4HTM,0.9806441515885852,0
TAF10,0.9809232439510484,0.5474024833041464,-0.011552643502095367,-0.11913725502569436,-0.03679601341669716,0.7437080641095728,PABPC1L,0.9809232439510484,0
ARMC9,0.9812262220116976,0.5481218828511782,-0.011502759994088708,-0.12095411765374854,-0.037044969943692115,0.7360068469898401,PABPC4L,0.9812262220116976,0
VAPB,0.9813792242289636,0.548757760267121,-0.011246694439855934,-0.12256037561551895,-0.03697100017548494,0.7355786526618479,PAFAH1B1,0.9813792242289636,0
MARS2,0.9823437492752958,0.5500330432091782,-0.010905066672293845,-0.12578276237801667,-0.037781985955387794,0.7135171742963102,PAFAH1B2,0.9823437492752958,0
CALCOCO2,0.9823437492752958,0.5503989935647899,-0.011942838350864203,-0.12670768629412307,-0.03525584133232208,0.7651585592091127,PAIP2B,0.9823437492752958,0
CKAP2,0.9837221304954367,0.5517230120557693,-0.01333275859442161,-0.13005499924391825,-0.035793406253438916,0.7508540810886986,PAK3,0.9837221304954367,0
PSMD4,0.9841741282007038,0.5528291136756637,-0.011277007086110766,-0.1328525037234078,-0.036596086287672296,0.7312939000451886,PAN3.AS1,0.9841741282007038,0
CERKL,0.9841741282007038,0.5544777910574458,-0.011757468987572848,-0.13702420708130916,-0.036417549516200666,0.7303806408068625,PAPD5,0.9841741282007038,0
FAF2,0.9841741282007038,0.5544998648692099,-0.012885815504145798,-0.13708007722062976,-0.03420585793516501,0.772573251417323,PAPOLB,0.9841741282007038,0
UBE4B,0.9841741282007038,0.554527410460963,-0.012507630099477163,-0.13714979736360997,-0.03588408742906394,0.7410756555700799,PARL,0.9841741282007038,0
ZYG11A,0.9841741282007038,0.5551601714072759,-0.011118595002601504,-0.13875155148958065,-0.03504720158308052,0.7555201741078547,PARP1,0.9841741282007038,0
GOSR1,0.9841741282007038,0.5565357268126785,-0.011876391281498123,-0.14223483120116992,-0.03491627739025595,0.7543025354949968,PARP8,0.9841741282007038,0
ACP2,0.9841741282007038,0.557996133915026,-0.012359273361276828,-0.1459348713130412,-0.03444999463977033,0.7590790807196848,PASD1,0.9841741282007038,0
GRB7,0.9841741282007038,0.5587217309955063,-0.013448115573584838,-0.14777396144826985,-0.034509475604145065,0.7561798135176644,PATL2,0.9841741282007038,0
USP50,0.9841741282007038,0.5593653374680432,-0.013876229242694958,-0.14940565779726425,-0.033794138548694626,0.7672435206663641,PBX1,0.9841741282007038,0
FIRRE,0.9841741282007038,0.5600235728894429,-0.013307360245860052,-0.15107485409235166,-0.03297120577183028,0.77946800418522,PBX3,0.9841741282007038,0
CNP,0.9841741282007038,0.5600518228551065,-0.013222488135003783,-0.15114650159585494,-0.03560298212305328,0.7323195110158157,PCBP1.AS1,0.9841741282007038,0
RBMS2,0.9841741282007038,0.5601934874022245,-0.013493296858156709,-0.15150580264488042,-0.033542521847209024,0.7695504922737797,PCBP2.OT1,0.9841741282007038,0
COPG2,0.9841741282007038,0.5605496779096398,-0.01488451271661112,-0.15240928836134407,-0.03300039262226565,0.7777473719686745,PCGEM1,0.9841741282007038,0
HMG20B,0.9841741282007038,0.5607343178520063,-0.014383676339879019,-0.15287768095369964,-0.032808236182592494,0.7804405900484646,PCGF6,0.9841741282007038,0
TMCO2,0.9841741282007038,0.5610039618921524,-0.013676574255784377,-0.1535617713743815,-0.033204204656816616,0.7733175895644124,PCK1,0.9841741282007038,0
STXBP4,0.9841741282007038,0.5622516578086862,-0.014959665956213224,-0.15672813413909278,-0.03399165390063956,0.7569390566719789,PCNA,0.9841741282007038,0
IL6ST,0.9841741282007038,0.5629062476625123,-0.013372850043853335,-0.15838995868979336,-0.03375328141469294,0.7595947065446271,PCNT,0.9841741282007038,0
SELM,0.9841741282007038,0.5640531225602972,-0.014337489937382594,-0.1613026192632632,-0.032832738090213184,0.7725119503733751,PDC,0.9841741282007038,0
IQSEC2,0.9841741282007038,0.5645125479524814,-0.013230915906703129,-0.1624697819062705,-0.032067957435951304,0.7837048622292764,PDCD1LG2,0.9841741282007038,0
ATRIP,0.9841741282007038,0.5647896961290056,-0.014467798302893978,-0.16317397935105896,-0.0328397805144129,0.7707838018278672,PDCD2L,0.9841741282007038,0
LSM2,0.9841741282007038,0.5653756446802143,-0.01435708303741392,-0.16466306552755222,-0.03263618569565782,0.7728323591079216,PDCD4.AS1,0.9841741282007038,0
STK25,0.9841741282007038,0.566107545051017,-0.013027465933201506,-0.16652357682260502,-0.03229191013484796,0.7767910404024648,PDCD6IP,0.9841741282007038,0
CAND1.11,0.9841741282007038,0.566352187636034,-0.015091081111308193,-0.16714559353250216,-0.031986091382064964,0.7810810761264784,PDCD6IPP2,0.9841741282007038,0
PPRC1,0.9841741282007038,0.5668182041437451,-0.014284929256715147,-0.16833064450901344,-0.031456711760781964,0.7882211438071732,PDHA2,0.9841741282007038,0
NRDE2,0.9841741282007038,0.5669761862975153,-0.01485112768350475,-0.16873243693188403,-0.03237754790116806,0.773611388109734,PDHX,0.9841741282007038,0
ACSL6,0.9841741282007038,0.5671767113322874,-0.01433549589400639,-0.1692424669847609,-0.03179703634548462,0.7823045092484586,PDIA3P1,0.9841741282007038,0
FAM78A,0.9841741282007038,0.5674092078959329,-0.014121506436210145,-0.16983387095607502,-0.03178773904304961,0.7819727177411755,PDIK1L,0.9841741282007038,0
ACAP3,0.9841741282007038,0.5675056435339627,-0.014894917736441514,-0.17007919274824698,-0.033530433902694286,0.7534102280655373,PDPN,0.9841741282007038,0
SPG20,0.9841741282007038,0.5682755412255931,-0.01507954839506541,-0.17203809768448908,-0.032310155162314926,0.7720189505090761,PDS5B,0.9841741282007038,0
ALDOB,0.9841741282007038,0.5687088942220091,-0.014559756239109238,-0.17314099853581774,-0.03161761128134412,0.7819659649019352,PEG10,0.9841741282007038,0
HNRNPF,0.9841741282007038,0.569087788095864,-0.014652822640627065,-0.17410547147693706,-0.032134851374879904,0.7731677954035757,PEX2,0.9841741282007038,0
MYL6B,0.985142429737613,0.5702002173242943,-0.01607530507054393,-0.17693809649065723,-0.031999418825881434,0.7731049457266892,PEX26,0.985142429737613,0
AKIRIN2,0.9860995826997553,0.5716104211735247,-0.014521435749982263,-0.18053100455756826,-0.03187428265635069,0.7723452174718722,PEX3,0.9860995826997553,0
EIF2D,0.9860995826997553,0.5718603300681699,-0.015852893326722687,-0.1811679629041667,-0.032849154046269126,0.7561862352447196,PFDN6,0.9860995826997553,0
CCNYL1,0.9878640285541395,0.5738218027632576,-0.016285409515323156,-0.18616986794940463,-0.031074439232800018,0.7804766398872286,PFKM,0.9878640285541395,0
SUPT6H,0.9878640285541395,0.5739916621324108,-0.016994085855382455,-0.18660323997977832,-0.031490433774773806,0.7738567040695398,PFN1P2,0.9878640285541395,0
C14orf169,0.9879667282656502,0.5746054387052604,-0.017380283380884633,-0.18816949674939945,-0.028856402344898245,0.8103128889850671,PGK2,0.9879667282656502,0
HDAC10,0.9885597643494974,0.575504787097464,-0.01667161253078869,-0.19046532187983622,-0.029590131410730827,0.7988721697669127,PHF13,0.9885597643494974,0
YEATS4,0.9886546604819761,0.5763340468863378,-0.015765173478907407,-0.1925831179842022,-0.029990838517664008,0.7918464603471584,PHF20,0.9886546604819761,0
CSAD,0.9886546604819761,0.5771071675347499,-0.015680463735086685,-0.19455832277076993,-0.030003541499892983,0.7903545319245056,PHF21A,0.9886546604819761,0
TIAM1,0.9886546604819761,0.5773427946677296,-0.015983528846831897,-0.1951604647606664,-0.029822171496669946,0.7925227477848609,PHF21B,0.9886546604819761,0
PKMYT1,0.9886546604819761,0.5780210563913981,-0.01709707616819562,-0.1968941498556715,-0.02922082096228735,0.7997321610217465,PHGDH,0.9886546604819761,0
KTN1.AS1,0.9886546604819761,0.5788360339484644,-0.01699248615166592,-0.19897807473546889,-0.03017767110941674,0.7849745120513089,PHKA2.AS1,0.9886546604819761,0
TERT,0.9886546604819761,0.5788869688969058,-0.018086268224736263,-0.1991083457363973,-0.028342751214327992,0.810039419827833,PHKG1,0.9886546604819761,0
HNRNPLL,0.9917344946701976,0.5825176636430078,-0.017230815914624283,-0.20840305417046862,-0.02771130289406918,0.8126266397143247,PI4KAP1,0.9917344946701976,0
GNB1L,0.9917344946701976,0.5831613167188621,-0.01805637438850582,-0.21005268864127516,-0.029992922571460783,0.7807279318205375,PIANP,0.9917344946701976,0
UPF3A,0.9917344946701976,0.584475538004035,-0.018502856423691406,-0.21342272206598242,-0.029571994380460653,0.7847244364647066,PIGT,0.9917344946701976,0
LBX1,0.9917344946701976,0.5847175675299999,-0.018745972623915867,-0.21404361746492262,-0.026994124962908768,0.8184515727038317,PIGU,0.9917344946701976,0
PSME4,0.9917344946701976,0.58562379973452,-0.01825124206342664,-0.21636917477152842,-0.030770460705239467,0.7655599760618248,PIK3CG,0.9917344946701976,0
CHGA,0.9917344946701976,0.5856981587490546,-0.01792833195485009,-0.21656004542519122,-0.027939888181620586,0.8050637429747165,PIK3R6,0.9917344946701976,0
SSSCA1,0.9917344946701976,0.5860577974802312,-0.018360493000331806,-0.21748330644994146,-0.029336805600494544,0.7856822919611371,PILRA,0.9917344946701976,0
SLC25A30,0.9917344946701976,0.5861302826157804,-0.017467551573275928,-0.21766941202895507,-0.02908598971002657,0.7890614230574418,PIP4K2C,0.9917344946701976,0
PPP6R1,0.9917344946701976,0.5863998261374533,-0.02041053378737393,-0.21836153127270314,-0.02625672248042087,0.8251011168531279,PIP5K1B,0.9917344946701976,0
VPS28,0.9917344946701976,0.5888722978265821,-0.019073062583670645,-0.2247151429939276,-0.02508123409237818,0.8355945057551741,PITPNA,0.9917344946701976,0
PPP1R12B,0.9917344946701976,0.588886447410077,-0.02262324598739279,-0.22475152966044648,-0.026524797697537815,0.818549538208799,PITPNA.AS1,0.9917344946701976,0
EDDM3A,0.9917344946701976,0.5896714679288617,-0.021038926384046384,-0.2267707343622801,-0.026494698603719467,0.8178889763822746,PITPNC1,0.9917344946701976,0
TRAPPC9,0.9917344946701976,0.5898597160094714,-0.02153955924401282,-0.22725507737908268,-0.025877288589788397,0.8250942901403876,PITRM1.AS1,0.9917344946701976,0
DHX9,0.9917344946701976,0.5899591828120903,-0.019521117346628713,-0.22751101681224306,-0.025091533919084915,0.8341235280678015,PKMYT1,0.9917344946701976,0
NFE2L2,0.9917344946701976,0.5910926646622225,-0.018334361574801922,-0.23042865330561987,-0.02854507178661933,0.7895294864467985,PKN2,0.9917344946701976,0
TMEM44,0.9917344946701976,0.5914195980021331,-0.018111190335363972,-0.23127055928271087,-0.027217374643093737,0.80657700424906,PLEKHA3,0.9917344946701976,0
RAB9A,0.9917344946701976,0.5915988357939908,-0.022064832476122738,-0.23173219506901077,-0.028176253049461135,0.7938213429322927,PLEKHD1,0.9917344946701976,0
PIK3R6,0.9917344946701976,0.5917025699585573,-0.01958098075594342,-0.2319993901156873,-0.02901863294514911,0.7822025288221433,PLEKHM3,0.9917344946701976,0
TRPV3,0.9917344946701976,0.5918073253941253,-0.020604189716345114,-0.23226923254717496,-0.026670251511053553,0.8129673384152916,PLS1,0.9917344946701976,0
KIAA0196,0.9917344946701976,0.5923730895123094,-0.02266586441677745,-0.2337268932600228,-0.025414691937472422,0.8274166675116135,PMS1,0.9917344946701976,0
LMAN2L,0.9917344946701976,0.5929678035457135,-0.016759872078759272,-0.23525967809907278,-0.029967189873601918,0.7670328106609008,PNKD,0.9917344946701976,0
FAM104B,0.9917344946701976,0.593381891552621,-0.019637489959990373,-0.2363272535200853,-0.025973821673539472,0.8195303661805906,POC1A,0.9917344946701976,0
ATF7,0.9917344946701976,0.5950102736735696,-0.02412113994002102,-0.24052807362694348,-0.025834336942444195,0.8192376004774572,POGLUT1,0.9917344946701976,0
GNL3,0.9917344946701976,0.5955702767168524,-0.019910266575357355,-0.24197372069459414,-0.02630768359836268,0.812787440730395,POLA1,0.9917344946701976,0
CRTC3,0.9917344946701976,0.5956259074982727,-0.021639227631853157,-0.24211735907702622,-0.028435233920324165,0.7851180395361927,POLDIP3,0.9917344946701976,0
XPO7,0.9917344946701976,0.5962705634432768,-0.021371963090124766,-0.24378222292322763,-0.02593029575963586,0.8165725664468176,POLE,0.9917344946701976,0
SSUH2,0.9917344946701976,0.597029647274502,-0.019819129844988456,-0.24574347183880746,-0.027840579211550295,0.7913630597490199,POLE4,0.9917344946701976,0
SLC38A3,0.9917344946701976,0.5970575380664194,-0.021960276429671164,-0.24581555140623226,-0.023948707476303295,0.8387030245834164,POLG2,0.9917344946701976,0
CD79A,0.9917344946701976,0.5970658071213986,-0.01905246775312379,-0.24583692178398012,-0.02731354221366388,0.7982374565156575,POLR1E,0.9917344946701976,0
NARS2,0.9917344946701976,0.5974945926586943,-0.0226918594323049,-0.24694522069799252,-0.025726856738342307,0.817602536369415,POLR2B,0.9917344946701976,0
PIK3CG,0.9917344946701976,0.5979330239879206,-0.023973177408054137,-0.24807876556063535,-0.024651257084987544,0.8297891034817244,POLR2C,0.9917344946701976,0
PARL,0.9922154198502775,0.5987794681766117,-0.02239022802485796,-0.25026811413733113,-0.026267574365459796,0.8094824647075262,POLR2D,0.9922154198502775,0
SDHAP1,0.9929383694109124,0.6001148949707009,-0.017670236890843287,-0.2537246761275213,-0.026799114850609037,0.8012458363964443,POLR2F,0.9929383694109124,0
PEG10,0.9929383694109124,0.6003295357403049,-0.022070899655489595,-0.2542805252995982,-0.024532710069080334,0.8285172693960982,POLR2H,0.9929383694109124,0
ARAP1,0.9932556791627342,0.6011548117562144,-0.02279640569761375,-0.25641845381347494,-0.025537087922022923,0.8157446822191147,POLR3D,0.9932556791627342,0
KIAA1430,0.9932556791627342,0.6016678920095075,-0.02113037553506975,-0.25774821102208656,-0.02321810067911182,0.8418614770925101,PPDPF,0.9932556791627342,0
CCDC116,0.9932556791627342,0.6021925906757799,-0.021505389802767855,-0.25910855190036786,-0.022016485778851715,0.8541163290323991,PPIA,0.9932556791627342,0
CDK13,0.9938992930963357,0.6031572284255879,-0.02087215702987048,-0.261610739807719,-0.025980286671982503,0.8081171730471446,PPIH,0.9938992930963357,0
MB,0.9938992930963357,0.603757502848002,-0.02190110038563764,-0.263168627452352,-0.025900951640095916,0.8084451937201671,PPM1B,0.9938992930963357,0
ADSSL1,0.9938992930963357,0.6046211796176306,-0.024962952192887036,-0.26541124462381444,-0.02298081351287787,0.8414951853359072,PPM1D,0.9938992930963357,0
ZC3H3,0.9938992930963357,0.6048125255241302,-0.022645793427566962,-0.2659082725708916,-0.023659936145718527,0.8337806233899324,PPM1H,0.9938992930963357,0
TRIM23,0.9940658461445147,0.6062727240118657,-0.02412248926696696,-0.2697033674760014,-0.02205212857505849,0.8498730678454508,PPM1N,0.9940658461445147,0
SETD3,0.9940658461445147,0.6064990932981492,-0.026475106958395847,-0.2702920542361641,-0.021464528274367154,0.8557797644017815,PPP1CB,0.9940658461445147,0
RPS6KA1,0.9940658461445147,0.6065864501431475,-0.024609665614097415,-0.2705192559621415,-0.0238657959033679,0.8296787514785462,PPP1CC,0.9940658461445147,0
TYMP,0.9943962515417463,0.6074458873077616,-0.024768687986184288,-0.272755267406747,-0.022015833201479276,0.84917162895241,PPP1R10,0.9943962515417463,0
PEX26,0.9943962515417463,0.6082677870849038,-0.021714476011719486,-0.2748948949021455,-0.026242356472071078,0.7994025485704392,PPP1R12A,0.9943962515417463,0
ARRDC3,0.9943962515417463,0.6097003161282263,-0.027574941737609698,-0.27862717562979744,-0.02053934392154332,0.8623535657402793,PPP1R12B,0.9943962515417463,0
HSP90AB1,0.9943962515417463,0.6107525689135312,-0.026319265715066122,-0.28137116711496196,-0.02132482486745888,0.8534541347732068,PPP1R1A,0.9943962515417463,0
APH1B,0.9943962515417463,0.6119141630863703,-0.027841999622571088,-0.2844027572543129,-0.020447774539327983,0.8614234547008746,PPP1R26,0.9943962515417463,0
CAPN10,0.9943962515417463,0.6122457203362119,-0.026905980912545285,-0.2852685519983386,-0.02011215667068697,0.8644999004061945,PPP1R8,0.9943962515417463,0
CFL1P1,0.9943962515417463,0.6123524044294908,-0.02411510697418869,-0.285547181442214,-0.02127744894184351,0.852572886900768,PPP1R9A,0.9943962515417463,0
STXBP3,0.9943962515417463,0.612539062141855,-0.027279930051216667,-0.28603473333571316,-0.020899691828125882,0.8563187889219753,PPP2CA,0.9943962515417463,0
UBE2Q1,0.9943962515417463,0.6127831540255214,-0.024139296114542082,-0.28667240662419463,-0.02405706876187375,0.8215062632226177,PPP2CB,0.9943962515417463,0
C10orf82,0.9943962515417463,0.6133401640980085,-0.026201188224293615,-0.28812799475047574,-0.02130211700178888,0.8514774424378626,PPP2R1B,0.9943962515417463,0
SRRM2.AS1,0.9943962515417463,0.6137708993917181,-0.02655290817216103,-0.2892540185020116,-0.019972603940483717,0.8646607786921825,PPP2R3A,0.9943962515417463,0
IRF2BPL,0.9943962515417463,0.614004732068878,-0.026007683480745693,-0.28986545517174206,-0.01940041951887502,0.8700846011100851,PPP2R5A,0.9943962515417463,0
UGGT2,0.9943962515417463,0.6147544438798391,-0.026712629234284076,-0.2918265698022311,-0.0218549412016246,0.844418326732152,PPP2R5B,0.9943962515417463,0
SF3A2,0.9943962515417463,0.6159301882015098,-0.025976422096982095,-0.29490437816764775,-0.018169334617317304,0.8803288694362075,PPP2R5D,0.9943962515417463,0
FLNB,0.9943962515417463,0.6171353233415362,-0.026087430585748424,-0.29806202975070234,-0.022928975530706285,0.8305502593978459,PPP2R5E,0.9943962515417463,0
HMGXB4,0.9943962515417463,0.6175676265872894,-0.025483288158860085,-0.29919545888658666,-0.019701546545246522,0.8644068435787065,PPP3CC,0.9943962515417463,0
TCP1,0.9943962515417463,0.6176313846399387,-0.027221339274429063,-0.29936265470960094,-0.020408017972897558,0.857236270366707,PPP6R1,0.9943962515417463,0
CCT8,0.9943962515417463,0.6187889930396979,-0.028307362292286434,-0.30239976961946985,-0.01809945603236772,0.8789720786621033,PPP6R2,0.9943962515417463,0
ARHGAP10,0.9943962515417463,0.619343934616762,-0.0251934356980367,-0.30385670985577873,-0.020206640127654305,0.8579685915240853,PPP6R3,0.9943962515417463,0
CASC4,0.9943962515417463,0.6194299648595433,-0.025428083255100476,-0.30408263087198356,-0.018744712436354196,0.8723950929954298,PPRC1,0.9943962515417463,0
PHKA2.AS1,0.9943962515417463,0.6207766966214958,-0.02682551463767107,-0.3076212703146215,-0.0250364179711019,0.8025405016309382,PRCD,0.9943962515417463,0
MTOR.AS1,0.9943962515417463,0.6212186890653103,-0.025470249865129087,-0.30878347765899566,-0.020699802787606716,0.8514417118678222,PRDM4,0.9943962515417463,0
PRNT,0.9943962515417463,0.6219238074079468,-0.025649683299568644,-0.3106384329795017,-0.01917822448621456,0.8663907106224272,PRDM5,0.9943962515417463,0
UROC1,0.9943962515417463,0.62223704907359,-0.031326888442287947,-0.3114628210479847,-0.016720267110199798,0.8893468505282225,PREPL,0.9943962515417463,0
ME3,0.9943962515417463,0.6226349468528246,-0.027200884792074807,-0.31251031242078553,-0.019485693210188712,0.862822671730053,PREX2,0.9943962515417463,0
DHX29,0.9943962515417463,0.6226956195851616,-0.029287630791093033,-0.3126700674097743,-0.020379231086995967,0.8536634422799607,PRKAA2,0.9943962515417463,0
PRPF8,0.9943962515417463,0.6229229711826327,-0.026775640010716382,-0.3132687690676456,-0.018032965704062046,0.8767859306640713,PRKAG2.AS1,0.9943962515417463,0
ARHGEF7,0.9943962515417463,0.6237458600840999,-0.028668996337761994,-0.31543668463634794,-0.017961058519504098,0.8769214888301757,PRKCD,0.9943962515417463,0
ADD3.AS1,0.9943962515417463,0.6237467688381417,-0.027244416346868836,-0.3154390795838597,-0.0176011365948668,0.8803100082779753,PRKCZ,0.9943962515417463,0
PHF20,0.9943962515417463,0.6238054846457645,-0.025206601394573647,-0.31559382416860043,-0.020920682888398084,0.8471463937391303,PRKX,0.9943962515417463,0
HIPK1.AS1,0.9943962515417463,0.6248812915426383,-0.027454289793497975,-0.31843044004856286,-0.023644911047294742,0.8158158464665639,PRMT6,0.9943962515417463,0
HNRNPA3P1,0.9943962515417463,0.625155863125924,-0.028753321553704157,-0.3191548222236631,-0.01856961729396114,0.8701256720058934,PRNT,0.9943962515417463,0
SSBP2,0.9943962515417463,0.6257820426167733,-0.02922946334259485,-0.32080745390187626,-0.01774776660881938,0.8776167285701639,PROSER2,0.9943962515417463,0
SRSF3,0.9943962515417463,0.6260839368325081,-0.03159055834700139,-0.3216045353717586,-0.017077564685909773,0.8836986646705088,PRPF3,0.9943962515417463,0
EIF3F,0.9943962515417463,0.6263079026816495,-0.02760512227907526,-0.3221959972727704,-0.01759925649144854,0.8786845393463542,PRPF38B,0.9943962515417463,0
TPRA1,0.9944988863130483,0.6269303130767617,-0.02953345574512703,-0.3238402878412352,-0.01639138703775208,0.8894583794079328,PRPF39,0.9944988863130483,0
NAPA.AS1,0.9993543621633596,0.6311171780025278,-0.030272324004181842,-0.3349242532349143,-0.015145385199087954,0.898197918760825,PRPF40B,0.9993543621633596,0
CAND1,0.9993543621633596,0.6311295567731072,-0.03104278634545855,-0.33495708425831766,-0.014791691682999842,0.9012702266233669,PRPF8,0.9993543621633596,0
HSPA1A,0.9993543621633596,0.6340802568093471,-0.03055584483903939,-0.34279335173299047,-0.01582988811562713,0.8904992266090959,PRPH,0.9993543621633596,0
B4GALT1.AS1,0.9993543621633596,0.6346425998749258,-0.025857569545797862,-0.3442891628160585,-0.017623850419760025,0.8733261820976514,PRR11,0.9993543621633596,0
LRRFIP2,0.9993543621633596,0.6353185021953867,-0.032455097244922196,-0.3460880585219195,-0.014023373745079929,0.9057892277701155,PRR14,0.9993543621633596,0
PRCD,0.9993543621633596,0.6356685807591944,-0.030579852970171306,-0.34702022366545604,-0.014014190827827955,0.9057012425347689,PRR15,0.9993543621633596,0
PPP1R12A,0.9993543621633596,0.6357021322761925,-0.03125707400814944,-0.3471095781796189,-0.013149526637269647,0.9129701105462392,PRRC2B,0.9993543621633596,0
CHD3,0.9993543621633596,0.6374829657201027,-0.031547002484133786,-0.3518563036662812,-0.014397067051889978,0.9015203226267111,PRRC2C,0.9993543621633596,0
HNRNPUL2.BSCL2,0.9993543621633596,0.6378684354695834,-0.029640166791418582,-0.3528847966168265,-0.01611781819995625,0.8858139157965612,PRRG1,0.9993543621633596,0
PGK2,0.9993543621633596,0.6381930263338378,-0.03117822799078037,-0.3537511451356047,-0.013890954718412734,0.9055703200933517,PSMA2,0.9993543621633596,0
SPATA13.AS1,0.9993543621633596,0.6383525940011989,-0.03043602783048499,-0.3541771362858734,-0.015066450783623812,0.8951654840492553,PSMA3,0.9993543621633596,0
CLOCK,0.9993543621633596,0.6396261376305867,-0.02765319957094895,-0.3575793769979969,-0.016413620863177405,0.8820986257047303,PSMA6,0.9993543621633596,0
PNKD,0.9993543621633596,0.6403336576946785,-0.030226402503001244,-0.3594712889093396,-0.01747339835893524,0.8715038002944625,PSMA8,0.9993543621633596,0
WI2.2373I1.2,0.9993543621633596,0.640949668340747,-0.030888226724849286,-0.3611195535198679,-0.013345152302593982,0.9090005455196436,PSMB10,0.9993543621633596,0
TSR2,0.9993543621633596,0.6413508832304803,-0.030192619985365324,-0.36219361549955975,-0.013205003284026143,0.910019146064359,PSMB3,0.9993543621633596,0
RBM24,0.9993543621633596,0.6418950950439979,-0.030574575041947605,-0.36365115270157033,-0.01620638211225888,0.8828544966794724,PSMB5,0.9993543621633596,0
SF3B2,0.9993543621633596,0.6422539954933604,-0.03497891311838277,-0.36461280224876935,-0.014317431723793154,0.8999613756312574,PSMB8,0.9993543621633596,0
ZDHHC6,0.9993543621633596,0.6431526303258674,-0.03081909824852588,-0.36702211727538264,-0.014646002889353466,0.8966089192860442,PSMB9,0.9993543621633596,0
GOSR2,0.9993543621633596,0.6432449853751052,-0.02962234346779803,-0.3672698495335233,-0.02152794261936212,0.8269801359523332,PSMC3,0.9993543621633596,0
KIAA1210,0.9993543621633596,0.6434366994430478,-0.028879839878897407,-0.3677841734875736,-0.015118172137329688,0.8921915996717759,PSMC3IP,0.9993543621633596,0
H2AFX,0.9993543621633596,0.6454225367668825,-0.03225143496750282,-0.3731174720823538,-0.014245906302880033,0.8991454386950078,PSMC5,0.9993543621633596,0
PTPN7,0.9993543621633596,0.6464445544803725,-0.033379599621122365,-0.37586640850341413,-0.012214379351219985,0.9162822139962532,PSMC6,0.9993543621633596,0
BPY2,0.9993543621633596,0.6481553798418719,-0.029678973260213064,-0.3804744245361391,-0.013173368781906366,0.9074170461041722,PSMD10,0.9993543621633596,0
KAT6A,0.9993543621633596,0.6485632132860224,-0.03450686928257947,-0.3815740930292963,-0.012597637794296535,0.9122140026148432,PSMD12,0.9993543621633596,0
DENND5B,0.9993543621633596,0.6497864475766297,-0.0330418019090282,-0.38487515952773743,-0.016267423419036378,0.8782752759687541,PSMD14,0.9993543621633596,0
MECOM,0.9993543621633596,0.6505966865339519,-0.03258842631542694,-0.38706401256034584,-0.012536227336847602,0.9119460668537215,PSMD3,0.9993543621633596,0
FAXC,0.9993543621633596,0.6510148668880869,-0.035845039679505704,-0.3881944489524178,-0.014265817006574045,0.896487000139098,PSMD4,0.9993543621633596,0
RNF43,0.9993543621633596,0.652156093746374,-0.03201752770182283,-0.3912819774643767,-0.01635545911577215,0.8762619842532665,PSMD5,0.9993543621633596,0
MARK2P9,0.9993543621633596,0.6532559895616714,-0.03992401154646671,-0.3942612242752529,-0.01041767012396343,0.9286544984821388,PSMD6.AS2,0.9993543621633596,0
SETDB2,0.9993543621633596,0.6553940160477563,-0.03719204177781395,-0.40006248273303757,-0.00876437604719517,0.9410885233856795,PSMD8,0.9993543621633596,0
CTDSPL,0.9993543621633596,0.6576779131016994,-0.03169091150626619,-0.4062744714617303,-0.0161042903331778,0.8761186403793371,PSMD9,0.9993543621633596,0
RAB20,0.9993543621633596,0.6578307176873294,-0.0356254182712147,-0.40669064376918623,-0.010726257200661784,0.9246720975605704,PSME2,0.9993543621633596,0
CALR3,0.9993543621633596,0.6583461167245267,-0.03700791616147504,-0.4080948840990464,-0.008910338196474169,0.9391712244172802,PSME4,0.9993543621633596,0
UBE3C,0.9993543621633596,0.6595646609642218,-0.03356470133608783,-0.41141810427383607,-0.011508510275515152,0.917515344458929,PSMG1,0.9993543621633596,0
FTLP10,0.9993543621633596,0.6599233527635547,-0.03701285290274189,-0.4123971958251049,-0.011288054813303763,0.9192753703092192,PSPH,0.9993543621633596,0
HPCA,0.9993543621633596,0.6618440051722839,-0.03817720721082512,-0.4176466094218504,-0.011089085194519881,0.9203447950014536,PTBP2,0.9993543621633596,0
KPNA5,0.9993543621633596,0.6622630180361835,-0.03977183021383127,-0.4187933579619657,-0.008804576989951239,0.938986389059982,PTCD1,0.9993543621633596,0
DDX49,0.9993543621633596,0.6627839483993889,-0.03671755119852403,-0.4202198021898968,-0.010098086048218612,0.9283679963275681,PTDSS2,0.9993543621633596,0
TULP1,0.9993543621633596,0.6628907177456242,-0.03772925329639153,-0.42051227033869915,-0.010906951113653857,0.9215607036426011,PTENP1,0.9993543621633596,0
GPR108,0.9993543621633596,0.6646020909961582,-0.04001881669707237,-0.42520509055811656,-0.005743258667663497,0.9617420970219775,PTGES3L,0.9993543621633596,0
TMED6,0.9993543621633596,0.6646939079414346,-0.03932788568653613,-0.4254571294209185,-0.007200308295221848,0.9508862930386346,PTK6,0.9993543621633596,0
NUP98,0.9993543621633596,0.6655582371815545,-0.034037372541368134,-0.4278310550141277,-0.008492697960600449,0.9406424993341514,PTMS,0.9993543621633596,0
EPS8,0.9993543621633596,0.6667381154555205,-0.034934583108654285,-0.43107555599893543,-0.010193025296873076,0.9264355093602248,PTP4A3,0.9993543621633596,0
WDR86,0.9993543621633596,0.6670391875235955,-0.039206941435778686,-0.4319041888255068,-0.00927699072864604,0.9339469908556257,PTPN11,0.9993543621633596,0
DNAJC8,0.9993543621633596,0.6672777280654859,-0.03930176310827962,-0.432560928562999,-0.004712942394116342,0.9687543636396165,PTPN12,0.9993543621633596,0
BAZ1B,0.9993543621633596,0.6678180589664282,-0.04067417269066218,-0.43404923616213975,-0.008414128589553857,0.9407260668474564,PTPN2,0.9993543621633596,0
SUGT1,0.9993543621633596,0.6688166683838028,-0.04073101190633179,-0.43680238109644315,-0.0036794986195609483,0.9758355495045674,PTPN20B,0.9993543621633596,0
USP26,0.9993543621633596,0.6705061701538435,-0.042136293668300746,-0.44146787238347285,-0.007743035250592159,0.9454503888323053,PTPN7,0.9993543621633596,0
LRPPRC,0.9993543621633596,0.6715896313090897,-0.0415794466252752,-0.4444648703672229,-0.0058382440075362045,0.9598977908553958,PTPRB,0.9993543621633596,0
PSMD3,0.9993543621633596,0.6716437241410479,-0.03680225573935547,-0.44461460291047944,-0.0065406042916132615,0.9545727004096314,PTPRCAP,0.9993543621633596,0
SPR,0.9993543621633596,0.6719384720095452,-0.038692526776747185,-0.4454306599820217,-0.006162992730857196,0.957394225347449,PUM1,0.9993543621633596,0
CCT4,0.9993543621633596,0.6731863300748799,-0.035334646013521535,-0.4488888562926995,-0.006529615578308854,0.954378745354146,PUM2,0.9993543621633596,0
ADPGK.AS1,0.9993543621633596,0.6743541798561252,-0.03753548672631382,-0.45213019930708354,-0.008937812999542724,0.9349017595790016,PURA,0.9993543621633596,0
AIFM2,0.9993543621633596,0.6743634229178541,-0.031159725498236927,-0.45215587216368075,-0.009730306895963187,0.9282547641401421,PWP2,0.9993543621633596,0
SUMO1,0.9993543621633596,0.6743877133667217,-0.03767113430962597,-0.4522233409714323,-0.007912296918321461,0.9432675814248412,PWWP2B,0.9993543621633596,0
ELF5,0.9993543621633596,0.6744834073456366,-0.03740657013152597,-0.45248915926894234,-0.005626264833602568,0.9610320649997696,PXN.AS1,0.9993543621633596,0
PATL2,0.9993543621633596,0.6750102102756057,-0.04003673806260808,-0.4539530838492526,-0.009804501336557164,0.9274554253654774,QDPR,0.9993543621633596,0
KRBA1,0.9993543621633596,0.6758393480469083,-0.040282006032209376,-0.4562591375349987,-0.003421261218266579,0.9769558631862832,QRICH2,0.9993543621633596,0
DDX50,0.9993543621633596,0.6760133272220363,-0.03745209286523738,-0.4567433281158293,-0.00678865553956788,0.9518578151413686,R3HDM4,0.9993543621633596,0
FAM78B,0.9993543621633596,0.6779949651644183,-0.03920540782221329,-0.4622659049696567,-0.006082160132564011,0.9570030752899417,RAB11B,0.9993543621633596,0
TMSB4Y,0.9993543621633596,0.6784685170424558,-0.03765357155831241,-0.4635877201354542,-0.008227258576138355,0.939822099750218,RAB15,0.9993543621633596,0
HLA.F,0.9993543621633596,0.6791606250577856,-0.04136820468842187,-0.4655210464955267,-0.0082180683149722,0.9397489281752174,RAB20,0.9993543621633596,0
CALML3,0.9993543621633596,0.6798382285768738,-0.03897729238485951,-0.46741554487341713,-0.007037559369762086,0.9491847528455762,RAB23,0.9993543621633596,0
OSCAR,0.9993543621633596,0.6798831795753687,-0.04195345186608658,-0.4675412818240209,-0.0040627224292281395,0.9719285549075077,RAB36,0.9993543621633596,0
N4BP2,0.9993543621633596,0.6800867782578318,-0.03837941930844935,-0.4681108808322744,-0.006223091114271571,0.9555667210086336,RAB3IL1,0.9993543621633596,0
COBL,0.9993543621633596,0.6829403782852039,-0.04152573794322874,-0.4761103941151004,-0.0072693844878632665,0.9467390981399136,RAB5B,0.9993543621633596,0
MECR,0.9993543621633596,0.6845329644124271,-0.04552043705414025,-0.4805881616841941,-0.0016691646816699773,0.9886598381434707,RAB5C,0.9993543621633596,0
FTX,0.9993543621633596,0.6851175273558271,-0.04130119854573928,-0.482234156128358,-0.0016573166097722703,0.9887170457849226,RAB6A,0.9993543621633596,0
MIAT,0.9993543621633596,0.685205108145225,-0.0439285886697936,-0.4824808760033245,-8.97865319339285e-4,0.9939510994561382,RAB6B,0.9993543621633596,0
STRBP,0.9993543621633596,0.6872767918929771,-0.044383113424450116,-0.48832554385729526,-0.001797925447763157,0.9876345294343105,RAB8A,0.9993543621633596,0
CARD9,0.9993543621633596,0.6873291188240757,-0.04157710251485998,-0.4884733850055061,-0.0035105972184158274,0.9752555631660283,RAB8B,0.9993543621633596,0
UQCRBP1,0.9993543621633596,0.6880017329488824,-0.044266940508448385,-0.49037469898592606,-0.008245760540300644,0.9376500771837529,RAB9A,0.9993543621633596,0
ATP2A3,0.9993543621633596,0.6887948256606367,-0.0403065422607943,-0.49261885856875093,-0.004243136422163344,0.9696192798567077,RABEP2,0.9993543621633596,0
TFCP2L1,0.9993543621633596,0.6893300935899012,-0.04455450347640953,-0.49413487324338884,-0.002797363652634233,0.9803386190779191,RABGAP1L,0.9993543621633596,0
PRR11,0.9993543621633596,0.6904691481963563,-0.04203240671244555,-0.49736475758687476,-0.012372862385738837,0.90000101036397,RABGGTA,0.9993543621633596,0
UFSP1,0.9993543621633596,0.6908828977312429,-0.049613805608920133,-0.49853926411587696,8.235650155428433e-4,0.9944649172719567,RAC1,0.9993543621633596,0
PSMB5,0.9993543621633596,0.6943543375586111,-0.04282246336075732,-0.5084209731153584,-0.0038627805850661905,0.9719513234261605,RAC3,0.9993543621633596,0
SPIN1,0.9993543621633596,0.6944321713355243,-0.0423815966240093,-0.5086430996155282,-0.0018347146696447417,0.9870420525863871,RAD21.AS1,0.9993543621633596,0
DNAJC15,0.9993543621633596,0.6945497940320982,-0.04003904890180849,-0.5089788256911181,-0.003298733054843199,0.9762181408351168,RAD23B,0.9993543621633596,0
NUP153,0.9993543621633596,0.6946442441770705,-0.04486255053024908,-0.5092484527863094,7.069918205984776e-5,0.9995131698366665,RAD50,0.9993543621633596,0
L3MBTL3,0.9993543621633596,0.6956076687111106,-0.04706588745930735,-0.51200086572173,0.0019813237589639443,0.9866582569663408,RAG1,0.9993543621633596,0
ITGA6,0.9993543621633596,0.6958142148048106,-0.045424525073985506,-0.5125914534033663,1.471885670660661e-4,0.9989831899927026,RALGAPA1,0.9993543621633596,0
DIABLO,0.9993543621633596,0.6963388780562065,-0.04692768717570118,-0.5140924551153607,2.363027956334528e-4,0.9983664995503582,RALGDS,0.9993543621633596,0
EIF4E,0.9993543621633596,0.6970563490207432,-0.04532540804816193,-0.5161469367487217,0.0026720575251329664,0.9820770673092611,RALYL,0.9993543621633596,0
EPS15,0.9993543621633596,0.6990776593714422,-0.04735552736277262,-0.5219467497846167,-0.0022906927810103553,0.9834573300344537,RANBP1,0.9993543621633596,0
CLPTM1L,0.9993543621633596,0.7003166403335945,-0.05432027456506768,-0.5255104928717875,3.6088817165779124e-4,0.99747417155158,RANBP17,0.9993543621633596,0
BRD4,0.9993543621633596,0.7019379225449502,-0.04294665516557499,-0.5301839877600989,-0.004632493293410048,0.9651512162995146,RANBP3L,0.9993543621633596,0
SRSF6,0.9993543621633596,0.7033332846475151,-0.045867267204489026,-0.5342155442609227,-9.503759136015668e-4,0.9931618395983914,RANGAP1,0.9993543621633596,0
PEX3,0.9993543621633596,0.7036138933026013,-0.0437362702272364,-0.535027342608389,0.0023059361549514577,0.9840875252360817,RAP1B,0.9993543621633596,0
CDC42SE2,0.9993543621633596,0.7046321468516112,-0.04625215978306354,-0.5379761122372864,-2.640149122466737e-5,0.9998115154049506,RAP2A,0.9993543621633596,0
TRPM8,0.9993543621633596,0.7049019426925627,-0.05182821613836797,-0.5387582006049327,0.0023773345584408878,0.9835366023455732,RAP2C.AS1,0.9993543621633596,0
SCAF8,0.9993543621633596,0.7055752376262229,-0.0485289032230841,-0.5407113992213131,0.002816647231078921,0.9805595492017672,RAPGEF2,0.9993543621633596,0
TBC1D3,0.9993543621633596,0.7060288275969548,-0.04495682584052919,-0.5420284079574009,0.006427458528226508,0.9575745585559303,RASSF4,0.9993543621633596,0
DERL2,0.9993543621633596,0.7082787770153726,-0.044864980634003945,-0.5485751776777648,-6.419010866001584e-4,0.9953247504363114,RASSF6,0.9993543621633596,0
DCAF8L1,0.9993543621633596,0.7097278892681217,-0.05155183510082794,-0.5528041939639274,0.004980050084530374,0.9660799073130472,RBAK,0.9993543621633596,0
KLF3.AS1,0.9993543621633596,0.7099907000952765,-0.04842262658311695,-0.5535722267594021,0.006841041188504925,0.9544383682665317,RBBP5,0.9993543621633596,0
PROSER2,0.9993543621633596,0.7103551847244515,-0.04971666185594863,-0.5546379302186993,0.0036209251826198694,0.9748557561803499,RBBP7,0.9993543621633596,0
GDNF,0.9993543621633596,0.7109988700029133,-0.0508259887178061,-0.5565215202974452,0.0072006760817548265,0.9520873129422919,RBBP8,0.9993543621633596,0
ARPC1B,0.9993543621633596,0.7112338049291231,-0.04646509061159664,-0.5572094930182502,4.540988984067336e-5,0.9996690520009697,RBM12B,0.9993543621633596,0
NFYC.AS1,0.9993543621633596,0.7116872109426351,-0.049831306978161724,-0.5585379735011807,0.002837922272896652,0.9800084148142519,RBM17,0.9993543621633596,0
ANP32C,0.9993543621633596,0.7121068640254067,-0.04496975943253067,-0.5597684375201226,-0.0047546029936142145,0.9630605089769915,RBM18,0.9993543621633596,0
NMT2,0.9993543621633596,0.7128715659066531,-0.048289700337730175,-0.5620128031626267,0.0015603912652992445,0.9887858216793547,RBM23,0.9993543621633596,0
FCN1,0.9993543621633596,0.712984471884318,-0.04655073685071831,-0.562344417032631,0.007232308560677028,0.9515605940907452,RBM24,0.9993543621633596,0
MIER2,0.9993543621633596,0.7134498729153064,-0.05015609006086427,-0.5637119911364893,0.0054438047833974944,0.9626627144792904,RBM26,0.9993543621633596,0
MPHOSPH9,0.9993543621633596,0.7150588799610024,-0.052814928456522574,-0.5684481973352353,0.006911873956875222,0.9531906109144759,RBM33,0.9993543621633596,0
RALGAPA1,0.9993543621633596,0.7152570361722898,-0.04805496839063568,-0.569032363143276,0.005810108628016652,0.9600881176356677,RBM34,0.9993543621633596,0
RUNX1.IT1,0.9993543621633596,0.7159384071711492,-0.05328910714143455,-0.5710425348589067,0.005678953237549599,0.9608366264595166,RBM38,0.9993543621633596,0
DNAJC5B,0.9993543621633596,0.7160259579205032,-0.050784057991867804,-0.5713009932594383,0.006508459021748002,0.9555581071062316,RBM4,0.9993543621633596,0
CSMD1,0.9993543621633596,0.7164608324550896,-0.0484225359205757,-0.5725853522093536,0.001546389862101187,0.9887568075888512,RBM5.AS1,0.9993543621633596,0
VIM.AS1,0.9993543621633596,0.7167385068247506,-0.042593259738915354,-0.5734059306381465,-0.003270524319465215,0.9747276471814985,RBMS1,0.9993543621633596,0
MIEF2,0.9993543621633596,0.7180004408930272,-0.04905965353218985,-0.5771400605414188,0.005433034614226907,0.9621622603547977,RBMS2,0.9993543621633596,0
NELFA,0.9993543621633596,0.7182878996019294,-0.045195744406400354,-0.5779917916807334,0.0035573601560816947,0.9746251591298983,RBMX2,0.9993543621633596,0
PCBP2.OT1,0.9993543621633596,0.7190070778229422,-0.04892783667754153,-0.5801245355924822,0.008958633936973047,0.940014973129475,RCCD1,0.9993543621633596,0
CLIP1,0.9993543621633596,0.7198458834202409,-0.052406916871498524,-0.5826153795217306,-0.0016112044061130089,0.9876933482314273,RCSD1,0.9993543621633596,0
AKT1S1,0.9993543621633596,0.7198856035066667,-0.05195706355191047,-0.5827334184583909,0.00811263239192192,0.9449624614027634,RCVRN,0.9993543621633596,0
NUDT6,0.9993543621633596,0.7209241384252153,-0.04975869880891344,-0.5858225968902148,0.00939390376176462,0.9370203122409257,REEP6,0.9993543621633596,0
RNF216.IT1,0.9993543621633596,0.7209304678542195,-0.046797026641368984,-0.5858414412536258,0.007076353775069441,0.9512228031393343,RELB,0.9993543621633596,0
U2AF1L4,0.9993543621633596,0.7209322048610699,-0.04585554735072881,-0.5858466128131393,0.0020010485565053063,0.9853312958080573,RERE,0.9993543621633596,0
PPP2R5B,0.9993543621633596,0.7224107991463493,-0.0504616766045782,-0.5902545170479887,0.0037616508711915456,0.9728850128438318,REV3L,0.9993543621633596,0
G6PC,0.9993543621633596,0.7229973291471127,-0.04994152745515692,-0.5920062277291004,0.005199298847045125,0.9630992280306938,RFC2,0.9993543621633596,0
PSMA2,0.9993543621633596,0.7266814060373353,-0.052975621426333004,-0.6030509538877022,0.004522584678472866,0.9672689446201509,RFX6,0.9993543621633596,0
PSME2,0.9993543621633596,0.7271178528408473,-0.05571541211744191,-0.6043642697098192,0.0063246562113397475,0.955132890305633,RHOB,0.9993543621633596,0
OSBPL3,0.9993543621633596,0.7281948745610901,-0.05145643862546814,-0.6076096202409993,0.0048525697503355725,0.9648567966219448,RIC8B,0.9993543621633596,0
GYS2,0.9993543621633596,0.7284253324331632,-0.05268392729477188,-0.6083048820177881,0.008429451305156902,0.941420093930703,RING1,0.9993543621633596,0
STAT4,0.9993543621633596,0.7294025761952778,-0.05185475015563655,-0.6112563788421674,0.009027450673952667,0.9375063354695682,RIPK1,0.9993543621633596,0
SRPK3,0.9993543621633596,0.7294652512496654,-0.050156659945626604,-0.6114458533479041,0.0029985353559943122,0.9777197194936299,RIPK2,0.9993543621633596,0
RBM26,0.9993543621633596,0.7295863277034942,-0.052801565079018654,-0.6118119447942105,0.012962202631239327,0.9141862999499585,RNF103,0.9993543621633596,0
ARL6IP6,0.9993543621633596,0.7297817425647134,-0.056565265143473244,-0.612402981895758,0.009670190901290331,0.9334730675572868,RNF112,0.9993543621633596,0
PDHA2,0.9993543621633596,0.7299295045765142,-0.0565603437023398,-0.6128500339452924,0.006979569493591031,0.9504354619357193,RNF115,0.9993543621633596,0
TMEM87B,0.9993543621633596,0.7305828583905472,-0.04744442359210805,-0.6148282191781455,0.005753944403083797,0.9584682551898147,RNF125,0.9993543621633596,0
ACTG1P4,0.9993543621633596,0.7314437331611356,-0.04948268437081225,-0.6174384068418475,0.009758362286324778,0.9325785541618563,RNF168,0.9993543621633596,0
ATP6V0A1,0.9993543621633596,0.7319275400346362,-0.057145918556244193,-0.6189071666115964,0.010942787221644355,0.9252998387882786,RNF17,0.9993543621633596,0
MAPKAP1,0.9993543621633596,0.7321871671306859,-0.055039060601743905,-0.6196959037051241,0.010078648243903952,0.9304577226333424,RNF207,0.9993543621633596,0
PFKM,0.9993543621633596,0.7325346748645527,-0.06058125098505881,-0.620752223014404,0.008451894909713778,0.9405192592551681,RNF216.IT1,0.9993543621633596,0
UBFD1,0.9993543621633596,0.7325831362550485,-0.05696688868068738,-0.6208995861697931,0.006551462717705985,0.9528649144034991,RNF222,0.9993543621633596,0
PXN.AS1,0.9993543621633596,0.7333848388732289,-0.0556557194321855,-0.623339395033495,0.00534266921156558,0.9609276438694032,RNF32,0.9993543621633596,0
CASP5,0.9993543621633596,0.7339601926366213,-0.057705772817494554,-0.6250926506665153,0.011459751841707047,0.9217229506011035,RNF39,0.9993543621633596,0
SORBS1,0.9993543621633596,0.7351162382437275,-0.05905840730026929,-0.6286212579617471,0.011641547556232241,0.920352584702921,RNF40,0.9993543621633596,0
BIN3,0.9993543621633596,0.7351725925994742,-0.05664310219695456,-0.6287934688376062,0.008197210267797572,0.9416741442496892,RNF41,0.9993543621633596,0
CCDC89,0.9993543621633596,0.7355879984587299,-0.05535996129766075,-0.6300634663463687,0.00989366711294234,0.9308610621292719,RNF43,0.9993543621633596,0
EHD1,0.9993543621633596,0.7356616117742131,-0.051698031656578644,-0.6302886263445286,-2.2171823107839674e-5,0.9998263943546531,RNF5,0.9993543621633596,0
NAA60,0.9993543621633596,0.7361969646089993,-0.05703864557489846,-0.631927065737322,0.01212146579021727,0.9172363674830588,RNF8,0.9993543621633596,0
MAX,0.9993543621633596,0.7365164725087293,-0.0540253737588935,-0.6329057241636106,0.012571807010078005,0.9145051870307473,RNMTL1,0.9993543621633596,0
PRKCZ,0.9993543621633596,0.7366471917011329,-0.05722590172010068,-0.6333062942654879,0.00538140742431487,0.9602870182376089,RNPS1,0.9993543621633596,0
POLE4,0.9993543621633596,0.7372996600654712,-0.05366587055914046,-0.63530721264458,0.01035599104715496,0.9276273960096262,RNU11,0.9993543621633596,0
LASP1,0.9993543621633596,0.7389102656948249,-0.05376713731185884,-0.6402573822194583,0.008844025142491448,0.9368272046358647,RPA2,0.9993543621633596,0
NUP188,0.9993543621633596,0.7392930115466636,-0.05798199991522081,-0.6414360530729842,0.013020496617598545,0.9111263877360213,RPL10L,0.9993543621633596,0
ST13P4,0.9993543621633596,0.7423282382626479,-0.053248234995433116,-0.6508149193272419,0.009194440930802116,0.9339180652562862,RPL12,0.9993543621633596,0
TFIP11,0.9993543621633596,0.7424923385840978,-0.05635158129104294,-0.6513236187545811,0.014905649091247418,0.8993391904856028,RPL17,0.9993543621633596,0
GGA3,0.9993543621633596,0.7425849375668638,-0.05257115270568186,-0.651610743520543,0.010352307370310105,0.9264873961047966,RPL18A,0.9993543621633596,0
ATF5,0.9993543621633596,0.7428104384323562,-0.05778826097510703,-0.6523101865847433,0.01377713424847213,0.9057175962542117,RPL19P12,0.9993543621633596,0
C9orf84,0.9993543621633596,0.7431197727692163,-0.04978349077852908,-0.6532701783951397,0.009062086598768802,0.9346218800075656,RPL23A,0.9993543621633596,0
TMEM204,0.9993543621633596,0.7446376121163614,-0.05641374141611534,-0.657989426003858,0.014300596837380452,0.9021439224242597,RPL26L1,0.9993543621633596,0
USP11,0.9993543621633596,0.7456289106350099,-0.05408816709446277,-0.6610794876392054,0.014523362323360139,0.9005557086998442,RPL29,0.9993543621633596,0
YBX2,0.9993543621633596,0.7460581710367653,-0.06005367766505005,-0.662419532651048,0.013234744775535828,0.9079886763256751,RPL31,0.9993543621633596,0
PPP1R8,0.9993543621633596,0.7465200739114572,-0.06013552035415151,-0.6638628102444171,0.011940510756878322,0.9156917754967328,RPL31P11,0.9993543621633596,0
VPS41,0.9993543621633596,0.747875673213108,-0.053524351362135354,-0.6681065811511503,0.01353605327887595,0.9056851188928712,RPL37A,0.9993543621633596,0
OTUD5,0.9993543621633596,0.7505004365063934,-0.06221608140099091,-0.6763579862517326,0.013017879845421729,0.9080854709476295,RPL38,0.9993543621633596,0
SCP2D1,0.9993543621633596,0.7506588669954569,-0.061119027314996015,-0.6768575124222324,0.014855571823208543,0.8970932143410372,RPL41,0.9993543621633596,0
TPI1P2,0.9993543621633596,0.7509226242338345,-0.06528489986516035,-0.6776895055291285,0.013111919462029203,0.9073967660756064,RPL6,0.9993543621633596,0
STATH,0.9993543621633596,0.7519721505274148,-0.05443343866444743,-0.6810047840592034,0.012008538605362464,0.913927233465249,RPN2,0.9993543621633596,0
BTBD10,0.9993543621633596,0.7522326247040083,-0.05979295306149953,-0.6818287385101233,0.015985920530742864,0.8900640895561163,RPP14,0.9993543621633596,0
GNAS.AS1,0.9993543621633596,0.7524405352400731,-0.055623578384251776,-0.6824867516529863,0.016093476574459285,0.8893844200333058,RPS12,0.9993543621633596,0
ARFGAP1,0.9993543621633596,0.7531280488437644,-0.05669669841728361,-0.6846647633454495,0.008093318095875969,0.9393146580177489,RPS13,0.9993543621633596,0
SENP7,0.9993543621633596,0.7533318230864532,-0.05363771465513178,-0.6853109352443165,0.009039461703202046,0.9328690460796375,RPS14P3,0.9993543621633596,0
ARFIP1,0.9993543621633596,0.7538398850539192,-0.05841475828146028,-0.6869232577275876,0.012684785002495688,0.909247580006819,RPS16P5,0.9993543621633596,0
AURKA,0.9993543621633596,0.7540555600002279,-0.05963594661969615,-0.6876082373873785,0.011385796751098578,0.9173575610800528,RPS19BP1,0.9993543621633596,0
DRG2,0.9993543621633596,0.7562114995528563,-0.05970650146897353,-0.69447331656487,0.011936112153046477,0.9133490057085653,RPS21,0.9993543621633596,0
CCAT1,0.9993543621633596,0.7563486415958723,-0.06401410496647969,-0.6949111193990184,0.01540942289519532,0.8920921221377415,RPS25,0.9993543621633596,0
AMH,0.9993543621633596,0.7572751632964043,-0.05555056300842606,-0.6978723847292618,0.013299386734575267,0.9045443194489706,RPS3A,0.9993543621633596,0
MTA3,0.9993543621633596,0.7575803831927395,-0.05886637325233647,-0.6988492422420562,0.015479205569710525,0.8912973136789716,RPS6KA1,0.9993543621633596,0
CPT1A,0.9993543621633596,0.7583182084045947,-0.05126717767728,-0.7012134165085565,0.015138686417002155,0.893083619300293,RPS6KA2,0.9993543621633596,0
RANBP3L,0.9993543621633596,0.7594715308004747,-0.062376847226916034,-0.7049168255472108,0.010834847385629539,0.9197254437657826,RPS6KA4,0.9993543621633596,0
GTPBP6,0.9993543621633596,0.7594976916860181,-0.05918123209079522,-0.7050009423261715,0.017257332320702323,0.8803494132959905,RPS6KB2,0.9993543621633596,0
CTNND1,0.9993543621633596,0.7609883617903317,-0.06373333578625003,-0.7098022722321864,0.018212944707055912,0.8744169111613538,RPSA,0.9993543621633596,0
MAN2C1,0.9993543621633596,0.7611809929021014,-0.06829254339036686,-0.7104239156608321,0.020153958269898846,0.8636606343257784,RRAD,0.9993543621633596,0
SUCLG2,0.9993543621633596,0.7615098404096979,-0.06299789195902643,-0.711485780838976,0.019563603292984306,0.8667321143082423,RRP7A,0.9993543621633596,0
AP2S1,0.9993543621633596,0.7621436817353184,-0.05643394182309222,-0.7135347549315819,0.01613833831434301,0.8859609675744946,RSC1A1,0.9993543621633596,0
YME1L1,0.9993543621633596,0.7622766486313981,-0.060275179958318596,-0.7139649679495704,0.01928771236772763,0.8679509365213827,RSL24D1,0.9993543621633596,0
PRMT6,0.9993543621633596,0.7623657073561292,-0.0596290318859049,-0.7142531904823441,0.019412460109811677,0.8672291307306013,RSRP1,0.9993543621633596,0
ZNHIT1,0.9993543621633596,0.7625878032066975,-0.06188639178525611,-0.7149722225247809,0.018094141589853455,0.8744986253482746,RTDR1,0.9993543621633596,0
NOP14.AS1,0.9993543621633596,0.7626256499404851,-0.0565200631696865,-0.7150947876493062,0.015045921529765733,0.8923457272670241,RTFDC1,0.9993543621633596,0
AK3,0.9993543621633596,0.7629867301949662,-0.06606155224075988,-0.7162646725609498,0.016481689271174854,0.8836663440800384,RTKN,0.9993543621633596,0
ILF3.AS1,0.9993543621633596,0.76309159700914575,-0.0704115315345235,-0.7166046204610256,0.020976140314495902,0.8584723994262091,RTN4IP1,0.9993543621633596,0
CARD10,0.9993543621633596,0.7645326730588087,-0.059017339110317146,-0.7212846021782328,0.018664322334389076,0.8705676272328562,RUNX1.IT1,0.9993543621633596,0
RBMX2,0.9993543621633596,0.7646219517002097,-0.05985643454989536,-0.7215750595431805,0.018309370343608557,0.8725507376794404,RYK,0.9993543621633596,0
PFN1P2,0.9993543621633596,0.7648814220368423,-0.060864635166578335,-0.7224195612094763,0.015308084281723566,0.8900715989469201,S100A5,0.9993543621633596,0
ATP11C,0.9993543621633596,0.7649817398671327,-0.06291909644752333,-0.7227462052292146,0.023253369237584007,0.8457672434789143,SAP25,0.9993543621633596,0
HSPA6,0.9993543621633596,0.7653329710170622,-0.05975407404726807,-0.7238904545371289,0.018589939503556568,0.8706919410615461,SAP30L,0.9993543621633596,0
FUCA1,0.9993543621633596,0.7656513494609924,-0.057834527643846265,-0.7249284955286359,0.01656347165492893,0.8823115653354883,SARDH,0.9993543621633596,0
KDM4D,0.9993543621633596,0.7663287956192589,-0.06054369098629954,-0.7271398464501897,0.01856637234907698,0.8704704733400581,SARS2,0.9993543621633596,0
COMMD8,0.9993543621633596,0.7667277703403925,-0.06372409753225705,-0.7284438640005524,0.014291266433393457,0.8957816475513661,SART3,0.9993543621633596,0
PRDM5,0.9993543621633596,0.767305468693795,-0.05645791038945477,-0.730334225531072,0.011197046700900663,0.9156281378539741,SASH1,0.9993543621633596,0
AGPAT9,0.9993543621633596,0.767649698231482,-0.0657185495150575,-0.731461865914024,0.019260961339547928,0.8660471699822672,SASS6,0.9993543621633596,0
RFX6,0.9993543621633596,0.7679051222975207,-0.05856441248724586,-0.7322991957053623,0.014760007409531694,0.892541766413162,SCAF4,0.9993543621633596,0
IP6K2,0.9993543621633596,0.769812904970351,-0.06428989403186015,-0.7385696198437721,0.019547381283484492,0.8636112018059892,SCAF8,0.9993543621633596,0
CNOT10,0.9993543621633596,0.7712122057978315,-0.07056817122266941,-0.7431873137457272,0.024032063236204812,0.8388923553012941,SCAI,0.9993543621633596,0
CDSN,0.9993543621633596,0.771454110618667,-0.061181716974376285,-0.7439872070172349,0.019490875194045198,0.8633027270013822,SCAMP3,0.9993543621633596,0
SMARCC2,0.9993543621633596,0.7717038498796733,-0.0696933623526573,-0.7448135059723059,0.02237885987849141,0.8473190424604842,SCAMP4,0.9993543621633596,0
CD40,0.9993543621633596,0.7728636216721467,-0.06588336097622843,-0.7486574719991005,0.024870695785879637,0.8338175935986459,SCP2D1,0.9993543621633596,0
YIPF4,0.9993543621633596,0.773920925997899,-0.0593950228061576,-0.7521714873841038,0.014299124881874613,0.8937461368424265,SCYL2,0.9993543621633596,0
YWHAZ,0.9993543621633596,0.7761776967079994,-0.06481046571872516,-0.7597032894683432,0.023617632811234995,0.8387577010594665,SDHAF1,0.9993543621633596,0
NXF2,0.9993543621633596,0.7777906990721888,-0.06416082957051264,-0.7651130840377214,0.019212997615595587,0.8625268099944112,SDHAP1,0.9993543621633596,0
CELF2.AS2,0.9993543621633596,0.7793774356857945,-0.07018348043059844,-0.7704567345270275,0.024093987776390255,0.834772432028519,SDHC,0.9993543621633596,0
SUFU,0.9993543621633596,0.7794980752829199,-0.07080115270432867,-0.7708639121682275,0.01897953912774474,0.8632788348822923,SDHD,0.9993543621633596,0
EFCAB14.AS1,0.9993543621633596,0.7803667008699993,-0.07120864351357838,-0.7737994453317235,0.022488789791969662,0.8429591116505781,SEC14L1,0.9993543621633596,0
TAF4B,0.9993543621633596,0.7805140123203601,-0.06869862682630767,-0.7742979481912657,0.020123066775339,0.856220706706194,SEC16B,0.9993543621633596,0
TMX1,0.9993543621633596,0.781923818749402,-0.06494377820629946,-0.7790785222565232,0.020761773205325046,0.8520149491309426,SEC24D,0.9993543621633596,0
FLJ10038,0.9993543621633596,0.7823194787322622,-0.06664367077079554,-0.7804233855894145,0.020177865881018095,0.8552230655473678,SEC31B,0.9993543621633596,0
KCNA1,0.9993543621633596,0.7824019390791229,-0.07265748914953482,-0.7807038492790086,0.015884401253746613,0.8812198211351223,SEC61A2,0.9993543621633596,0
APEX2,0.9993543621633596,0.7827074310381223,-0.07055453012134841,-0.781743422819404,0.028036126386004036,0.8129899680966121,SEC63,0.9993543621633596,0
ATP5H,0.9993543621633596,0.783031761446537,-0.06928606268451441,-0.7828480284709689,0.0288030151660146,0.8090567902649619,SECISBP2,0.9993543621633596,0
HNRNPUL2,0.9993543621633596,0.7835969433921577,-0.07218856001330014,-0.7847752145312297,0.02129472632522444,0.8483083029633803,SECISBP2L,0.9993543621633596,0
RAB3IL1,0.9993543621633596,0.7839500072932892,-0.06506708467121937,-0.7859805907296034,0.026274132832270692,0.8212262671448296,SELM,0.9993543621633596,0
DHX40,0.9993543621633596,0.7839585941303975,-0.07156954226376368,-0.7860099208103685,0.021887291046351044,0.84481007896656,SELT,0.9993543621633596,0
RELB,0.9993543621633596,0.7850028985930364,-0.0713744192966887,-0.7895820151240457,0.027609359061771845,0.8139087752453754,SEMA4F,0.9993543621633596,0
PIP4K2C,0.9993543621633596,0.7873571044400902,-0.06928258644634815,-0.7976719277861538,0.02563854284754698,0.8228586127037016,SENP3,0.9993543621633596,0
MRPS17,0.9993543621633596,0.7874383979131527,-0.0665720990422173,-0.7979522138748657,0.02058039696511438,0.8509122286285238,SENP7,0.9993543621633596,0
NUP62CL,0.9993543621633596,0.7877829156100609,-0.07140476422211921,-0.7991407492116748,0.02774292032772236,0.8117827081194816,SEPHS1,0.9993543621633596,0
INS,0.9993543621633596,0.7892543900438803,-0.06559810670657065,-0.8042298916866053,0.024643382130581037,0.8272740335940715,SEPT3,0.9993543621633596,0
CD48,0.9993543621633596,0.7903090746628156,-0.07345103418172874,-0.807890408363348,0.029769082599477387,0.8003466808229953,SEPT7P2,0.9993543621633596,0
SLC35A5,0.9993543621633596,0.790343875882389,-0.071652490063358,-0.8080113782001412,0.02633239400624258,0.8177523519279939,SEPW1,0.9993543621633596,0
BSN,0.9993543621633596,0.7905367059221176,-0.07017111395905819,-0.8086818743276826,0.021496854867888018,0.8443563145757914,SERF1A,0.9993543621633596,0
STAG3,0.9993543621633596,0.7911448821969977,-0.06599542156993043,-0.810798972572443,0.027711441267841582,0.8101996327303358,SERF2.C15ORF63,0.9993543621633596,0
RNMTL1,0.9993543621633596,0.791900938949946,-0.07712532926819918,-0.81343593193064,0.018952281198937788,0.8590100864520651,SERINC2,0.9993543621633596,0
EIF4A1,0.9993543621633596,0.792763106062853,-0.07134878107930921,-0.8164499036659366,0.03387377554413772,0.7795246118407828,SERINC4,0.9993543621633596,0
YTHDC2,0.9993543621633596,0.7932758016214264,-0.06953394863400705,-0.818245712016988,0.02545113123928727,0.8210258081159281,SERP2,0.9993543621633596,0
DCPS,0.9993543621633596,0.7932866316984291,-0.07436346232585991,-0.818283674773019,0.03058338382726335,0.794702334624648,SETBP1,0.9993543621633596,0
UBXN10,0.9993543621633596,0.795359560769326,-0.06884596329661506,-0.8255718044465609,0.024680201160153695,0.824272351003627,SETD3,0.9993543621633596,0
PSMB10,0.9993543621633596,0.7962486933585444,-0.07579353709457727,-0.828711341831488,0.028424676494472844,0.8038784467835126,SETD4,0.9993543621633596,0
PDC,0.9993543621633596,0.7962633845152807,-0.08210440170910797,-0.8287632850744238,0.03305823919320225,0.7811292376134837,SETD6,0.9993543621633596,0
UBA6,0.9993543621633596,0.7967889649109792,-0.07444852162073291,-0.8306230437658487,0.028946148005569515,0.800932581744825,SETDB2,0.9993543621633596,0
MRPS28,0.9993543621633596,0.7974155480595995,-0.0707468926846528,-0.8328439617986398,0.03227909740043224,0.7841252454180518,SETMAR,0.9993543621633596,0
TMEM50B,0.9993543621633596,0.7979505277535113,-0.0751664224533704,-0.8347434494892942,0.028174953655216953,0.8042809474066993,SF3A1,0.9993543621633596,0
FGD4,0.9993543621633596,0.7982950314969073,-0.07437398481106537,-0.8359682335370855,0.019605508461767108,0.8527350189248428,SF3A2,0.9993543621633596,0
ENO1.AS1,0.9993543621633596,0.7989088282849747,-0.06997449708848938,-0.8381535263068871,0.025636939050064027,0.8173723242675542,SF3B1,0.9993543621633596,0
RNF39,0.9993543621633596,0.8004229798361489,-0.07848680289655119,-0.8435615465653085,0.030022627729952987,0.7935056828004053,SF3B2,0.9993543621633596,0
WISP1,0.9993543621633596,0.8009213419688769,-0.07272813008885651,-0.8453469261568993,0.028333000873290045,0.8019270444052436,SF3B3,0.9993543621633596,0
IRF1,0.9993543621633596,0.8010102732777802,-0.06498345027942717,-0.8456658055318939,0.02679464780476575,0.8100591201455261,SF3B4,0.9993543621633596,0
CCT6B,0.9993543621633596,0.8016654576326553,-0.07831062838681607,-0.8480177453519925,0.035510751481895336,0.7664169797730067,SF3B5,0.9993543621633596,0
WDR47,0.9993543621633596,0.8025570770014085,-0.07375042112213324,-0.8512259841093978,0.031220362165090373,0.7863017068576581,SFR1,0.9993543621633596,0
EIF3I,0.9993543621633596,0.8036867962860339,-0.07195145793216483,-0.8553035901891708,0.025323702271006387,0.8168678503264242,SFT2D1,0.9993543621633596,0
IREB2,0.9993543621633596,0.8042076205097219,-0.06968966746420503,-0.8571882494082621,0.025998737984309447,0.8128802064081094,SH3BP1,0.9993543621633596,0
SMARCA4,0.9993543621633596,0.8051548474744996,-0.07312276352558657,-0.8606237242855399,0.03142268595229151,0.783820788372497,SH3GLB2,0.9993543621633596,0
MAMDC2,0.9993543621633596,0.8059670939451716,-0.08647610179650096,-0.863577753774618,0.030134600348077797,0.7898890534346614,SH3PXD2A,0.9993543621633596,0
PAFAH1B1,0.9993543621633596,0.8063479284518082,-0.07789016534061864,-0.8649653953279038,0.03501703286723514,0.7657188403986959,SHC2,0.9993543621633596,0
GTF3C2.AS1,0.9993543621633596,0.8070602627583896,-0.0776997100348095,-0.8675654013383224,0.03661409013688363,0.7578901869224337,SHISA6,0.9993543621633596,0
AKT3,0.9993543621633596,0.8071736917539194,-0.08603507167977908,-0.8679799564444757,0.03706941644936388,0.755750535897572,SHMT1,0.9993543621633596,0
DKFZP434A062,0.9993543621633596,0.8076338155192331,-0.0758037917909338,-0.8696631284439135,0.029413011141016646,0.7927506939070018,SIKE1,0.9993543621633596,0
MYO1G,0.9993543621633596,0.8076369598364952,-0.06979650883725452,-0.8696746391019378,0.029955848767806995,0.7899187709999411,SIL1,0.9993543621633596,0
HTATSF1P2,0.9993543621633596,0.8078482206630948,-0.07471165361162915,-0.8704482830250563,0.03158186507746459,0.7815010209628679,SIN3B,0.9993543621633596,0
CHUK,0.9993543621633596,0.8078832480873577,-0.07283072700519229,-0.8705766049444297,0.03583976577446831,0.7609169031846089,SIRT3,0.9993543621633596,0
WDR62,0.9993543621633596,0.80801702215723,-0.074305014328202107,-0.8710668142601588,0.027872370417367925,0.8007543352112709,SKP1P2,0.9993543621633596,0
MAN2B2,0.9993543621633596,0.8082436319327249,-0.075632534813341007,-0.8718976941395621,0.02503926284089499,0.8164132163071507,SLAMF1,0.9993543621633596,0
PSMD10,0.9993543621633596,0.8082672714101067,-0.07985920763994726,-0.8719844045435609,0.026878855737110866,0.8060549624101636,SLC10A1,0.9993543621633596,0
TMED5,0.9993543621633596,0.8089628578360426,-0.07439627181622463,-0.8745387818524246,0.03158946675069052,0.7808126970481285,SLC12A7,0.9993543621633596,0
DXO,0.9993543621633596,0.8089740654099731,-0.07339193245708985,-0.8745799857432921,0.032563081520095384,0.7759343514246291,SLC25A30,0.9993543621633596,0
KLHDC2,0.9993543621633596,0.8098402238419724,-0.08547800742942807,-0.8777688655599696,0.03621684632161349,0.7579007294114563,SLC25A47,0.9993543621633596,0
C1orf50,0.9993543621633596,0.8100449587825438,-0.06894297854928193,-0.8785239302498281,0.033459616012948674,0.770897784052161,SLC25A5.AS1,0.9993543621633596,0
ZNF593,0.9993543621633596,0.8106174442172411,-0.0746428835064327,-0.8806379271184559,0.023832212459014297,0.8223721279361168,SLC30A6,0.9993543621633596,0
MAEA,0.9993543621633596,0.811291699303281,-0.07523958908906182,-0.8831327849818514,0.02391409796888035,0.8215870200011015,SLC35A5,0.9993543621633596,0
DHRS7B,0.9993543621633596,0.8119023624144566,-0.07543612870100483,-0.8853970961166655,0.0370804316010883,0.7525631373288476,SLC35E2,0.9993543621633596,0
APELA,0.9993543621633596,0.8126628567506883,-0.07998130516486145,-0.8882233393431935,0.03019724450645581,0.7859208825499884,SLC38A3,0.9993543621633596,0
SP140,0.9993543621633596,0.8133265731898014,-0.08010665243537787,-0.890695736572424,0.035886084622757206,0.7571938324049964,SLC39A8,0.9993543621633596,0
DNAJC11,0.9993543621633596,0.8134543670702411,-0.07820890111757942,-0.8911724044819432,0.03324885462988242,0.7698869221719236,SLC3A1,0.9993543621633596,0
DIAPH1,0.9993543621633596,0.8136267469021252,-0.07508491477965763,-0.891815697894346,0.033942464142073706,0.7663587678278241,SLC40A1,0.9993543621633596,0
SYS1.DBNDD2,0.9993543621633596,0.8140949398474784,-0.07421896395843541,-0.8935647835543326,0.03499988353825347,0.760938258817863,SLC44A3,0.9993543621633596,0
SNAP25,0.9993543621633596,0.8160435557385053,-0.07765641732541909,-0.9008740436491982,0.031142129933587604,0.7791368261161116,SLC4A2,0.9993543621633596,0
SLC25A5.AS1,0.9993543621633596,0.8162680672125633,-0.07850905738631388,-0.9017192801335001,0.03108984320000533,0.7792816252437766,SLU7,0.9993543621633596,0
BACE1,0.9993543621633596,0.8170000011934752,-0.08913406987716258,-0.9044793374121375,0.03268789119582531,0.7706208025303772,SMAD3,0.9993543621633596,0
WSB1,0.9993543621633596,0.8179312869010071,-0.08115097168212813,-0.9080011273646013,0.026425206458420645,0.8040174471251027,SMAD5,0.9993543621633596,0
CHMP4B,0.9993543621633596,0.8187852683288868,-0.07577089834088636,-0.9112405096650067,0.034237082095905445,0.7617797157662325,SMARCA4,0.9993543621633596,0
ATP5L2,0.9993543621633596,0.8191534600183998,-0.07941581574806972,-0.9126401143531755,0.03351196835145352,0.7651746346435349,SMARCA5,0.9993543621633596,0
DENND4C,0.9993543621633596,0.8206222417667897,-0.08764977428287675,-0.9182412748915298,0.03388684284152843,0.7624208093027371,SMARCA5.AS1,0.9993543621633596,0
KPRP,0.9993543621633596,0.82106850262662,-0.07987352800495302,-0.9199487937195416,0.03978877430313511,0.7340225085375757,SMARCC2,0.9993543621633596,0
GTF3C1,0.9993543621633596,0.8217427153406186,-0.08107679745640219,-0.9225336206467242,0.034118551943211006,0.7605758817977472,SMARCD1,0.9993543621633596,0
ATP6V1E2,0.9993543621633596,0.8230176109676437,-0.0805432393362205,-0.9274383015043675,0.04048363100339137,0.7295281463798812,SMARCD2,0.9993543621633596,0
PRPF40B,0.9993543621633596,0.8238976030610188,-0.08170938976256983,-0.9308367965436615,0.03613140662776002,0.7493065846001012,SMARCD3,0.9993543621633596,0
EHMT1.IT1,0.9993543621633596,0.8272503043855954,-0.08916894755454229,-0.9438845716566963,0.041806687681285516,0.7205936545873455,SMC1A,0.9993543621633596,0
SMEK2,0.9993543621633596,0.8273112906760809,-0.09110674792068013,-0.9441234010786874,0.03779352776973756,0.7390472788302792,SMC5.AS1,0.9993543621633596,0
FBXW12,0.9993543621633596,0.827632547884596,-0.08069301912021096,-0.9453823719612384,0.039072608106980045,0.7327720794933994,SMCO2,0.9993543621633596,0
PPP1R26,0.9993543621633596,0.8283560644092421,-0.08514119306637705,-0.948223255143509,0.03960674913175473,0.7297941093553435,SMCR9,0.9993543621633596,0
NUP155,0.9993543621633596,0.8288709455859502,-0.08425715154352295,-0.9502496030702334,0.03993663415217901,0.7279120182144356,SMEK2,0.9993543621633596,0
ARHGDIG,0.9993543621633596,0.8293570740964098,-0.07987379775423498,-0.9521663810154642,0.04238394979896304,0.7164909864446787,SMEK3P,0.9993543621633596,0
GOLGA2P2Y,0.9993543621633596,0.8298148302126994,-0.07897191920389243,-0.9539744920176566,0.04046155554879677,0.7248337610046025,SMG7.AS1,0.9993543621633596,0
PSMD6.AS2,0.9993543621633596,0.8299132235826828,-0.08395664874401104,-0.9543635477267117,0.03261683115292298,0.7635479122571978,SMIM13,0.9993543621633596,0
ZDHHC4,0.9993543621633596,0.830183006145123,-0.08680906361992724,-0.9554310326973626,0.04781544771160253,0.6929206596448172,SMUG1,0.9993543621633596,0
PPP3CC,0.9993543621633596,0.8306750188425294,-0.08164340330333889,-0.9573806545059741,0.04492476451093886,0.7044867467626466,SNAP25,0.9993543621633596,0
NACA2,0.9993543621633596,0.8312279679799224,-0.0857528656269845,-0.9595760922032882,0.04397060165015392,0.7081339447326416,SND1.IT1,0.9993543621633596,0
ATG4C,0.9993543621633596,0.8314156054412886,-0.08669806278383471,-0.9603221426883862,0.041194436974758865,0.7203410145783136,SNRNP25,0.9993543621633596,0
EEF1A2,0.9993543621633596,0.8315826383151448,-0.08183743610156165,-0.9609867189164617,0.03902905945906324,0.730292009386803,SNRPB2,0.9993543621633596,0
SKP1P2,0.9993543621633596,0.8325751896140368,-0.08194680270740516,-0.9649445871748824,0.029425186398938798,0.7796719156754652,SNRPE,0.9993543621633596,0
DSCR4,0.9993543621633596,0.8330210973547871,-0.07782446766842971,-0.9667276050879074,0.03181679215733557,0.7661017556832604,SNX1,0.9993543621633596,0
PWP2,0.9993543621633596,0.8330868293505564,-0.08589717925190565,-0.9669907026959723,0.046290009268990524,0.6968319707812007,SNX10,0.9993543621633596,0
PURA,0.9993543621633596,0.8336220685872696,-0.08490532738110584,-0.969135537900454,0.04546264688933506,0.6998931385127873,SNX15,0.9993543621633596,0
EIF4E3,0.9993543621633596,0.8337386249273369,-0.08550164836077107,-0.9696031992441639,0.04098967160536088,0.7196035894543977,SNX18,0.9993543621633596,0
YY1AP1,0.9993543621633596,0.8339169414440832,-0.08216559766903683,-0.9703190728766768,0.03884482192251255,0.7295968756959684,SNX30,0.9993543621633596,0
CD99,0.9993543621633596,0.8339642722933474,-0.086399394159902193,-0.9705091719364998,0.041197538370991875,0.7184951006225744,SNX7,0.9993543621633596,0
PRDM4,0.9993543621633596,0.8343679847091914,-0.0808695820061545,-0.972132065446906,0.0391379032096932,0.7278661623614804,SORBS1,0.9993543621633596,0
CNDP1,0.9993543621633596,0.8347491120235697,-0.09145454920730328,-0.9736665217427485,0.043604701200226935,0.70708199645436,SP100,0.9993543621633596,0
RAD50,0.9993543621633596,0.8347714584857479,-0.08214799196839236,-0.9737565619701499,0.033645255050804235,0.7552967921083154,SP110,0.9993543621633596,0
PTPN11,0.9993543621633596,0.835186844839902,-0.08852654087931754,-0.9754317110204802,0.044948364314074424,0.7008854784956586,SP140,0.9993543621633596,0
RPS14P3,0.9993543621633596,0.8355022018123099,-0.09224341809966469,-0.9767052968450196,0.046964055915340135,0.6920892748934142,SP3,0.9993543621633596,0
IVD,0.9993543621633596,0.8359294908515493,-0.0852316739157433,-0.9784334581565831,0.03978534134599664,0.7237381653012518,SP4,0.9993543621633596,0
GPATCH3,0.9993543621633596,0.8360646963680518,-0.0816812591713205,-0.9789809029112393,0.037573495378164505,0.7343595128787844,SPATA13.AS1,0.9993543621633596,0
FLRT1,0.9993543621633596,0.8382977303844634,-0.09097500461156349,-0.9880652429040876,0.03945039280657464,0.7236973557706616,SPDEF,0.9993543621633596,0
AMDHD1,0.9993543621633596,0.838383228706485,-0.0924227359512458,-0.9884146850245676,0.04231899025436002,0.7101742150026478,SPG20,0.9993543621633596,0
WDR46,0.9993543621633596,0.8385595584419685,-0.07823920794113541,-0.9891357476885243,0.04042145822140888,0.7188847023818683,SPIN1,0.9993543621633596,0
EMR1,0.9993543621633596,0.8410177570089653,-0.09002981535808854,-0.9992421271352485,0.046005940178851186,0.691754401675803,SPOPL,0.9993543621633596,0
CLIC2,0.9993543621633596,0.8413418062774437,-0.08598784855710069,-1.0005820132243513,0.045575205268703164,0.6933845761613479,SPR,0.9993543621633596,0
ISX,0.9993543621633596,0.84161384560268,-0.08499531504918223,-1.0017082360182645,0.04465260245532837,0.6972394003093314,SPTLC2,0.9993543621633596,0
SUPT20HL1,0.9993543621633596,0.8417543612261411,-0.08376900520434019,-1.0022904582768841,0.04636521209047745,0.6896247231475843,SRA1,0.9993543621633596,0
GRK1,0.9993543621633596,0.8418359676853479,-0.0865057385212967,-1.002628748195937,0.03651947246367831,0.7359973091869523,SRCIN1,0.9993543621633596,0
MED4.AS1,0.9993543621633596,0.8420038597654433,-0.09328335583488905,-1.0033250860533884,0.04883105567352975,0.6790393437274818,SREK1,0.9993543621633596,0
POLR2C,0.9993543621633596,0.8420496118467553,-0.08725688865918795,-1.0035149286643246,0.036450546309948616,0.7361805356092163,SRFBP1,0.9993543621633596,0
RRP7A,0.9993543621633596,0.84341021662695,-0.0861991755632741,-1.0091772145179074,0.050089492728351226,0.6727203179350854,SRP14.AS1,0.9993543621633596,0
SNX7,0.9993543621633596,0.8435483121968117,-0.08830212928078021,-1.0097537220350048,0.03999522911220888,0.717482347482555,SRP72,0.9993543621633596,0
ZRANB1,0.9993543621633596,0.8447897093538188,-0.08029118752262472,-1.014951329042464,0.03950379541737086,0.7190443209005444,SRP9,0.9993543621633596,0
GPR110,0.9993543621633596,0.8459278950389837,-0.07656074166616542,-1.0197410106838913,0.04481927777609105,0.6932079376167419,SRPK1,0.9993543621633596,0
SHC2,0.9993543621633596,0.8459549378105371,-0.08394362854595253,-1.0198550958846817,0.043799973047536106,0.6977941546046884,SRPK3,0.9993543621633596,0
WAC.AS1,0.9993543621633596,0.8469336438269981,-0.0914273306730001,-1.023992927953098,0.04102703654447419,0.7101194228500178,SRPRB,0.9993543621633596,0
THRB,0.9993543621633596,0.8470400042213607,-0.08063190702474925,-1.024443661499441,0.041002877225250325,0.7101681269354412,SRRM2,0.9993543621633596,0
ANXA7,0.9993543621633596,0.8474025886160096,-0.09175679907737859,-1.0259817862917053,0.04893390283209002,0.6741370464771312,SRRM2.AS1,0.9993543621633596,0
STAMBPL1,0.9993543621633596,0.8474086980619853,-0.08344819637985665,-1.0260077240596996,0.03761517358691907,0.7267902249414683,SRSF10,0.9993543621633596,0
DGKE,0.9993543621633596,0.8478618064565834,-0.0978540540590165,-1.0279333318959987,0.04851834678739268,0.6755111521693398,SRSF11,0.9993543621633596,0
TMEM231,0.9993543621633596,0.8487479753357787,-0.08138532032840487,-1.0317104069665939,0.024320261095237657,0.803512736932678,SRSF3,0.9993543621633596,0
VTN,0.9993543621633596,0.849132097462805,-0.09044198833259726,-1.033352212630491,0.04182681711131576,0.7046841021188248,SRSF4,0.9993543621633596,0
RPL31P11,0.9993543621633596,0.8508453006819747,-0.08650806651484941,-1.040708912290897,0.04225598874489673,0.7014471932475518,SRSF6,0.9993543621633596,0
TUBB1,0.9993543621633596,0.851068852098398,-0.08296579600618749,-1.0416730275943835,0.012656378556389437,0.8877938894917423,SRSF7,0.9993543621633596,0
SSR3,0.9993543621633596,0.8511576834498227,-0.0955709143573536,-1.0420564014964089,0.05354914166708668,0.6521750260608402,SRSF8,0.9993543621633596,0
ATP5D,0.9993543621633596,0.8512647056867026,-0.0969169298581884,-1.0425184862018162,0.04232242317307722,0.7008086362982617,SRXN1,0.9993543621633596,0
DRAM1,0.9993543621633596,0.8513733815511191,-0.09391512494881282,-1.0429879385690375,0.04711424281569623,0.6787276684586931,SS18L1,0.9993543621633596,0
CDK14,0.9993543621633596,0.8533873507052894,-0.09227299095800164,-1.0517297452801142,0.053027426094468276,0.6522214558573916,SSBP2,0.9993543621633596,0
RPL17,0.9993543621633596,0.853493826622684,-0.08753895922005722,-1.0521941515124718,0.0501151108541321,0.6640554028032012,SSR2,0.9993543621633596,0
HDAC4,0.9993543621633596,0.8535086666572927,-0.08637005521786983,-1.052258895946236,0.0425635281438977,0.6980549007105817,SSR3,0.9993543621633596,0
GOT1,0.9993543621633596,0.8541797433871269,-0.08196817494201222,-1.0551913073441666,0.04228987521483259,0.69884553286573,SSSCA1,0.9993543621633596,0
TNRC6B,0.9993543621633596,0.8544486023075374,-0.08736976732765002,-1.0563686919481965,0.05194790317868685,0.6556742409720444,SSUH2,0.9993543621633596,0
TOP3A,0.9993543621633596,0.8547107917348249,-0.09484594652910132,-1.0575182814233925,0.04693367529242014,0.6768668915868723,ST13P4,0.9993543621633596,0
TXNDC11,0.9993543621633596,0.8548897595122189,-0.10315429421278961,-1.0583037823803305,0.054349967351166144,0.6456436216831429,STAG3,0.9993543621633596,0
CNTROB,0.9993543621633596,0.855438955454047,-0.08734599237302795,-1.0607183243216802,0.03748977727550833,0.7223072689926902,STAMBPL1,0.9993543621633596,0
PFDN6,0.9993543621633596,0.8557938176509722,-0.09794083516494013,-1.0622817711566814,0.04915674644888841,0.6662158364512625,STARD7.AS1,0.9993543621633596,0
OAZ2,0.9993543621633596,0.8566763070520336,-0.09704355545126088,-1.0661811323084147,0.05373822574068199,0.6464735076879212,STAT4,0.9993543621633596,0
KIAA1024,0.9993543621633596,0.8581711893585804,-0.10024099199734424,-1.0728236495699373,0.04950624093038934,0.6627342640394984,STAT5B,0.9993543621633596,0
PITPNA,0.9993543621633596,0.8591848473658528,-0.09155744819504678,-1.077354904643953,0.04562160670438878,0.6793494829132138,STAT6,0.9993543621633596,0
GTF2F2,0.9993543621633596,0.859475874856999,-0.08667698166013113,-1.0786599488280488,0.05200852091059693,0.6510316843849815,STATH,0.9993543621633596,0
NUP210L,0.9993543621633596,0.8597638847896514,-0.0980007931184901,-1.0799532722916212,0.04965469217567912,0.6607514129475176,STAU2,0.9993543621633596,0
XPOT,0.9993543621633596,0.8601818073204228,-0.09723274701339614,-1.0818331932008443,0.05100840244702067,0.6546203523544698,STIM2,0.9993543621633596,0
GPS2,0.9993543621633596,0.8602612384421319,-0.11221128229975143,-1.0821909269153258,0.056483689901406085,0.6323874426812113,STK11,0.9993543621633596,0
SMUG1,0.9993543621633596,0.8622140458675224,-0.09445498821450872,-1.0910297258675847,0.04663762065389028,0.6722485443195421,STK17A,0.9993543621633596,0
EIF5,0.9993543621633596,0.8628905549671416,-0.09142549536585688,-1.0941116897909346,0.04974314346720672,0.6577884134228276,STK25,0.9993543621633596,0
ATXN2,0.9993543621633596,0.8629574454451873,-0.0827894397428282,-1.0944169866250795,0.05334956133680929,0.6424207965244999,STK38L,0.9993543621633596,0
KPNA7,0.9993543621633596,0.863050351303207,-0.09207916077416715,-1.0948411903022672,0.04869091692610289,0.662263631353736,STK4.AS1,0.9993543621633596,0
UBA2,0.9993543621633596,0.8630620361340864,-0.08850008288317224,-1.0948945566232384,0.050509913665491374,0.6543081898776899,STL,0.9993543621633596,0
ZNF639,0.9993543621633596,0.8631211456589833,-0.10122448538322314,-1.0951645662016165,0.04838255859086023,0.6636106200226995,STRBP,0.9993543621633596,0
GBGT1,0.9993543621633596,0.8633366175862737,-0.09936522545937257,-1.09614950856101,0.0466413059481577,0.6713602241286308,STRIP2,0.9993543621633596,0
CCNI2,0.9993543621633596,0.8634319532331012,-0.08910397947986781,-1.096585636157438,0.05008933074496574,0.6557968789953186,STUB1,0.9993543621633596,0
ENOSF1,0.9993543621633596,0.8634626445818425,-0.09690720489460287,-1.096726082837353,0.04961469098675198,0.6578489820901721,STX16.NPEPL1,0.9993543621633596,0
TMEM30B,0.9993543621633596,0.8636096283087269,-0.0935009296392186,-1.0973989950892082,0.040094774094000904,0.7032828726334914,STX6,0.9993543621633596,0
FAM65C,0.9993543621633596,0.8646571579011956,-0.09914923783696757,-1.1022091926603064,0.05752016357859077,0.6242321381637936,STXBP3,0.9993543621633596,0
AKAP11,0.9993543621633596,0.865225328375691,-0.08617944945313749,-1.1048288970535685,0.050777451281718344,0.6513139969154944,STXBP4,0.9993543621633596,0
SEPHS1,0.9993543621633596,0.8660116660019942,-0.10531514376207483,-1.1084670750346235,0.0545574208669973,0.6347172628165316,SUCLG2,0.9993543621633596,0
NUPL1,0.9993543621633596,0.86732945926693406,-0.0969223394527138,-1.114597265828316,0.048723001573168695,0.6586169214646509,SUFU,0.9993543621633596,0
KMT2E.AS1,0.9993543621633596,0.8677457375154839,-0.1083975674174345,-1.1165424587481525,0.053938416907704984,0.6356643220654032,SUGT1,0.9993543621633596,0
VPS37A,0.9993543621633596,0.8686807574456121,-0.08483383563661362,-1.1209271078284713,0.049966877269719656,0.6519225025220392,SUMO1,0.9993543621633596,0
MAPKAPK2,0.9993543621633596,0.868700770447578,-0.09517101317845865,-1.1210211916781587,0.04880033664462603,0.6571824877504124,SUN3,0.9993543621633596,0
CLIP1.AS1,0.9993543621633596,0.8693970532149804,-0.10389415327089359,-1.1243007094829967,0.052546137505884806,0.6400542450188007,SUPT20H,0.9993543621633596,0
TUBGCP4,0.9993543621633596,0.8695119538722357,-0.0897971049408721,-1.1248430588240697,0.05076834914775588,0.6477033878040299,SUPT20HL1,0.9993543621633596,0
DDX47,0.9993543621633596,0.8695606938307319,-0.10279092555807275,-1.1250732191046078,0.05835910538260903,0.6162854417360635,SUPT5H,0.9993543621633596,0
EIF3B,0.9993543621633596,0.8695919268362848,-0.09783562058357984,-1.125220739219106,0.06381144984584704,0.5961015131540242,SUPT6H,0.9993543621633596,0
SEPT3,0.9993543621633596,0.869786268116751,-0.09348334286815696,-1.1261392049184487,0.058574682680847916,0.6152227637934362,SUPT7L,0.9993543621633596,0
RABGGTA,0.9993543621633596,0.8697864457861777,-0.09492589986547907,-1.126140045026749,0.05528604242560125,0.6282938474987729,SURF6,0.9993543621633596,0
KBTBD3,0.9993543621633596,0.8700778485875287,-0.10340573302023895,-1.1275190114716263,0.05942122224605111,0.6116713398632253,SUV420H2,0.9993543621633596,0
TNKS2.AS1,0.9993543621633596,0.8705123290327323,-0.11005420845914701,-1.129579034374363,0.044919981963879196,0.6740070355295901,SUZ12P1,0.9993543621633596,0
UBA3,0.9993543621633596,0.8706198888141292,-0.10353053452359932,-1.130089753224131,0.06129372791398575,0.6041460704873984,SYK,0.9993543621633596,0
DNM3,0.9993543621633596,0.8708647431989115,-0.11086332632937648,-1.1312534790765136,0.06022291736963189,0.607905185387803,SYN1,0.9993543621633596,0
DENND1A,0.9993543621633596,0.8713913644493645,-0.1076768085126476,-1.1337615689532594,0.04961329371791921,0.6512287169487582,SYNDIG1,0.9993543621633596,0
NCBP2.AS2,0.9993543621633596,0.8732501218870949,-0.09951068191555316,-1.1426716389449656,0.04443135127375976,0.674349364710914,SYS1.DBNDD2,0.9993543621633596,0
CREB3,0.9993543621633596,0.8744710644133473,-0.09176686802276023,-1.148573996052319,0.054742337100883116,0.6262497296381957,SZT2,0.9993543621633596,0
MAFA,0.9993543621633596,0.8746312123350217,-0.10020091399650263,-1.1493511646047163,0.04878709146218566,0.6523254161190442,TAC1,0.9993543621633596,0
CIAPIN1,0.9993543621633596,0.8761001728129096,-0.10639341753767716,-1.1565123836264963,0.06236915827651337,0.5946034239232116,TACC2,0.9993543621633596,0
CCDC94,0.9993543621633596,0.8782890287765082,-0.0994211325295752,-1.1672944366340086,0.04740882115877078,0.6558725659057415,TAF1,0.9993543621633596,0
PIP5K1B,0.9993543621633596,0.8798212127033771,-0.08987456336305541,-1.174923251442531,0.055660166884307,0.6174478021166744,TAF10,0.9993543621633596,0
RAB11B,0.9993543621633596,0.880166789680392,-0.10921980580520972,-1.1766533667077077,0.0529454765316461,0.6287452818434137,TAF1A,0.9993543621633596,0
ANKRD44.IT1,0.9993543621633596,0.8818393969360785,-0.10521919725198056,-1.1850774116843925,0.05782181482999717,0.606573764292452,TAF4B,0.9993543621633596,0
IKBKE,0.9993543621633596,0.8845521986728885,-0.10505909638532898,-1.1989219375832,0.06938819360331992,0.5605520646460883,TAF6,0.9993543621633596,0
MAP3K5,0.9993543621633596,0.8846336821262315,-0.09810744419725494,-1.1993413411832352,0.06490169509622654,0.5763210288855647,TAOK1,0.9993543621633596,0
SCAMP4,0.9993543621633596,0.8846506088173975,-0.1150763557170712,-1.1994284910334723,0.07065664277434285,0.5561678550402169,TAP1,0.9993543621633596,0
R3HDM4,0.9993543621633596,0.8848078599766664,-0.1045394248277475,-1.200238560050413,0.06484168921003812,0.576363331318483,TAPBPL,0.9993543621633596,0
SNX10,0.9993543621633596,0.8851965358232948,-0.10478970277834877,-1.2022441832308095,0.06315178768221716,0.5822427627568517,TAPT1,0.9993543621633596,0
TIAF1,0.9993543621633596,0.885280409515357,-0.1014553769671891,-1.2026776180389203,0.06374183320801044,0.5799619415026558,TATDN3,0.9993543621633596,0
CHD9,0.9993543621633596,0.8860046934690684,-0.1080988031831747,-1.206429939967351,0.048314786189430164,0.6451492378789473,TAX1BP3,0.9993543621633596,0
ACTR1B,0.9993543621633596,0.8862915056912158,-0.10764354627302275,-1.207920539908695,0.06157552689001863,0.5872073034872256,TBC1D10A,0.9993543621633596,0
RAB6B,0.9993543621633596,0.8865958884666596,-0.1109668775103663,-1.2095053957829855,0.06327884096960965,0.580325388716395,TBC1D15,0.9993543621633596,0
SHMT1,0.9993543621633596,0.8866811565099431,-0.1183697549123335,-1.209949913009524,0.07125211375143564,0.5518589515910073,TBC1D21,0.9993543621633596,0
SRP9,0.9993543621633596,0.8867787484982268,-0.10452935051062355,-1.2104589705440734,0.0630474830208514,0.5809842874881624,TBC1D3,0.9993543621633596,0
RCCD1,0.9993543621633596,0.8869547796536161,-0.10746441072573724,-1.2113779745948754,0.05982682091859568,0.5933990762804047,TBCA,0.9993543621633596,0
QDPR,0.9993543621633596,0.8873001560189093,-0.11435530090396409,-1.2131840548300252,0.06473084659766136,0.5741097113122695,TBL1Y,0.9993543621633596,0
GNB3,0.9993543621633596,0.8878785282826069,-0.10926811753926548,-1.2162174315108776,0.06318061875271029,0.5793538814517141,TBRG4,0.9993543621633596,0
MAPKAPK5.AS1,0.9993543621633596,0.8878945492176661,-0.09423877677488066,-1.2163016154421744,0.06642691222378425,0.5672597634834491,TCERG1L,0.9993543621633596,0
DIAPH2,0.9993543621633596,0.8879228148593418,-0.10049670551865018,-1.2164501616692598,0.06481199134511022,0.5731525120020025,TCF3,0.9993543621633596,0
WASF3,0.9993543621633596,0.8884442569731563,-0.10837367256636594,-1.219195356446152,0.06373956761715342,0.5766343960615905,TCIRG1,0.9993543621633596,0
IDUA,0.9993543621633596,0.8885970565124777,-0.10414375520835176,-1.2200015298338247,0.05451731596546429,0.6142198158084056,TCP1,0.9993543621633596,0
UNC45B,0.9993543621633596,0.8892193105883842,-0.10821667668394967,-1.223292769284238,0.06739314905039862,0.5622913843049875,TCP10,0.9993543621633596,0
DHX32,0.9993543621633596,0.8894904382966553,-0.1124910440261408,-1.2247309743117687,0.05989858906418848,0.5906379341581417,TERT,0.9993543621633596,0
KIAA0391,0.9993543621633596,0.8901025750877035,-0.1010330762058303,-1.2279874178489292,0.06225525435064352,0.5806190608093148,TESC,0.9993543621633596,0
SRP14.AS1,0.9993543621633596,0.8902599111075473,-0.11046728879210094,-1.2288265188145544,0.06470972643652317,0.5710417288127877,TEX264,0.9993543621633596,0
RNF5,0.9993543621633596,0.8915157928408217,-0.124889415852265,-1.2355555886617173,0.06880101451618995,0.5547343861948862,TFCP2L1,0.9993543621633596,0
SYN1,0.9993543621633596,0.8917619794664646,-0.11172151899449226,-1.2368812375653364,0.06074076144088229,0.5848939097902652,TFDP2,0.9993543621633596,0
RPS16P5,0.9993543621633596,0.8937179291860617,-0.11082124432808603,-1.2474916061256776,0.06013905904110227,0.5853953543602904,TFIP11,0.9993543621633596,0
CDC6,0.9993543621633596,0.8937817624587922,-0.0988430187427989,-1.2478402496860679,0.05212986278568009,0.6204002384205636,TGFBR3,0.9993543621633596,0
RAG1,0.9993543621633596,0.8941012111307314,-0.09955869668255604,-1.2495872912391541,0.04410874337020604,0.6602830051621738,TGS1,0.9993543621633596,0
MSL2,0.9993543621633596,0.894324969876434,-0.10911272720290022,-1.2508132850513531,0.07354891678945924,0.5352930051332734,THAP1,0.9993543621633596,0
SLC4A2,0.9993543621633596,0.8944017728192256,-0.09820663221082705,-1.251234528509936,0.055500337250352465,0.6044668471803252,THOC3,0.9993543621633596,0
EGF,0.9993543621633596,0.8945349129538882,-0.11599195910253488,-1.2519652924512947,0.05915750118291465,0.5885896656292611,THOC6,0.9993543621633596,0
DCTN1,0.9993543621633596,0.8946137284326416,-0.10618604274982006,-1.2523982006037382,0.06022080101317575,0.5841450417579881,THRB,0.9993543621633596,0
WDYHV1,0.9993543621633596,0.8950249619374524,-0.10701262099849515,-1.254660788773993,0.06255693332752374,0.5743066095082274,THUMPD2,0.9993543621633596,0
ACSS2,0.9993543621633596,0.8953992886357915,-0.0898728670942487,-1.2567259123880838,0.04714491070805378,0.643577300534719,TIAF1,0.9993543621633596,0
HEATR6,0.9993543621633596,0.895587012938321,-0.11660903517043665,-1.2577635883711713,0.07677182767736011,0.5233676480811811,TIAM1,0.9993543621633596,0
ARPC3,0.9993543621633596,0.8962462843574266,-0.10970506725284289,-1.2614185836872525,0.05934337843960457,0.5861599887460338,TIPARP,0.9993543621633596,0
PCGEM1,0.9993543621633596,0.8966932097852112,-0.10702437909276884,-1.263905943561304,0.07132146301588198,0.5400621771535865,TIRAP,0.9993543621633596,0
STX6,0.9993543621633596,0.8981691461219169,-0.10703603384561744,-1.272176300664431,0.06835939611471539,0.5488733944359443,TLE6,0.9993543621633596,0
ACTBL2,0.9993543621633596,0.8982782060676653,-0.11567595910699857,-1.272790871076656,0.0698275914066645,0.543401898200334,TLN2,0.9993543621633596,0
PSMA8,0.9993543621633596,0.898994461554321,-0.11632655814363074,-1.2768390787268766,0.05439439837359308,0.6052406484191392,TM9SF1,0.9993543621633596,0
SZT2,0.9993543621633596,0.8993791993820669,-0.11709295810433086,-1.279022239113883,0.07122769072978595,0.5372198723592265,TM9SF3,0.9993543621633596,0
PILRA,0.9993543621633596,0.9006288945145466,-0.11385105205066506,-1.286155899843907,0.0698579040780825,0.5406210006130547,TM9SF4,0.9993543621633596,0
UBE2NL,0.9993543621633596,0.9009156423396693,-0.11587685928665585,-1.2878020013866727,0.06767866565967826,0.5483087939308444,TMA16,0.9993543621633596,0
FBXO39,0.9993543621633596,0.9010735770139617,-0.11183107012836664,-1.2887101305305617,0.0708398931540033,0.5365873548756404,TMBIM4,0.9993543621633596,0
ODF2L,0.9993543621633596,0.9011103731161509,-0.1020724630874962,-1.2889218618207492,0.07091268268912802,0.5362402496355934,TMC1,0.9993543621633596,0
RPL37A,0.9993543621633596,0.9012403261622794,-0.12806491730893532,-1.2896700971039237,0.08326113722638825,0.4964611842678549,TMCO2,0.9993543621633596,0
FAM205A,0.9993543621633596,0.903106144394527,-0.1139638266587106,-1.300493504087583,0.06762874421533271,0.5459300840442676,TMED10P1,0.9993543621633596,0
PHKG1,0.9993543621633596,0.9036177514864214,-0.1094893127861661,-1.303488013328837,0.07329208767311052,0.5249804304989556,TMED3,0.9993543621633596,0
CCNT2.AS1,0.9993543621633596,0.904027241419437,-0.10624343757317832,-1.3058932583608536,0.07599475413355786,0.5153893017175102,TMED5,0.9993543621633596,0
STAT6,0.9993543621633596,0.9042931688741846,-0.11816531364468932,-1.307459303722947,0.07009396055739024,0.5355340239664141,TMED6,0.9993543621633596,0
CALM2,0.9993543621633596,0.904900184071333,-0.11916142188869576,-1.3110460682207763,0.07666421077612418,0.5121385579371707,TMEFF1,0.9993543621633596,0
DEPDC1,0.9993543621633596,0.9052505135894479,-0.10720165797294669,-1.3131238069354096,0.06557091709445756,0.5514308953549488,TMEM11,0.9993543621633596,0
PSMD9,0.9993543621633596,0.9053982772460504,-0.1266579054769313,-1.314001866102209,0.07768720217381007,0.5082025848354916,TMEM132A,0.9993543621633596,0
NIT1,0.9993543621633596,0.9056508068838798,-0.11842065331394243,-1.3155048258987438,0.07780345802253048,0.5074968721426547,TMEM174,0.9993543621633596,0
BTN2A2,0.9993543621633596,0.9060968232699735,-0.10704798723695844,-1.318166621388879,0.06494848195006742,0.5529975861591708,TMEM204,0.9993543621633596,0
IBA57,0.9993543621633596,0.9061512790577418,-0.10423067096750131,-1.3184922495771179,0.06316520104182037,0.560072387805846,TMEM215,0.9993543621633596,0
TAF1,0.9993543621633596,0.9079370205681523,-0.12866687850570943,-1.3292487580455157,0.07591748162507617,0.5108146714221109,TMEM231,0.9993543621633596,0
INPP5E,0.9993543621633596,0.9082682899919847,-0.10221350585942882,-1.3312611467617836,0.07097473407652279,0.5276080670546981,TMEM249,0.9993543621633596,0
LDHAL6A,0.9993543621633596,0.9082796397863854,-0.1248624536939741,-1.3313301897377454,0.06688131265818127,0.5429632398544622,TMEM30B,0.9993543621633596,0
BMS1P17,0.9993543621633596,0.9087350132517178,-0.12024718769284279,-1.3341055610081152,0.06642219782771036,0.5442032442060042,TMEM44,0.9993543621633596,0
FAM135A,0.9993543621633596,0.9090652079844279,-0.12027837300359699,-1.3361244431306722,0.07446995577217064,0.5143100549288224,TMEM50B,0.9993543621633596,0
MYOC,0.9993543621633596,0.9096838709245568,-0.12005004575113837,-1.3399217986612242,0.07973072394516949,0.49616054437355345,TMEM59L,0.9993543621633596,0
EOGT,0.9993543621633596,0.9096947764751031,-0.12386801054483441,-1.3399889102513285,0.062388506874644804,0.5595929499416761,TMEM67,0.9993543621633596,0
XRRA1,0.9993543621633596,0.9106281000489784,-0.12403673612522219,-1.3457549706398844,0.07879560832209469,0.4978779733000879,TMEM87B,0.9993543621633596,0
RSC1A1,0.9993543621633596,0.9108553744371213,-0.11825919948054196,-1.3471658552509593,0.07905175801404916,0.4967764109616736,TMIE,0.9993543621633596,0
PAPOLB,0.9993543621633596,0.9112247772104514,-0.13076051389071336,-1.3494647838119793,0.0880159012531746,0.46931042696638525,TMPO.AS1,0.9993543621633596,0
PBX3,0.9993543621633596,0.9124346008948145,-0.11408274381346298,-1.3570442971964163,0.08040246454536805,0.4903917457545974,TMSB15A,0.9993543621633596,0
RBM5.AS1,0.9993543621633596,0.9127151336965958,-0.10913248289480412,-1.3588129913645342,0.05760681908537453,0.5772197641293573,TMSB4Y,0.9993543621633596,0
SH3PXD2A,0.9993543621633596,0.9128548598455664,-0.11572843806276246,-1.3596955187375437,0.06113923226179064,0.5615642703623949,TMX1,0.9993543621633596,0
UQCRFS1,0.9993543621633596,0.912987371413347,-0.11813980567850874,-1.3605334564712697,0.06949759902418495,0.5274945923797263,TMX4,0.9993543621633596,0
HECTD2,0.9993543621633596,0.9130199339262997,-0.11907305734484291,-1.3607395118548284,0.0802745984037037,0.4900370284535121,TNFRSF10C,0.9993543621633596,0
ASB7,0.9993543621633596,0.9133806759654988,-0.11150607613471819,-1.3630261571914193,0.08015525984869132,0.4899699158913111,TNIP2,0.9993543621633596,0
ATP5G1,0.9993543621633596,0.9136564666222116,-0.108134641826912,-1.3647791330720285,0.07414689515055821,0.5098003550328973,TNKS2.AS1,0.9993543621633596,0
VPS4B,0.9993543621633596,0.9136790524466665,-0.13384815601442346,-1.3649228784061653,0.08553441287806125,0.47298742057362697,TNPO2,0.9993543621633596,0
SIRT3,0.9993543621633596,0.9140154484949721,-0.13767955962493855,-1.3670671822728584,0.08430794582310694,0.47621722052909726,TNR,0.9993543621633596,0
FTSJ2,0.9993543621633596,0.9155873645877773,-0.13519482213707276,-1.3771713554729985,0.08015979500969538,0.48700540325901825,TNRC6B,0.9993543621633596,0
RNF207,0.9993543621633596,0.9157073668809922,-0.12779847422010535,-1.3779485105789036,0.0734894645450632,0.5095620312965781,TOMM20L,0.9993543621633596,0
TRIM39,0.9993543621633596,0.9161798984672077,-0.11846970786852637,-1.3810168170752106,0.08238217062230296,0.4791765650856616,TOP1MT,0.9993543621633596,0
HNRNPH1,0.9993543621633596,0.9164882512766401,-0.12459343812719087,-1.383026079428342,0.08283184834492369,0.47727229078499633,TOP3A,0.9993543621633596,0
AKNAD1,0.9993543621633596,0.9171414457486932,-0.12482581791579768,-1.387300890865265,0.07957264743318682,0.48683959335939214,TOPORS,0.9993543621633596,0
CNEP1R1,0.9993543621633596,0.9173963895691309,-0.12048998787919413,-1.388976253755141,0.08602778591924778,0.4663367402668021,TOR1AIP1,0.9993543621633596,0
SP4,0.9993543621633596,0.91829543501541,-0.12994812136723524,-1.3949156379756387,0.084787481731709885,0.46883460654228626,TP53,0.9993543621633596,0
NINJ1,0.9993543621633596,0.918780375246272,-0.12028213073756953,-1.3981398205039004,0.07964172864144177,0.4844150091613337,TP53I11,0.9993543621633596,0
PSMA3,0.9993543621633596,0.9193224599062095,-0.10747903663003984,-1.4017612046712735,0.04921127316069663,0.6128945619944284,TPD52L3,0.9993543621633596,0
GART,0.9993543621633596,0.9194713384216795,-0.11815758170066819,-1.4027590046409188,0.07442670113470673,0.5014876128517651,TPI1P2,0.9993543621633596,0
UBA5,0.9993543621633596,0.9195020028491115,-0.12029411781205432,-1.4029646942964442,0.08052397527962611,0.4806262656740865,TPM3P9,0.9993543621633596,0
DHX57,0.9993543621633596,0.9198096671094697,-0.12392961480038966,-1.405031722409015,0.07887837684798626,0.4856568347142828,TPPP,0.9993543621633596,0
PRKCD,0.9993543621633596,0.9204194434605526,-0.11969834030569533,-1.4091462898852745,0.08395582315277207,0.46847629564124665,TPRA1,0.9993543621633596,0
SECISBP2L,0.9993543621633596,0.9214043713749867,-0.12678457053024747,-1.4158430288188262,0.07453054677521569,0.49863286743468926,TPT1.AS1,0.9993543621633596,0
DGCR5,0.9993543621633596,0.923053925695484,-0.12177665425312936,-1.4272028983030758,0.07380377840880863,0.4991613699699874,TRA2B,0.9993543621633596,0
TBC1D21,0.9993543621633596,0.9231416698386128,-0.1289703416508145,-1.4278123301990802,0.058002005408125404,0.5647414553928973,TRABD,0.9993543621633596,0
TRAPPC11,0.9993543621633596,0.9232433928833171,-0.11633026534805345,-1.4285195169370228,0.08164179445338271,0.4718550518966067,TRAF3IP1,0.9993543621633596,0
RBM34,0.9993543621633596,0.9239668279722657,-0.12775037068809433,-1.4335696044049766,0.0862025885162672,0.45652747902872726,TRAFD1,0.9993543621633596,0
GJA1,0.9993543621633596,0.9242156905392118,-0.12923651325520444,-1.435315309894476,0.08060927092773625,0.4738905320076001,TRAM1L1,0.9993543621633596,0
DLGAP5,0.9993543621633596,0.9244756133938802,-0.13025396056130495,-1.4371432766944026,0.08175537614925754,0.46982501014168715,TRAPPC10,0.9993543621633596,0
FBXO3,0.9993543621633596,0.924697103457045,-0.12696119692148122,-1.4387047496406218,0.08342120826600201,0.46416701887800016,TRAPPC11,0.9993543621633596,0
PRR14,0.9993543621633596,0.9252535687478713,-0.1372547950579229,-1.4426432857567255,0.08646057095311017,0.4539789897367494,TRAPPC12,0.9993543621633596,0
RPA2,0.9993543621633596,0.9254511824989606,-0.11386282269281375,-1.4440473434572692,0.0882424620173897,0.4483211313713871,TRAPPC3L,0.9993543621633596,0
CTNNBIP1,0.9993543621633596,0.9268610603807481,-0.12264914925057695,-1.4541481404960224,0.079572507958983,0.4738285577942478,TRAPPC9,0.9993543621633596,0
PRPF38B,0.9993543621633596,0.9268715395024478,-0.1270214154657612,-1.4542237723366145,0.08955660082151064,0.44237448713918714,TRIM23,0.9993543621633596,0
IRF2BP1,0.9993543621633596,0.9270847524719177,-0.1116530398781513,-1.4557644195393349,0.0810184241660943,0.4686054554924566,TRIM27,0.9993543621633596,0
EIF4EBP3,0.9993543621633596,0.927613300654502,-0.14184247242887005,-1.4595985897371013,0.09166913312604974,0.4351743456743385,TRIM29,0.9993543621633596,0
TRIM27,0.9993543621633596,0.9278080221570439,-0.11547722017842221,-1.4610165455902695,0.07088546583362243,0.5042331571034213,TRIM34,0.9993543621633596,0
TMBIM4,0.9993543621633596,0.9284262832179478,-0.12905588684810138,-1.4655382603987084,0.09159895639496807,0.4341322073759601,TRIM39,0.9993543621633596,0
CEP170,0.9993543621633596,0.9291690542273638,-0.11370005775700212,-1.4710104689820729,0.08083081355716902,0.46645172389065004,TRIM45,0.9993543621633596,0
TRAPPC10,0.9993543621633596,0.9298191170257414,-0.1273217220683755,-1.4758360279078038,0.0925630058200757,0.42928006374373945,TRIP13,0.9993543621633596,0
RPS19BP1,0.9993543621633596,0.9302360271710187,-0.14474791886151736,-1.4789489974107397,0.09178640851025134,0.43082226404360097,TRPC5,0.9993543621633596,0
HSPA9,0.9993543621633596,0.931040077082042,-0.11641250067880693,-1.4849933950068517,0.09016106594797926,0.4343921766761114,TRPM8,0.9993543621633596,0
PRPH,0.9993543621633596,0.9316782522703932,-0.12327451343340656,-1.489829693580293,0.09284856838407393,0.4255826929325617,TRPV3,0.9993543621633596,0
C16orf74,0.9993543621633596,0.9316981372494592,-0.1254391648332147,-1.4899809482475772,0.07909193322279075,0.46885768374140496,TSNARE1,0.9993543621633596,0
NBR2,0.9993543621633596,0.9318855848744669,-0.13527974972819,-1.491408440338205,0.09228314409110777,0.426888056943397,TSPAN15,0.9993543621633596,0
CSNK2A2,0.9993543621633596,0.9319918201517063,-0.12284236345068922,-1.492218815598396,0.09011605664255191,0.43299134130169464,TSR2,0.9993543621633596,0
PPP1R10,0.9993543621633596,0.9322559232756202,-0.13566940952640155,-1.4942376769481125,0.07403207193352146,0.4864578226214188,TTC18,0.9993543621633596,0
ATP6V0E2,0.9993543621633596,0.9326284254614949,-0.13041288625743536,-1.4970955435220512,0.08580895100585363,0.44523232817984615,TUBB1,0.9993543621633596,0
MCCD1,0.9993543621633596,0.9331045236015365,-0.1260216565975412,-1.5007660751503542,0.0916523506476697,0.4268487283720354,TUBGCP3,0.9993543621633596,0
GLI1,0.9993543621633596,0.9335477768864847,-0.12305177743079049,-1.504201628851013,0.0921694942717128,0.4246151416494599,TUBGCP4,0.9993543621633596,0
EIF3M,0.9993543621633596,0.9336807264557764,-0.13238231183741778,-1.5052355539439923,0.09332881867103278,0.42116589440513746,TULP1,0.9993543621633596,0
UFD1L,0.9993543621633596,0.933820711525247,-0.14513560116436627,-1.5063259321583258,0.08677930371291323,0.44040490785418585,TXLNB,0.9993543621633596,0
C6orf118,0.9993543621633596,0.9338544748878644,-0.1289011154497633,-1.5065891911471108,0.07993688881493943,0.4627867478591331,TXNDC11,0.9993543621633596,0
TAC1,0.9993543621633596,0.9342652252279762,-0.13103246362641952,-1.5098002679159286,0.09789055124842178,0.4077334281977483,TXNDC15,0.9993543621633596,0
XRCC6,0.9993543621633596,0.9350510233287989,-0.14173630870294934,-1.515986995244326,0.0906256700072366,0.42676309912346577,TYMP,0.9993543621633596,0
BFSP1,0.9993543621633596,0.935245979479706,-0.12641425597183506,-1.5175309223920934,0.08705035430261317,0.4374088178895472,U2AF1L4,0.9993543621633596,0
DDX23,0.9993543621633596,0.9360264482599269,-0.14386275057064857,-1.5237481973560405,0.07702459912277479,0.4701645993058978,U2SURP,0.9993543621633596,0
CDC14A,0.9993543621633596,0.9366596638400102,-0.13909175772492097,-1.5288360026327836,0.09420962046041545,0.4139284244654043,UACA,0.9993543621633596,0
TRIP13,0.9993543621633596,0.9368523314017723,-0.14209490137263597,-1.5303919284933138,0.08076052264243354,0.4558803492629024,UBA2,0.9993543621633596,0
PASD1,0.9993543621633596,0.937001029513967,-0.13214018264090358,-1.5315953041958497,0.0931690065574844,0.41637247389801757,UBA3,0.9993543621633596,0
CAP1,0.9993543621633596,0.9370242239985547,-0.1508128747205581,-1.5317832109737193,0.09527364988294439,0.41039733440866677,UBA5,0.9993543621633596,0
POLR2D,0.9993543621633596,0.9370267597897008,-0.14930046017265652,-1.531803757595428,0.09199932150689355,0.4197045399842471,UBA6,0.9993543621633596,0
ERH,0.9993543621633596,0.9373301256607305,-0.14793699800153481,-1.5342664974242624,0.09138674791396306,0.4210153212955607,UBAC2.AS1,0.9993543621633596,0
RFC2,0.9993543621633596,0.9376948608526291,-0.13908800034074167,-1.537239790618052,0.0933959019132868,0.4145787847943274,UBAP1L,0.9993543621633596,0
BRD3,0.9993543621633596,0.9380686703578389,-0.12713949575071185,-1.5403012013412791,0.07673326177376032,0.46845355626074964,UBASH3A,0.9993543621633596,0
UGT1A1,0.9993543621633596,0.9391521161691341,-0.15272311268470487,-1.5492567728085547,0.09793435804921784,0.399555119964667,UBC,0.9993543621633596,0
FOXK1,0.9993543621633596,0.9395635442257882,-0.12575997146074194,-1.5526902884041134,0.08944823057077522,0.4233806488914174,UBE2D3,0.9993543621633596,0
MX1,0.9993543621633596,0.9396434919219114,-0.1371337133372487,-1.5533596052561973,0.09607866955053376,0.40382858650582504,UBE2D4,0.9993543621633596,0
RBM18,0.9993543621633596,0.9409417660287476,-0.13221495503151007,-1.5643272717816576,0.09881705939231362,0.39423421106919837,UBE2E2,0.9993543621633596,0
FES,0.9993543621633596,0.9411310137670155,-0.14804433453868776,-1.5659417862818963,0.10160759582763022,0.38661336926394163,UBE2G2,0.9993543621633596,0
CMPK2,0.9993543621633596,0.9416613084209626,-0.13087594730402416,-1.5704876894700697,0.09784140231147903,0.3956433559662635,UBE2H,0.9993543621633596,0
CBX2,0.9993543621633596,0.9422825353173843,-0.1297627449857878,-1.575854646064322,0.08966074884970651,0.4184847731816405,UBE2I,0.9993543621633596,0
NENF,0.9993543621633596,0.9425494794901847,-0.14174831816512146,-1.5781748358063863,0.09928554481127642,0.39022529907697334,UBE2J1,0.9993543621633596,0
UBAC2.AS1,0.9993543621633596,0.9425811419788328,-0.13176603404649084,-1.5784505988186706,0.08309484234703304,0.43935370937929275,UBE2L3,0.9993543621633596,0
FAM193B,0.9993543621633596,0.9428821643663906,-0.136208295914653,-1.581078344824171,0.08417874359144123,0.4352311481564429,UBE2L6,0.9993543621633596,0
MFGE8,0.9993543621633596,0.9429550140085768,-0.13362518595794332,-1.5817159192936778,0.10479227899869603,0.37539798740653213,UBE2NL,0.9993543621633596,0
ACAD11,0.9993543621633596,0.9440112974428869,-0.13004375465749232,-1.5910334190640094,0.10183063911321083,0.3809979551011142,UBE2Q1,0.9993543621633596,0
RNF168,0.9993543621633596,0.9446641798263699,-0.15173626021079542,-1.5968621744345337,0.10352008782457539,0.37558740295131926,UBE2Q2,0.9993543621633596,0
SERINC2,0.9993543621633596,0.9460045784388247,-0.14084390282301626,-1.6090015630755519,0.10467595019194562,0.3703144554038551,UBE3A,0.9993543621633596,0
ANKMY1,0.9993543621633596,0.9462127103210344,-0.13535779468576026,-1.6109078839134214,0.09594418474151374,0.39345410813121784,UBE3B,0.9993543621633596,0
SUV420H2,0.9993543621633596,0.9471978309432296,-0.1445982248644489,-1.6200110537933303,0.09527830525953807,0.3935588712864782,UBE3C,0.9993543621633596,0
WARS,0.9993543621633596,0.947418173746002,-0.15249689043930623,-1.6220656083783112,0.10212092116184271,0.37431380833308747,UBE3D,0.9993543621633596,0
CCT3,0.9993543621633596,0.9478624310301135,-0.13500039145074694,-1.626228926171679,0.09481693328149547,0.3937446675574942,UBE4B,0.9993543621633596,0
WDR83,0.9993543621633596,0.9481734961138879,-0.1505578879981215,-1.6291608773807693,0.10578515531060388,0.3635231984974971,UBFD1,0.9993543621633596,0
ABCF2,0.9993543621633596,0.9494586686592987,-0.1388078000168598,-1.6414249749821481,0.10898439028531487,0.3534197377800664,UBL7.AS1,0.9993543621633596,0
JAK2,0.9993543621633596,0.949762985146632,-0.1498283127674154,-1.644365363872967,0.09469909887732283,0.39085184151873836,UBN2,0.9993543621633596,0
NUCB1.AS1,0.9993543621633596,0.9498777726362299,-0.1444159680407059,-1.6454781662087468,0.09573587258344371,0.38755377135039026,UBQLN1,0.9993543621633596,0
PSMA6,0.9993543621633596,0.9502128750512332,-0.15615008930140006,-1.6487384893780388,0.09700855579591817,0.3831743912714491,UBQLN2,0.9993543621633596,0
CBFA2T3,0.9993543621633596,0.9505058002673983,-0.1517553909854746,-1.6516028525968667,0.10574310536481644,0.35940977103208216,UBR7,0.9993543621633596,0
ITGA5,0.9993543621633596,0.9505826121671214,-0.14823894805263535,-1.6523561985631072,0.09374040444738187,0.39238354846018897,UBXN10,0.9993543621633596,0
TGFBR3,0.9993543621633596,0.9508955780858962,-0.1452266892991044,-1.6554353817022407,0.11785220563549728,0.3307661242294771,UBXN6,0.9993543621633596,0
COPS7A,0.9993543621633596,0.951758319558408,-0.14650265800344217,-1.6640057529602477,0.0968041212435689,0.38136189079361066,UFD1L,0.9993543621633596,0
ADSS,0.9993543621633596,0.9519837385672825,-0.13887135478837212,-1.6662652563294613,0.07846126513821178,0.44178812690706976,UFL1,0.9993543621633596,0
KDM4A,0.9993543621633596,0.9523765411831305,-0.15210883074875964,-1.670222947126339,0.10366769012463953,0.36128618426063114,UFSP1,0.9993543621633596,0
USP24,0.9993543621633596,0.9524623123902578,-0.15011483107672213,-1.6710906180922362,0.12042486164578241,0.32222684844492044,UGGT2,0.9993543621633596,0
C10orf55,0.9993543621633596,0.9539812193677585,-0.13853906227957072,-1.6866683678503587,0.11278766992021333,0.33582475454624766,UGT1A1,0.9993543621633596,0
EIF2AK1,0.9993543621633596,0.9543287552595041,-0.15259915122973178,-1.690290674047399,0.10149642637347198,0.36334442655015153,UNC45A,0.9993543621633596,0
TMEM174,0.9993543621633596,0.9549656908069707,-0.14605144084550528,-1.6969873733463248,0.10299937869079695,0.3581718126846864,UNC45B,0.9993543621633596,0
TMEFF1,0.9993543621633596,0.9551152899265279,-0.1591739929802572,-1.698571311033492,0.11493097320321648,0.3287257501984723,UPF2,0.9993543621633596,0
RAP1B,0.9993543621633596,0.9551697391083748,-0.1543217526894634,-1.6991488693442687,0.12395782974682783,0.30974682487684385,UPF3A,0.9993543621633596,0
USP49,0.9993543621633596,0.9557626500955875,-0.151807909290834,-1.705474972590414,0.11090153780731268,0.33679754615741164,UQCRBP1,0.9993543621633596,0
GABARAPL3,0.9993543621633596,0.9565005805635581,-0.15064614837622795,-1.7134447282534784,0.1046631914600374,0.3509043965019504,UQCRFS1,0.9993543621633596,0
DEDD2,0.9993543621633596,0.9567921983897807,-0.14555447924346682,-1.7166243940065422,0.11570894359790328,0.32359418834487874,URM1,0.9993543621633596,0
MSR1,0.9993543621633596,0.9569499871801141,-0.14212648896393432,-1.7183520945510626,0.10418477148809763,0.35127332872486144,UROC1,0.9993543621633596,0
COPS6,0.9993543621633596,0.9574768635703179,-0.1471780690403169,-1.7241584867081268,0.10496347288125726,0.34819814737679944,USP11,0.9993543621633596,0
PPP2CB,0.9993543621633596,0.9576131743074379,-0.15843503015561514,-1.7256701691846805,0.09026646048806083,0.39067485333491636,USP2,0.9993543621633596,0
TOP1MT,0.9993543621633596,0.9579801143045834,-0.13323313894223354,-1.72975919293881,0.08808119268114073,0.3974494601944579,USP24,0.9993543621633596,0
TRAPPC3L,0.9993543621633596,0.9584387850314791,-0.15445531582720015,-1.7349113452094698,0.10211752923891876,0.3538377169855746,USP26,0.9993543621633596,0
QRICH2,0.9993543621633596,0.9587050433145662,-0.15006663249669655,-1.737923372262903,0.105911303955696,0.34348960065247924,USP34,0.9993543621633596,0
PCK1,0.9993543621633596,0.9617509756120375,-0.16387530167204967,-1.7735557949693073,0.12857236667965477,0.28658288030395307,USP4,0.9993543621633596,0
WDR52,0.9993543621633596,0.9618967943821847,-0.14933918844087704,-1.7753189210669236,0.10124633410131946,0.34971536910760437,USP40,0.9993543621633596,0
GAR1,0.9993543621633596,0.9620584544294526,-0.16867531034140132,-1.77728004354818,0.11788622243974549,0.3077883100269321,USP48,0.9993543621633596,0
MATK,0.9993543621633596,0.9621617640703893,-0.16338883808852317,-1.7785368881311687,0.12478645556575367,0.2930669049315578,USP49,0.9993543621633596,0
PDIA3P1,0.9993543621633596,0.9621714367535452,-0.14948893870436958,-1.7786547076397285,0.11697217116629638,0.3095675450321849,USP50,0.9993543621633596,0
HNRNPC,0.9993543621633596,0.9624610226252385,-0.15304064931373945,-1.7821935113919798,0.12844676147222392,0.2853242625753349,USP8,0.9993543621633596,0
MFNG,0.9993543621633596,0.962554626798875,-0.15245114456693434,-1.7833421502950866,0.1040338522732673,0.3403361142950812,VAMP3,0.9993543621633596,0
PSMC3IP,0.9993543621633596,0.9633857637720762,-0.17968423279188575,-1.7936456738698383,0.12569119113110933,0.28852955678655473,VAPB,0.9993543621633596,0
DDX25,0.9993543621633596,0.9637478801101402,-0.15551846302589983,-1.7981948190249328,0.11336404281707359,0.3144638185558038,VAV2,0.9993543621633596,0
TCIRG1,0.9993543621633596,0.9640807112583445,-0.15296761936502995,-1.8024090507612998,0.12551520286778617,0.2872856178034305,VCPIP1,0.9993543621633596,0
ANAPC1P1,0.9993543621633596,0.9641533397087074,-0.14549403579505765,-1.8033329117775123,0.09891716409938825,0.3518684512842832,VDR,0.9993543621633596,0
KCTD20,0.9993543621633596,0.9642307850787062,-0.153384332412575,-1.8043197399404873,0.11874206392836571,0.3012009990352784,VEZT,0.9993543621633596,0
UBASH3A,0.9993543621633596,0.9643983672181485,-0.15045437917756807,-1.8064611322037543,0.11857961366159814,0.30116511476875746,VHLL,0.9993543621633596,0
WDR38,0.9993543621633596,0.9644611904421586,-0.16732682021303644,-1.8072660310575146,0.13008762265897988,0.2776663949655815,VIM.AS1,0.9993543621633596,0
MCMDC2,0.9993543621633596,0.9646476292023625,-0.163428579960981,-1.8096616072926663,0.12448476281007508,0.28811451114055775,VPS13A,0.9993543621633596,0
AP3M1,0.9993543621633596,0.9648791084317494,-0.16171904642798782,-1.8126504015567313,0.11425592573356029,0.31001900052335163,VPS28,0.9993543621633596,0
ENTHD1,0.9993543621633596,0.9650178278709272,-0.16697590005880422,-1.8144492750947046,0.09171915886048254,0.3721555460353151,VPS37A,0.9993543621633596,0
PDIK1L,0.9993543621633596,0.9651421007525405,-0.16626688261297176,-1.816065797377576,0.10556722925419225,0.3310134262042517,VPS41,0.9993543621633596,0
PSMC3,0.9993543621633596,0.9653799662866392,-0.14812587104099303,-1.8191731801634812,0.09775370160074129,0.3526821615594108,VPS4B,0.9993543621633596,0
TAX1BP3,0.9993543621633596,0.965461083115628,-0.1544821454960302,-1.8202368755871938,0.1248833374271082,0.28552837124602304,VPS51,0.9993543621633596,0
HDGFL1,0.9993543621633596,0.9658695908073318,-0.1676519384753894,-1.8256251551269527,0.12489596570114844,0.2844996691998544,VRTN,0.9993543621633596,0
KAT2A,0.9993543621633596,0.9664574466819247,-0.15337844052178198,-1.8334730618746267,0.0832669259171967,0.3991583126953732,VTN,0.9993543621633596,0
CHD4,0.9993543621633596,0.9679795787245904,-0.15356927352088093,-1.8543341629288959,0.10362685485099749,0.3303263715856476,WAC.AS1,0.9993543621633596,0
TAF6,0.9993543621633596,0.9683290101888076,-0.17120500225624216,-1.8592385813346026,0.10769381069825426,0.3185047371733904,WARS,0.9993543621633596,0
PLEKHD1,0.9993543621633596,0.9687168257763265,-0.16673266628511801,-1.8647344647548727,0.11870161803696765,0.29111009644827635,WASF1,0.9993543621633596,0
PTPRB,0.9993543621633596,0.9688387692945798,-0.16092216324219866,-1.8664742354516577,0.10713147602927242,0.3187981048749521,WASF3,0.9993543621633596,0
GOLPH3L,0.9993543621633596,0.9689097181555404,-0.1514167608747521,-1.8674890620890738,0.10080319024100448,0.3363639034467327,WBP11P1,0.9993543621633596,0
H3F3C,0.9993543621633596,0.9691314036426868,-0.1625457733709508,-1.8706723886965386,0.1332943166609939,0.26058284568791995,WBP2NL,0.9993543621633596,0
GTPBP10,0.9993543621633596,0.9691572338223338,-0.143911111509895,-1.8710445329175558,0.11023310502104502,0.3102432476828552,WDR11,0.9993543621633596,0
EPC2,0.9993543621633596,0.9692307169872882,-0.15742950143583936,-1.8721046453013435,0.12156181188233094,0.2835299862314489,WDR27,0.9993543621633596,0
DET1,0.9993543621633596,0.9692749430763093,-0.13278697787256294,-1.8727436900687928,0.0978766905560426,0.34447860479960685,WDR34,0.9993543621633596,0
RNF112,0.9993543621633596,0.9701753673463609,-0.16338618534140661,-1.8859233498294365,0.12114426625250739,0.28229305408724403,WDR38,0.9993543621633596,0
RAD21.AS1,0.9993543621633596,0.9703961007805169,-0.17447542490406903,-1.8892046394674444,0.1360076713241553,0.2526206647577898,WDR46,0.9993543621633596,0
GIMAP1,0.9993543621633596,0.9711866949240149,-0.15759875438105844,-1.9011266342248327,0.13202749406073744,0.2578125028744108,WDR47,0.9993543621633596,0
UNC45A,0.9993543621633596,0.9730078113970078,-0.18442904345641867,-1.9296622235220613,0.11785718515913685,0.2825787168843158,WDR49,0.9993543621633596,0
ABCB11,0.9993543621633596,0.9730647602743719,-0.16591011486379564,-1.930580200275033,0.13068124610982068,0.2556461779557417,WDR52,0.9993543621633596,0
INTS9,0.9993543621633596,0.9730754160795627,-0.17411262708366537,-1.9307521447510383,0.12672832433222284,0.26324363256262884,WDR62,0.9993543621633596,0
ILKAP,0.9993543621633596,0.9733052194203876,-0.15516437346335638,-1.9344742246138533,0.10816450896330135,0.3058860994941882,WDR83,0.9993543621633596,0
GLOD5,0.9993543621633596,0.9743035552688226,-0.15858540690953,-1.9509622634512753,0.11264031231928888,0.2918366823384687,WDR86,0.9993543621633596,0
NUP50.AS1,0.9993543621633596,0.9769157441895974,-0.16665782742188148,-1.9967991508056553,0.14114184569445395,0.22653636197399069,WDYHV1,0.9993543621633596,0
FAH,0.9993543621633596,0.9771953715934403,-0.18132061582281556,-2.0019612012841606,0.13547144085072058,0.23563399743687227,WHSC1L1,0.9993543621633596,0
CAPN3,0.9993543621633596,0.9772316701908451,-0.1731411746371763,-2.002635202066493,0.14535579505932766,0.21872544441649192,WI2.2373I1.2,0.9993543621633596,0
VCPIP1,0.9993543621633596,0.9772330540951895,-0.18315240335615335,-2.002660916669843,0.14593642748179317,0.21782933554880987,WIPF2,0.9993543621633596,0
LETM2,0.9993543621633596,0.9782507311671382,-0.18052345876241238,-2.021938285814361,0.1290999905288473,0.24469949121967244,WISP1,0.9993543621633596,0
TPM3P9,0.9993543621633596,0.9784350117839322,-0.15906528016933003,-2.0255103025864636,0.11442230328148842,0.277043046424366,WNK2,0.9993543621633596,0
C7orf31,0.9993543621633596,0.9794163732753218,-0.1738388161511797,-2.0449799955650136,0.12264347800433703,0.2549533671934741,WSB1,0.9993543621633596,0
TFDP2,0.9993543621633596,0.9796476140228652,-0.1772135298931476,-2.0496820634780586,0.13677645046178324,0.22620980772489518,WTAPP1,0.9993543621633596,0
DOCK3,0.9993543621633596,0.9800260702682166,-0.18877424529169487,-2.0574764320661973,0.11675649013399392,0.266842190490918,WWTR1,0.9993543621633596,0
RASSF4,0.9993543621633596,0.9809892873557791,-0.18793638375370375,-2.07789590592363,0.1673814036688457,0.1773432425828736,XPNPEP2,0.9993543621633596,0
HIF3A,0.9993543621633596,0.9812515705813378,-0.18040932303699939,-2.0836085578748116,0.1387626825375291,0.2179248527015209,XPO4,0.9993543621633596,0
WBP11P1,0.9993543621633596,0.9812569065432892,-0.17736928327206344,-2.083725482869498,0.13128300549564106,0.23147879820958053,XPO6,0.9993543621633596,0
SLU7,0.9993543621633596,0.9816392204117901,-0.1871237136860792,-2.092177809223218,0.14442715050699487,0.20714084822515588,XPO7,0.9993543621633596,0
CDX1,0.9993543621633596,0.981854528558439,-0.19743013225477538,-2.097004234595574,0.14404420193023346,0.20693923024736086,XPOT,0.9993543621633596,0
NSMCE1,0.9993543621633596,0.982036379558207,-0.19445039847188905,-2.1011189133496635,0.1570863864938602,0.18706318941612926,XPR1,0.9993543621633596,0
EIF3J.AS1,0.9993543621633596,0.9821807872131281,-0.1838428735027155,-2.1044117984953155,0.13784512356699016,0.21658319836526188,XRCC6,0.9993543621633596,0
BID,0.9993543621633596,0.9827982560910209,-0.17495503570497306,-2.11875433304137,0.13032909449037508,0.22903002688032936,XRCC6BP1,0.9993543621633596,0
FAM168B,0.9993543621633596,0.9830328869654279,-0.18586774725631122,-2.124320024715374,0.1546916875310607,0.18710006593058823,XRRA1,0.9993543621633596,0
SMARCD1,0.9993543621633596,0.9834965001538806,-0.1976575247168193,-2.135514089734451,0.13530880741526607,0.21695777471117714,YARS2,0.9993543621633596,0
NAAA,0.9993543621633596,0.9835953583057849,-0.1992773334570874,-2.137935861035582,0.13513986501367078,0.21699641858466268,YBX2,0.9993543621633596,0
WTAPP1,0.9993543621633596,0.9838690188235542,-0.1860748529356577,-2.1447057499966156,0.14287878028791656,0.2025140375807981,YEATS4,0.9993543621633596,0
CELF2,0.9993543621633596,0.9839424643529204,-0.18015719327763213,-2.146539436233196,0.14933054068921756,0.1919853224211901,YIPF4,0.9993543621633596,0
RAP2A,0.9993543621633596,0.9846000244400299,-0.19235145020680577,-2.1632855953565953,0.15982539260876266,0.174861209252653,YLPM1,0.9993543621633596,0
GANC,0.9993543621633596,0.9850329933266428,-0.17845609484803615,-2.174651034207777,0.14118062816892948,0.20142779926845672,YME1L1,0.9993543621633596,0
PTK6,0.9993543621633596,0.9850626391361816,-0.19520416344642014,-2.1754395466987764,0.1722844170380344,0.15820399195550966,YOD1,0.9993543621633596,0
EDC4,0.9993543621633596,0.9851372396919529,-0.1897536691670775,-2.1774297348050164,0.15461180556689447,0.18014092172150356,YTHDC2,0.9993543621633596,0
MAN1B1.AS1,0.9993543621633596,0.985583264295268,-0.23010899819563732,-2.1895115734423927,0.15721873591106142,0.17485786368407805,YTHDF2,0.9993543621633596,0
CASC5,0.9993543621633596,0.9856112612143062,-0.19885021916383494,-2.190280649117987,0.16266709493949089,0.16760137004420725,YTHDF3,0.9993543621633596,0
HEXA.AS1,0.9993543621633596,0.9862089279025645,-0.1785124116912051,-2.207014695037187,0.14184522260441715,0.19627744928807814,YTHDF3.AS1,0.9993543621633596,0
RTDR1,0.9993543621633596,0.986536668946798,-0.2020291591858556,-2.216458871427361,0.1571550920802605,0.17132550401761992,YWHAE,0.9993543621633596,0
BCAR1,0.9993543621633596,0.9866712214216766,-0.19521825643459945,-2.220393789874235,0.16184302043942825,0.16502977281896616,YWHAZ,0.9993543621633596,0
ELOVL2,0.9993543621633596,0.987489835904613,-0.18900050547083527,-2.245103031018311,0.16039172879656208,0.1637322353792681,YY1,0.9993543621633596,0
EMC6,0.9993543621633596,0.9878404588136431,-0.19001791367960855,-2.2561174562928374,0.16518491219852185,0.1562990303091085,YY1AP1,0.9993543621633596,0
EIF3IP1,0.9993543621633596,0.9881884847566749,-0.19547057286656488,-2.2673264826215918,0.14666540025306865,0.1807400776357576,YY1P2,0.9993543621633596,0
RNF8,0.9993543621633596,0.9884148161194306,-0.1933376222012455,-2.2747710851039367,0.15258938558980029,0.1710303228821827,ZBTB11.AS1,0.9993543621633596,0
NDRG2,0.9993543621633596,0.9891002533445901,-0.1973370100228707,-2.2981157200041857,0.1448024899885283,0.18023084510899445,ZC3H12A,0.9993543621633596,0
RAC1,0.9993543621633596,0.9892011000311158,-0.2416768644674073,-2.301657669916916,0.16485439519880124,0.15139359189890908,ZC3H18,0.9993543621633596,0
HNRNPH2,0.9993543621633596,0.9893054624739657,-0.20391484795457582,-2.3053536032042556,0.17548411651587928,0.13882278877316967,ZC3H3,0.9993543621633596,0
USP8,0.9993543621633596,0.9897510312879086,-0.18551359059738318,-2.3214960399237827,0.13199817805125758,0.20088714871010574,ZC3H7B,0.9993543621633596,0
DDX19B,0.9993543621633596,0.9900028995928893,-0.20308818650462754,-2.330894148528397,0.1788275058803142,0.13237648755036546,ZC3H8,0.9993543621633596,0
ATP1A1.AS1,0.9993543621633596,0.9900715454612672,-0.2143414259612891,-2.33349145460285,0.17374901143632063,0.13738080278617432,ZCCHC9,0.9993543621633596,0
CCT5,0.9993543621633596,0.9902963863141849,-0.1981303507485481,-2.342110031148223,0.17401573274269538,0.1362050932607687,ZDHHC4,0.9993543621633596,0
KIAA0513,0.9993543621633596,0.9909048030343053,-0.17782980397854464,-2.366340680035634,0.1065207286904678,0.2577538445428028,ZDHHC6,0.9993543621633596,0
PITPNA.AS1,0.9993543621633596,0.9916580870168531,-0.20191987541148387,-2.398393926270974,0.16650493568381614,0.1386139472836878,ZDHHC7,0.9993543621633596,0
AIMP2,0.9993543621633596,0.9925002446959956,-0.19900219218752557,-2.437395792987983,0.17348132184034276,0.12672657247523209,ZFP91.CNTF,0.9993543621633596,0
GNPDA1,0.9993543621633596,0.9927408457685867,-0.22073288969626736,-2.4492478697147257,0.18047712029691085,0.11818370652573937,ZFR2,0.9993543621633596,0
MAN2B1,0.9993543621633596,0.99422664522107,-0.22815800220443602,-2.531248061048556,0.18527340669114006,0.10586049143069635,ZMAT3,0.9993543621633596,0
MTCH2,0.9993543621633596,0.9946418591848853,-0.23846328319199586,-2.5575203052678486,0.19256501182608088,0.09738512100063064,ZNF208,0.9993543621633596,0
WDR11,0.9993543621633596,0.9949558265007858,-0.23743502986944304,-2.578619008380559,0.19831153930705975,0.0910659531073694,ZNF248,0.9993543621633596,0
PSMB9,0.9993543621633596,0.995270452675045,-0.22949997774668218,-2.60097175330534,0.19249830273845914,0.09374028072895677,ZNF318,0.9993543621633596,0
SLC40A1,0.9993543621633596,0.9953644274325959,-0.21645515044714106,-2.607905979916649,0.21030443293103707,0.08031962182258842,ZNF385A,0.9993543621633596,0
SRSF7,0.9993543621633596,0.9954241623258386,-0.23037849881869377,-2.6123793235525343,0.18453612020221977,0.09976176287128868,ZNF414,0.9993543621633596,0
ANKK1,0.9993543621633596,0.9967874701872895,-0.24631987212494194,-2.732096209860889,0.20811818407481747,0.07253635304109049,ZNF593,0.9993543621633596,0
UBE2D3,0.9993543621633596,0.996951040013368,-0.24383003185739283,-2.7494239522979873,0.22754056439170242,0.060532183402750565,ZNF639,0.9993543621633596,0
SEPW1,0.9993543621633596,0.9971400892260711,-0.25990643179642486,-2.770528283159471,0.1875666497666056,0.0851531261645782,ZNF658,0.9993543621633596,0
ZCCHC9,0.9993543621633596,0.9975074023847994,-0.25974772353107967,-2.8154145299400706,0.19618616486587293,0.07509514705293732,ZNF664.FAM101A,0.9993543621633596,0
NDUFAB1,0.9993543621633596,0.9977461684639535,-0.25277199829435065,-2.8479265093283552,0.1956083623590197,0.07320315750707483,ZNF76,0.9993543621633596,0
UBE2G2,0.9993543621633596,0.9980355342598735,-0.26993415112739605,-2.891809563222645,0.20196518871864008,0.06651438805533479,ZNHIT1,0.9993543621633596,0
CARS2,0.9993543621633596,0.9981382574655608,-0.24900899198616552,-2.908813310355007,0.22947528457082295,0.050304670176913105,ZRANB1,0.9993543621633596,0
MAP3K14.AS1,0.9993543621633596,0.9983919564754917,-0.2586474603570973,-2.954782954972012,0.209281591326139,0.05831297395235567,ZSWIM8.AS1,0.9993543621633596,0
CRLF1,0.9993543621633596,0.9993434219578781,-0.25405915199420814,-3.2239252343467344,0.20419225123514764,0.048283924517647556,ZYG11A,0.9993543621633596,0
MTMR4,0.9993543621633596,0.9993543621633596,-0.29172526573886387,-3.228794036765091,0.2396126221625704,0.03244641411115483,ZZZ3,0.9993543621633596,0
