att,pval.adj,pval.att,beta.raw.att,beta.Z.att,beta.0,pval.0,gene,p_adj_use,beta_use
CLIP1.AS1,9.640349346822718e-7,5.406813991487784e-10,0.08652293718430694,6.0983758238334085,-0.06404745672304121,5.759262288141875e-5,AAK1,9.640349346822718e-7,0
ARFGAP1,2.371275701371606e-6,2.6598717906579988e-9,0.08103572232146171,5.838134946218093,-0.0647209406088749,8.306686982696314e-5,AANAT,2.371275701371606e-6,0
DNM1P35,4.689340021358577e-6,7.890084163811403e-9,0.0744272544448219,5.654028792165819,-0.06448957348241141,1.1835748970716275e-4,AATK,4.689340021358577e-6,0
NPFF,5.142926570070902e-6,1.1537692810030066e-8,0.07614006186470848,5.588335852542964,-0.06364343686366064,1.4598830929750793e-4,ABCB11,5.142926570070902e-6,0
MAN2B1,5.917372760021497e-6,1.6593866404995784e-8,0.0702925344787942,5.524823959996547,-0.06043378854943668,2.3233834986222798e-4,ABCF2,5.917372760021497e-6,0
PSMD12,1.2511586362773895e-5,4.210292662739392e-8,0.07077576883854406,5.35887663250781,-0.057170124729511856,4.363199243925594e-4,ABCF3,1.2511586362773895e-5,0
EIF2D,4.397029263384414e-5,1.7262593855126695e-7,0.06959097670293139,5.097768966502597,-0.051187918301286224,0.0012398868481648636,ABCG1,4.397029263384414e-5,0
CBL,5.1738853908821255e-5,2.3214292275410546e-7,0.06126105887524708,5.041349407172513,-0.05036512345334979,0.0014643253681884357,ABHD16B,5.1738853908821255e-5,0
ATF7,7.005844410691556e-5,3.536320790590241e-7,0.06715128248132969,4.960156045523565,-0.05511503971990658,9.958925991787686e-4,ABI2,7.005844410691556e-5,0
WDYHV1,1.2183486764421498e-4,6.833138959294165e-7,0.06676520781378349,4.830549306294424,-0.05122659169104388,0.001774607031979585,ABRA,1.2183486764421498e-4,0
CSPG4,1.910713805061934e-4,1.1787914669479122e-6,0.06496085425612935,4.720765032698162,-0.04840300571825686,0.002733680220468567,ACAA2,1.910713805061934e-4,0
RBBP5,2.558320670966919e-4,1.721808640022604e-6,0.06350351998721031,4.643072121764278,-0.04724639923691027,0.0033932764561709593,ACAD11,2.558320670966919e-4,0
IRF2BPL,4.133647367710001e-4,3.0138763757840726e-6,0.057334940630169404,4.5260243912719815,-0.05125523923662975,0.002712822215059616,ACAP3,4.133647367710001e-4,0
RPSA,5.969435892727428e-4,4.687162226482556e-6,0.06047857263752672,4.431698431567169,-0.046384147810072704,0.0048027274121863524,ACBD4,5.969435892727428e-4,0
ATP6V1G2,6.750683442530705e-4,5.967128345670202e-6,0.06229378114969635,4.37934056840738,-0.04590701913615706,0.00535810941281219,ACKR1,6.750683442530705e-4,0
ANKK1,6.750683442530705e-4,6.0578202512894715e-6,0.05927963660810058,4.376050406489446,-0.04596634049200625,0.00534990529840363,ACMSD,6.750683442530705e-4,0
BRD3,0.00106242792512404,1.012971100791289e-5,0.058944405657396934,4.262525692067824,-0.04365318978412527,0.007588485874469335,ACOT1,0.00106242792512404,0
PRDM5,0.00191658005166941,1.9348536696606494e-5,0.05180459934647621,4.11558815242097,-0.043425609154736845,0.009201970173033577,ACP2,0.00191658005166941,0
ARAP1,0.002004439516194304,2.2440334734016156e-5,0.054437849782203555,4.081254226379993,-0.04181043591289582,0.011022737788873672,ACSL6,0.002004439516194304,0
U2AF1L4,0.002004439516194304,2.248389810649808e-5,0.052952600502971854,4.0808033150193355,-0.043223200316271554,0.009755864794479013,ACSS2,0.002004439516194304,0
NEK8,0.002668875452566382,3.143375462921707e-5,0.05343051330148761,4.002208755652937,-0.04169454444468992,0.01216808467999002,ACTBL2,0.002668875452566382,0
DLEC1,0.005993211411964871,7.394876672082286e-5,0.05020546374780098,3.7949405912097065,-0.03788872060364872,0.020942779357111318,ACTG1P4,0.005993211411964871,0
ANKH,0.007101532334100375,9.160697907140136e-5,0.05325265410946104,3.7414561764304124,-0.037949133661905804,0.022002552189548743,ACTR10,0.007101532334100375,0
GRK7,0.009066121851822845,1.2203416962633104e-4,0.05245309719062416,3.66873829733851,-0.03795574181851539,0.02369717010505797,ACTR1B,0.009066121851822845,0
TRPC5,0.009574335935534795,1.3424475512527757e-4,0.051363084062965934,3.644273220842131,-0.037537925073957805,0.02510926685613244,ACTR3B,0.009574335935534795,0
ZCCHC9,0.0103432082000197,1.508263674708425e-4,0.04980098824569764,3.6141958598972392,-0.03447445552115813,0.033075503053432195,ADARB1,0.0103432082000197,0
ADPGK.AS1,0.013114346026645686,2.047002849253054e-4,0.04749656384266526,3.534248237644923,-0.03349105951246317,0.038500734960977695,ADCY8,0.013114346026645686,0
C6orf118,0.013114346026645686,2.0594598359286552e-4,0.0502760613558365,3.532643944799912,-0.03522789670086698,0.033575658242737096,ADD2,0.013114346026645686,0
METAP1D,0.014245302608880675,2.3169589212425102e-4,0.04430464212742291,3.5013630237600095,-0.0347317685024236,0.03593921493144855,ADD3.AS1,0.014245302608880675,0
DENND4C,0.014998916534838922,2.5236539318293196e-4,0.04953127366172721,3.4785194063317113,-0.03381062135775457,0.039441487995891415,ADIPOR2,0.014998916534838922,0
PTPN12,0.01600310267986105,2.78236782431684e-4,0.046839738128445406,3.4522676641196086,-0.02827831236838061,0.06374637028702727,ADIRF,0.01600310267986105,0
GNL3,0.018140740504663137,3.391785263841524e-4,0.0422972125313757,3.398448219822853,-0.02657241514441831,0.07672662131928205,ADNP2,0.018140740504663137,0
TAF4B,0.018140740504663137,3.406384100572203e-4,0.04478560492898458,3.397272851664018,-0.0340426720010791,0.04172610846364417,ADPGK.AS1,0.018140740504663137,0
ADD2,0.018140740504663137,3.459255059778725e-4,0.04244475852638795,3.393054983089561,-0.033985118978919905,0.04206818173911627,ADRBK2,0.018140740504663137,0
SUGT1,0.018602493529107617,3.651639223324546e-4,0.04976929777304093,3.378196776290202,-0.03430440094152862,0.041656196221424115,ADSS,0.018602493529107617,0
DDX42,0.018642670001187623,3.7640836794321616e-4,0.04596083029321819,3.369845850323943,-0.03454205377678995,0.04126039704667476,ADSSL1,0.018642670001187623,0
PSPH,0.02053215302802573,4.260738429820258e-4,0.04236303087754406,3.335530140050653,-0.03264571366673126,0.048978892486287104,AFM,0.02053215302802573,0
TMED3,0.020580802356346652,4.3862618594569424e-4,0.04645698022009615,3.3274465009150815,-0.03152998431262714,0.05367147296322539,AGA,0.020580802356346652,0
SZT2,0.02119407331143954,4.6358320759738763e-4,0.046582662147380854,3.311992177897605,-0.030496584069734767,0.05887564346329919,AGPAT4,0.02119407331143954,0
HNRNPDL,0.025313427532445004,5.678839603464947e-4,0.042147842315102636,3.254775512509018,-0.030972789122891167,0.05946812020502535,AGPAT9,0.025313427532445004,0
TBC1D15,0.02624401209391507,6.034798069829041e-4,0.03999396249365611,3.23746384381456,-0.03010253699018637,0.06438912890561724,AHCYL2,0.02624401209391507,0
PTPN11,0.026916351140398035,6.49190044738417e-4,0.04376107719427364,3.2165668724869407,-0.030525746123636423,0.06343922707220681,AHSA2,0.026916351140398035,0
C16orf74,0.026916351140398035,6.539207757592427e-4,0.040605343775562935,3.214482380526371,-0.031270048461663515,0.06017120418916545,AIFM2,0.026916351140398035,0
CASC5,0.026916351140398035,6.763167963670956e-4,0.04210422949238638,3.204799144879203,-0.02987163617525286,0.06723850124958941,AIM1L,0.026916351140398035,0
STK4.AS1,0.026916351140398035,6.793246221637193e-4,0.04213587204982903,3.203521275027316,-0.03187971242325119,0.058135128048023406,AIMP2,0.026916351140398035,0
PITPNA,0.028903971496247665,7.45699769392817e-4,0.03978668995632727,3.1765731797202865,-0.02937297080837667,0.07134926292006942,AK3,0.028903971496247665,0
EGLN2,0.03241435183843146,8.544444960214686e-4,0.043470396259307695,3.1368655238729946,-0.03027615147644725,0.0689486539929754,AKAP11,0.03241435183843146,0
COPS6,0.032416936683529456,8.726937525571586e-4,0.042161136789738915,3.1306623846540678,-0.030038666433192012,0.07048249433119141,AKAP8L,0.032416936683529456,0
EXOSC2,0.03672188243276972,0.001009182411220256,0.045078281354101496,3.087720985167589,-0.02839959687110126,0.08205154614379595,AKIRIN2,0.03672188243276972,0
RAB6B,0.041059886803457464,0.001151426999536104,0.04178623499824638,3.0483074008556086,-0.027525635467353954,0.09003769145950494,AKNAD1,0.041059886803457464,0
MAVS,0.04265588446409209,0.001220106622360458,0.04222443425735795,3.0308521598266265,-0.028081698880093875,0.08761897024906301,AKT1S1,0.04265588446409209,0
TIAM1,0.0436205864397621,0.001272165168181508,0.04282109491871646,3.018210615943512,-0.028184505717669724,0.08781738891134949,AKT3,0.0436205864397621,0
HDAC10,0.04547610702359358,0.0013517855705274594,0.041714760375515865,2.999762817811123,-0.028325410600473517,0.08817786449435439,ALAS1,0.04547610702359358,0
TBRG4,0.048204920640133174,0.0014599359027297764,0.04244411796911362,2.9762344174584143,-0.027524037885599928,0.09491747958743814,ALDOB,0.048204920640133174,0
HNRNPUL2,0.0498994281332758,0.0015392420343971784,0.03767874189271873,2.959971942589149,-0.027196056667822474,0.09828926919964667,AMDHD1,0.0498994281332758,0
PATL2,0.0516129595003741,0.0016210464004604316,0.037982435925787865,2.9439789619648584,-0.025511119259513194,0.11208139861697568,AMH,0.0516129595003741,0
C4orf32,0.05609949140047002,0.001793421766588217,0.038378312299473895,2.9125549605456524,-0.026633993974653148,0.1057653357705865,AMZ2P1,0.05609949140047002,0
CIAPIN1,0.057530683301114174,0.001871441184220203,0.03785194333482502,2.8992271649512498,-0.026274174162488225,0.10946296522717505,ANAPC1P1,0.057530683301114174,0
PLEKHD1,0.05821801729858743,0.001926451497822018,0.04104838899232909,2.890130285637339,-0.026396780529234387,0.10923936385130407,ANAPC7,0.05821801729858743,0
ATXN8OS,0.06101593579005168,0.0020594921249788784,0.03844401499187676,2.8690691622821762,-0.023826996493102742,0.13285746068203141,ANKH,0.06101593579005168,0
STK38L,0.06101593579005168,0.002122213228298195,0.0370134412693074,2.8595653101322114,-0.02624132354099252,0.11281727649995962,ANKK1,0.06101593579005168,0
MED4.AS1,0.06101593579005168,0.002151831500873834,0.03730763035028184,2.855165647911436,-0.026087494532002785,0.11435808956763326,ANKMY1,0.06101593579005168,0
IDUA,0.06101593579005168,0.0021773099617071537,0.04148249456277933,2.8514246541926904,-0.025808745884593254,0.11685762285183719,ANKRD12,0.06101593579005168,0
YTHDC2,0.06101593579005168,0.0021901401517461063,0.04010720743853614,2.849555802700423,-0.02548759254811001,0.11961678667730788,ANKRD13B,0.06101593579005168,0
CAB39L,0.06796677106782106,0.0024777566569873077,0.04038077980422079,2.8100685203069085,-0.024986850321933506,0.12713004277702086,ANKRD18A,0.06796677106782106,0
C19orf10,0.07281959419050772,0.0027143919933301725,0.03937504730127682,2.780577298101539,-0.02555167202100775,0.12486852413614555,ANKRD44.IT1,0.07281959419050772,0
MAN1B1.AS1,0.07281959419050772,0.002736350426676398,0.03503288311223016,2.7779597765832533,-0.02379513755338003,0.1408695219926275,ANP32A.IT1,0.07281959419050772,0
PPRC1,0.07305734451216515,0.0027862587923876787,0.040604094457316615,2.7720803403872525,-0.024174364923768808,0.13775634091345468,ANP32C,0.07305734451216515,0
SAP30L,0.07427333161979768,0.0028742904552810098,0.037937567630647866,2.7619376341921424,-0.02406705269455998,0.1396722251876028,ANXA13,0.07427333161979768,0
GPBAR1,0.07621008252262605,0.002991983049121606,0.03677035434844158,2.7488064602132285,-0.024211259834312025,0.13948245330523634,ANXA7,0.07621008252262605,0
BAZ2A,0.07706002957225191,0.003068571003718388,0.03556900116280787,2.7405092273239786,-0.024888585351603994,0.13406613752146496,ANXA8,0.07706002957225191,0
SUZ12P1,0.07758864468171453,0.0031331365210787695,0.038662690381624835,2.7336581059751097,-0.02509401178119506,0.13289245439405434,AP1B1P1,0.07758864468171453,0
HMGN5,0.07954979842925725,0.0032569463181916876,0.03626796922807233,2.720868653432085,-0.023763860030153763,0.14633138554244268,AP1M2,0.07954979842925725,0
MCM3AP.AS1,0.07991555378772347,0.0033167419967983945,0.03898384295336274,2.714847734657701,-0.024315996777234696,0.14160937312551572,AP2B1,0.07991555378772347,0
SRFBP1,0.08007598869084351,0.003387187734386199,0.03505044436355419,2.707878418494154,-0.02440684558057694,0.14141401137059634,AP2M1,0.08007598869084351,0
USP34,0.08007598869084351,0.0034532672919422806,0.03720668705323399,2.7014584735817504,-0.02497328629531769,0.13691016033863102,AP2S1,0.08007598869084351,0
SDHAP1,0.08007598869084351,0.0034581329945008133,0.03797864156136114,2.700990121928221,-0.024543865505446197,0.1408006304427378,AP3M1,0.08007598869084351,0
PIP4K2C,0.08058654934029924,0.0035253790513423114,0.036570694704733696,2.694577205409512,-0.023327150817709922,0.15317854384579452,AP3M2,0.08058654934029924,0
GRK1,0.08150357058845828,0.0036284640770645857,0.03411533941369381,2.6849566238851477,-0.022940364040859612,0.15813220020678365,APBB2,0.08150357058845828,0
TNIP2,0.08150357058845828,0.003656918478450175,0.033985578551796194,2.682344287139654,-0.023651904250931614,0.1510703643289712,APELA,0.08150357058845828,0
ABCF3,0.08414962382543899,0.0038878138092229885,0.03442373653503865,2.6617956539334933,-0.023662465681224404,0.15295564780996254,APEX2,0.08414962382543899,0
CDK13,0.08414962382543899,0.00390017802345444,0.03585788312839683,2.6607264390489043,-0.02306660961134878,0.15915302856039243,APH1B,0.08414962382543899,0
DCTN1.AS1,0.08414962382543899,0.003917228703035017,0.03889405956536975,2.6592569256986396,-0.022774466581439553,0.1624101273585177,APIP,0.08414962382543899,0
SLAMF1,0.08423513014026998,0.004015330520895079,0.03126315422434403,2.650911691844158,-0.019039222402092385,0.2117382137136332,ARAP1,0.08423513014026998,0
IMPDH1,0.08423513014026998,0.00401569605267692,0.03611967379378691,2.65088094010829,-0.02355224817312226,0.15513200692791734,AREG,0.08423513014026998,0
KIAA0195,0.08875902750218781,0.004281142100498122,0.033676814673841905,2.629184401977252,-0.023152123568169886,0.16139181468809935,ARF1,0.08875902750218781,0
FOXJ3,0.08976708319124103,0.004380110060369024,0.0350067157862154,2.6214021836990917,-0.02276729724765053,0.16626976976667837,ARF3,0.08976708319124103,0
RBM24,0.0913440734269309,0.004508288537055479,0.032664865322308244,2.611553291369324,-0.022914443781612705,0.16569076222994017,ARF4,0.0913440734269309,0
VEZT,0.09441374304101549,0.0047127443245375085,0.03369044208825982,2.5963492230767837,-0.021953859678815194,0.17798628281935658,ARFGAP1,0.09441374304101549,0
EEF1A2,0.09581417907203293,0.004836385931846867,0.0324084659974681,2.58743797049773,-0.021976210207597015,0.17865616866617626,ARFGAP3,0.09581417907203293,0
ZBTB11.AS1,0.09656377116357179,0.004928380917490203,0.0324599817331023,2.580938428823887,-0.022419202249199525,0.17428322370291394,ARFGEF1,0.09656377116357179,0
HSP90AB1,0.10193115667964907,0.005259487613307748,0.035444032368236886,2.5584065950421913,-0.02128876450428987,0.1900036818635472,ARFGEF2,0.10193115667964907,0
RCCD1,0.11048477623307927,0.005762806612269418,0.03376483645855605,2.526462514226393,-0.02190933887417802,0.185995890189321,ARFIP1,0.11048477623307927,0
PSMA6,0.11370687410713094,0.005999068068624868,0.03279887101429364,2.5123145613751015,-0.02126747469074478,0.1953099160120085,ARHGAP10,0.11370687410713094,0
MARK4,0.11370687410713094,0.006086804858418603,0.03390332320551443,2.5071862397041786,-0.021933500794724923,0.18785936196464942,ARHGAP31,0.11370687410713094,0
CLSTN2,0.11370687410713094,0.006122187276659882,0.031728756784586164,2.505136613852233,-0.02215165045294659,0.18556584294795225,ARHGDIB,0.11370687410713094,0
HNRNPA3P1,0.11519926862496443,0.006267150340225211,0.032708537537658004,2.496847304607156,-0.02092279264682807,0.2014008291188637,ARHGDIG,0.11519926862496443,0
PIGU,0.1198933736767051,0.006589764789858161,0.02874851675981145,2.47899222550528,-0.01863868355948271,0.2360519683042031,ARHGEF10,0.1198933736767051,0
SURF6,0.12044693547438969,0.006687743472778788,0.031346135037357115,2.473722662638252,-0.02210376888213096,0.18969999806082477,ARHGEF25,0.12044693547438969,0
KIAA0020,0.12589678560438203,0.007060952641861023,0.036201202538909336,2.4542557806545844,-0.02132105135207977,0.20129305429489924,ARHGEF3.AS1,0.12589678560438203,0
H3F3C,0.12965801007565617,0.007344620873606996,0.033459732787613064,2.4400579205779493,-0.022166506953476647,0.19293628904405527,ARHGEF7,0.12965801007565617,0
PCNT,0.1330334619305295,0.00761043921307572,0.03419921327993966,2.4271855890968688,-0.021497605881793773,0.20234931486834165,ARHGEF7.AS1,0.1330334619305295,0
LARGE,0.13926510462136413,0.008159373636025044,0.03179821311139082,2.401809733158147,-0.019526473629058367,0.23158294032839394,ARID1B,0.13926510462136413,0
CHD4,0.13926510462136413,0.008254734377333116,0.03064518002304753,2.397555327528074,-0.019989294979829025,0.22553079609678678,ARID4B,0.13926510462136413,0
INS,0.13926510462136413,0.008263285884089103,0.03110429118362323,2.3971759249183977,-0.020172981371744596,0.22304783789533025,ARIH2,0.13926510462136413,0
SEC24D,0.13926510462136413,0.008279361239408076,0.032965549702958896,2.396463646076341,-0.020398586073316037,0.22008547392046643,ARIH2OS,0.13926510462136413,0
ZMAT3,0.14045743588435272,0.008429021671130533,0.030209139057376898,2.3898900335469584,-0.020103207894268494,0.22489537521462258,ARL3,0.14045743588435272,0
C9orf84,0.14290552465104647,0.008656083377629287,0.03325218425402856,2.380109705320234,-0.02023793245845288,0.22426581720385302,ARL6IP4,0.14290552465104647,0
KIAA0101,0.1434898928248435,0.008828047640925252,0.03287941177592454,2.372851255220032,-0.019048522037180472,0.24219951738322476,ARL6IP6,0.1434898928248435,0
ANKMY1,0.1434898928248435,0.008887533809544754,0.030109437802439975,2.3703692378926497,-0.0197082820212141,0.23283212992587493,ARMC9,0.1434898928248435,0
CNOT8,0.1434898928248435,0.008932909760828733,0.03175434605935647,2.368485728145115,-0.01912735412965363,0.24155282917790147,ARPC1B,0.1434898928248435,0
SEPW1,0.14599473805089705,0.009294653395049689,0.029942107296106125,2.3537627037298945,-0.019667174470914556,0.23550015012711503,ARPC2,0.14599473805089705,0
YME1L1,0.14599473805089705,0.009338490859126827,0.029899249715090462,2.3520127399809785,-0.019124518813616147,0.24364927713211018,ARPC3,0.14599473805089705,0
MAP7D2,0.14599473805089705,0.009361269546901104,0.03153680937046848,2.351106265010668,-0.01964165423763506,0.23619998501353703,ARPC4,0.14599473805089705,0
ASB8,0.14599473805089705,0.00950155201627215,0.03020815661325084,2.345565895569617,-0.018142543006989552,0.25984486970611337,ARPC4.TTLL3,0.14599473805089705,0
RPA2,0.14599473805089705,0.009504353285546984,0.030437203373255072,2.345455991575439,-0.019478791559643042,0.23925781602620053,ARPC5L,0.14599473805089705,0
ANAPC7,0.14599473805089705,0.009580137045403789,0.03095988661960724,2.342493413105097,-0.019096667244222414,0.2452690742218951,ARPP21,0.14599473805089705,0
SLC25A47,0.14791541161578112,0.009862586103532444,0.032208382153952095,2.331629193616688,-0.019202090333874332,0.24507933267637463,ARRDC1,0.14791541161578112,0
ZDHHC6,0.14791541161578112,0.009872088604754881,0.030870613063830887,2.331268434924247,-0.01848574758654292,0.25611050704254185,ARRDC3,0.14791541161578112,0
CCT6B,0.15267213267040933,0.010288269952260884,0.029717632913088314,2.3157580749217845,-0.019374234462237766,0.2445896139088061,ASB7,0.15267213267040933,0
TSPAN15,0.15267213267040933,0.01036944249463706,0.030773799578666137,2.3127968820586755,-0.01871265106087099,0.25491881878090206,ASB8,0.15267213267040933,0
TEX264,0.15267213267040933,0.010454311442220003,0.029043163369561777,2.30972237534755,-0.019268508980662086,0.2469231709941632,ASB9,0.15267213267040933,0
SMARCC2,0.15267213267040933,0.010725690710766784,0.02953268437443914,2.300035107061331,-0.01840654043937309,0.2613727537587959,ASCC3,0.15267213267040933,0
YY1AP1,0.15267213267040933,0.010841021791398467,0.031162493115177613,2.2959827156349224,-0.01758195523443673,0.2755126815823542,ASIC1,0.15267213267040933,0
RALGAPA1,0.15267213267040933,0.010842475592569345,0.029408575980179142,2.295931873367922,-0.018620055680259977,0.25854473446121073,ATF3,0.15267213267040933,0
SETD3,0.15267213267040933,0.010843892097485,0.03196932527137119,2.2958823411309686,-0.01686631709226185,0.2882169288673492,ATF5,0.15267213267040933,0
MAPKAP1,0.15267213267040933,0.01087457142408412,0.033731742276824364,2.2948109282304427,-0.018690322465304943,0.2576016647172026,ATF7,0.15267213267040933,0
CNOT3,0.15305577125131795,0.010987739046645371,0.03141745452991,2.290881393321011,-0.018147738138785938,0.2667252984581419,ATG13,0.15305577125131795,0
FAM168B,0.15388481965946119,0.011228832399347261,0.03191032053374145,2.2826259169395886,-0.01869417194203145,0.2591435837744385,ATG14,0.15388481965946119,0
G6PC,0.15388481965946119,0.01124763154537061,0.02907989321378483,2.2819886972426966,-0.018225232972584247,0.2666302021879174,ATG4C,0.15388481965946119,0
RPS12,0.15388481965946119,0.011306175757369275,0.03179853602618478,2.280010184151399,-0.01821517910515863,0.26705190808198803,ATG9B,0.15388481965946119,0
TRAM1L1,0.15400329631981682,0.011429496350823075,0.030444216033982438,2.2758715027508485,-0.017454679577168526,0.28030095772217933,ATN1,0.15400329631981682,0
RAC1,0.15400329631981682,0.011487626702487739,0.02968237639613235,2.2739340677919864,-0.018243733699473363,0.2673953472336458,ATP11C,0.15400329631981682,0
GNB1L,0.15402530880646853,0.011575654167171498,0.028206963074524853,2.271016337456327,-0.01614607600892789,0.3049867421091826,ATP1A1.AS1,0.15402530880646853,0
ZNF658,0.15412808134060926,0.01166982107738769,0.03467009632586712,2.2679163640587467,-0.01863501394447842,0.26201868224652014,ATP2A3,0.15412808134060926,0
RSRP1,0.1632006268398658,0.012448281127437887,0.02899024095452856,2.2430889199081525,-0.017709966906760036,0.28028443327247576,ATP2C2,0.1632006268398658,0
KDM1B,0.16638577573246627,0.01283488185022937,0.02849383350967719,2.2312554282943657,-0.01693489674631352,0.2953583435909471,ATP5B,0.16638577573246627,0
APH1B,0.16638577573246627,0.012877867106607037,0.03114696409234188,2.229958812701833,-0.018478375240014385,0.2696087122547554,ATP5C1,0.16638577573246627,0
EMR1,0.1744771697428093,0.013601977899187042,0.030224661038930414,2.208660311470505,-0.01703729354533561,0.29657294670098805,ATP5D,0.1744771697428093,0
PRPF40B,0.1785048580198394,0.014016085318439436,0.032161038667389306,2.196916293476925,-0.0186225388215345,0.2719949834054494,ATP5G1,0.1785048580198394,0
ARFGEF1,0.17923211785677334,0.014324359785121879,0.030972050456030253,2.1883663758191014,-0.01724473419604213,0.29572025088123266,ATP5G3,0.17923211785677334,0
CCDC89,0.17923211785677334,0.014410364093703524,0.032200242493554666,2.1860093566316525,-0.017788611811765154,0.28683059481553325,ATP5H,0.17923211785677334,0
STATH,0.17923211785677334,0.014586595142306489,0.02929549654172092,2.1812171912321867,-0.016163593572858147,0.3164456989658376,ATP5L2,0.17923211785677334,0
RCSD1,0.17923211785677334,0.01463023420139553,0.027941003653941726,2.1800382365097537,-0.017456386681341134,0.2932476285660329,ATP5S,0.17923211785677334,0
ADIPOR2,0.17923211785677334,0.014721737457627813,0.030264594099315305,2.177575972127567,-0.017339815491132442,0.2955875562049005,ATP6AP1L,0.17923211785677334,0
TYMP,0.17923211785677334,0.014772249418071495,0.030432507928165285,2.1762223786924353,-0.016963857990812195,0.3023539488573506,ATP6V0A1,0.17923211785677334,0
POLR2F,0.17923211785677334,0.014776848752072731,0.029036625009453098,2.1760993259636896,-0.017415498597936865,0.2944995450978584,ATP6V0E2,0.17923211785677334,0
KANTR,0.18288161726737515,0.015180302498918408,0.02886158412897682,2.1654311579722165,-0.017050477413143653,0.30233448520313944,ATP6V1E2,0.18288161726737515,0
EZH2,0.18356813287223872,0.015340242174965546,0.03199068818839554,2.161269360921745,-0.016839048848042774,0.3066801040504348,ATP6V1G2,0.18356813287223872,0
SUCLG2,0.1837692141276335,0.015460113359026934,0.027519576986348375,2.15817454895372,-0.016553032552424615,0.31231275798902325,ATRIP,0.1837692141276335,0
AP3M2,0.1875172347773741,0.01588059587851009,0.02780510955792962,2.1474789757606674,-0.016712000322311592,0.31092201104004347,ATXN1L,0.1875172347773741,0
BCL7C,0.18980604871574014,0.016180885813119744,0.027151352610100658,2.1399883551243395,-0.017497107219053724,0.29829058264198505,ATXN2,0.18980604871574014,0
RHOB,0.1941941713413171,0.016689277985583447,0.030547714339933207,2.127573945905774,-0.01578593705386006,0.33119250577232373,ATXN3,0.1941941713413171,0
RBM4,0.1941941713413171,0.016906164880776696,0.029005894312783866,2.122376072388601,-0.016887188477815417,0.3113942916135808,ATXN7L3B,0.1941941713413171,0
DNAJC12,0.1941941713413171,0.016980916182888873,0.026743644899732508,2.1205978069634615,-0.016504038575640395,0.3185639999126082,ATXN8OS,0.1941941713413171,0
PSMD5,0.1941941713413171,0.016990628563794432,0.029687737157599748,2.12036724980455,-0.016455333076098328,0.31949271549419866,AURKA,0.1941941713413171,0
MAX,0.1949411117981636,0.017165313826310535,0.02819049174927924,2.116239602866218,-0.01655616001373449,0.31824082296755163,AZU1,0.1949411117981636,0
SCAMP3,0.1996756150095732,0.0176941935903043,0.027998534791064157,2.1039578013771645,-0.017202589899719067,0.30860615673126046,B4GALT1.AS1,0.1996756150095732,0
SETDB2,0.2075154341455714,0.018505302315841757,0.0301264021397157,2.085717183004149,-0.01599092324181542,0.33324238605660284,BACE1,0.2075154341455714,0
EPC2,0.2096700316062442,0.018815033683117818,0.02643021424238265,2.0789311817076457,-0.015799704031941423,0.3379137272887452,BAGE,0.2096700316062442,0
SHC2,0.20967620592277605,0.018933185167452016,0.027329599150768272,2.0763675962294355,-0.016719195103032086,0.3211976850350056,BARD1,0.20967620592277605,0
MDH1B,0.21499867659205965,0.019534372186154607,0.027148130417201932,2.0635302852242523,-0.014716406445694651,0.3621774892784072,BAZ1B,0.21499867659205965,0
ELANE,0.2174158884118952,0.019875933713482286,0.02673608936177392,2.0563856335937247,-0.016329535211536676,0.33126964658383473,BAZ2A,0.2174158884118952,0
MCCD1,0.22087383248507272,0.02039917208146034,0.02750448550482518,2.0456402103233904,-0.014701286983181381,0.36507995715407204,BAZ2B,0.22087383248507272,0
DCTN1,0.22087383248507272,0.020482126609370956,0.025538104379153242,2.043958138448378,-0.01596964430965073,0.33986658190756747,BCAR1,0.22087383248507272,0
RABGGTA,0.22087383248507272,0.020563688273988825,0.026981528440265277,2.042309928463035,-0.01487353559048089,0.3619286827731667,BCDIN3D,0.22087383248507272,0
MYL12B,0.2216354832702113,0.020758903929402852,0.026205510189786126,2.038387358281086,-0.015543103686238438,0.3489348010109916,BCL7C,0.2216354832702113,0
KIF5C,0.22305872854655312,0.02101731149513232,0.028292739110746323,2.0332427985588195,-0.01497249182380314,0.36120708818147285,BCMO1,0.22305872854655312,0
CSAD,0.23212330258687977,0.02200159177632231,0.027973244023316367,2.0141244807886047,-0.015037509688722086,0.3627214270520584,BECN1P1,0.23212330258687977,0
TMEM11,0.23504351820377878,0.022425599267453914,0.028285459372753067,2.0061106648222147,-0.01405632952921412,0.3848791144224144,BFSP1,0.23504351820377878,0
RAB11B,0.23504351820377878,0.022542031190603575,0.02620205430454776,2.003932461440521,-0.01501196831004967,0.3647839778811403,BID,0.23504351820377878,0
MAST4,0.23732210844881851,0.02289366385484957,0.025996288077267015,1.9974112196229923,-0.015341862036060834,0.3591418339370865,BIN3,0.23732210844881851,0
MKL2,0.24302794233304614,0.023580389244877722,0.028076783880220807,1.9849150630486054,-0.013829282525761743,0.39309191578141606,BIRC3,0.24302794233304614,0
IQSEC2,0.24349827007803113,0.023878811054780378,0.02715551689161035,1.9795800089012234,-0.014961677901154631,0.36953714407625893,BLID,0.24349827007803113,0
PPP1R12A,0.24349827007803113,0.023899157186570638,0.02521899714146321,1.9792183147697007,-0.014986427820866286,0.36908830366857737,BLVRA,0.24349827007803113,0
CDC42SE2,0.2497403425080857,0.024651879013697746,0.02460495774976687,1.9660155426603463,-0.013960926973039302,0.392939762138204,BMS1P17,0.2497403425080857,0
GSK3B,0.254095891098385,0.02528567824307207,0.026538477476489544,1.955158499566174,-0.014385715236369152,0.3853298005639499,BNIP3,0.254095891098385,0
SYN1,0.254095891098385,0.02536683601543047,0.028215784592099672,1.9537847822996466,-0.013676076579295,0.40119034816613813,BPY2,0.254095891098385,0
PTBP2,0.25934657342480494,0.02603647596356707,0.02491888826310423,1.9425884323593459,-0.014006716626512157,0.3954799504083185,BRAT1,0.25934657342480494,0
GLI1,0.2598902977882581,0.026348051356823932,0.025220302828813327,1.9374608516572356,-0.014321586634521094,0.3894430022424538,BRD3,0.2598902977882581,0
CNDP1,0.2598902977882581,0.02658240316552347,0.0248155989580163,1.9336374311637372,-0.013058967116763005,0.4185981593314965,BRD4,0.2598902977882581,0
DLX1,0.2598902977882581,0.026788243517644236,0.026397078745985215,1.930302332274365,-0.013998554735382791,0.397553804594298,BRD7,0.2598902977882581,0
RBM5.AS1,0.2598902977882581,0.02690246661686065,0.02450066488666388,1.9284608716135083,-0.013249289041927166,0.4148541021877064,BRDT,0.2598902977882581,0
AGA,0.2598902977882581,0.026930479640564536,0.027012314920060742,1.9280102534292252,-0.012880808564122331,0.42372655533187675,BRMS1,0.2598902977882581,0
ITGA6,0.2598902977882581,0.026965622597211303,0.026521427885752846,1.9274454960013299,-0.0131553341735761,0.4172226013581691,BRMS1L,0.2598902977882581,0
KCTD20,0.26458164948706475,0.02760077779281775,0.026519764881332418,1.9173427461145676,-0.01333558580775404,0.4145171482996139,BRPF3,0.26458164948706475,0
RAB8A,0.266193634540031,0.02791823312337958,0.026595162759052573,1.9123657877349445,-0.01342000393708341,0.4133218076055612,BSG,0.266193634540031,0
ACSS2,0.2746941064302544,0.028963820532186102,0.026137928942423363,1.8962998700478992,-0.013427035097069304,0.4156353783157044,BSN,0.2746941064302544,0
COPB2,0.2772724262003555,0.029391188195102183,0.024873545095545634,1.8898717568662422,-0.014086733407573484,0.4020061236673544,BTBD10,0.2772724262003555,0
PSMB9,0.2791972073844967,0.02981608178190962,0.023671664451078996,1.8835573422740746,-0.012507914023058975,0.43947760232282546,BTF3L4,0.2791972073844967,0
TAOK1,0.2791972073844967,0.030176526744262844,0.024840200151680453,1.8782589713131992,-0.013034719149001896,0.42754361417510706,BTF3P11,0.2791972073844967,0
KPNA2,0.2791972073844967,0.03021717659788859,0.024964945275170767,1.8776647353146703,-0.013244436869240959,0.4227366737016752,BTG2,0.2791972073844967,0
XRCC6BP1,0.2791972073844967,0.03046550433163965,0.02632903886345147,1.8740488983148471,-0.012864971333791376,0.4322248555638497,BTN2A2,0.2791972073844967,0
RNF39,0.2791972073844967,0.030498805183119895,0.024558497154424933,1.8735658718335053,-0.014089734781621718,0.4045764638001631,BUD13,0.2791972073844967,0
PPP2R5E,0.2791972073844967,0.030534747863139016,0.02443349070784345,1.8730450158396006,-0.013535629214365944,0.41682095370365746,C10orf55,0.2791972073844967,0
TUBGCP4,0.28413322236870303,0.031233938073059898,0.02323927240178737,1.8630124644187853,-0.011748025549134742,0.46195849388472243,C10orf82,0.28413322236870303,0
ABCG1,0.2875549494681454,0.0317713544841417,0.02524899276677246,1.8554266956118024,-0.012638078008314308,0.44055943340907816,C11orf63,0.2875549494681454,0
CAPRIN2,0.29612952958921424,0.03288482717816288,0.024071129872825434,1.8400410557935964,-0.01288209734938295,0.43711705857899597,C14orf164,0.29612952958921424,0
C7orf31,0.2979826356598642,0.03325773667768535,0.024888200563586028,1.8349843258886667,-0.012627094627744053,0.4440016621826436,C14orf169,0.2979826356598642,0
STRBP,0.30089719071923604,0.03391526388794992,0.02475702557235287,1.8261807685878808,-0.011575266902207226,0.4719433798395158,C16orf70,0.30089719071923604,0
COBL,0.30089719071923604,0.033920547018825825,0.02288697157089912,1.826110604278214,-0.012282715072989092,0.4538107416585127,C16orf74,0.30089719071923604,0
TRAPPC11,0.3030151068946294,0.0343292493509339,0.024078599342668965,1.8207097428576235,-0.012542021342297895,0.44830017294262464,C17orf64,0.3030151068946294,0
FAM193B,0.3053526803849155,0.03476533601690288,0.0235050512341005,1.8150049709104956,-0.012562136243673904,0.4487154520288379,C17orf89,0.3053526803849155,0
ABHD16B,0.30714590669653363,0.03514176386208237,0.025306473064813383,1.8101277016635366,-0.012979222600492486,0.43964137763285516,C19orf10,0.30714590669653363,0
EIF2B2,0.30952680394512994,0.0355877705040671,0.024540130849405945,1.8044040940057606,-0.012050961145817819,0.4629717818618515,C1orf50,0.30952680394512994,0
LCP2,0.3175230304776581,0.03668521832776084,0.02417508645106421,1.790566814911356,-0.010193165029142437,0.5158419385157678,C4orf32,0.3175230304776581,0
GPIHBP1,0.31752514927792536,0.037026216164119864,0.024443699478476928,1.786336318057605,-0.011317886012602465,0.4847574542867774,C6orf118,0.31752514927792536,0
ABCF2,0.31752514927792536,0.03705591928843838,0.02518928669717593,1.7859693245600843,-0.012360075129638774,0.45824315445742514,C6orf99,0.31752514927792536,0
FIRRE,0.31752514927792536,0.03721971744200022,0.02457864743699873,1.783949843294449,-0.011553986352136815,0.4788792201791804,C7orf31,0.31752514927792536,0
SIN3B,0.3183607393991205,0.03749621720348587,0.023097975395572973,1.780557269574677,-0.012403743754634126,0.4580546326502361,C9orf84,0.3183607393991205,0
TATDN3,0.318369200772081,0.037675771936572684,0.022564067189938943,1.7783651102735267,-0.012035886036102495,0.4674400931840448,CAB39L,0.318369200772081,0
ACMSD,0.3202614175445479,0.038079316051286685,0.022511241463374902,1.7734692439452058,-0.011830135154459666,0.47339268360538617,CALCOCO2,0.3202614175445479,0
BID,0.32858393201339325,0.0392531562079937,0.023602153810767183,1.7594646028966954,-0.011848110966225336,0.47515545531570147,CALCR,0.32858393201339325,0
C11orf63,0.3329921611745271,0.040017711756735706,0.02302307359771305,1.7505252784984355,-0.01106937881389485,0.49686729088291753,CALM2,0.3329921611745271,0
TLN2,0.3329921611745271,0.040153289205004675,0.022265556835898273,1.7489546012669457,-0.01113880407188847,0.4952411394943801,CALML3,0.3329921611745271,0
ATG9B,0.3568950932802729,0.04334556248046477,0.02295071610148188,1.7131587718598373,-0.010497695547199818,0.5182724775524292,CALR3,0.3568950932802729,0
RPS21,0.3568950932802729,0.04343591432519306,0.021804235738274513,1.71217710234836,-0.009760873925571649,0.5397776827546892,CAMK2N1,0.3568950932802729,0
FAM205A,0.3640520609370384,0.044511132520624996,0.024848745027655886,1.7006195542783733,-0.011244787321646474,0.5000448439247103,CAND1,0.3640520609370384,0
PTCD1,0.3653111089677122,0.04499625698516723,0.021931290923188802,1.6954784794015167,-0.010603905645897669,0.5180248506839678,CAND1.11,0.3653111089677122,0
CBX3P2,0.3653111089677122,0.04513099258661151,0.02228995885647048,1.6940585485880437,-0.009882161862392953,0.5387964967742587,CAP1,0.3653111089677122,0
OGDHL,0.3653111089677122,0.04527972803245339,0.022637396257114546,1.6924950342507719,-0.01044847658206091,0.522794862071829,CAP2,0.3653111089677122,0
AURKA,0.3697609650891526,0.04603866194604144,0.022685384782059895,1.6845807892394231,-0.009042722757073674,0.5657780839490596,CAPN10,0.3697609650891526,0
ACKR1,0.3700437697150312,0.046384906035369246,0.021906010991592492,1.6810049009117176,-0.011056278028165443,0.5081370952359203,CAPN3,0.3700437697150312,0
CSNK2A2,0.3700437697150312,0.046488953682651143,0.022974122771113423,1.679934521691818,-0.00960119618764695,0.5492059940038445,CAPNS2,0.3700437697150312,0
MAMDC2,0.37037013691405013,0.04685066710128317,0.022723919345584764,1.6762283296923188,-0.009542789634035266,0.5515003097128224,CAPRIN2,0.37037013691405013,0
CIRBP.AS1,0.37037013691405013,0.04694540153818022,0.02138626960418488,1.6752614553546008,-0.010193312965995963,0.5326121307988958,CARD10,0.37037013691405013,0
FXR2,0.37223667389475595,0.04771240942526787,0.02310446007072998,1.6674903154692526,-0.010571699592616729,0.5232824369752662,CARD9,0.37223667389475595,0
PSMC3IP,0.37223667389475595,0.047923733404107625,0.021465275986309134,1.6653668272155808,-0.009653574562994203,0.5497674587604678,CARS2,0.37223667389475595,0
RERE,0.37223667389475595,0.04804518922946577,0.021699288989754713,1.6641497689243938,-0.010230850950808995,0.5332565065435269,CASC4,0.37223667389475595,0
LSM14B,0.37223667389475595,0.04820960376053917,0.02375239253305686,1.6625061559788836,-0.008474714170026943,0.5871376348866091,CASC5,0.37223667389475595,0
TAP1,0.37223667389475595,0.048313679147143615,0.02279161235602992,1.661468055782777,-0.00993248152120819,0.5421766319750441,CASP3,0.37223667389475595,0
PTGES3L,0.37223667389475595,0.048434609278510024,0.022862739636602687,1.6602640823420742,-0.010003856571849112,0.5403065974617092,CASP5,0.37223667389475595,0
PSMA3,0.37321885784866465,0.0487954667827195,0.0212727343993265,1.6566856378060273,-0.008293558492418602,0.5939301479231103,CBFA2T3,0.37321885784866465,0
SRPK1,0.37321885784866465,0.04922305308073718,0.020660123379700048,1.6524727520919495,-0.009819458001452112,0.5468130179996924,CBL,0.37321885784866465,0
SUPT7L,0.37321885784866465,0.04941048823153183,0.020846694078223853,1.6506352170367604,-0.010644678043145353,0.5239883656656472,CBX2,0.37321885784866465,0
ARHGEF25,0.37321885784866465,0.04956167368784402,0.022837733762443968,1.6491571089143622,-0.01058583023396062,0.5258157289127463,CBX3P2,0.37321885784866465,0
HIATL1,0.37321885784866465,0.04960901251269407,0.022079115964903837,1.6486950271345056,-0.009972802953752044,0.54296082614759,CCAT1,0.37321885784866465,0
GOLGA2P2Y,0.37652641553590377,0.050446152768719534,0.020162849845207585,1.6405811023808454,-0.010270219837587581,0.5358339552209708,CCDC116,0.37652641553590377,0
PDHA2,0.37652641553590377,0.05065367735256315,0.021680309041790143,1.6385863003772894,-0.010188769103355482,0.5384176648537946,CCDC23,0.37652641553590377,0
EXD1,0.37652641553590377,0.05123346732058716,0.023272059023813123,1.6330474312309002,-0.009089836870599569,0.57154322584307,CCDC7,0.37652641553590377,0
PBX3,0.37652641553590377,0.051275363345020315,0.021406678810824278,1.6326491249197175,-0.01007026428419965,0.5426750438840036,CCDC89,0.37652641553590377,0
YWHAE,0.37652641553590377,0.05137673418680982,0.020861659636572934,1.631686460397209,-0.010026078354239814,0.5440728927040107,CCDC94,0.37652641553590377,0
LARP1B,0.37652641553590377,0.0513895269507219,0.02114961789851781,1.631565081776226,-0.00902623972580293,0.5737228691206564,CCNDBP1,0.37652641553590377,0
ADNP2,0.37652641553590377,0.05152689029206984,0.02339168421048157,1.6302632810660413,-0.010221946396325874,0.5388069641096808,CCNE1,0.37652641553590377,0
RBM34,0.3800736731845384,0.05222549070679299,0.022236489513881814,1.6236849758909717,-0.009225209209310734,0.5687590733987842,CCNI2,0.3800736731845384,0
GML,0.38470007284539504,0.053076959012881196,0.021081947283187737,1.6157610355606786,-0.009944810983297307,0.5488651026531353,CCNL1,0.38470007284539504,0
PDCD2L,0.387057672029515,0.053619318559332704,0.02248915516662364,1.6107661381717506,-0.010178357009465218,0.5431248292718875,CCNT2.AS1,0.387057672029515,0
MRPS28,0.38769768669481314,0.05392542136865601,0.02258636931724216,1.6079647110487387,-0.009426013260153849,0.5650833192077465,CCNYL1,0.38769768669481314,0
NUP35,0.3967246998260153,0.055586741148434066,0.020634036434983256,1.592976165045341,-0.009369086535712478,0.5690439191350869,CCT3,0.3967246998260153,0
STK17A,0.3967246998260153,0.055626009510097496,0.022061327177481417,1.592626189531416,-0.00908184038268396,0.5776993951042734,CCT4,0.3967246998260153,0
PEX2,0.40249357590946827,0.05666062117401937,0.020186950396423577,1.5834747650518286,-0.0091396205799644,0.5773219460577883,CCT5,0.40249357590946827,0
ODF2L,0.40294444855257316,0.05739774252673832,0.020319330682451044,1.5770347284861919,-0.009954617385881033,0.5547704623675391,CCT6A,0.40294444855257316,0
SNX30,0.40294444855257316,0.05756384701827825,0.020556952849922663,1.5755925119187648,-0.009710782251701348,0.5618535372020825,CCT6B,0.40294444855257316,0
ERP44,0.40294444855257316,0.05770821855255783,0.022432247241959077,1.5743416502092455,-0.00943099796991051,0.5700996161383118,CCT8,0.40294444855257316,0
HARS2,0.40294444855257316,0.057869368503531964,0.020333194567748233,1.5729483201885064,-0.007619855187730454,0.6277197076702912,CD164L2,0.40294444855257316,0
ATXN2,0.40294444855257316,0.05788216497154322,0.019789513278178336,1.5728378105280683,-0.00966414322555915,0.5636187041219238,CD38,0.40294444855257316,0
KIAA1210,0.40294444855257316,0.05808004670668048,0.018432990005640363,1.571131353406979,-0.00813578687903654,0.610624853398141,CD40,0.40294444855257316,0
HMGXB4,0.4033748332080686,0.058458693444473214,0.019386432913781265,1.5678787411390243,-0.008925859438591489,0.5861271715437849,CD46,0.4033748332080686,0
SRSF8,0.4033748332080686,0.058594945291653586,0.019577697025741414,1.5667123726304601,-0.009203092942034715,0.577976385643669,CD47,0.4033748332080686,0
PCGF6,0.4033748332080686,0.058820783305719486,0.02253303485401095,1.5647837928309614,-0.00927022628447263,0.5762905687396298,CD48,0.4033748332080686,0
CCAT1,0.4080012808113728,0.05989362019971889,0.02187907372774244,1.55570067416618,-0.007809507945708581,0.6235527119113795,CD5,0.4080012808113728,0
SF3A2,0.4080012808113728,0.05995307659707217,0.021533272824545056,1.5552010304236914,-0.008533858795833188,0.6001116639418012,CD55,0.4080012808113728,0
ARID1B,0.4096068253858867,0.060624586442349394,0.019250699783586844,1.5495847365811493,-0.008317205043543009,0.6077795929901113,CD79A,0.4096068253858867,0
GABARAPL3,0.4096068253858867,0.0606484587223074,0.022411200035245,1.5493859743778877,-0.008758164412274099,0.5940139587492472,CD99,0.4096068253858867,0
TIPARP,0.410156943096846,0.06104980528798093,0.020412063051844936,1.546053462253118,-0.008518820291257816,0.6019178775189207,CDC14A,0.410156943096846,0
ARFGAP3,0.410156943096846,0.061488900642072374,0.020283043384263733,1.5424270688144341,-0.008492335694094256,0.6032787863931972,CDC42BPA,0.410156943096846,0
KDM4A,0.410156943096846,0.06163970073020922,0.021705936545676555,1.5411863104333405,-0.00868606664618242,0.5974522618489042,CDC42SE2,0.410156943096846,0
PITRM1.AS1,0.410156943096846,0.061718866352163095,0.018464436051309995,1.5405358972557919,-0.008594615364052476,0.60037114733814545,CDC6,0.410156943096846,0
GIMAP1,0.410156943096846,0.061880099659591466,0.019742247526019694,1.539213239477013,-0.009029492567345108,0.5873694510832795,CDK13,0.410156943096846,0
YOD1,0.41137892557252426,0.06229518222354546,0.022178279898705335,1.5358204922521064,-0.008597848209231736,0.6009716958708977,CDK14,0.41137892557252426,0
RELB,0.4159782915403563,0.06322496747472606,0.021399782468482013,1.528284224316001,-0.009376670053864142,0.5789596343474401,CDKAL1,0.4159782915403563,0
SCAMP4,0.41599137629238003,0.06346026604123801,0.020913245665623626,1.5263907383510766,-0.008716388104578731,0.5987535392940291,CDSN,0.41599137629238003,0
GPN2,0.41826767314742236,0.06409514356772421,0.02029210540011903,1.521308891983328,-0.008585749156172082,0.6035165970062663,CDX1,0.41826767314742236,0
WDR86,0.41826767314742236,0.06427669234009743,0.020722219132322032,1.5198628936761636,-0.00742305043676268,0.6414384764924018,CELF2,0.41826767314742236,0
CAND1.11,0.422541116272515,0.06517039090013552,0.02037732497519432,1.5127906731946263,-0.008100002167466168,0.6200087283920993,CELF2.AS2,0.422541116272515,0
MTERF,0.4233785427615317,0.06553700381502117,0.020964890880195396,1.5099112716935719,-0.008167874688104242,0.6182599564332233,CEP170,0.4233785427615317,0
HADHB,0.42434501725314483,0.06644583410310574,0.020689532188567072,1.5028267298541766,-0.007265537452706524,0.6490983537276234,CERKL,0.42434501725314483,0
RAG1,0.42434501725314483,0.06690345068107967,0.01934702452901911,1.499287873966789,-0.007459062266970382,0.6429712813240935,CERS3,0.42434501725314483,0
CHD9,0.42434501725314483,0.06710181477754469,0.019104315951672026,1.497759694812794,-0.00784405978476644,0.6304203581292253,CFL1P1,0.42434501725314483,0
POLR2D,0.42434501725314483,0.06711357661491546,0.01853781579820902,1.497669192461069,-0.007747614966689228,0.633586374579848,CFLAR.AS1,0.42434501725314483,0
PASD1,0.42434501725314483,0.06720671677890189,0.020373304619263975,1.4969529511738628,-0.008014594536086382,0.6250302957750796,CGN,0.42434501725314483,0
PFDN6,0.42434501725314483,0.06724566467395894,0.019293508084370227,1.4966536721783665,-0.007948012398963021,0.6272124354415429,CHD1L,0.42434501725314483,0
GJA1,0.42434501725314483,0.06735257424713403,0.020631004839595526,1.4958328580027065,-0.008785716662147863,0.6013794134032246,CHD3,0.42434501725314483,0
DHRS7B,0.42484908878047073,0.06767085878499926,0.01968987776775594,1.4933951281937539,-0.007910035960421818,0.6289057757180234,CHD4,0.42484908878047073,0
EPS15,0.42906908623603995,0.06858367334675905,0.020512434702668256,1.4864526874950514,-0.008530848758757505,0.6105019281564519,CHD5,0.42906908623603995,0
RING1,0.4411647747573581,0.0707645123839621,0.019033007890690186,1.4701500598032806,-0.008319689436617716,0.6194514935340953,CHD9,0.4411647747573581,0
FOXL1,0.442332031675085,0.07119982786918082,0.02099870744505045,1.4669423029769213,-0.007372413235992606,0.6503105121863052,CHGA,0.442332031675085,0
YY1P2,0.4450779960867306,0.07231951544531187,0.01940951745112285,1.4587601419348522,-0.007585686919883083,0.644398134128481,CHMP4B,0.4450779960867306,0
PDCD1LG2,0.4450779960867306,0.07236521093288263,0.018316089020227473,1.458428289232359,-0.007465588125190062,0.6483937998833156,CHMP4C,0.4450779960867306,0
PPP1CB,0.4450779960867306,0.07239070042913734,0.018954520184326445,1.4582432475362088,-0.008162752862768768,0.6261066225324392,CHPT1,0.4450779960867306,0
SERINC2,0.4480820542792153,0.07326760563312242,0.020099718255578977,1.4519075039799958,-0.0074723329359242365,0.6490904172389922,CHTOP,0.4480820542792153,0
WTAPP1,0.4480820542792153,0.07338191803114463,0.01881646734897913,1.451085866135855,-0.00727266145323154,0.6558430170781113,CHUK,0.4480820542792153,0
PSMC6,0.44886414231218225,0.07376174632499687,0.01934581047570274,1.4483628028080098,-0.007634428224989919,0.6443040790866263,CIAPIN1,0.44886414231218225,0
UBE2J1,0.45194645076898893,0.0745217366943818,0.019629831129424225,1.4429462948281784,-0.006653428077456175,0.6782686692010609,CIDEA,0.45194645076898893,0
ZZZ3,0.45591080096525094,0.07586118762508522,0.01903362063423651,1.4335016881436,-0.007119119804833815,0.6634313746921738,CIRBP.AS1,0.45591080096525094,0
OSBPL3,0.45591080096525094,0.07602432867016397,0.018662389054391302,1.4323600669210004,-0.007674902532282475,0.6453368076819728,CKAP2,0.45591080096525094,0
PGK2,0.45591080096525094,0.07617028703279038,0.01975831121295917,1.431340265738656,-0.006514316981771195,0.684692005649346,CLIC2,0.45591080096525094,0
MARS2,0.45591080096525094,0.07665080009326249,0.018600959718788335,1.427993425994374,-0.006754419804042119,0.6766681156318601,CLIP1,0.45591080096525094,0
ZFP91.CNTF,0.45591080096525094,0.07681103547406332,0.02026495361392154,1.4268809131235092,-0.006949529952769539,0.6700898848978696,CLIP1.AS1,0.45591080096525094,0
UBXN6,0.45591080096525094,0.07685173304752338,0.01851762330989217,1.426598631279716,-0.007736042672791287,0.6442429318763299,CLK4,0.45591080096525094,0
MBD2,0.45591080096525094,0.07696531188476755,0.01885992918888977,1.4258114394602959,-0.007101952414149009,0.6650690327567059,CLOCK,0.45591080096525094,0
CSNK1A1L,0.4654325740531611,0.07899513234796353,0.018971575363722838,1.4118896906549374,-0.006897869648629606,0.6738868068200625,CLPTM1L,0.4654325740531611,0
NELL1,0.4654325740531611,0.07960609782769727,0.018996128015152443,1.407752457770346,-0.007126854605856161,0.6667557706818363,CLPX,0.4654325740531611,0
C10orf55,0.4654325740531611,0.07985066726267852,0.018849290222025757,1.406103057421974,-0.007012305640111905,0.6708132365591946,CLRN1,0.4654325740531611,0
DGKE,0.4654325740531611,0.07988688945237998,0.019103247091602587,1.4058590964153277,-0.006670783978334645,0.6825009613856883,CLSTN2,0.4654325740531611,0
SETMAR,0.4654325740531611,0.08002118774098478,0.019424037844107393,1.4049553099189738,-0.00769479127579686,0.6487939939765397,CLTCL1,0.4654325740531611,0
HMG20B,0.4654325740531611,0.08029409179972867,0.017604890188041036,1.4031222759077102,-0.006756628394271346,0.6799045014880364,CMPK2,0.4654325740531611,0
SETD4,0.4654325740531611,0.08040001840065822,0.019086293865624947,1.4024120596803487,-0.006766183901931703,0.6796729058325351,CMTM4,0.4654325740531611,0
WAC.AS1,0.466613965269533,0.08095736013593154,0.018143491304809183,1.3986867969278747,-0.007041565649628144,0.6708709079427295,CMTR2,0.466613965269533,0
TSR2,0.466613965269533,0.0811274981680063,0.01994313907733233,1.3975534557689717,-0.007006682745258671,0.672194718802635,CNDP1,0.466613965269533,0
ZNF664.FAM101A,0.47105314375413776,0.08216350404236503,0.019765843587473374,1.3906907302164528,-0.007397574789418904,0.66037216945458,CNEP1R1,0.47105314375413776,0
CHGA,0.4759281965597853,0.08328076126004096,0.018120883100044304,1.3833624430399332,-0.005667427490518832,0.7215761579690017,CNOT10,0.4759281965597853,0
PILRA,0.4772437773246456,0.08394090607136014,0.01909577539156753,1.379067121974748,-0.006541635826452422,0.6905424777920295,CNOT11,0.4772437773246456,0
NFE2L2,0.4772437773246456,0.08404629617495162,0.01744576665929241,1.3783837381796875,-0.0068793411878221135,0.6791390612750821,CNOT2,0.4772437773246456,0
XPO7,0.48062935294717707,0.08522529994267931,0.01920169756524525,1.3707821821871653,-0.006173414503376499,0.7045606287254768,CNOT3,0.48062935294717707,0
CALCR,0.48062935294717707,0.08543253385317917,0.018005849124479625,1.369454212775779,-0.006660087573832206,0.6877780040802175,CNOT8,0.48062935294717707,0
GDNF,0.48062935294717707,0.08545120857221264,0.01859084623172875,1.369334662436075,-0.0068447190257739715,0.6815660494179252,CNP,0.48062935294717707,0
PTPRB,0.4862278527043544,0.0867192692989258,0.017953098830107473,1.3612622470213567,-0.007338060749049483,0.6666595096446678,CNPY1,0.4862278527043544,0
UBC,0.48630910619398754,0.0870065086236018,0.01911846864984179,1.3594459704570985,-0.006265906819795939,0.7027485929879573,CNPY4,0.48630910619398754,0
MAPKAPK5.AS1,0.4872439596923336,0.08744703707321747,0.017699642677610726,1.3566690953576717,-0.005990798585278794,0.7128909740809204,CNTROB,0.4872439596923336,0
IL17A,0.48877265159017225,0.08812044681227325,0.017543144150669075,1.3524443594378661,-0.006107188584080551,0.7092633433311346,COBL,0.48877265159017225,0
GTF3C1,0.48877265159017225,0.0882696544094422,0.017441798299205242,1.351511543817531,-0.006130115933743149,0.7085697650039373,COG3,0.48877265159017225,0
ARHGAP31,0.4887949405544828,0.08854782153622992,0.01832546020515945,1.3497756323638874,-0.006956812558581584,0.6806478136598881,COG4,0.4887949405544828,0
PRKAG2.AS1,0.48927049906477743,0.08890838008804705,0.01930255281610613,1.3475315895212368,-0.0058352196039878484,0.7196588198735109,COLGALT2,0.48927049906477743,0
MLLT10P1,0.4903200332328475,0.08937409467228011,0.01848705836592798,1.3446430820551227,-0.006693177232032914,0.6901042675044751,COMMD8,0.4903200332328475,0
BNIP3,0.4913206901282553,0.08983204990567091,0.01809648906835942,1.3418135987653033,-0.005698332754114106,0.7253617709960402,COPB1,0.4913206901282553,0
TAF6,0.4930911382011545,0.09043230633302161,0.017106786880109633,1.3381210956396559,-0.005710047983393145,0.7253815205354681,COPB2,0.4930911382011545,0
UBR7,0.49605898461811493,0.09125482162352311,0.017618821411725036,1.3330907946176163,-0.0066815356488642876,0.69212342581785,COPG2,0.49605898461811493,0
IRAK1BP1,0.49763021143882696,0.09182296105629505,0.018712819898045983,1.3296357938930878,-0.006568134290675136,0.6964004222916882,COPS4,0.49763021143882696,0
EIF4E3,0.5011881609319272,0.09285613999608265,0.017580701556809023,1.3233931303020825,-0.0056602799457751846,0.7290021374985913,COPS6,0.5011881609319272,0
CRKL,0.5011881609319272,0.09304166083481093,0.01822758115191502,1.322277626456386,-0.005954265610127466,0.7185687906197042,COPS7A,0.5011881609319272,0
AP1B1P1,0.5027361834042192,0.09361099993841884,0.017236878017625936,1.3188645223057147,-0.006071154977202481,0.7148963271756625,COPZ2,0.5027361834042192,0
SUN3,0.5034472990562161,0.09443118993730615,0.017118223394714704,1.313974446212656,-0.006317434465959505,0.7070490268607141,CORO1B,0.5034472990562161,0
FAM104B,0.5034472990562161,0.0944506528371827,0.01641429179479548,1.3138587872011975,-0.005608034136089851,0.7320772185082135,COX10,0.5034472990562161,0
REEP6,0.5034472990562161,0.09465130695854794,0.019114116498226807,1.312667415774918,-0.00516698555110672,0.7486423072607666,CPNE4,0.5034472990562161,0
SCAF4,0.5034472990562161,0.09513555712446464,0.019562635249088873,1.3097998577823329,-0.005629262156022109,0.7318047290150931,CPT1A,0.5034472990562161,0
SMARCD1,0.5034472990562161,0.09515521019738915,0.016590895831283037,1.3096837065160651,-0.004388065692498012,0.7796712485512838,CRCP,0.5034472990562161,0
HSPA6,0.5038583088838021,0.09551548424157325,0.018676292860983393,1.307557580678757,-0.005415013365790091,0.7399322293736327,CRCT1,0.5038583088838021,0
GHR,0.5044243292554345,0.095955588422246,0.018103560288518485,1.3049683380225459,-0.005564054066972313,0.7347712529023003,CREB3,0.5044243292554345,0
GAL,0.5044243292554345,0.09618859896065492,0.020021517071813207,1.303601013923147,-0.005287078479671604,0.745159812144947,CREBRF,0.5044243292554345,0
DDX19A,0.5101492023848234,0.09756639260416422,0.01631952626501564,1.2955653637952795,-0.0045089001633641795,0.7761754682775754,CRKL,0.5101492023848234,0
RAD50,0.5212833747079137,0.0999881739484613,0.017742892335607732,1.281640235868478,-0.005289898959002831,0.7476514043665767,CRLF1,0.5212833747079137,0
KLHL13,0.5258779305356079,0.10116440278951966,0.018169399718706916,1.2749657638651823,-0.005556974386009829,0.7387569299338268,CRTC3,0.5258779305356079,0
SERINC4,0.5268934864404983,0.10199439984037338,0.017226793708664798,1.2702899379375008,-0.005368440843030655,0.7461454963107438,CSAD,0.5268934864404983,0
DHX40,0.5268934864404983,0.10245232664637542,0.01672242966207079,1.2677220319727884,-0.005122711369820831,0.7554953618066189,CSE1L,0.5268934864404983,0
AK3,0.5268934864404983,0.10265634090062127,0.01643301446187837,1.2665806730112175,-0.005067668882640575,0.7576815655190473,CSMD1,0.5268934864404983,0
RNF40,0.5268934864404983,0.10313802264130006,0.015918065517586892,1.2638924275296355,-0.005464300871090111,0.743472176201011,CSNK1A1L,0.5268934864404983,0
STIM2,0.5268934864404983,0.10361688484924171,0.017078101787436017,1.2612289408157558,-0.005055738658989414,0.7587503081773592,CSNK1E,0.5268934864404983,0
EIF4EBP3,0.5268934864404983,0.10387879524671531,0.016488482042506223,1.2597759424721657,-0.005050919887993214,0.7590994122611523,CSNK2A2,0.5268934864404983,0
POLR2H,0.5268934864404983,0.10390237398147187,0.01578867721975059,1.2596452653486134,-0.003838900903474368,0.8070611940145201,CSPG4,0.5268934864404983,0
WDR83,0.5268934864404983,0.10417629750932554,0.01823354657655692,1.2581287111097028,-0.0046096429636031345,0.7760882413381881,CSRP2,0.5268934864404983,0
WDR34,0.5268934864404983,0.10418428296563999,0.01586940520488498,1.25808454370638,-0.00522383335535842,0.7529087622796974,CTCFL,0.5268934864404983,0
CPNE4,0.5268934864404983,0.10460248524027801,0.017203221672957614,1.2557748960886965,-0.004263577689513301,0.790004825434678,CTDP1,0.5268934864404983,0
SIL1,0.5268934864404983,0.10461037251819204,0.016949176729870407,1.2557314005634534,-0.005012061954130504,0.761020658504951,CTDSP2,0.5268934864404983,0
BAZ2B,0.5317304316971603,0.10605933323272958,0.016305016505721342,1.247780852705046,-0.004909854877701738,0.7657653260167709,CTDSPL,0.5317304316971603,0
BTN2A2,0.5317304316971603,0.106167152935608,0.01696098770844195,1.2471923856196723,-0.0047360523897828416,0.7724100271425802,CTNNBIP1,0.5317304316971603,0
MRPS6,0.5318762792159123,0.10649457749864312,0.015674022292984466,1.2454079831890976,-0.005287480099774764,0.7521402024717433,CTNND1,0.5318762792159123,0
EPS15L1,0.5332269804895182,0.10749656868214301,0.016774521784083632,1.239971801836056,-0.005091393203318575,0.7599425876966673,CUL2,0.5332269804895182,0
TBC1D3,0.5332269804895182,0.10756052493016603,0.016709480528867695,1.2396260576332523,-0.004907171305688931,0.7668052342663366,CUL4B,0.5332269804895182,0
SMARCA5,0.5332269804895182,0.1082115013280066,0.01711349549631784,1.2361153098133868,-0.004685625596501616,0.775561676760171,CUL5,0.5332269804895182,0
FUT1,0.5332269804895182,0.10902888840845176,0.015272165320505555,1.2317285620500698,-0.005059180815784994,0.7621111724857637,CYTH2,0.5332269804895182,0
SERF2.C15ORF63,0.5332269804895182,0.10920766217267985,0.01587762383341106,1.230772273858277,-0.004711759723672037,0.7751649505052829,DAPK1,0.5332269804895182,0
QRICH2,0.5332269804895182,0.10931630476088582,0.016519145628346468,1.2301916774494701,-0.00494594926869804,0.766463063249469,DAZL,0.5332269804895182,0
TMSB15A,0.5332269804895182,0.10932880144302877,0.015607697526408908,1.2301249205706182,-0.0034357109463354785,0.8266750477282279,DBP,0.5332269804895182,0
ATN1,0.5332269804895182,0.1094235045531247,0.01871867108116971,1.229619197652638,-0.004828665380533008,0.7708943059923442,DCAF11,0.5332269804895182,0
ANKRD18A,0.5332269804895182,0.10945657591652476,0.017573998092569192,1.2294426677352643,-0.003906537252223074,0.8070150884171331,DCAF12,0.5332269804895182,0
FAM13C,0.5339858048603485,0.10998748331577138,0.017521242393594868,1.226613992642415,-0.004773356397123666,0.7733117458010034,DCAF6,0.5339858048603485,0
PEX3,0.5339858048603485,0.11021131586573654,0.016039967774059038,1.2254243488449024,-0.004693465634030719,0.7764566265290804,DCAF8L1,0.5339858048603485,0
PHF13,0.5344689151039743,0.11067331187437224,0.016392718475601743,1.2229743625822116,-0.004546406255565381,0.782326013173725,DCPS,0.5344689151039743,0
ASCC3,0.5344689151039743,0.11127940359858719,0.01569451293066324,1.21977131977492,-0.004280712878494795,0.7929683154734825,DCTN1,0.5344689151039743,0
UBASH3A,0.5344689151039743,0.1113740069222267,0.015301644891323286,1.2192724929191905,-0.003896470253115882,0.8083796290345219,DCTN1.AS1,0.5344689151039743,0
RAB36,0.5344689151039743,0.11161127093459541,0.015601717327978007,1.2180227737818077,-0.004317347450707491,0.7917151695050801,DCTN3,0.5344689151039743,0
DHX32,0.5344689151039743,0.11201644834438532,0.0160012568436744,1.2158930068531393,-0.004528760785646306,0.7837747991630714,DDB2,0.5344689151039743,0
KMT2E.AS1,0.5344689151039743,0.11224876769623147,0.01660000754244179,1.2146743314874884,-0.003953727106918706,0.8064939936881106,DDR1,0.5344689151039743,0
ELAC1,0.5344689151039743,0.11240933436006188,0.01651975410072188,1.2138331016411321,-0.0033669692573485796,0.8309515607032375,DDX10,0.5344689151039743,0
SLC44A3,0.5351803422479873,0.11293560942955573,0.014948064519051337,1.2110818804276342,-0.00427427651576093,0.7941201164355811,DDX18,0.5351803422479873,0
RPS6KA4,0.5351803422479873,0.11379307174715346,0.016499587438192912,1.2066188369384037,-0.004249929965917143,0.7955346338131677,DDX19A,0.5351803422479873,0
USP48,0.5351803422479873,0.11396247314525422,0.017071479529784404,1.2057399509470736,-0.004442128141059367,0.7881950023313445,DDX19B,0.5351803422479873,0
RBM17,0.5351803422479873,0.11398620988894463,0.015358325237808161,1.205616874677749,-0.0043437843083755125,0.7919926070597804,DDX23,0.5351803422479873,0
ELOVL6,0.5351803422479873,0.11405974764679483,0.01577035237768206,1.2052356933994992,-0.004288981749819354,0.7941573586291215,DDX24,0.5351803422479873,0
ZC3H8,0.5406008309151223,0.11551818091904745,0.016072057388332606,1.1977118193592389,-0.004600205333060893,0.7830917697628599,DDX25,0.5406008309151223,0
DRAM1,0.5446182650162874,0.11668209603826236,0.01683486433671084,1.1917556170898662,-0.004365520634091696,0.7926408856050712,DDX28,0.5446182650162874,0
GCNT1,0.5451346439994708,0.11709846811654365,0.015247470962144415,1.1896351176299969,-0.004086597260102301,0.8036736243420001,DDX42,0.5451346439994708,0
CAMK2N1,0.5463273887059403,0.11766108651883403,0.01650871266512418,1.18677828424645,-0.0038862457977541526,0.8118953984437669,DDX43,0.5463273887059403,0
SECISBP2L,0.5470632449315754,0.1185255662961073,0.01509645069759089,1.1824074559823348,-0.004181382006667436,0.8007221546913591,DDX47,0.5470632449315754,0
LIME1,0.5470632449315754,0.11879811069669703,0.016457088802968388,1.1810341398305735,-0.003887602233303734,0.8123994685249191,DDX49,0.5470632449315754,0
SFT2D1,0.5470632449315754,0.11900552196694243,0.015823892525969573,1.1799905117920977,-0.004030347569068232,0.8068590351199798,DDX50,0.5470632449315754,0
LARS,0.5470632449315754,0.11918585506388936,0.01701171332918457,1.1790841759017228,-0.004583355204159972,0.7858407009919504,DDX51,0.5470632449315754,0
NNT.AS1,0.5470632449315754,0.11935367486168416,0.015047216303600317,1.1782415997800488,-0.004428832672753104,0.7917168389983504,DDX60,0.5470632449315754,0
YWHAZ,0.5471058180563682,0.11966980877284554,0.015091661922924757,1.1766566480443703,-0.003809597974360157,0.8159377674850401,DEDD2,0.5471058180563682,0
IDH3G,0.5479194913656503,0.12079926498705415,0.015324347464544644,1.1710180635256269,-0.0036517867039496253,0.8228247144844765,DENND1A,0.5479194913656503,0
SMC5.AS1,0.5479194913656503,0.12113915516868326,0.014909082555192287,1.1693284999679678,-0.003895691877999374,0.8132273908329151,DENND4C,0.5479194913656503,0
BTF3P11,0.5479194913656503,0.12125149937626806,0.014950903686906351,1.1687707804265082,-0.0038235977155618257,0.8161401834523068,DENND5B,0.5479194913656503,0
PTPN7,0.5479194913656503,0.12131314062587606,0.016356642624842377,1.1684649241263465,-0.003925765476500212,0.8121270206769149,DEPDC1,0.5479194913656503,0
TMIE,0.5479194913656503,0.12138429561942336,0.016154676973198296,1.1681119976575567,-0.003994488684978792,0.8094662668207179,DERL2,0.5479194913656503,0
REV3L,0.5602002187196803,0.12464814299737466,0.015635581159646497,1.1520771706783943,-0.003701114077769411,0.8226245871855096,DESI2,0.5602002187196803,0
FAXC,0.5602002187196803,0.1250244724744373,0.015912580149657636,1.1502472961802728,-0.0038177315072951616,0.8181853139606977,DET1,0.5602002187196803,0
MKRN2OS,0.5602002187196803,0.1250474969435966,0.01572631902257761,1.1501354663795686,-0.004243053676375738,0.8018172566608655,DGCR5,0.5602002187196803,0
VCPIP1,0.560420309535527,0.1257735719711252,0.014444074152047882,1.146616272539487,-0.0031760816204414767,0.8445472202043406,DGKE,0.560420309535527,0
ARFIP1,0.560420309535527,0.12581422406527287,0.016127930950619464,1.1464196565466682,-0.0035952724105499387,0.8273905795313892,DHRS1,0.560420309535527,0
DCAF12,0.560420309535527,0.12603956484786671,0.015621209789891727,1.145330586751002,-0.003342615024654432,0.837749921030459,DHRS7B,0.560420309535527,0
UROC1,0.5622058250853733,0.12675644513983178,0.015771939053328167,1.141874912579287,-0.003512429863160406,0.8311435919945499,DHX16,0.5622058250853733,0
FLRT1,0.5659892784429991,0.1279269092610929,0.015460777954790565,1.136261892451562,-0.0033057462215218742,0.8400523616745612,DHX29,0.5659892784429991,0
FDPSP2,0.5674945213347836,0.12870805179163347,0.01371087238714455,1.1325357142710972,-0.0026702256534006192,0.8672293080202809,DHX32,0.5674945213347836,0
PPP6R2,0.5674945213347836,0.12929765520771738,0.014583076561665794,1.1297335889449325,-0.0034510552866919095,0.8347273322821165,DHX40,0.5674945213347836,0
NUP98,0.5674945213347836,0.12933063535405775,0.015137735382856309,1.129577110701549,-0.0036065534438044643,0.8285294009871449,DHX57,0.5674945213347836,0
P4HTM,0.5674945213347836,0.1296934603993755,0.014562294230878157,1.1278574664752854,-0.0036638895589666837,0.8264295935264521,DHX9,0.5674945213347836,0
RPL37A,0.5674945213347836,0.13013441012958726,0.017733585231694573,1.1257720221707432,-0.0032753626891069104,0.8422083907021737,DIABLO,0.5674945213347836,0
DDX43,0.5674945213347836,0.13017681392368285,0.016402874203200666,1.1255717340202687,-0.0032561174388208384,0.8430132966041641,DIAPH1,0.5674945213347836,0
KIAA0319,0.5680872120752011,0.13077464666440367,0.014919377151427214,1.1227527495947736,-0.0029198865246673265,0.8572349387369895,DIAPH2,0.5680872120752011,0
BLID,0.5680872120752011,0.13094999672625218,0.01429611412171257,1.1219276049188147,-0.0036658249795411004,0.826930108174873,DKFZP434A062,0.5680872120752011,0
RBMS2,0.5777356428024047,0.1339408162802182,0.015789526079401307,1.1079696246024533,-0.003204488085590622,0.8466444750907939,DLEC1,0.5777356428024047,0
WARS,0.5777356428024047,0.13442338869208809,0.0154781031452599,1.1057376449529697,-0.0020378558707599788,0.8971326167573118,DLG1.AS1,0.5777356428024047,0
ARHGEF7.AS1,0.5777356428024047,0.13443321132647174,0.014763457147206775,1.1056922707863048,-0.0027293982704392357,0.866615938311284,DLGAP5,0.5777356428024047,0
KPNA5,0.5777356428024047,0.13447015802748064,0.01470974640826489,1.1055216214970796,-0.0029701877320212644,0.8564894085649929,DLX1,0.5777356428024047,0
GGACT,0.5778276828710086,0.1348156567999661,0.014155020352830434,1.10392738856626,-0.002847859833202227,0.8617329844689324,DNAJA3,0.5778276828710086,0
FOXK1,0.5783039829022043,0.1352957675740583,0.012585754825104399,1.1017166634887179,1.4273043636358034e-4,0.9920487732018667,DNAJC11,0.5783039829022043,0
GORAB,0.5783039829022043,0.13616910278732544,0.016544360676728095,1.0977090374986276,-0.002718682488117515,0.8676641255361839,DNAJC12,0.5783039829022043,0
FGD5P1,0.5783039829022043,0.13675039057637084,0.01488592966857619,1.0950513238457238,-0.002910373933616161,0.8598161440513299,DNAJC15,0.5783039829022043,0
PWWP2B,0.5783039829022043,0.1370333826990647,0.013479573363071463,1.0937602469975682,-0.0028220852844394605,0.8636024947169938,DNAJC5B,0.5783039829022043,0
TACC2,0.5783039829022043,0.1378725492522602,0.014848029302007347,1.0899424469395997,-0.00258523209696545,0.8739188520351094,DNAJC8,0.5783039829022043,0
RPL12,0.5783039829022043,0.13792449286592032,0.013648405941486681,1.0897066506081818,-0.0020283955912999653,0.8984514402990088,DNAJC9,0.5783039829022043,0
BRDT,0.5783039829022043,0.13796972199521984,0.015156870572566457,1.0895013837930643,-0.0030288435253252735,0.855383321509307,DNM1P35,0.5783039829022043,0
FBXO8,0.5783039829022043,0.1379947802428001,0.01415044720641901,1.0893876797916224,-0.002975763272599017,0.8575705249276254,DNM3,0.5783039829022043,0
ANXA8,0.5783039829022043,0.13806691542682148,0.014655777125560569,1.0890604386544813,-0.0026032925299772068,0.87320967268931,DNMT3A,0.5783039829022043,0
CLRN1,0.5783039829022043,0.13817021689082393,0.014412754496190918,1.0885920147302035,-0.0030302779858859268,0.8554005974596176,DNPH1,0.5783039829022043,0
UBN2,0.5787625655662649,0.13871185988429066,0.015435885858423037,1.0861398161915894,-0.0028025977936207576,0.8650088294197295,DOCK2,0.5787625655662649,0
RFX6,0.5787625655662649,0.13892898377025314,0.013893585322133107,1.085158655629104,-0.0021769168039012282,0.8920515136585052,DOCK3,0.5787625655662649,0
EMBP1,0.5807857121802698,0.13974036484875813,0.01496643987394024,1.0815013185924518,-0.003191074337735365,0.849505253866231,DPF3,0.5807857121802698,0
ARL6IP6,0.5816738860389264,0.14028029781084597,0.016009343562274063,1.0790755409778598,-0.002384329926016791,0.8833258493994379,DRAM1,0.5816738860389264,0
UGT1A1,0.5873683275196689,0.1420371922621698,0.014312404267325511,1.0712258607448448,-0.0019958010242275264,0.9009543410631627,DRG2,0.5873683275196689,0
BECN1P1,0.5873683275196689,0.14269894088843035,0.014357462571256259,1.0682862698403504,-0.0026267606489200654,0.8737308327770512,DSCR4,0.5873683275196689,0
SMG7.AS1,0.5873683275196689,0.1427961859673114,0.014957905101230554,1.0678550694903697,-0.0017813208508596033,0.9108568283979247,DXO,0.5873683275196689,0
SRRM2.AS1,0.5873683275196689,0.14297131471875285,0.014707594841986372,1.0670790207351655,-0.0021137672255967144,0.8959364370189477,DYRK1B,0.5873683275196689,0
PRRC2B,0.5887288822764657,0.14363267739218316,0.014084027320618536,1.0641541000968153,-0.002279528163583558,0.8888521242782698,E2F5,0.5887288822764657,0
XPOT,0.5891100146707359,0.14420219458201494,0.013723395399063514,1.0616426479633507,-0.0019110166256002827,0.9052936677331556,ECHDC1,0.5891100146707359,0
RANGAP1,0.5891100146707359,0.14438647022496442,0.014614669921966852,1.0608314632911924,-0.002527955558708247,0.8784382380880049,EDC4,0.5891100146707359,0
PBX1,0.589745866262134,0.1451849297524368,0.01449473617735639,1.05732466616706,-5.036764298816567e-4,0.9733614249652962,EDDM3A,0.589745866262134,0
CHMP4C,0.589745866262134,0.1452038335889382,0.013692661059717115,1.0572417989260539,-0.0026391238712613705,0.8740382248040828,EEF1A2,0.589745866262134,0
PI4KAP1,0.590927457816163,0.14582618140163303,0.013485630075411169,1.0545177050522725,-0.0012195795912572172,0.9377663746546127,EEF2K,0.590927457816163,0
WWTR1,0.5919509386127106,0.1464107481369632,0.013785438826959082,1.0519660915257059,-0.002430613161984684,0.883186324963119,EFCAB14.AS1,0.5919509386127106,0
ATP2C2,0.603947995151625,0.1497167772613675,0.01498435306767715,1.0376624166573085,-0.002083002694323319,0.8990567972559662,EGF,0.603947995151625,0
C17orf64,0.6041161120375905,0.15009727292913774,0.01357602683504047,1.0360297813110464,-0.0023825558985618,0.886328461112485,EGLN2,0.6041161120375905,0
DESI2,0.6052326291063138,0.1509396603649761,0.012844225022778068,1.0324250437483873,-0.0019763258647738633,0.9040287515949019,EHD1,0.6052326291063138,0
TRAF3IP1,0.6052326291063138,0.15108435359409692,0.013772395458241297,1.0318072227498214,-0.002314026395903701,0.8895140086102006,EHMT1.IT1,0.6052326291063138,0
WI2.2373I1.2,0.6052326291063138,0.15139301883422096,0.013733574654604043,1.0304905773430395,-0.0018117252131606737,0.911412528094266,EID1,0.6052326291063138,0
RNF222,0.6180731455008099,0.15495159620799892,0.014544558505834398,1.0154381458136583,-0.0020222328188729726,0.9030358523699316,EID2,0.6180731455008099,0
ISX,0.6203054913049619,0.15607535569219283,0.012876962688775842,1.0107323181824723,-0.0018213968448649437,0.9120494428158304,EIF1AD,0.6203054913049619,0
XPNPEP2,0.6203054913049619,0.1562070474458373,0.012813693420227739,1.0101823133396937,-0.0019237512233454834,0.9076097368572678,EIF2AK1,0.6203054913049619,0
EXOC8,0.6208901126319522,0.15783943976677758,0.014162134996245797,1.0033898964668668,-0.0019708938837690454,0.9059703830071262,EIF2AK2,0.6208901126319522,0
CALM2,0.6208901126319522,0.15812575683614558,0.013427606303025414,1.0022032916234451,-0.001790283085579689,0.9138782034616529,EIF2B2,0.6208901126319522,0
GOLGA7B,0.6208901126319522,0.15827177109959636,0.012739139252116907,1.0015986969854935,-0.0013718132510741558,0.9326393611422602,EIF2D,0.6208901126319522,0
MFRP,0.6208901126319522,0.15829239761583094,0.01373364104941182,1.0015133192154269,-0.0018804991088353304,0.9099842935795912,EIF2S3,0.6208901126319522,0
LCT,0.6208901126319522,0.1583349668362128,0.012825705288541694,1.0013371387553374,-0.0017168405343894525,0.9171526119671305,EIF3B,0.6208901126319522,0
DDX47,0.6208901126319522,0.15906422477317925,0.013461000802988418,0.9983237846161379,-0.001798095582065356,0.9137477749522078,EIF3C,0.6208901126319522,0
NENF,0.6208901126319522,0.15964606380268623,0.012917975476228022,0.9959260636041266,-0.0014762591296188028,0.9281425276698841,EIF3E,0.6208901126319522,0
HECTD1,0.6208901126319522,0.1600036867375754,0.012840485001262685,0.9944551596073736,-0.0018254536158391432,0.9127705129241566,EIF3F,0.6208901126319522,0
DAZL,0.6208901126319522,0.160829746949143,0.013617145242264983,0.9910657689327838,-0.0018599608992427403,0.9114682649972936,EIF3I,0.6208901126319522,0
MTOR.AS1,0.6208901126319522,0.16128772871557323,0.012708024980616184,0.9891915302042168,-0.0016106839739804262,0.9224582908730705,EIF3IP1,0.6208901126319522,0
SLC35E2,0.6208901126319522,0.16175444269388967,0.012863011177822377,0.987285123961745,-0.0017023120270898238,0.9185244745946883,EIF3J.AS1,0.6208901126319522,0
STRIP2,0.6208901126319522,0.1617892796658842,0.013582783771042736,0.9871429678091863,-0.0013093551213903866,0.9360822305533669,EIF3L,0.6208901126319522,0
SMIM13,0.6208901126319522,0.1619753334716203,0.013327572666030156,0.9863840920005722,-0.001498799138717453,0.927565924589542,EIF3M,0.6208901126319522,0
GSPT2,0.6208901126319522,0.1622331342960815,0.013640867365243052,0.985333512522708,-0.001950439420559262,0.9079267055215129,EIF4A1,0.6208901126319522,0
PREX2,0.6208901126319522,0.16242016494386974,0.012962806018119175,0.9845720129862691,-0.0010432819697509942,0.948464447761135,EIF4A3,0.6208901126319522,0
TNPO2,0.6208901126319522,0.16255802708324285,0.012837628445442416,0.984011069473692,-0.0017608217970721497,0.9161502504725998,EIF4E,0.6208901126319522,0
NUMB,0.6208901126319522,0.1626673666012779,0.012568359679874255,0.9835664009483445,-0.0012916041719883118,0.937034541320249,EIF4E3,0.6208901126319522,0
TMSB4Y,0.6208901126319522,0.16302784447891555,0.012048596592047472,0.9821017633729225,-0.0013039778503624972,0.9365300776455703,EIF4EBP3,0.6208901126319522,0
TMEM249,0.6208901126319522,0.16373106014900257,0.01287294478022413,0.9792506135804506,-0.0013851319103308274,0.9329790205489293,EIF4G1,0.6208901126319522,0
HTATSF1P2,0.6208901126319522,0.1641169307008149,0.013498357248154878,0.9776894996947989,-5.791614218437756e-4,0.9708344963241269,EIF4G2,0.6208901126319522,0
DHRS1,0.6208901126319522,0.16453784721851888,0.013737588550133408,0.9759893132034609,-8.398811788596345e-4,0.9583056093307878,EIF4G3,0.6208901126319522,0
SREK1,0.6208901126319522,0.16469726075544688,0.012013165820454004,0.975346138408849,-0.0017417598963653897,0.9174463909033841,EIF5,0.6208901126319522,0
PIK3R6,0.6208901126319522,0.16497024041386232,0.012863022756887662,0.9742457022239791,-0.0017825999653913716,0.9157471463191973,EIF5A2,0.6208901126319522,0
ALDOB,0.6208901126319522,0.1649915180195874,0.012258185574321597,0.9741599774539046,-3.660636619198907e-4,0.9814052591989851,ELAC1,0.6208901126319522,0
ERGIC2,0.6208901126319522,0.16578343157949899,0.012331488433042248,0.9709745337053582,-0.0015090689830149794,0.9278296858811605,ELANE,0.6208901126319522,0
MRFAP1L1,0.6208901126319522,0.16588271238954555,0.012774468525422071,0.970575875018652,-0.0018047258176490707,0.9150045325672096,ELAVL2,0.6208901126319522,0
ELF2,0.6208901126319522,0.16598761867131545,0.013042361585379194,0.9701547949853725,-0.0015006870795194918,0.9282383999464806,ELF2,0.6208901126319522,0
FBXW4,0.6208901126319522,0.16644368504847,0.012093398425230426,0.9683262002986541,-0.0010489305304192786,0.9487296652116304,ELF5,0.6208901126319522,0
ITM2C,0.6208901126319522,0.16657266091370954,0.013584545497443767,0.9678096595750513,-9.904693401415051e-4,0.9514581588198744,ELMO3,0.6208901126319522,0
MYL2,0.6208901126319522,0.1668388353501412,0.013156128202656563,0.9667444621848629,-0.0010760986178200366,0.9475282659063929,ELN,0.6208901126319522,0
LUC7L,0.6208901126319522,0.16715361598831624,0.012864995319979483,0.9654861626849646,-0.0014638307449810588,0.9300838202615147,ELOVL2,0.6208901126319522,0
C16orf70,0.6208901126319522,0.16780737413750468,0.012580073810053861,0.9628777113291359,-0.0011775127323183743,0.9430243005292631,ELOVL6,0.6208901126319522,0
RFC2,0.6208901126319522,0.16793099168647802,0.01254154115849019,0.9623852217729018,-9.338825389734986e-4,0.9542579677060893,EMBP1,0.6208901126319522,0
TMBIM4,0.6208901126319522,0.16832378929102837,0.011683562238856438,0.9608218717609126,-8.454418524595838e-4,0.958442899803498,EMC6,0.6208901126319522,0
COX10,0.6208901126319522,0.16854224033307058,0.012921476017828093,0.959953443295023,-2.064341921590447e-5,0.9989419426628106,EMR1,0.6208901126319522,0
HERC4,0.6216714720269353,0.169103008375246,0.013326768939979375,0.9577274780045311,-8.086618697156963e-4,0.9602547155556117,ENO1.AS1,0.6216714720269353,0
TMEM59L,0.6220694001889879,0.1698959311673141,0.01371011286759997,0.9545880503716707,-0.0011400023257696968,0.94503285480978,ENOSF1,0.6220694001889879,0
PRPF8,0.6220694001889879,0.17050587741478135,0.010631860264787959,0.9521794714277408,6.598390482457187e-4,0.9651456122373357,ENTHD1,0.6220694001889879,0
VDR,0.6220694001889879,0.17067783635086137,0.012910038619770138,0.9515014310272791,-6.198233830509452e-4,0.969360473542285,EOGT,0.6220694001889879,0
FZD1,0.6220694001889879,0.17075612364779597,0.012936171392707451,0.951192886210324,-8.213516536140697e-4,0.9598282194732821,EPC2,0.6220694001889879,0
SHISA6,0.6220694001889879,0.17099492809323769,0.012192399462445016,0.9502522723033339,-6.684871735804245e-4,0.9670647625858952,EPS15,0.6220694001889879,0
CLOCK,0.6220694001889879,0.17130458524553732,0.01283450582127468,0.949033830959263,-7.785697580429411e-4,0.9618898806969911,EPS15L1,0.6220694001889879,0
RPS25,0.6233622994100113,0.17201023629261109,0.012653400840065724,0.9462624793419215,-5.410993756822869e-4,0.9732333114227224,EPS8,0.6233622994100113,0
NINJ1,0.6281030453425357,0.1736706681737914,0.012128905386436368,0.9397698427938465,-8.030974883223961e-4,0.9609789183157056,ERBB3,0.6281030453425357,0
DNAJC8,0.6286795927483205,0.17419400182812006,0.011963840606318714,0.9377316949419232,-0.0010207512915536689,0.9510321506721542,ERCC4,0.6286795927483205,0
USP40,0.6286795927483205,0.17453527673046476,0.011890443826614121,0.9364046794247034,-9.86935854981358e-4,0.9526130808861936,ERGIC2,0.6286795927483205,0
HMHB1,0.6322431782240653,0.17591064983688615,0.013626852506993671,0.9310732976837092,-0.001120322300629657,0.946778273189737,ERH,0.6322431782240653,0
TRIM45,0.6322431782240653,0.17623379673435807,0.011478507273888366,0.929824513642342,-1.3041264518332056e-4,0.9934787803608716,ERP44,0.6322431782240653,0
ARPC1B,0.6337327332492795,0.17700443138426314,0.01262356634486675,0.9268522725801692,-8.677372173364761e-4,0.9583464477788259,ESYT2,0.6337327332492795,0
DCTN3,0.639341777237843,0.1789296392830531,0.01268716423413791,0.9194625141375714,-6.497860696958492e-4,0.968606159733289,ETFA,0.639341777237843,0
ESYT2,0.6399733244590835,0.1794653181321042,0.011750202385279407,0.9174152680608086,-3.780603133457697e-4,0.9814944695775067,EXD1,0.6399733244590835,0
MIAT,0.640537441525725,0.17998275838720595,0.012153079646270366,0.9154413702186296,-9.076659766913358e-4,0.9568645908635416,EXOC3L1,0.640537441525725,0
CCNE1,0.6432077503002293,0.1812024062106367,0.01212768631038772,0.9108027860267492,-7.10707048096107e-4,0.9659788506842473,EXOC8,0.6432077503002293,0
KLF3.AS1,0.6432077503002293,0.18145457005104615,0.011613023363323365,0.9098461956238074,-4.645032599120109e-4,0.9774847382203298,EXOSC2,0.6432077503002293,0
NXF2,0.6478092145800753,0.18311600905684688,0.011480347785131033,0.9035641702734256,-4.6897864572032204e-4,0.9773723174387019,EZH2,0.6478092145800753,0
PAN3.AS1,0.648175017345881,0.18358294097569822,0.011522100450573149,0.9018050763544198,-1.8259424769593875e-4,0.9910641096930202,FAF2,0.648175017345881,0
MESP1,0.6516587895712522,0.18513494624311083,0.01150791321702696,0.8959780780909493,-7.260299747277553e-4,0.9656376907870551,FAH,0.6516587895712522,0
KIAA0196,0.6516587895712522,0.18554567467805178,0.0119596946153369,0.8944410850378572,-4.5896935692920596e-4,0.9779854444811679,FAM104B,0.6516587895712522,0
UBE2E2,0.6516587895712522,0.18575185196638833,0.011608207416332065,0.8936703419615013,-2.971384026154272e-4,0.985629997620993,FAM120AOS,0.6516587895712522,0
SEPHS1,0.6516587895712522,0.18603158939527054,0.012250858967276951,0.8926254603697337,-2.1955805407092012e-4,0.9893449524747586,FAM120C,0.6516587895712522,0
RPS6KB2,0.6533146806053843,0.18726838707125054,0.011667079096195588,0.8880173740915555,3.0971799399311887e-4,0.9845803158661248,FAM134B,0.6533146806053843,0
EGF,0.6533146806053843,0.1876195602563921,0.012089492833163325,0.8867123998779326,-2.845373150842536e-4,0.9862978414156269,FAM135A,0.6533146806053843,0
CIDEA,0.6533146806053843,0.1877721619048227,0.01214315159321407,0.8861457962393393,-4.889641978646194e-4,0.9767239826262704,FAM13C,0.6533146806053843,0
HIF3A,0.6533146806053843,0.18824406553175438,0.011028797361676427,0.8843954346813503,2.5962101168517716e-4,0.9871417984691919,FAM168B,0.6533146806053843,0
CELF2.AS2,0.6533146806053843,0.1883363689462521,0.011809179071273367,0.8840533841973648,2.013812894590024e-4,0.9900602770384064,FAM169A,0.6533146806053843,0
CDSN,0.6534492798751144,0.1887416596386337,0.011142312119994913,0.8825527133414248,-8.241134245880064e-5,0.9959992266660079,FAM193B,0.6534492798751144,0
INPPL1,0.6541889678034563,0.1893222139016172,0.011994919795289561,0.8804065494855119,1.9753870584483026e-4,0.9902767947651887,FAM205A,0.6541889678034563,0
RNPS1,0.656932202681392,0.19048454783302282,0.011704623676043378,0.8761218306478945,-2.7780593586309454e-4,0.9867190080609656,FAM208B,0.656932202681392,0
PAPOLB,0.6596038071909605,0.19186675911866985,0.012491342811740105,0.8710474186885483,-7.576910151858599e-5,0.9963506711512425,FAM35A,0.6596038071909605,0
ERH,0.6596038071909605,0.19235093598299113,0.011636411969779133,0.869275193201171,3.3001766871868475e-4,0.9837650684760192,FAM50A,0.6596038071909605,0
C14orf164,0.6596038071909605,0.19236902957896773,0.01084915562399082,0.8692090184024277,-2.1151483759601232e-4,0.9899024114687272,FAM65C,0.6596038071909605,0
SNAP25,0.6626574166972957,0.19376780470261895,0.0121987376221502,0.8641046589888308,3.290990551908323e-4,0.9838707810767959,FAM78A,0.6626574166972957,0
FUCA1,0.6626574166972957,0.19417050445676692,0.011979663834327383,0.8626393116772926,2.249856013364889e-4,0.9890486650204077,FAM78B,0.6626574166972957,0
SMARCA5.AS1,0.6626574166972957,0.19437455352365995,0.011908841610005232,0.861897522857061,4.18465970118063e-5,0.9979848464798764,FAXC,0.6626574166972957,0
EPS8,0.6628266737619283,0.1947959489911668,0.010966170790637284,0.8603671037818793,-1.8938401065036098e-4,0.9910070283517892,FBRSL1,0.6628266737619283,0
TFIP11,0.6662233883286914,0.19616785130261527,0.010772572795717247,0.855398540463198,-1.9385158234523297e-4,0.990831511769206,FBXL4,0.6662233883286914,0
SEPT3,0.6676932543204408,0.19764291046967758,0.011211803119499443,0.8500798287480238,8.1839290564952e-4,0.9591902057209132,FBXO15,0.6676932543204408,0
PDPN,0.6676932543204408,0.19793111396555207,0.011350553432340961,0.8490434427621522,8.05973662757804e-4,0.9598672883618881,FBXO2,0.6676932543204408,0
MSL3,0.6676932543204408,0.19802028096337182,0.011622602733131655,0.8487229810018494,6.027699678081597e-4,0.9703338485881474,FBXO3,0.6676932543204408,0
AKT3,0.6676932543204408,0.1980985594702822,0.011623696343455048,0.8484417237655258,1.43907111978803e-4,0.9930996383221251,FBXO39,0.6676932543204408,0
TMCO2,0.6686115925500561,0.19927759964083835,0.011269474509407105,0.8442134800745477,1.105100781947672e-4,0.99472786412863,FBXO8,0.6686115925500561,0
UBE3D,0.6686115925500561,0.19970819795638362,0.010758419772610908,0.8426730382633967,0.001103050897799552,0.9444000576710028,FBXW10,0.6686115925500561,0
TRIM39,0.6686115925500561,0.19974009365554574,0.011788592094418734,0.8425590127033944,1.236595241895181e-4,0.9941035620988368,FBXW12,0.6686115925500561,0
NT5C3A,0.6686115925500561,0.19987099205226017,0.011353151101922941,0.8420911720384614,3.80374525514105e-4,0.9816033846316904,FBXW4,0.6686115925500561,0
AP2M1,0.6715401807717485,0.20112308274375418,0.01151485794911556,0.837625380524054,9.978511225675903e-5,0.9952663106910351,FCN1,0.6715401807717485,0
FBXO15,0.6740427218951792,0.20225062042283842,0.011315093693528223,0.8336180761993986,3.5195590596684775e-5,0.9983416466044918,FDPSP2,0.6740427218951792,0
CORO1B,0.6748410871788826,0.20354645930693244,0.010505591547954173,0.8290290929023865,9.090297654609935e-4,0.955128707537489,FES,0.6748410871788826,0
SUPT20H,0.6748410871788826,0.2041394012075644,0.010763372884403554,0.8269351080971113,2.2733970455136236e-4,0.9892259845096827,FGD4,0.6748410871788826,0
FLJ10038,0.6748410871788826,0.2042322587179713,0.010923432439611063,0.8266075085259159,4.883537566260037e-4,0.976512289684962,FGD5P1,0.6748410871788826,0
POC1A,0.6748410871788826,0.20426088049313484,0.010653791227105833,0.826506549320478,4.860698100010838e-4,0.97662701206801406,FGFR2,0.6748410871788826,0
TMX4,0.6748410871788826,0.20462761156589881,0.011992079472358405,0.8252137026736407,7.669981238535105e-4,0.9625543471010701,FIRRE,0.6748410871788826,0
RASSF4,0.6748410871788826,0.2049689660583301,0.010692026633662489,0.8240115549871602,6.799059577464214e-4,0.9670024399447339,FLII,0.6748410871788826,0
SIKE1,0.6748410871788826,0.20513957894052404,0.01085503844683941,0.8234111539680783,6.634524602100561e-4,0.9678462015602293,FLJ10038,0.6748410871788826,0
MLH1,0.6791222829747053,0.20686356189145255,0.010728296760377731,0.8173608723716342,7.802595500767175e-4,0.9621047476297415,FLNB,0.6791222829747053,0
PHF21B,0.6791222829747053,0.20724442406568577,0.011051173479831984,0.8160282779616184,5.582801384912318e-4,0.9732603550141138,FLRT1,0.6791222829747053,0
STX16.NPEPL1,0.6791222829747053,0.20758364790870132,0.01185569022243103,0.8148425904286738,7.802421988725211e-4,0.9621789518354982,FMNL2,0.6791222829747053,0
NMT2,0.6793445878635131,0.2080326107534931,0.010074698051639432,0.8132750917148833,6.617520806969479e-4,0.9681816253577852,FNBP1L,0.6793445878635131,0
RNF43,0.6794915306075072,0.20845870288407542,0.011012771100790344,0.8117892892605084,7.643012273787621e-4,0.9630734023772396,FNDC1,0.6794915306075072,0
NUP210,0.6835608732352045,0.2100904983358901,0.010793144368612189,0.8061156329115485,7.643374315004157e-4,0.9632349674517647,FOXJ3,0.6835608732352045,0
TMEM174,0.6852828970400503,0.21100410009814224,0.010529680851280082,0.8029504000011988,0.0010679318296815525,0.9478372051928514,FOXK1,0.6852828970400503,0
ATP5G3,0.6853185414140457,0.2113994379011358,0.011491588489617283,0.8015832180317876,7.346548131930759e-4,0.9648505504915326,FOXL1,0.6853185414140457,0
ARHGDIB,0.6867697775983699,0.21232428275358772,0.010670429621622046,0.7983906975553386,7.463202776919445e-4,0.9643587699147057,FTLP10,0.6867697775983699,0
HDX,0.6867697775983699,0.21261745217851946,0.01109923851128497,0.7973803884172918,0.0011630471799085136,0.9431184884740588,FTSJ2,0.6867697775983699,0
ATXN7L3B,0.6899268770286272,0.21419803811700294,0.010301233451537899,0.791947387299337,4.956595041690517e-4,0.9767997846389387,FTX,0.6899268770286272,0
CCDC23,0.6899268770286272,0.21474138573981866,0.011678320663554238,0.7900851145416212,9.691087375217575e-4,0.9534150494428186,FUBP3,0.6899268770286272,0
FNDC1,0.6899268770286272,0.2147557020476097,0.010904070604084508,0.7900360838049252,7.840759227538321e-4,0.9627239466533827,FUCA1,0.6899268770286272,0
CBX2,0.6912488748378507,0.2156890423908902,0.009838377209062008,0.7868436495579119,9.618291761370736e-4,0.953905559691632,FUT1,0.6912488748378507,0
CSMD1,0.6912488748378507,0.21622569678253467,0.00997162559351476,0.7850116822866076,0.001057484361133771,0.9491060711188749,FXR2,0.6912488748378507,0
PAPD5,0.6912488748378507,0.21649959278219272,0.010078048427622886,0.7840777033890777,0.001117698099524191,0.9460544560236904,FXYD6,0.6912488748378507,0
SDHAF1,0.6912488748378507,0.21684953140826335,0.010401654709762452,0.7828854151276501,0.0014026594933943205,0.9312002134103415,FYCO1,0.6912488748378507,0
YTHDF3.AS1,0.6912488748378507,0.21710564773370522,0.010543319383124536,0.7820134970417413,0.0011489789009449815,0.9445328683499354,FYTTD1,0.6912488748378507,0
ACTG1P4,0.6933473873173349,0.21820007421627752,0.009264926162445635,0.7782943256758245,0.001665818542353736,0.9172894495938528,FZD1,0.6933473873173349,0
YLPM1,0.6933473873173349,0.2188037160489424,0.010627945362580512,0.7762475801095343,0.0012974467626426624,0.9370965776409788,G6PC,0.6933473873173349,0
SNRNP25,0.6933473873173349,0.21893133991007263,0.00997398768636752,0.775815267116133,0.0016997462286212736,0.9155959056512297,GABARAPL3,0.6933473873173349,0
RRAD,0.6939646905969404,0.21989551078421304,0.010188985721452522,0.7725539067054982,0.0016217088476340184,0.9200555949713496,GAL,0.6939646905969404,0
LETM2,0.6939646905969404,0.21993045436096026,0.010558789974323206,0.7724358625303284,0.0018735284339156113,0.9062328859306225,GANC,0.6939646905969404,0
GMIP,0.6939646905969404,0.2202938950520854,0.010976726308947372,0.7712087476621943,0.0013072933833296124,0.9368402069776284,GAPDHS,0.6939646905969404,0
IREB2,0.6967798913014545,0.22311443753941024,0.009602997126286926,0.7617246504757996,0.0017784062233477602,0.9122522289028233,GAR1,0.6967798913014545,0
CCT4,0.6967798913014545,0.22335233237541946,0.010623916669646688,0.7609278633517128,0.0015339810712384438,0.925485700530217,GART,0.6967798913014545,0
ANKRD13B,0.6967798913014545,0.22344831100926144,0.010096305426930208,0.7606065364609221,0.0019184391993807628,0.9046132430339793,GATAD2A,0.6967798913014545,0
CLIC2,0.6967798913014545,0.22444056435532517,0.010441159475343182,0.7572891599318015,0.0017929584882523534,0.9117713455143063,GATC,0.6967798913014545,0
CHPT1,0.6967798913014545,0.2244525758146635,0.009991252048885995,0.7572490533944838,0.0015006950059729047,0.9274720847362202,GBA3,0.6967798913014545,0
BCDIN3D,0.6967798913014545,0.22487527990953265,0.010285259884936032,0.7558384094311064,0.0013739829520289216,0.9341900491629354,GBGT1,0.6967798913014545,0
DAPK1,0.6967798913014545,0.22520514628096916,0.010040223442648126,0.7547386266438707,0.001745148822423304,0.9145542403564421,GCNT1,0.6967798913014545,0
R3HDM4,0.6967798913014545,0.22586717863436434,0.00987596138335563,0.7525341435348395,0.001526489875926337,0.9263976945859956,GDNF,0.6967798913014545,0
DOCK3,0.6967798913014545,0.22622941810764619,0.009623405398883537,0.7513294792730719,0.0019742047450201764,0.902233098733205,GGA3,0.6967798913014545,0
PAFAH1B2,0.6967798913014545,0.22642011987836935,0.010641546675567456,0.7506957190577604,0.0014786177111438643,0.9290268102028469,GGACT,0.6967798913014545,0
EDDM3A,0.6967798913014545,0.2267220154429953,0.01059419998139912,0.749693043896911,0.0017407687850405035,0.9151450303217908,GGPS1,0.6967798913014545,0
INPP5E,0.6967798913014545,0.226883903606248,0.010341185478111449,0.7491556807686591,0.0014972934714177408,0.9281405894624316,GHR,0.6967798913014545,0
FAM135A,0.6967798913014545,0.22704740858462302,0.009917804978171997,0.7486131703586316,0.0014793442695217385,0.9291136823489441,GIF,0.6967798913014545,0
PRKCD,0.6967798913014545,0.2272728336787287,0.009618047854484855,0.7478655697438183,0.0012583438533213804,0.940563921097462,GIMAP1,0.6967798913014545,0
S100A5,0.6967798913014545,0.22822604122790435,0.009792364972004447,0.7447089562408978,0.0023058631404528898,0.8840543323865844,GJA1,0.6967798913014545,0
PABPC4L,0.6967798913014545,0.2283850161798064,0.009113394607372807,0.7441832216521241,0.0018099453858340816,0.9117972545475173,GLG1,0.6967798913014545,0
CLIP1,0.6967798913014545,0.22848816015300677,0.010216160448146015,0.7438422316595912,0.001739338225463417,0.9156350391509481,GLI1,0.6967798913014545,0
TAF1A,0.6967798913014545,0.22853515700228355,0.010182738802676089,0.743686890571018,0.0020197507466021823,0.9003167510157792,GLOD5,0.6967798913014545,0
CHTOP,0.6967798913014545,0.2286125835173028,0.00971358063196499,0.7434310078817405,0.0015694328176424073,0.924706006193199,GLT8D2,0.6967798913014545,0
PPP6R3,0.6978952710897017,0.2293771398848642,0.010097155684591139,0.7409068744823026,0.0016435322287683524,0.9209548608169862,GLUD1P3,0.6978952710897017,0
DCPS,0.6978952710897017,0.229761370796217,0.010232547838471322,0.7396401420395396,0.0014196883677905993,0.9327453797375201,GM140,0.6978952710897017,0
TOMM20L,0.7011503739547394,0.23180837897220308,0.009925935130728883,0.732911448693412,0.0018165382791710454,0.9122791968174019,GMIP,0.7011503739547394,0
PPP1R10,0.7011503739547394,0.23220940542494029,0.009913003609164866,0.7315971278454344,0.0019394675663086127,0.9057177545668019,GML,0.7011503739547394,0
CYTH2,0.7011503739547394,0.23236455671259604,0.010526798769987418,0.7310889752607501,0.0015832071961931731,0.9247858402611883,GMPS,0.7011503739547394,0
PRPF3,0.7011503739547394,0.23240598486104935,0.010885191563623034,0.7309533214321781,0.0018245844869586682,0.9119937888593812,GNA14,0.7011503739547394,0
ABCB11,0.7013411185782187,0.23286255872030592,0.009072323210278618,0.729459189239494,0.0017903872820767383,0.9139412162218434,GNAI3,0.7013411185782187,0
PTDSS2,0.7032027509297021,0.2338750596193569,0.009449635173329318,0.7261515865152283,0.0018592420805561144,0.9104964384152754,GNAL,0.7032027509297021,0
PTK6,0.7056358187184547,0.23569007504387934,0.009188779848574453,0.7202421458506112,0.0020446039081101143,0.9009096508295362,GNAS.AS1,0.7056358187184547,0
MAP3K14.AS1,0.7056358187184547,0.23576480596500549,0.010038628911095596,0.7199993719541047,0.0017310888198630438,0.9177907235494809,GNB1L,0.7056358187184547,0
KLHDC4,0.7056358187184547,0.23587153558956758,0.01037623859496429,0.7196527193368667,0.0018472282144617331,0.9116466757746786,GNB2L1,0.7056358187184547,0
SP100,0.7101830141523434,0.23778982582666797,0.009511962877013922,0.7134368667085342,0.0020504386487768915,0.9011785426503772,GNB3,0.7101830141523434,0
FMNL2,0.7113795955828385,0.23889926586228688,0.009420291318195462,0.7098544951160224,0.002271258888807108,0.8893083366770214,GNL3,0.7113795955828385,0
PRDM4,0.7113795955828385,0.23909153366060631,0.010660024639301761,0.7092345905926356,0.00211578135280849,0.8979760397297069,GNPDA1,0.7113795955828385,0
CRLF1,0.7113795955828385,0.23938741298356875,0.009345216479048709,0.708281156688421,0.0023656587448785456,0.8841578711675157,GOLGA2P2Y,0.7113795955828385,0
RPS16P5,0.7116899988845209,0.23989102037554516,0.009993253856441286,0.7066598238732893,0.002450051169573094,0.8795347913706301,GOLGA7B,0.7116899988845209,0
TCP1,0.7121904601900588,0.2404591458409509,0.01058722827424531,0.7048330059863007,0.0025075963993498513,0.8764379081737579,GOLPH3L,0.7121904601900588,0
DBP,0.7137593829968699,0.24150704074364054,0.009835916071938889,0.7014696343986966,0.002381039002283685,0.883980678950705,GOPC,0.7137593829968699,0
ACBD4,0.7137593829968699,0.24217250076941316,0.00891723612347473,0.6993378581305946,0.0021124020496634636,0.8990600372330838,GORAB,0.7137593829968699,0
MAPKAPK2,0.7137593829968699,0.24277557096866315,0.009009757628552053,0.6974086869459452,0.0022286452178991896,0.8928756325464122,GOSR1,0.7137593829968699,0
ANP32C,0.7137593829968699,0.2430429510392596,0.009532074564089828,0.6965541906656839,0.0022649324372535913,0.8909550512578945,GOSR2,0.7137593829968699,0
COPG2,0.7137593829968699,0.24326904402799454,0.009366336833396027,0.6958320367915157,0.002134173103801932,0.8981988050851432,GOT1,0.7137593829968699,0
ADIRF,0.7137593829968699,0.24371540778959866,0.009145573421756169,0.6944073897062947,0.0022403129132254943,0.8925242960330325,GPATCH3,0.7137593829968699,0
RPL17,0.7137593829968699,0.2438361573854883,0.008827696921125706,0.6940222387054406,0.0027057623153077357,0.8661904983631983,GPBAR1,0.7137593829968699,0
SRSF10,0.7137593829968699,0.2446230450194018,0.009575601381583042,0.6915148450104165,0.001958412733030622,0.9080290657727547,GPBP1L1,0.7137593829968699,0
TNKS2.AS1,0.7137593829968699,0.24527533969555698,0.009205084975201663,0.6894396191080474,0.0022622339536085834,0.8918066829458045,GPC1,0.7137593829968699,0
TFCP2L1,0.7137593829968699,0.24554340649504514,0.008695697447351079,0.6885876455621085,0.0025077037064387122,0.8781885450871795,GPIHBP1,0.7137593829968699,0
POLE,0.7137593829968699,0.24573870275668414,0.00910210486410706,0.6879672669271145,0.0025704159130091587,0.8746903536985573,GPN2,0.7137593829968699,0
KLF14,0.7137593829968699,0.24579263104883797,0.008514792214358614,0.6877960048203816,0.002735108687102213,0.865213810285028,GPR108,0.7137593829968699,0
RPL41,0.7164136532588128,0.24710846705225453,0.008965669258207333,0.6836234819614624,0.0031513470616048277,0.8409207933839911,GPR110,0.7164136532588128,0
PTMS,0.7172644633728485,0.24780421168686184,0.008677896451619857,0.6814220776110018,0.0024378898110119997,0.8828975076057022,GPS2,0.7172644633728485,0
ZNF248,0.7176883894386965,0.2483578214346232,0.010006726941989617,0.6796727587577966,0.002454631433129698,0.8821512940274501,GPT,0.7176883894386965,0
KAT2A,0.7176883894386965,0.24906766384776957,0.008012373610786307,0.6774328076538723,0.003915821598043152,0.7931238504456474,GRB7,0.7176883894386965,0
ZNF639,0.7176883894386965,0.2491582238152289,0.0088156739732703,0.6771472847013498,0.0025057373429451415,0.8795649651730967,GRK1,0.7176883894386965,0
IBA57,0.7178110184453269,0.2497674520371156,0.008784386031450469,0.6752279054410864,0.0029857579787682395,0.852029191675577,GRK7,0.7178110184453269,0
CUL5,0.7178110184453269,0.2500059688471946,0.009660831867960351,0.6744771334475488,0.0025130689429548447,0.8794523814867882,GRTP1,0.7178110184453269,0
WDR49,0.7179224669924532,0.2510395571214582,0.01024145575760608,0.6712281203186194,0.002667421704753907,0.8710928063849374,GSK3B,0.7179224669924532,0
LGALS8.AS1,0.7179224669924532,0.2512846807654535,0.008392978523655942,0.6704586307604662,0.0025033637620699265,0.8804483209985685,GSPT2,0.7179224669924532,0
PAIP2B,0.7179224669924532,0.25144523628778503,0.009650950435281443,0.6699548316755337,0.002695793774409913,0.8696242293646272,GSTM1,0.7179224669924532,0
PHF21A,0.7179224669924532,0.2516553796243877,0.008980866563423808,0.6692956902966373,0.0025085192992672883,0.8802916426849101,GTF2F2,0.7179224669924532,0
WDR47,0.7180238671130887,0.2520936291715051,0.009326145516863203,0.6679219992276306,0.002891162043695851,0.8585688117833669,GTF3C1,0.7180238671130887,0
UBAP1L,0.7197567564594773,0.25310571301182966,0.008432733413116261,0.6647544311903157,0.0022314165097578405,0.8959656472520177,GTF3C2,0.7197567564594773,0
ARL6IP4,0.7247731590222132,0.2552762444565058,0.008578354801684451,0.6579835806657736,0.002461646725622651,0.884172069075329,GTF3C2.AS1,0.7247731590222132,0
CUL4B,0.7265606154474075,0.2567120786149588,0.009101046498613357,0.6535211166698014,0.002822444635650555,0.8644226280966979,GTF3C4,0.7265606154474075,0
TPI1P2,0.7265606154474075,0.2571184116999442,0.008289131523463628,0.6522606270076976,0.0030487729193542936,0.8514071517383249,GTPBP10,0.7265606154474075,0
ACP2,0.7265606154474075,0.2571282940814998,0.009367748549564913,0.6522299836928398,0.002937856418267857,0.8579173195518117,GTPBP3,0.7265606154474075,0
PARP8,0.730208164015531,0.2588286930217698,0.008383850558049775,0.6469664558928584,0.002942741848385852,0.8583479447674898,GTPBP6,0.730208164015531,0
BRMS1L,0.7316733199986865,0.25975839122780064,0.008818612699568873,0.6440961768626421,0.002909460776302929,0.8606647900154283,GUCY1A2,0.7316733199986865,0
MTA3,0.7342866383572779,0.2610979970378655,0.009317203448148188,0.6399696838876203,0.0029715077530092946,0.8576446991436668,GYS2,0.7342866383572779,0
DDB2,0.7346492528425455,0.2616389655384276,0.008195341499196514,0.6383063840930163,0.002741968570414172,0.870970461547656,H2AFX,0.7346492528425455,0
PRR14,0.7361249125401367,0.2628659569134592,0.007978259547979753,0.6345403152719619,0.0032351532742871504,0.8429216666281891,H2AFY2,0.7361249125401367,0
SPR,0.7361249125401367,0.26299022394170896,0.007985757314781653,0.6341593982982837,0.0030901595991059717,0.8515578759065106,H3F3C,0.7361249125401367,0
RAD23B,0.7396515844642494,0.26466500891093164,0.008170610735280777,0.6290345975161975,0.0032151112210010964,0.8449546263845795,HADHB,0.7396515844642494,0
KIAA0355,0.7410187004380857,0.265569797857508,0.007609324502006323,0.6262728324071104,0.0033990356316587708,0.8343543366619994,HARS2,0.7410187004380857,0
EIF5A2,0.7413755976269596,0.26617700743557093,0.008789221233716919,0.6244220706845605,0.003316792227022869,0.839608907782818,HBQ1,0.7413755976269596,0
PSMG1,0.7413755976269596,0.2669923151183542,0.008412428272424768,0.6219403885328151,0.003387235247385343,0.8357697710043498,HCN1,0.7413755976269596,0
BRPF3,0.7413755976269596,0.2671894617723699,0.007934323487222103,0.6213408770244369,0.003211367718541099,0.8463596268508028,HDAC10,0.7413755976269596,0
CD5,0.7413755976269596,0.26736091378246496,0.008471346086546165,0.6208196829392413,0.0035822346688318433,0.8240389742433779,HDAC4,0.7413755976269596,0
POLE4,0.7440848602016867,0.26875527199657107,0.007901492739163152,0.6165872355670556,0.0032895876063599805,0.8424781560119076,HDAC6,0.7440848602016867,0
KIAA0226,0.74503113781224,0.2695149096404345,0.009030660165253,0.6142860689817271,0.0033983797906454692,0.8363511719154422,HDGFL1,0.74503113781224,0
NUGGC,0.7452645570442304,0.27063244447986373,0.008187925874224887,0.6109066246034328,0.003408799764452996,0.8362853371877735,HDX,0.7452645570442304,0
C1orf50,0.7452645570442304,0.27083578424647425,0.0081136650794372,0.6102924723603564,0.0033268256881799,0.841282665122164,HEATR6,0.7452645570442304,0
COPS7A,0.7452645570442304,0.27096339243523915,0.008730995504156947,0.6099071716602452,0.003440609196704061,0.8345387239628657,HECTD1,0.7452645570442304,0
NELFE,0.7452645570442304,0.2712712829622578,0.007855915185745244,0.6089778982232305,0.0035869547047630923,0.8257949979388685,HECTD2,0.7452645570442304,0
SSSCA1,0.7454969405463744,0.27177398281275567,0.007957272929643561,0.6074617813951999,0.003885034198561643,0.8074176965377465,HERC4,0.7454969405463744,0
FAM208B,0.7474740880322097,0.27357261957665574,0.008347832833353563,0.602048568580147,0.0036214549926796365,0.8249024105280465,HEXA.AS1,0.7474740880322097,0
SENP7,0.7474740880322097,0.2735978162358714,0.008635346572220252,0.6019728617477986,0.003535123874811681,0.8301846909167988,HIATL1,0.7474740880322097,0
PTENP1,0.7474740880322097,0.2743273036108029,0.008412553257969324,0.5997825093525448,0.003855822876533889,0.8107210036496006,HIF3A,0.7474740880322097,0
FAM65C,0.7474740880322097,0.2744361988281492,0.007915115349040037,0.5994557884821283,0.003601492960166221,0.8265884335977812,HIPK1.AS1,0.7474740880322097,0
ADARB1,0.7474740880322097,0.2745908736181141,0.007868019233970775,0.598991824050338,0.00388101293915529,0.8092769444773956,HK2,0.7474740880322097,0
CALML3,0.7519080830288125,0.27664144838300675,0.007630774015496308,0.5928530111119169,0.0038920317691340522,0.8097598104124529,HLA.F,0.7519080830288125,0
PRR15,0.7560209766358101,0.279054629887914,0.0073745029550951685,0.5856571457297656,0.0035322307122117513,0.8332579758374403,HMG20B,0.7560209766358101,0
PHF20,0.7560209766358101,0.27959471555770876,0.007606044502751123,0.5840508222121744,0.0037747999641059246,0.8187886767950672,HMGN5,0.7560209766358101,0
CARD9,0.7560209766358101,0.2798387394254992,0.00727518871045277,0.5833255403392633,0.003684681856899557,0.8244654592487874,HMGXB4,0.7560209766358101,0
TESC,0.7560209766358101,0.2798507260682191,0.0071423041706960904,0.583289921836501,0.003910352671972482,0.8104778140693332,HMHB1,0.7560209766358101,0
ECHDC1,0.7566807497212625,0.2810988658467163,0.007363870633650259,0.5795850903371068,0.0035808624456712397,0.8314494515088886,HNRNPA3,0.7566807497212625,0
IKZF2,0.7566807497212625,0.28116176718574715,0.0075550408946614064,0.5793985922134118,0.0036232063991346974,0.828934738650872,HNRNPA3P1,0.7566807497212625,0
DCAF8L1,0.7566807497212625,0.2813681082810976,0.007676972882703695,0.5787869465367957,0.003778623754715432,0.8195687473561957,HNRNPC,0.7566807497212625,0
SPG20,0.7573501935940964,0.28229352523431506,0.007454197597966762,0.5760464403218436,0.003918917053910828,0.8113873531203186,HNRNPCL1,0.7573501935940964,0
ATP11C,0.7573501935940964,0.2824665612675682,0.008158721766032813,0.5755344961962726,0.003827166148449033,0.8172067894951955,HNRNPDL,0.7573501935940964,0
RPS3A,0.761228009836689,0.284339795037148,0.008101907656121501,0.5700019559529762,0.004262866057752291,0.7906238144190049,HNRNPF,0.761228009836689,0
GBA3,0.7654020812771869,0.28645988987570703,0.007291013519772383,0.5637612861493824,0.003945489885241885,0.8122386943725103,HNRNPH1,0.7654020812771869,0
NFKB2,0.7654020812771869,0.2868402815970562,0.007022146691291512,0.5626438989802187,0.0038528464509636914,0.8182089850470646,HNRNPH2,0.7654020812771869,0
SH3PXD2A,0.7654020812771869,0.28758783415799416,0.00770884618119764,0.5604500333199589,0.00450971440048633,0.7764138807473355,HNRNPK,0.7654020812771869,0
IKBKE,0.7654020812771869,0.28776562514853,0.007479760975148877,0.5599286618133078,0.004147313195606768,0.8003043863698853,HNRNPKP3,0.7654020812771869,0
VTN,0.7654020812771869,0.28804531493942365,0.007871803919100563,0.5591087802837219,0.004218267245311132,0.7959245178355965,HNRNPLL,0.7654020812771869,0
SRCIN1,0.7730605034674058,0.2913609973808731,0.007318944385271275,0.5494175818083894,0.004606921920968453,0.7724871935604039,HNRNPR,0.7730605034674058,0
TP53,0.7730617630297959,0.2917950457201641,0.006770146980343522,0.5481527599483289,0.004329196840874924,0.7912214716607876,HNRNPU,0.7730617630297959,0
FNBP1L,0.7757736942329603,0.2939363261811113,0.006812448700411819,0.541925807507787,0.004229862514446205,0.799069197885828,HNRNPU.AS1,0.7757736942329603,0
LRRC42,0.7757736942329603,0.2939465104908239,0.007310598734354178,0.5418962413609928,0.004418955000525564,0.7868306167262601,HNRNPUL2,0.7757736942329603,0
CGN,0.7757736942329603,0.2942171957147576,0.007560558074364796,0.5411105865186375,0.004092038276008867,0.8079727757677052,HNRNPUL2.BSCL2,0.7757736942329603,0
ALAS1,0.7757736942329603,0.2945876219853244,0.0065142684833015396,0.5400359775238135,0.004396339491046173,0.7887566776393689,HPCA,0.7757736942329603,0
METRN,0.7757736942329603,0.29505445525902313,0.007831351911475026,0.5386825786535866,0.004384659294662309,0.7898428558461036,HPS3,0.7757736942329603,0
SH3BP1,0.7757736942329603,0.295429241942894,0.007429655197579654,0.5375967462830521,0.004360908168531118,0.7916470728471143,HSP90AB1,0.7757736942329603,0
RASSF6,0.7766227786339589,0.29618816010717447,0.007097001354920113,0.5353999458202149,0.004751424545222952,0.7661590798800973,HSP90AB4P,0.7766227786339589,0
SLC39A8,0.7778578290616114,0.29709544677002653,0.0066722718938514855,0.5327770564157744,0.004418685012616583,0.7890525379779054,HSPA1A,0.7778578290616114,0
AIFM2,0.7779124595114438,0.29755260649848836,0.007040603372147578,0.5314568346700567,0.004675329608695942,0.772345749416211,HSPA4L,0.7779124595114438,0
EIF1AD,0.7785301487378469,0.2983097289711625,0.006894556332940717,0.529272391274177,0.004256949990071571,0.8003098832951361,HSPA6,0.7785301487378469,0
ARPC4.TTLL3,0.7785301487378469,0.29912438604149333,0.007626215307618879,0.526924766631961,0.0045116089704990495,0.7844151959814303,HSPA9,0.7785301487378469,0
TPPP,0.7785301487378469,0.2994085136210969,0.007329606278613564,0.5261066698866087,0.00437869893141825,0.7932801669178127,HSPB1,0.7785301487378469,0
KIAA0513,0.7785301487378469,0.2998424694263385,0.0070356992026517915,0.5248578474258259,0.004761805907514731,0.7681951860311893,HTATSF1P2,0.7785301487378469,0
STX6,0.7785301487378469,0.3002140722751486,0.006520604074075747,0.5237891123451041,0.004579790932899467,0.7807069951479639,IBA57,0.7785301487378469,0
PRRG1,0.7785301487378469,0.3009518524151697,0.007558618974608676,0.5216690164031593,0.0045317558889472545,0.7844218449513358,ICAM4,0.7785301487378469,0
TOPORS,0.7785301487378469,0.3009960623946898,0.00707096978562003,0.5215420484798832,0.004624742538552641,0.778298476967699,IDH3G,0.7785301487378469,0
PXN.AS1,0.7785301487378469,0.30128199810943035,0.006394918120734227,0.5207210642929798,0.0046673339911922395,0.7756661230069781,IDUA,0.7785301487378469,0
RNF207,0.77994932914742,0.30226864074081167,0.006883182818853133,0.5178908852947097,0.004688041227840749,0.7750232834695205,IFNB1,0.77994932914742,0
TMED6,0.7804012139446366,0.30288145824435697,0.00742891725649293,0.5161351092614426,0.004432616078715106,0.7922903860739816,IGBP1P1,0.7804012139446366,0
RNF5,0.7828538992574788,0.30514427620645945,0.006834390031435832,0.509665645047537,0.004622618214927365,0.7815649080426771,IKBIP,0.7828538992574788,0
TBC1D10A,0.7828538992574788,0.3063265018457317,0.006853310339709202,0.5062941085734005,0.004752516363440748,0.7738224991368048,IKBKE,0.7828538992574788,0
DXO,0.7828538992574788,0.30638973935015384,0.0064366302607070085,0.5061139267575736,0.004772906219306005,0.772500051506906,IKZF2,0.7828538992574788,0
PIK3CG,0.7828538992574788,0.3064737458524762,0.006567204609878596,0.5058745935093903,0.004778076977097476,0.7722175937359398,IL10RB,0.7828538992574788,0
GTF3C4,0.7828538992574788,0.30672416414206677,0.006723021491958522,0.5051613274424329,0.005074597227219671,0.7519919085507814,IL17A,0.7828538992574788,0
NCBP2.AS2,0.7828538992574788,0.3067338281084539,0.006279840682208814,0.5051338067324908,0.004807907027790036,0.7704076824686035,IL6ST,0.7828538992574788,0
GLG1,0.7828538992574788,0.30699427140349966,0.0065650493774431235,0.5043922692939619,0.004705911123417029,0.7774628819805254,ILF3,0.7828538992574788,0
PTP4A3,0.7828538992574788,0.3076819430688234,0.0063172849729022165,0.5024356527276288,0.004963421710330055,0.7605318044684164,ILF3.AS1,0.7828538992574788,0
CALCOCO2,0.7828538992574788,0.3077849598314597,0.00745249265667873,0.5021427072467587,0.004740403445838858,0.7757795842833413,ILKAP,0.7828538992574788,0
MED25,0.7858071259272126,0.30938676522765185,0.0066561964149464145,0.4975932243877027,0.004845464468638993,0.7699872195272076,IMP3,0.7858071259272126,0
ITGAM,0.7875112035237194,0.31049936964507835,0.006268197308641538,0.4944392370283775,0.004637662355863532,0.7847102026008768,IMPDH1,0.7875112035237194,0
TAPT1,0.7876265484909422,0.31100325165248244,0.006548593243591693,0.4930124614931435,0.004890577380268768,0.76824319850598,INPP4B,0.7876265484909422,0
GNA14,0.7876265484909422,0.31151650190711866,0.006281673200702082,0.49156019019044267,0.004944947662101163,0.7649587676921504,INPP5E,0.7876265484909422,0
HNRNPU,0.7876265484909422,0.31263870134838334,0.006898591085634129,0.488388464702695,0.005119869541992945,0.7537878368511352,INPPL1,0.7876265484909422,0
SENP3,0.7876265484909422,0.3129523184018595,0.006629579859819045,0.4875029530186619,0.005005014898277028,0.762036881836667,INS,0.7876265484909422,0
WASF1,0.7876265484909422,0.31307652659162444,0.006363090358976028,0.4871523513685995,0.00493238708949241,0.7671156239203789,INTS12,0.7876265484909422,0
SETD6,0.7876265484909422,0.3131953016713842,0.006588677186508145,0.48681714172500884,0.0050135779980119664,0.7616522569453463,INTS4,0.7876265484909422,0
CDC14A,0.7876365468578732,0.31519358947388487,0.006375776111214517,0.4811856868265237,0.005258728341006703,0.7462018949188364,INTS6.AS1,0.7876365468578732,0
GPR108,0.7876365468578732,0.316148483729126,0.00618802464123938,0.4785000509481773,0.005230109035236249,0.7490834735418169,INTS9,0.7876365468578732,0
VAV2,0.7876365468578732,0.31667672341055586,0.006031580615514976,0.4770158617847103,0.005079997244512027,0.7600572613593173,IP6K2,0.7876365468578732,0
TRIM23,0.7876365468578732,0.31697442885308114,0.006206772506056836,0.47617986507158516,0.00584090006783046,0.7045991435494351,IPO5P1,0.7876365468578732,0
TXLNB,0.7876365468578732,0.3177773952209235,0.006199929117269297,0.4739266843887286,0.005181145321861309,0.7539835310966474,IPO8,0.7876365468578732,0
FAM120C,0.7876365468578732,0.31790295059701146,0.0062427631633720304,0.4735745847986393,0.005248286807509241,0.749365127540869,IPO9,0.7876365468578732,0
GYS2,0.7876365468578732,0.3185103701489403,0.006186097298928326,0.47187200347605546,0.005210889264549109,0.7525505078183061,IPO9.AS1,0.7876365468578732,0
CD38,0.7876365468578732,0.3187056925770261,0.0065848025117946985,0.47132481051091735,0.005333903892642006,0.7439950422769537,IQSEC2,0.7876365468578732,0
COPB1,0.7876365468578732,0.31888547663149014,0.006254045547411172,0.4708212727817464,0.005524995384877931,0.7302733647278526,IRAK1BP1,0.7876365468578732,0
COPS4,0.7876365468578732,0.3189044661167273,0.0066309458423427815,0.47076809415683024,0.005134983793965417,0.7582083287413193,IREB2,0.7876365468578732,0
RPL23A,0.7876365468578732,0.31941064668323715,0.006535148529623684,0.4693510635877858,0.0056772723610899745,0.7194229464187463,IRF1,0.7876365468578732,0
AATK,0.7876365468578732,0.3194747901725252,0.0064011372110356,0.469171563990393,0.005459320197405163,0.7356405593757562,IRF2BP1,0.7876365468578732,0
PRKX,0.7876365468578732,0.3199871030346134,0.006231524955027273,0.46773844582854845,0.005256592307384966,0.7506655257539245,IRF2BPL,0.7876365468578732,0
GPS2,0.7876365468578732,0.32024819530104265,0.006129145507977283,0.46700844906145755,0.005180969887738561,0.7562115203517771,ISX,0.7876365468578732,0
ARPP21,0.7876365468578732,0.32036080955721885,0.00600046497612804,0.466693663851851,0.00508549706145047,0.762923627768002,ITGA5,0.7876365468578732,0
TRAPPC10,0.7876365468578732,0.3206743626648656,0.006000749094314788,0.4658174474041482,0.005393512344963713,0.7415309080535321,ITGA6,0.7876365468578732,0
GATAD2A,0.7876365468578732,0.32070899215861803,0.005813350992467047,0.4657206980746081,0.005222947420346986,0.7536921726022515,ITGAM,0.7876365468578732,0
TUBGCP3,0.7888532328089751,0.32174604083741076,0.006704765623939625,0.462825362263266,0.005707972451582474,0.7193647821095173,ITGB2.AS1,0.7888532328089751,0
CD47,0.7888532328089751,0.32219802590313096,0.006371215999836939,0.46156467975743637,0.005169480073289922,0.7587794850460923,ITM2C,0.7888532328089751,0
MFNG,0.7888532328089751,0.32256523181879604,0.005536761799790143,0.4605410042488099,0.005498024928791175,0.7357375029800174,IVD,0.7888532328089751,0
GLUD1P3,0.7888532328089751,0.32297412223811095,0.006162015053005803,0.45940169064943176,0.00528124795678187,0.7516769419645373,IYD,0.7888532328089751,0
NFXL1,0.7904905023608675,0.32408780551082117,0.00628007155478152,0.4563015907393413,0.005412064482816204,0.7434165538161963,JAK2,0.7904905023608675,0
STXBP3,0.7925143191230017,0.3256416296984025,0.006290557037852121,0.451983602460961,0.005589605923713886,0.732008970058938,KANTR,0.7925143191230017,0
HSPB1,0.7925143191230017,0.32668814743066,0.006111458478653302,0.44908013680034026,0.005554868470534886,0.7355909796623104,KAT2A,0.7925143191230017,0
DNPH1,0.7925143191230017,0.3278043681562225,0.005670984584153897,0.44598745294148456,0.005605798987823298,0.7329645543118114,KAT6A,0.7925143191230017,0
ELN,0.7925143191230017,0.32840737389370234,0.006130871221893857,0.4443184954556859,0.005589306642746549,0.7347798111391741,KBTBD3,0.7925143191230017,0
CD99,0.7925143191230017,0.32880454932788034,0.006136098529625615,0.44321989677381046,0.005575651755730702,0.7361776499663538,KCNA1,0.7925143191230017,0
MBD3,0.7925143191230017,0.32887119006040266,0.005606959907862879,0.4430356190222919,0.005630444267122468,0.7322219146048574,KCTD19,0.7925143191230017,0
UBFD1,0.7925143191230017,0.32903032326193943,0.005928050167049137,0.4425956380489262,0.005630543498458982,0.732375452090256,KCTD20,0.7925143191230017,0
NUP210L,0.7925143191230017,0.32909392192161724,0.005862244675848757,0.4424198206449451,0.005623321419510846,0.7329718543377186,KCTD21,0.7925143191230017,0
THOC6,0.7925143191230017,0.32909723703755295,0.005744557667935181,0.4424106564388513,0.005541454434609988,0.7389631558954799,KDM1B,0.7925143191230017,0
MAPKAPK3,0.7925143191230017,0.3293623726697388,0.0058949823538296245,0.4416778437528237,0.005680201157086726,0.729038435870125,KDM2B,0.7925143191230017,0
SCP2D1,0.7935607507098433,0.3302423314788019,0.005898545718343964,0.4392474076708115,0.005651121186936364,0.7320895884767614,KDM3A,0.7935607507098433,0
IGBP1P1,0.7950111678347916,0.3312918102643019,0.006095146952911403,0.4363521467186416,0.005745986132969462,0.7261223497316955,KDM4A,0.7950111678347916,0
HSPA4L,0.7969976561833267,0.33256660471138255,0.005690409632264678,0.43284020440940724,0.005721992449765503,0.7292416019460732,KDM4D,0.7969976561833267,0
GTPBP10,0.7972352282199112,0.33379662643914,0.005625792220332678,0.42945666053477605,0.006148641514550729,0.6977582443445641,KDM5B,0.7972352282199112,0
KIAA1024,0.7972352282199112,0.333872443523066,0.005515716345733709,0.4292482640714846,0.005818830692348278,0.7233707598163799,KHDRBS2,0.7972352282199112,0
SLU7,0.7972352282199112,0.3340071315088467,0.005507356578098252,0.42887809664189824,0.00568164148413301,0.733737943878277,KHSRP,0.7972352282199112,0
DDX49,0.7988762890015206,0.33517582594641554,0.0059216384466616815,0.4256685946924872,0.006035174539200755,0.708204416533784,KIAA0020,0.7988762890015206,0
EDC4,0.7988762890015206,0.3359278414929188,0.0053082514775277855,0.4236057063737701,0.006025385709445719,0.7097956204601219,KIAA0101,0.7988762890015206,0
SUV420H2,0.7988762890015206,0.3364942069200002,0.006094696393058722,0.4220532730970476,0.005955191887204299,0.7158416318730993,KIAA0195,0.7988762890015206,0
FAM35A,0.7988762890015206,0.3367967457521685,0.006090646817227248,0.421224417314788,0.005833332653083335,0.7254307204238388,KIAA0196,0.7988762890015206,0
SORBS1,0.7988762890015206,0.33693492390866153,0.005748369470974,0.42084595140313547,0.005926441013994705,0.7185279287693621,KIAA0226,0.7988762890015206,0
PFKM,0.80145101734319,0.33847033990993947,0.005545742241985356,0.4166445313438138,0.00596021559599989,0.7176489787139404,KIAA0226L,0.80145101734319,0
PAFAH1B1,0.8016616368492445,0.33900890307590037,0.0053383706940798884,0.4151725838462462,0.005819066616463334,0.7289239702620927,KIAA0319,0.8016616368492445,0
C6orf99,0.8020524305659338,0.3396239961173752,0.005746852718631869,0.41349257191794475,0.0058926599782515195,0.7240769982538161,KIAA0355,0.8020524305659338,0
AP2S1,0.8046772559739185,0.34118676697492,0.006051681546001626,0.4092293859661573,0.006111454997408234,0.7090331064683589,KIAA0391,0.8046772559739185,0
ABI2,0.8068159756428879,0.3427314258114357,0.0052366296927869515,0.40502290568628174,0.006178903363297949,0.705536577546886,KIAA0513,0.8068159756428879,0
ILF3.AS1,0.8068159756428879,0.3434204952114025,0.005286151656948462,0.4031487163575297,0.006129556507224619,0.7102233410683073,KIAA0930,0.8068159756428879,0
PSMC5,0.8068159756428879,0.3443039955490524,0.004938884768047787,0.4007477664013649,0.00626012053474784,0.7009591171363889,KIAA1024,0.8068159756428879,0
ACAD11,0.8068159756428879,0.34473581878271015,0.005494418803206447,0.3995751091264635,0.006047789284373027,0.7181121453110697,KIAA1210,0.8068159756428879,0
CNOT11,0.8068159756428879,0.3448197142248952,0.0050314448219627,0.3993473468157883,0.006261830402530845,0.7014423888311097,KIAA1430,0.8068159756428879,0
EIF4G2,0.8068159756428879,0.34528824607510566,0.00517680048198252,0.3980757404400603,0.00594506936434056,0.7265856820047174,KIF5C,0.8068159756428879,0
ATP5H,0.8068159756428879,0.3455117380618842,0.004893877466855758,0.39746940477778586,0.00634678785834391,0.6954569105083734,KLC2,0.8068159756428879,0
YY1,0.8068159756428879,0.3463123428906143,0.005574236139748796,0.39529855405149517,0.0060273139319572695,0.7215449974431851,KLF14,0.8068159756428879,0
HSPA9,0.8068159756428879,0.3463519397672564,0.004964307874904913,0.395191235005828,0.006243871336760162,0.7047248634231829,KLF3.AS1,0.8068159756428879,0
NRBP2,0.8068159756428879,0.34661864124646785,0.004896096993808237,0.3944685149606517,0.0060452867545911365,0.7205338939582155,KLHDC2,0.8068159756428879,0
SART3,0.8072403996176919,0.3473885625847031,0.005972113360048209,0.3923833002895303,0.006220689729291247,0.7078224806632103,KLHDC4,0.8072403996176919,0
TCP10,0.8072403996176919,0.34869990642191684,0.005166585324129652,0.3888356434026998,0.006274799691132151,0.7051500505970307,KLHL13,0.8072403996176919,0
KY,0.8072403996176919,0.35028773804107083,0.0051989386698487895,0.3845465236391104,0.006280242201441908,0.7066979644026616,KMT2E.AS1,0.8072403996176919,0
ZC3H12A,0.8072403996176919,0.35039502710869763,0.0055952110535217635,0.38425696563144923,0.00632450459117486,0.7033058217564472,KPNA2,0.8072403996176919,0
MAFA,0.8072403996176919,0.35080198899443743,0.005106760391250256,0.3831589256856103,0.006567537791914426,0.6839703617357948,KPNA5,0.8072403996176919,0
SIRT3,0.8072403996176919,0.3508223526121146,0.005051107728367837,0.38310399394988887,0.0062999825798383145,0.705801639158361,KPNA7,0.8072403996176919,0
RAP1B,0.8072403996176919,0.3509921153396366,0.005287284143393763,0.3826460966497162,0.00662443481616665,0.6794484374503343,KPRP,0.8072403996176919,0
EIF3L,0.8072403996176919,0.3510440527033451,0.005138721205981676,0.38250602316275273,0.00637878072918328,0.6997679905736272,KRBA1,0.8072403996176919,0
TCERG1L,0.8072403996176919,0.35120403688476975,0.005166963550985353,0.38207459784869596,0.0064395236710172105,0.6950457051734453,KTN1.AS1,0.8072403996176919,0
RAB5C,0.8072403996176919,0.3517744838798837,0.005401627784642699,0.3805368658502153,0.006470720845893008,0.6932301807140222,KY,0.8072403996176919,0
GRB7,0.8072403996176919,0.3517811500296953,0.004773429690309541,0.3805189014920358,0.006593395870606097,0.6830810123443123,L3MBTL3,0.8072403996176919,0
SUPT5H,0.8109720524357666,0.3538621743101663,0.004796775801092984,0.37491679209911954,0.006735590071752509,0.6737990585269908,LAMP2,0.8109720524357666,0
DDX25,0.8110711216435489,0.35479978392467215,0.004610204823461115,0.3723966009928872,0.006830369650376215,0.6668904077716507,LARGE,0.8110711216435489,0
ATP6V1E2,0.8110711216435489,0.35481518501512516,0.00535569157176445,0.3723552243448507,0.006456433190919962,0.6983671276577005,LARP1B,0.8110711216435489,0
SRSF11,0.816597922866456,0.35769095780073035,0.004835591347224742,0.36464023370760584,0.006487376887764497,0.6996915039574165,LARP6,0.816597922866456,0
SDHC,0.8187519226455243,0.3590936643347168,0.004719076392775797,0.3608850063160745,0.006641199719454728,0.6889187704533404,LARS,0.8187519226455243,0
IFNB1,0.8235264493943727,0.3617959321247426,0.0045144450882001275,0.3536649535445934,0.006613633227306295,0.6949974910699761,LARS2,0.8235264493943727,0
CCT5,0.8235264493943727,0.3621114617639867,0.004833329728113751,0.3528231138512701,0.0067598536622100625,0.683165684939715,LASP1,0.8235264493943727,0
GTPBP3,0.8242282879008492,0.3628823365127126,0.004526841567617027,0.3507674537375373,0.0067892453230193875,0.6817688812343581,LAT,0.8242282879008492,0
MRPS17,0.8251640605396933,0.3637571237151985,0.004741572354971699,0.34843648812539624,0.006822650365188074,0.6801773196518677,LBX1,0.8251640605396933,0
SRSF3,0.825862263595307,0.3645280995229987,0.004453647722557315,0.346383708065572,0.00686520187712609,0.6776391503878941,LCP2,0.825862263595307,0
SFR1,0.8259558551207513,0.3653975874140793,0.004436409827102126,0.3440703818554479,0.006926426397891959,0.6736019734912615,LCT,0.8259558551207513,0
SDHD,0.8259558551207513,0.36680937839272776,0.003919811414563098,0.3403181370638149,0.007677757083260028,0.6054227701132295,LDHAL6A,0.8259558551207513,0
BFSP1,0.8259558551207513,0.36719238758936595,0.00449726438793718,0.3393010067777263,0.007045441263937516,0.6657944215787135,LETM2,0.8259558551207513,0
RNF125,0.8259558551207513,0.36780537322658735,0.0048737736645643815,0.33767387410042243,0.00716045185190697,0.6563578295886245,LGALS8.AS1,0.8259558551207513,0
RAC3,0.8259558551207513,0.3679241289977739,0.0047406357268063295,0.3373587476960607,0.00689390440515965,0.6802434663329867,LIME1,0.8259558551207513,0
FLII,0.8259558551207513,0.3681999370086695,0.004975701541752949,0.3366270018178842,0.007141702410089507,0.6586752557744286,LINC00658,0.8259558551207513,0
CLPTM1L,0.8259558551207513,0.3682088548231587,0.004383712629283594,0.3366033449859018,0.006959508573465424,0.6749577596700027,LMAN2L,0.8259558551207513,0
WASF3,0.8259558551207513,0.3691556213503694,0.004108145942408716,0.33409286791143805,0.0072371828300096,0.6514181872327626,LRAT,0.8259558551207513,0
SRP9,0.8259558551207513,0.3704044656318829,0.004613750257488133,0.3307846063592834,0.007297282510728467,0.6478108915466687,LRP1,0.8259558551207513,0
PRMT6,0.8259558551207513,0.37059860006326784,0.004160359847571215,0.33027065879404915,0.006964792987091672,0.6781978241648967,LRPPRC,0.8259558551207513,0
ANXA7,0.8259558551207513,0.3706764240138437,0.004224273706624517,0.3300646537433739,0.007436088604683144,0.6351187376923322,LRR1,0.8259558551207513,0
PUM2,0.8259558551207513,0.37072785273563197,0.00444506182702319,0.32992852626434743,0.007277061583979102,0.6502109467845236,LRRC42,0.8259558551207513,0
CASP5,0.8259558551207513,0.37136282449933133,0.004212710785645705,0.3282483124505917,0.007135581350477915,0.6642042493981544,LRRC48,0.8259558551207513,0
PPP3CC,0.8259558551207513,0.37170316024725264,0.004652498458349556,0.32734812359119764,0.007133359823140418,0.6649488508257531,LRRFIP2,0.8259558551207513,0
CDX1,0.8259558551207513,0.37178041147312835,0.004244055032321184,0.3271438308764258,0.007067339747077217,0.6710015577643017,LSM14B,0.8259558551207513,0
HDAC4,0.8259558551207513,0.37198124041613195,0.004351695678935703,0.32661279778909763,0.007217471461303513,0.6577299673382324,LSM2,0.8259558551207513,0
POGLUT1,0.8280024336455992,0.37336733407238465,0.004302856569274878,0.3229501821327533,0.007438893404069863,0.6392205953111034,LUC7L,0.8280024336455992,0
NIT1,0.8290441511487752,0.37448788275958356,0.004266001293386608,0.31999240878749813,0.007228790298151359,0.6607780887283476,MAATS1,0.8290441511487752,0
RPL31,0.8290441511487752,0.3747670139236752,0.004123731704289321,0.31925605722267264,0.007414002233322406,0.6439167776745941,MAEA,0.8290441511487752,0
U2SURP,0.8342202547753561,0.37870699566178134,0.004452023719886815,0.3088805746259619,0.0074579803744054315,0.6464242459307935,MAFA,0.8342202547753561,0
NELFCD,0.8342202547753561,0.3792482824768928,0.004230599782723358,0.307457778316079,0.007296593244776118,0.6625733877085209,MAMDC2,0.8342202547753561,0
TRPM8,0.8342202547753561,0.3795092415996938,0.004101014214973655,0.3067720582152815,0.007344656691464042,0.658551632101394,MAML2,0.8342202547753561,0
TAX1BP3,0.8342202547753561,0.3795244758107209,0.00460155756524268,0.3067320318657004,0.007386268957486027,0.6546680267631284,MAN1B1.AS1,0.8342202547753561,0
RAPGEF2,0.8342202547753561,0.3804357685709011,0.0038400629964402246,0.30433859346494074,0.007408331476059992,0.6541814131105643,MAN2A2,0.8342202547753561,0
ARRDC3,0.8342202547753561,0.3804452747064932,0.003954461597123693,0.304313635561057,0.007443662035980991,0.6508393637741858,MAN2B1,0.8342202547753561,0
ATP5D,0.8342202547753561,0.38072342437996526,0.00400917935856081,0.30358345075170595,0.007486940844590132,0.6471845269862553,MAN2B2,0.8342202547753561,0
RTFDC1,0.8342202547753561,0.3810368856257323,0.004011350467444319,0.30276076167058313,0.007511557652352849,0.6453671128916485,MAN2C1,0.8342202547753561,0
FAM169A,0.8342202547753561,0.38131772722485435,0.003991484155834773,0.3020238579145029,0.007561246613717526,0.641039400918391,MAP2K2,0.8342202547753561,0
SNX15,0.8362354866987132,0.38270788398550193,0.003916460770056228,0.2983786138878121,0.0074946819527281,0.6499982689475599,MAP2K4,0.8362354866987132,0
PLEKHA3,0.8374425659524135,0.3837299923629399,0.0037451284939390124,0.2957009894388014,0.007462763920845279,0.6549183058106824,MAP3K14.AS1,0.8374425659524135,0
WSB1,0.8377026115461086,0.38431897714229774,0.004263869274612274,0.2941589854457759,0.007762333448429056,0.626478747054052,MAP3K3,0.8377026115461086,0
TGFBR3,0.8396309064111115,0.3856745442236121,0.004384094156469626,0.2906126637054235,0.007494395504171216,0.655481169757656,MAP3K5,0.8396309064111115,0
DRG2,0.841299063673703,0.38691263724758074,0.0035351380482414392,0.28737685940801777,0.007751451463929105,0.6324667969334674,MAP3K7CL,0.841299063673703,0
SMAD3,0.8450757719665248,0.389123504646392,0.003656601808319139,0.28160612300117,0.007602401296757072,0.6515819104642836,MAP4K1,0.8450757719665248,0
WNK2,0.8458864598863365,0.3900469390868504,0.003601607058347773,0.27919858835105177,0.007761879690104239,0.6375005372295665,MAP4K5,0.8458864598863365,0
NHS,0.8458864598863365,0.39090079993092774,0.003539923257512828,0.2769738821239242,0.007732313813821705,0.6421827738813477,MAP7D2,0.8458864598863365,0
PREPL,0.8458864598863365,0.39092004652066253,0.003979008776795498,0.27692375160634153,0.007690386665462971,0.6464218444848515,MAPK10,0.8458864598863365,0
AHSA2,0.846699997196829,0.39177089045843183,0.003484397070604446,0.2747082992394807,0.007915715764107177,0.6250920740624013,MAPK15,0.846699997196829,0
FXYD6,0.8467569593910175,0.39227215280817745,0.0034747008201257918,0.27340372924839196,0.007784789977070928,0.6396287658718424,MAPK3,0.8467569593910175,0
TCF3,0.8481159382723701,0.3935469587204655,0.003689297266164529,0.2700880483875392,0.007909803866817664,0.6293400956467488,MAPKAP1,0.8481159382723701,0
UFL1,0.8481159382723701,0.3944041087957958,0.0033581934577116275,0.26786033163327433,0.008015267698225893,0.6199605990949544,MAPKAPK2,0.8481159382723701,0
TMEM30B,0.8481159382723701,0.3946053231248,0.0034613976588100974,0.26733757242759715,0.008102619564778596,0.6109412951197302,MAPKAPK3,0.8481159382723701,0
NDST3,0.8481159382723701,0.3948043907829878,0.0037443616258925846,0.26682046220391753,0.007795423597714146,0.6437540487402799,MAPKAPK5.AS1,0.8481159382723701,0
GGA3,0.8507054872639652,0.39681470769658783,0.0032253690501940183,0.26160231224172475,0.00793086206592266,0.6340098002919002,MAPRE2,0.8507054872639652,0
NDUFS3,0.8507054872639652,0.3972732775992349,0.0037109515758712804,0.2604130113373487,0.008004446013327657,0.6272109382551729,MARCH7,0.8507054872639652,0
CCT6A,0.8507054872639652,0.39756473345292864,0.0035353342514882775,0.2596573121838096,0.00804278327317355,0.6237329663812743,MARCH8,0.8507054872639652,0
FBXO39,0.8507054872639652,0.39791832662823723,0.0032926982698232698,0.2587406997309248,0.007959633047707457,0.6333651116685827,MARK2P9,0.8507054872639652,0
RBM33,0.850938761757878,0.39850469213002143,0.003451178337163312,0.25722115490383973,0.008178047165317011,0.6109969404156838,MARK4,0.850938761757878,0
CHD3,0.851304808471258,0.3991535725642017,0.00334378307711711,0.25554029677482504,0.00804517525351392,0.6269549014070334,MARS2,0.851304808471258,0
PSMD14,0.8520743216094688,0.3999922642664753,0.0032332583551974454,0.25336882049243303,0.008198173525772736,0.6120532683900151,MAST4,0.8520743216094688,0
HLA.F,0.8524506020686359,0.40064700198178177,0.0034896615676147484,0.2516744543132619,0.008272784042013254,0.6051290096922048,MATK,0.8524506020686359,0
N4BP2,0.853249072442765,0.40157717059180326,0.00346317489615115,0.24926855351503655,0.008333336067006387,0.6003167336573214,MAU2,0.853249072442765,0
ZNF318,0.853249072442765,0.4019793723230076,0.003125928652763226,0.2482286977096511,0.008119635983464699,0.6252330690595581,MAVS,0.853249072442765,0
GNPDA1,0.8572402494916052,0.4046004071874739,0.0031926605242444586,0.24145876737935656,0.008112492500739242,0.6321174225448252,MAX,0.8572402494916052,0
WDR62,0.8572402494916052,0.4048212507414086,0.002962687790498853,0.24088885507718244,0.008301061088170832,0.6115746332957955,MB,0.8572402494916052,0
ELMO3,0.8574358857410332,0.4053945326302249,0.0034640594371927852,0.23940979955142563,0.008178736982444906,0.6267208481539719,MBD2,0.8574358857410332,0
AP2B1,0.8606110598863903,0.4073784265530642,0.0030325145185618007,0.2342954120301804,0.008452726799083998,0.6000911062235534,MBD3,0.8606110598863903,0
TM9SF1,0.8608560150991794,0.4083110432094025,0.0030254892116302282,0.2318932932749326,0.008472038422120893,0.6001000357659283,MBNL1.AS1,0.8608560150991794,0
VPS13A,0.8608560150991794,0.40891142605388175,0.002905651545742963,0.2303476098743116,0.00829627952580581,0.622121067120476,MBTPS2,0.8608560150991794,0
IPO5P1,0.8608560150991794,0.4094181636297327,0.0029524652184686117,0.22904344416126915,0.00841137625894855,0.610065605162062,MCCD1,0.8608560150991794,0
PNKD,0.8608560150991794,0.4095950095091989,0.003243408792979516,0.22858839637218376,0.00844923052022238,0.6060414857729692,MCHR1,0.8608560150991794,0
SNX7,0.8608560150991794,0.40990844465462895,0.003222747517285881,0.22778200258841094,0.008434233102526344,0.6086152146652434,MCM3AP.AS1,0.8608560150991794,0
MIEF2,0.8616399205036711,0.4117079538989186,0.0027852227076355556,0.22315514324375052,0.008524927651191087,0.6024016381664102,MCMDC2,0.8616399205036711,0
RPL29,0.8616399205036711,0.4121092491990003,0.0028705191291100093,0.22212399607135463,0.008497345779290729,0.6067810767034774,MCTP1,0.8616399205036711,0
TP53I11,0.8616399205036711,0.4124357786761069,0.002835524353230019,0.22128513749373144,0.008515000670636052,0.6055123869168633,MDH1B,0.8616399205036711,0
PSMD4,0.8616399205036711,0.41262995524052326,0.0028375068421336172,0.22078636917391892,0.008473988279040045,0.6109539320915344,MDK,0.8616399205036711,0
RTKN,0.8616399205036711,0.41269797650596474,0.003109091470739701,0.22061166050697237,0.008472636590130077,0.6112955001933786,ME3,0.8616399205036711,0
JAK2,0.8617670383798043,0.4140297385544532,0.0028734334071679603,0.21719245629300443,0.008621716296379417,0.5966828874493701,MECOM,0.8617670383798043,0
PRCD,0.8617670383798043,0.41405272995057796,0.002874273081933698,0.21713344992712544,0.008624809321098168,0.596360136501973,MECR,0.8617670383798043,0
CSE1L,0.8617670383798043,0.4153119852525301,0.0029553694614374696,0.21390277734102975,0.008727564731396945,0.5868158892808584,MED25,0.8617670383798043,0
KLC2,0.8617670383798043,0.415726343506561,0.0029800048032437147,0.21284021341350198,0.008632740296058598,0.5999391581256819,MED30,0.8617670383798043,0
FAM120AOS,0.8617670383798043,0.41602150682403627,0.0028509681113117616,0.21208345487462557,0.00893236444263152,0.561859296164186,MED4.AS1,0.8617670383798043,0
WDR38,0.8617670383798043,0.41658353246323687,0.00303504030803075,0.21064283307016504,0.008693752375291085,0.5946420395325731,MESP1,0.8617670383798043,0
DET1,0.8617670383798043,0.4173326591113903,0.002833980067403441,0.20872330035615314,0.00869451945794441,0.5966504992330751,METAP1D,0.8617670383798043,0
UBE3B,0.8617670383798043,0.4181539875939465,0.002703374916203272,0.20661964370089544,0.008687589709022362,0.5998670064909131,METRN,0.8617670383798043,0
VPS28,0.8617670383798043,0.4181615468745891,0.002546416475691814,0.20660028648598758,0.008716719613815855,0.5961792068980241,MFGE8,0.8617670383798043,0
TRPV3,0.8617670383798043,0.4183552518303334,0.0029187043184888957,0.2061042883649295,0.008895494919459462,0.5733124443371944,MFNG,0.8617670383798043,0
DHX57,0.8617670383798043,0.41836110625586526,0.0028524938170487956,0.20608929839718967,0.008730909709477474,0.5949331565452245,MFRP,0.8617670383798043,0
MPHOSPH9,0.8617670383798043,0.41855875223606875,0.002769054681973485,0.205583262764486,0.008694571634248006,0.6001431281075431,MGAT2,0.8617670383798043,0
EIF2AK2,0.8648943438601103,0.42056275722193814,0.0028286531364846153,0.20045533074181837,0.00891869742021967,0.5765762855468695,MIAT,0.8648943438601103,0
MAP4K5,0.8676789183712041,0.42250308139445614,0.0027432635688329036,0.1954953668416691,0.008898287869090407,0.5851530846108124,MIEF2,0.8676789183712041,0
NUDT1,0.8676789183712041,0.4234485740545204,0.002430739244825419,0.19308019550048247,0.008808087088844355,0.600088088123389,MIER2,0.8676789183712041,0
OSCAR,0.8676789183712041,0.42381918375485583,0.0025925749948818837,0.19213381611724528,0.009035130382967771,0.5703418201139696,MKL2,0.8676789183712041,0
TAF1,0.8676789183712041,0.4238633415038243,0.0024794300376525576,0.19202106751620823,0.008858937632952415,0.5946368682783576,MKRN2,0.8676789183712041,0
CKAP2,0.8684376101455313,0.42472102975148807,0.0026463883395063796,0.18983160234778945,0.00892349234381281,0.5886194878718016,MKRN2OS,0.8684376101455313,0
EID1,0.8697263785256342,0.4258942148592394,0.002345079922647749,0.1868382229008773,0.008965111095368622,0.5866509607048143,MLF1,0.8697263785256342,0
PPP2R3A,0.8697263785256342,0.4263268955868784,0.002358047650380975,0.18573466276435796,0.008961950068754937,0.5884859567681923,MLH1,0.8697263785256342,0
HBQ1,0.8706614469586937,0.4272735648282989,0.0022822969563170564,0.18332095221307604,0.009037313620344913,0.5810455484740666,MLLT10P1,0.8706614469586937,0
EIF3E,0.8717371994522727,0.4282904019743078,0.002504589248815006,0.1807295242439766,0.009067832589676982,0.5800763359929362,MLXIP,0.8717371994522727,0
ARHGAP10,0.8719309895293361,0.42943190088665917,0.002545727054366344,0.17782183795727916,0.009060633161108222,0.5849595658652558,MLXIPL,0.8719309895293361,0
LBX1,0.8719309895293361,0.4297088131871241,0.002306727210629663,0.17711669980198677,0.00908074963359406,0.5830239768892307,MOB3B,0.8719309895293361,0
ACOT1,0.8719309895293361,0.43046410306859356,0.002230524118562129,0.17519385254022254,0.009082937932106542,0.5853144902175815,MON2,0.8719309895293361,0
MAEA,0.8719309895293361,0.4304948007799749,0.0023766802775641777,0.1751157148210688,0.009022668111001369,0.5940147199916088,MORC1,0.8719309895293361,0
UBE2NL,0.8719309895293361,0.43130494038064227,0.002260028431064122,0.17305397658500118,0.00916734434189385,0.5759260985082297,MORC4,0.8719309895293361,0
ZFR2,0.8719309895293361,0.4320004858294257,0.00230818693043334,0.17128445802877926,0.009195129978357081,0.5742473543281822,MORF4L2.AS1,0.8719309895293361,0
GNAS.AS1,0.8719309895293361,0.4323811283252405,0.002066619927278602,0.17031630302280418,0.00929882200717474,0.5598292711231019,MPHOSPH9,0.8719309895293361,0
PSMD6.AS2,0.8719309895293361,0.4324136269989578,0.002212450233317898,0.1702336508395116,0.009272908616859513,0.5639348882758966,MRAP,0.8719309895293361,0
MYO1G,0.8719309895293361,0.43278683439902554,0.002159108396263702,0.1692845751181884,0.009269575914687649,0.5657784730536687,MRFAP1L1,0.8719309895293361,0
INTS6.AS1,0.875035581608554,0.4348185784100834,0.002208030578400854,0.16412045027413888,0.009178541942159205,0.5870141938226969,MRPL30,0.875035581608554,0
BUD13,0.8754831025942689,0.43577911855186924,0.002192069582301833,0.1616805573140245,0.009303178620484449,0.5716183370981063,MRPS17,0.8754831025942689,0
C17orf89,0.8754831025942689,0.4360678128242846,0.001981019272403805,0.16094742623537991,0.009377044596433298,0.5610448671786675,MRPS28,0.8754831025942689,0
COMMD8,0.8754831025942689,0.4365140090893466,0.0021942434852912783,0.15981449323369024,0.009295189660075706,0.5756747957189419,MRPS6,0.8754831025942689,0
SLC12A7,0.8756396089613894,0.4370831474905421,0.0020322317437313094,0.15836969638209952,0.009358405869759633,0.5679165364636144,MSL2,0.8756396089613894,0
UBE2Q2,0.8759389103512838,0.4377238189136253,0.001998520633565247,0.1567437033344648,0.009256846123581968,0.5863371677449907,MSL3,0.8759389103512838,0
PEX26,0.8764518717343379,0.4389942741126467,0.0020777981970504034,0.15352057058910834,0.009508982021129885,0.5507549082139307,MSR1,0.8764518717343379,0
TMED10P1,0.8764518717343379,0.43916950899219753,0.0020702289680621625,0.15307612726070835,0.009401680029690785,0.5692161696457128,MTA3,0.8764518717343379,0
UBE4B,0.8764518717343379,0.4394548364164319,0.0021765535657338386,0.15235252394309037,0.0094491969242714,0.5625824146630538,MTCH2,0.8764518717343379,0
NUP188,0.8769223751469566,0.44081107016172494,0.002081306675548173,0.1489141373982421,0.00952876511962657,0.5547684641475807,MTERF,0.8769223751469566,0
ARL3,0.8769223751469566,0.4409997586693889,0.002139128975996841,0.14843590596757378,0.009521707141096897,0.5567537819447288,MTFMT,0.8769223751469566,0
ST13P4,0.8769223751469566,0.44116622013842965,0.001996896551350867,0.14801403720188797,0.009533908981699972,0.5553635892546358,MTMR2,0.8769223751469566,0
FTLP10,0.8802266746825733,0.4442531317890365,0.0019223443250740867,0.1401954663329281,0.009715149778977049,0.5363369537908932,MTMR4,0.8802266746825733,0
PPDPF,0.8802266746825733,0.4443241586537341,0.00178112049709505,0.14001567120414132,0.009617289285952037,0.554389792031946,MTMR6,0.8802266746825733,0
COG3,0.8802266746825733,0.44453692016366625,0.0017471965292168259,0.1394771205991443,0.00962049470007423,0.5547652569909106,MTOR.AS1,0.8802266746825733,0
TMX1,0.8802266746825733,0.444803271951205,0.0017458119108116933,0.13880297709818926,0.009567526913346735,0.5653224518356372,MX1,0.8802266746825733,0
NUP205,0.881399238820875,0.44589013652071186,0.0017616149215832519,0.13605274425303623,0.00964547224104493,0.5564047311904028,MYL1,0.881399238820875,0
USP24,0.8839794981977217,0.4485593309151583,0.0016278580423061963,0.1293028603658963,0.0097082209462296485,0.5574960431738044,MYL12B,0.8839794981977217,0
HNRNPA3,0.8839794981977217,0.44891098953509634,0.0017528189163516156,0.12841402841953503,0.009774669929025369,0.5466025090775519,MYL2,0.8839794981977217,0
AP3M1,0.8839794981977217,0.44954068175395856,0.001622389573286385,0.12682270783587618,0.009728093803141068,0.5585969405564353,MYL6B,0.8839794981977217,0
SMARCD2,0.8839794981977217,0.44967661042934126,0.0016980396876305358,0.12647923928284763,0.00978064619976748,0.549218487836284,MYO1G,0.8839794981977217,0
OTUD5,0.8839794981977217,0.4498984151897297,0.0016975913832002003,0.1259188085451932,0.009776056618952629,0.551212251206419,MYO1H,0.8839794981977217,0
DCAF6,0.8839794981977217,0.45071987208511266,0.0015301765643928483,0.12384358883713315,0.009869357952959549,0.5369258245597583,MYOC,0.8839794981977217,0
TCIRG1,0.8839794981977217,0.4511232089542091,0.001689415673569686,0.12282484783706529,0.009799339885222531,0.5529001264051112,N4BP2,0.8839794981977217,0
THAP1,0.8839794981977217,0.45142658766972077,0.0016341397272423806,0.12205866339169033,0.009765448158213967,0.5610729502689686,N4BP2L2.IT2,0.8839794981977217,0
USP8,0.8839794981977217,0.45273741091061864,0.0016278117168218218,0.11874899051260797,0.009833781315518401,0.5545624384712942,NAA60,0.8839794981977217,0
POLR1E,0.8839794981977217,0.45301165933097404,0.0015242921599198892,0.11805671157151859,0.009875559040768497,0.5475884894006797,NAAA,0.8839794981977217,0
HNRNPR,0.8839794981977217,0.4530748831426219,0.001389864187609397,0.11789712520394832,0.010001975093961746,0.5214138986001784,NACA2,0.8839794981977217,0
FCN1,0.8839794981977217,0.4531448465242387,0.001529649787365455,0.11772053065220578,0.009822295239238433,0.5590556783024374,NAP1L2,0.8839794981977217,0
BLVRA,0.8851527003147062,0.4546601329026144,0.0014615309656477904,0.11389668797972471,0.009919784210844053,0.5474723064398015,NAP1L5,0.8851527003147062,0
MON2,0.8851527003147062,0.4548308105865808,0.0014371036894258794,0.11346608624926519,0.009901764727588953,0.5521945076830019,NAPA.AS1,0.8851527003147062,0
DNAJC15,0.8851527003147062,0.4566068330984659,0.0013973706881740906,0.1089866026704494,0.00997162976497126,0.5475821656927017,NARS2,0.8851527003147062,0
CCDC7,0.8851527003147062,0.4567094684330848,0.0014475914371090816,0.10872780354624483,0.010059415561931469,0.5287621008201764,NAT14,0.8851527003147062,0
TBCA,0.8851527003147062,0.4568780162625897,0.0013356319727048653,0.1083028192058657,0.010066639223379019,0.5281058548686115,NBR2,0.8851527003147062,0
CBFA2T3,0.8851527003147062,0.4577605365645149,0.001491964589246529,0.10607790898174252,0.010072739801611424,0.5319173014028087,NCBP2.AS2,0.8851527003147062,0
RALGDS,0.8851527003147062,0.45809419940456736,0.0015072486512455365,0.10523685339907846,0.01012614412569007,0.5215370260874634,NCKAP5,0.8851527003147062,0
CNOT2,0.8851527003147062,0.4581814788819743,0.001352463648542219,0.10501686250846538,0.00998912731074626,0.5532295768477302,NCLN,0.8851527003147062,0
CELF2,0.8851527003147062,0.45833879676671574,0.0013249325778977442,0.10462035025970898,0.010038469247319399,0.5432024766522976,NCOA4,0.8851527003147062,0
ARF3,0.8851527003147062,0.4587106534440766,0.0013783597639837537,0.10368316845925632,0.010053327153707067,0.5421252666640649,NCOR1P1,0.8851527003147062,0
GM140,0.8854970436957175,0.4593857349515079,0.0012944364530601354,0.10198200824807384,0.010065897635519318,0.5434675577720613,NDC1,0.8854970436957175,0
MLF1,0.8864919572564643,0.46039907595035673,0.0012162507187410303,0.09942900910212782,0.010117775456889933,0.5378177112759467,NDFIP2,0.8864919572564643,0
PURA,0.8903014440897639,0.462876858480769,0.0012054815688381747,0.0931892081590171,0.01015298367270013,0.5459729564362318,NDRG2,0.8903014440897639,0
RPL31P11,0.8921521374157422,0.46433941868861955,0.001167387217130085,0.08950775990801309,0.010233592733123192,0.5360777556534218,NDRG4,0.8921521374157422,0
SP110,0.8946949346339395,0.46616466308184507,0.001026874844864896,0.08491508513908616,0.010381367289189824,0.5093560764255893,NDST3,0.8946949346339395,0
TAF10,0.8952107542530517,0.46693550277921375,0.001073801019743294,0.08297604389382991,0.010332462898418774,0.5290548647121703,NDUFA11,0.8952107542530517,0
CCNI2,0.8979889240887863,0.46939822800610287,0.0011527767431839739,0.07678313189780593,0.010409556655837777,0.5268670193053551,NDUFAB1,0.8979889240887863,0
ATF5,0.8979889240887863,0.4697181904549299,9.713451198430978e-4,0.07597875689429584,0.010389905167628643,0.5354630630721033,NDUFS2,0.8979889240887863,0
BTG2,0.8979889240887863,0.4700531665005635,9.571831339333529e-4,0.07513669086865699,0.010427282900392026,0.5271560111894285,NDUFS3,0.8979889240887863,0
HSP90AB4P,0.8979889240887863,0.47092767595332347,9.281030154132865e-4,0.07293859010832793,0.010510277305671212,0.5087552343932209,NEDD1,0.8979889240887863,0
ADD3.AS1,0.8979889240887863,0.47104553933325977,9.518382088820782e-4,0.07264236482108373,0.010462135445608357,0.5251722328162185,NEK8,0.8979889240887863,0
PRNT,0.8979889240887863,0.4715208250636114,9.780770018610494e-4,0.07144789661154535,0.010439897837194043,0.5364723325177945,NELFA,0.8979889240887863,0
UQCRFS1,0.8979889240887863,0.4719100515261877,9.111738271328789e-4,0.07046978494837615,0.010498540609844103,0.521446410966838,NELFCD,0.8979889240887863,0
EID2,0.8980535070285908,0.4731374786293641,8.342594418625534e-4,0.06738574323354772,0.010589116165838306,0.5024035999937524,NELFE,0.8980535070285908,0
SARS2,0.8980535070285908,0.4737821990071911,8.410187680837508e-4,0.06576607298504056,0.010532430210762478,0.5282949789528002,NELL1,0.8980535070285908,0
SLC25A5.AS1,0.8980535070285908,0.4738523801852143,8.493630411631366e-4,0.06558977391351703,0.010557862994857791,0.5202805457915141,NENF,0.8980535070285908,0
CASP3,0.8980535070285908,0.47395869327756807,9.227131430964263e-4,0.06532271331976586,0.01054915569814989,0.5243576466662188,NFE2L2,0.8980535070285908,0
ZC3H18,0.8993017254685084,0.47512183140287995,8.083620716740335e-4,0.06240118747447559,0.010573126977174663,0.5280481497733815,NFKB2,0.8993017254685084,0
PCGEM1,0.9008731361531648,0.4766531947925404,8.410321127649772e-4,0.05855557555502261,0.010659437139980452,0.5127739494744782,NFXL1,0.9008731361531648,0
PPP2R1B,0.9008731361531648,0.47696255778384045,7.899939283147548e-4,0.057778799639383975,0.01063906628263352,0.5241457428644992,NFYC.AS1,0.9008731361531648,0
AKAP11,0.9041009007776422,0.4791785480846168,6.866948011139642e-4,0.052215686432166744,0.010712431936991746,0.5216503952722719,NHS,0.9041009007776422,0
SNX18,0.9047180195466954,0.4807403214425803,6.573912232540868e-4,0.048295927112471715,0.010798671366039257,0.5040506467609277,NINJ1,0.9047180195466954,0
SPOPL,0.9047180195466954,0.481084841241172,6.201499732946426e-4,0.04743134878961188,0.010784637428010002,0.5153703312599733,NIT1,0.9047180195466954,0
TXNDC15,0.9047180195466954,0.4820930086809402,5.876341019527197e-4,0.04490153665018356,0.010822612340881657,0.5118281770678912,NMT2,0.9047180195466954,0
SYS1.DBNDD2,0.9047180195466954,0.48262232182350856,5.731832948386267e-4,0.04357343801442431,0.010834982480800157,0.5136861721914698,NNT.AS1,0.9047180195466954,0
PUM1,0.9047180195466954,0.48270183448461745,5.622847589556645e-4,0.043373939639333906,0.01084679913792936,0.5089237377451918,NOM1,0.9047180195466954,0
CDC6,0.9047180195466954,0.4827805937702457,6.118779964088376e-4,0.04317633319568778,0.01085131905672637,0.507823098044212,NOP10,0.9047180195466954,0
GTF2F2,0.9047180195466954,0.4834273928751411,5.968291985484166e-4,0.04155358227436041,0.010864160580554231,0.5113418462413128,NOP14.AS1,0.9047180195466954,0
FYCO1,0.9047180195466954,0.483890550726893,5.090338113602486e-4,0.0403916354199577,0.01089615782002293,0.5016022950099592,NOS1,0.9047180195466954,0
ARFGEF2,0.9047180195466954,0.484072344726611,5.291995749970011e-4,0.039935574872676634,0.010901870452889192,0.5014295248782038,NPFF,0.9047180195466954,0
MAN2A2,0.9074889028310541,0.48606388233519726,4.523192547492048e-4,0.03493999410651346,0.01094844693622636,0.5096609904746262,NPM1,0.9074889028310541,0
DIAPH2,0.9077672777232638,0.4876411013230614,4.346177549479939e-4,0.030984316578931387,0.010995722680447732,0.5111606745233761,NRBP2,0.9077672777232638,0
CCNDBP1,0.9077672777232638,0.4877567486997365,4.371908968662533e-4,0.030694291885569148,0.01103261578948488,0.4874197047202988,NRDE2,0.9077672777232638,0
PMS1,0.9077672777232638,0.48843114054620307,4.088377717056034e-4,0.02900307815180982,0.011034286979486265,0.5012062040950047,NSMAF,0.9077672777232638,0
RPS6KA2,0.9077672777232638,0.48868370952251783,4.0000493522065317e-4,0.028369717073327402,0.01103936133959817,0.5032967011485454,NSMCE1,0.9077672777232638,0
RAB15,0.9077672777232638,0.48910676297699546,3.4754259503695683e-4,0.027308861583398365,0.011055050513891766,0.5013353806489791,NT5C3A,0.9077672777232638,0
RPN2,0.9077672777232638,0.48963819451779755,3.57752283199001e-4,0.025976278908803576,0.011074710393706479,0.4987457023563644,NUBP1,0.9077672777232638,0
SRRM2,0.9077672777232638,0.48977684866504756,3.2963790963706145e-4,0.025628606599345245,0.011067109430989817,0.5087187123548749,NUCB1.AS1,0.9077672777232638,0
NCLN,0.9083688048380237,0.49061085757656586,2.970759422552985e-4,0.02353741096253487,0.011112891003069131,0.49139010339988015,NUDT1,0.9083688048380237,0
AIM1L,0.911407670132283,0.49276331688587816,2.3479271577782015e-4,0.018140783456054334,0.01116789805048172,0.5044748664545047,NUDT22,0.911407670132283,0
SLC38A3,0.9133460590721751,0.49432358216749805,1.9117037101243424e-4,0.014229239013714309,0.01122656468438313,0.49312897789028576,NUDT6,0.9133460590721751,0
WDR11,0.9133760300375287,0.4957062761101726,1.3641385309610244e-4,0.010763045142509677,0.0112666703927568,0.5008066754716176,NUGGC,0.9133760300375287,0
SLC3A1,0.9133760300375287,0.4968988987109142,1.0746687882127993e-4,0.007773435307501544,0.011310160677768943,0.4899976454935289,NUMB,0.9133760300375287,0
STUB1,0.9133760300375287,0.49718739157598135,9.552722025596574e-5,0.0070502665109882555,0.011316311959532034,0.49923197628267374,NUP153,0.9133760300375287,0
SKP1P2,0.9133760300375287,0.49760843372793684,7.697617594477272e-5,0.005994841216029095,0.01133481250537651,0.4834020357065004,NUP155,0.9133760300375287,0
AKIRIN2,0.9133760300375287,0.49813771775886406,6.567498953267923e-5,0.004668095608246372,0.01135087893433806,0.48627168925859987,NUP188,0.9133760300375287,0
KCNA1,0.9133760300375287,0.4989038964838688,3.41532401538669e-5,0.002747544787288297,0.011375121288673807,0.4887541033878944,NUP205,0.9133760300375287,0
SF3B1,0.9133760300375287,0.49945705777904514,1.6842815028205884e-5,0.001360963294639075,0.011393296744955915,0.4861093020303307,NUP210,0.9133760300375287,0
NAP1L2,0.9133760300375287,0.5001380903669609,-4.283918007083873e-6,-3.461434002711426e-4,0.011415281732894564,0.4804929402471319,NUP210L,0.9133760300375287,0
UBE2Q1,0.9133760300375287,0.5002618597179709,-9.536960273814917e-6,-6.56389144776204e-4,0.011419036664380065,0.47431763129612564,NUP35,0.9133760300375287,0
POLG2,0.9133760300375287,0.5007785650864401,-2.624166069034984e-5,-0.0019515867614599875,0.011434166068567399,0.46309865680390044,NUP50.AS1,0.9133760300375287,0
IPO9,0.9133760300375287,0.5012615891040373,-4.300103504513622e-5,-0.003162360061610247,0.011452683381205626,0.48998455156752385,NUP62CL,0.9133760300375287,0
ICAM4,0.9133760300375287,0.5017755045538979,-6.146468556652685e-5,-0.004450572575604089,0.011469836256335075,0.48992691658658105,NUP98,0.9133760300375287,0
HDGFL1,0.9133760300375287,0.5019511274594489,-7.260203205358913e-5,-0.004890801488107914,0.011473089533357963,0.4786921663960978,NUPL1,0.9133760300375287,0
CCNYL1,0.9133760300375287,0.5020060931797914,-6.358266917129773e-5,-0.00502858267737596,0.01147677518625006,0.4866829943686025,NXF2,0.9133760300375287,0
MLXIP,0.9133760300375287,0.5027322710986939,-8.689168380458383e-5,-0.006848884570981446,0.011502410774283916,0.491148634866881,OAZ2,0.9133760300375287,0
QDPR,0.9133760300375287,0.5027801277619975,-9.73690377110767e-5,-0.006968847053304488,0.011501467615607002,0.48353936500380057,OCIAD2,0.9133760300375287,0
PPP1R1A,0.9133760300375287,0.5034731561939849,-1.1301953957323274e-4,-0.008706076206344476,0.01152668216777167,0.48892729251747385,ODF2L,0.9133760300375287,0
PPIA,0.9133760300375287,0.5035606492018456,-1.3220848143745095e-4,-0.008925398554845499,0.011526157428920597,0.4808432827590831,OGDHL,0.9133760300375287,0
PDCD4.AS1,0.9140376732029664,0.5052413891130998,-1.9228694806732897e-4,-0.013138674716920614,0.01158293082984055,0.4824849312592525,OPA1.AS1,0.9140376732029664,0
PSMA2,0.9140376732029664,0.5054278010030074,-1.9139698357153477e-4,-0.013605984752527037,0.011588833036241857,0.48192542438480995,OSBP,0.9140376732029664,0
BACE1,0.9140376732029664,0.5058715722618614,-1.925945877830627e-4,-0.014718472947073881,0.011598379277357792,0.47433516039256896,OSBP2,0.9140376732029664,0
LMAN2L,0.9140376732029664,0.5059759862318159,-2.127895471209205e-4,-0.014980230460139377,0.011604945464623503,0.4786864501708016,OSBPL3,0.9140376732029664,0
SMCR9,0.9151379985144511,0.5070983412968467,-2.2239773974673836e-4,-0.01779395378476545,0.011640422857476546,0.4761794273559735,OSCAR,0.9151379985144511,0
PPM1B,0.9151506895727245,0.5094041085160257,-3.258541569521038e-4,-0.02357493603914524,0.011731513292481994,0.48749642759864165,OTUB2,0.9151506895727245,0
ERCC4,0.9151506895727245,0.5100373366637637,-3.4585795364789e-4,-0.025162685134725582,0.011733141155362493,0.4706833009014104,OTUD5,0.9151506895727245,0
GLT8D2,0.9151506895727245,0.5103057641971653,-3.551091035230635e-4,-0.025835756209159778,0.01175282541467409,0.47906168058865206,OTUD6A,0.9151506895727245,0
SERP2,0.9151506895727245,0.5105677236802597,-3.6192890268750625e-4,-0.026492620194385745,0.011741932636359304,0.46362396769465625,OXCT1,0.9151506895727245,0
CARD10,0.9151506895727245,0.5105882892683202,-3.3082377120548316e-4,-0.026544188932340826,0.011759703381443828,0.4768135971104526,OXT,0.9151506895727245,0
ATP2A3,0.9151506895727245,0.5107579533207356,-3.787959378171892e-4,-0.026969628588458548,0.011761852347915892,0.47402020058165134,P4HTM,0.9151506895727245,0
DDR1,0.9151506895727245,0.511715208386927,-3.7905879802008994e-4,-0.0293700791194723,0.011799187744332518,0.4770304906181342,PABPC1L,0.9151506895727245,0
SUPT6H,0.9151506895727245,0.5125352801027868,-4.010106942799422e-4,-0.03142665735471185,0.011820417370022089,0.4722050624646903,PABPC4L,0.9151506895727245,0
ATP6V0A1,0.9151506895727245,0.5126952594269791,-4.592563607300726e-4,-0.03182786919234637,0.011830910022118377,0.4753324572382999,PAFAH1B1,0.9151506895727245,0
UNC45A,0.9151506895727245,0.5129820273393354,-4.2539649936792096e-4,-0.032547066751225213,0.01182873440857056,0.4677529538206332,PAFAH1B2,0.9151506895727245,0
CTDSPL,0.9151506895727245,0.5134019986876459,-4.707986613074431e-4,-0.033600361412037705,0.01184070526557172,0.4663067538720977,PAIP2B,0.9151506895727245,0
ARPC5L,0.9151506895727245,0.5143077769069175,-4.998314873018022e-4,-0.03587219569067833,0.011878512410479707,0.4701283953324225,PAK3,0.9151506895727245,0
EXOC3L1,0.9151506895727245,0.5144314312925002,-4.658206380345099e-4,-0.03618235444608579,0.011900885105799114,0.4800233799144102,PAN3.AS1,0.9151506895727245,0
MYL6B,0.9151506895727245,0.5150531718113267,-5.213303473599574e-4,-0.037741901749785034,0.011907772047333042,0.47180141931620073,PAPD5,0.9151506895727245,0
FGFR2,0.9151506895727245,0.5151961309599457,-4.95840016930871e-4,-0.03810050720181854,0.011920957077516817,0.4760231169307145,PAPOLB,0.9151506895727245,0
PDC,0.9151506895727245,0.5161457681544032,-5.61510014762779e-4,-0.04048274839067695,0.011938777883571665,0.46796513928879957,PARL,0.9151506895727245,0
PCNA,0.9151506895727245,0.5163978298975536,-5.887531537996496e-4,-0.0411151035521741,0.011938110721505859,0.4633197499549643,PARP1,0.9151506895727245,0
CAPNS2,0.9151506895727245,0.5166510117059282,-5.67289000486195e-4,-0.04175028520804981,0.01194214459997282,0.46103305399021516,PARP8,0.9151506895727245,0
PDCD6IP,0.9151506895727245,0.5168574001120211,-5.571889328893515e-4,-0.042268084187349245,0.01196978515804229,0.47072004416745467,PASD1,0.9151506895727245,0
KIAA1430,0.9165859114793256,0.5181820520309367,-5.886558759619783e-4,-0.04559172210390507,0.012010436602850815,0.4676694051192626,PATL2,0.9165859114793256,0
PTPN2,0.9168389326437596,0.5188393062465246,-5.970439292407421e-4,-0.047241000398492626,0.012022960162462265,0.46303332177620615,PBX1,0.9168389326437596,0
INTS9,0.9188725498863879,0.5207004727091316,-6.664408389039392e-4,-0.051912023333440506,0.012103176931215981,0.46820685305264265,PBX3,0.9188725498863879,0
PDIA3P1,0.9188725498863879,0.5211987261342539,-6.589431472854383e-4,-0.05316269227071311,0.012079769150421825,0.4527544752445087,PCBP1.AS1,0.9188725498863879,0
SPIN1,0.9188725498863879,0.5215361864750558,-6.912756921903562e-4,-0.05400980063075876,0.012099110207520344,0.4555541459076564,PCBP2.OT1,0.9188725498863879,0
SEC61A2,0.9193679672105116,0.5223330066092251,-7.562771312484942e-4,-0.056010169836061476,0.012127738706720211,0.45571241527445633,PCGEM1,0.9193679672105116,0
EIF3IP1,0.9195031664327974,0.5229255248249336,-7.591936429406805e-4,-0.05749779618303139,0.012167462604831352,0.46204049302604666,PCGF6,0.9195031664327974,0
PSMD8,0.9197189284309459,0.5235640562857039,-7.506007009869726e-4,-0.05910108983701549,0.012159636208577629,0.45168901657622534,PCK1,0.9197189284309459,0
TMC1,0.9201909328535973,0.5243488433983482,-9.09438455277417e-4,-0.061071826518187246,0.01222310101715946,0.46302792695812744,PCNA,0.9201909328535973,0
VPS4B,0.9204391314987711,0.5250652664789628,-8.139780020810118e-4,-0.06287109617926713,0.012223568655700453,0.4549450939311749,PCNT,0.9204391314987711,0
NPM1,0.9204391314987711,0.5255227346414745,-8.266502289495955e-4,-0.06402011641223572,0.012268708918695904,0.46350263264977676,PDC,0.9204391314987711,0
SRP72,0.9212657919131824,0.5271956411346008,-8.717764453427076e-4,-0.06822267762831918,0.012338253766656983,0.46511461833159423,PDCD1LG2,0.9212657919131824,0
INTS4,0.9212657919131824,0.5274245589194249,-8.917970563904336e-4,-0.06879784129513176,0.01232169628675968,0.4581259073422946,PDCD2L,0.9212657919131824,0
TNR,0.9212657919131824,0.5275447972761409,-9.244539794239806e-4,-0.06909995333280226,0.01232265989882977,0.4571417587295282,PDCD4.AS1,0.9212657919131824,0
DDX23,0.9213178367284108,0.5283525619093694,-0.0010225204506718467,-0.07112971531499206,0.012294661228574472,0.4412709108701547,PDCD6IP,0.9213178367284108,0
CARS2,0.9213178367284108,0.5286080465357063,-9.083356116771055e-4,-0.07177176117810144,0.012391930101973207,0.4647853580403446,PDCD6IPP2,0.9213178367284108,0
MCHR1,0.9215618529070454,0.529264911596643,-9.864554428104862e-4,-0.07342263296523382,0.012349705498554468,0.4472409334953063,PDHA2,0.9215618529070454,0
TMEM204,0.9233298503932665,0.5309590356047054,-0.0010311866429383637,-0.07768133952222332,0.012435662171951538,0.45296175767268393,PDHX,0.9233298503932665,0
MOB3B,0.9233298503932665,0.5313159991606794,-9.798613458798823e-4,-0.07857885536771243,0.01244296148786272,0.45144030548154324,PDIA3P1,0.9233298503932665,0
RNF115,0.9242245302989444,0.5330418502606459,-0.0011244238892939914,-0.08291908039535327,0.012508553323924917,0.45131280939410284,PDIK1L,0.9242245302989444,0
ARID4B,0.9242245302989444,0.5338110903607204,-0.0011721284709389167,-0.08485408828748552,0.012526415304192295,0.4486770091758682,PDPN,0.9242245302989444,0
APBB2,0.9242245302989444,0.5351644624030192,-0.0011351087552826772,-0.08825924412481194,0.0125952198866943,0.4521122451143435,PDS5B,0.9242245302989444,0
TIRAP,0.9242245302989444,0.5353742572288144,-0.0011453242938814802,-0.0887871896675669,0.012605513866974028,0.45252416099290493,PEG10,0.9242245302989444,0
YEATS4,0.9242245302989444,0.5361439714248056,-0.0011449947590576972,-0.09072437704602572,0.012587925524299158,0.4426647613840223,PEX2,0.9242245302989444,0
DIABLO,0.9242245302989444,0.5361866408091535,-0.0012077502544973172,-0.09083177562158547,0.012598093692469049,0.44441966031006214,PEX26,0.9242245302989444,0
PIP5K1B,0.9242245302989444,0.536226446402309,-0.001252295973078185,-0.09093196699707584,0.012567650470782461,0.4378158352578724,PEX3,0.9242245302989444,0
RBM38,0.9242245302989444,0.5367393341517299,-0.001329935684280157,-0.09222299646670626,0.012606181907274581,0.4417199910814397,PFDN6,0.9242245302989444,0
PKMYT1,0.9242245302989444,0.5369244626258399,-0.0012967870981064214,-0.09268903533036864,0.012633136186978344,0.4456991802681918,PFKM,0.9242245302989444,0
PARP1,0.9242245302989444,0.5372080147391144,-0.001292025255245772,-0.09340288304086701,0.012679813989974224,0.45268413716099215,PFN1P2,0.9242245302989444,0
PPM1N,0.9242245302989444,0.5375327189680343,-0.0012536247585666414,-0.09422039045286928,0.012631857624422108,0.4407408950961124,PGK2,0.9242245302989444,0
ADSSL1,0.9251824035840003,0.5390615586172025,-0.0013427997358623856,-0.09807040359430054,0.012724318454254771,0.44692447457649587,PHF13,0.9251824035840003,0
UBE2L3,0.9251824035840003,0.5396720077854815,-0.0013919392017604137,-0.09960807528467386,0.012647776938396886,0.42810089575341154,PHF20,0.9251824035840003,0
KPNA7,0.9251824035840003,0.5421870367745827,-0.0013609825417668466,-0.10594575345391702,0.012795776542891732,0.4373341342439138,PHF21A,0.9251824035840003,0
SLC4A2,0.9251824035840003,0.5422190207447912,-0.0014194963779104953,-0.10602637745029171,0.012787812724239898,0.4357392859412437,PHF21B,0.9251824035840003,0
AAK1,0.9251824035840003,0.5431524940762426,-0.0014661121501552735,-0.10837974794172751,0.01284652290375937,0.43936718493422683,PHGDH,0.9251824035840003,0
XRCC6,0.9251824035840003,0.5434760910479013,-0.0014779915093510393,-0.10919570457152514,0.012821149173558812,0.43295372337484145,PHKA2.AS1,0.9251824035840003,0
C10orf82,0.9251824035840003,0.5438232571900502,-0.0015752728598561285,-0.11007117222549724,0.01287987005305693,0.4403612515533205,PHKG1,0.9251824035840003,0
ZRANB1,0.9251824035840003,0.5438941652258148,-0.0013951471179585449,-0.11024999521185384,0.012823640947225585,0.4306172998388233,PI4KAP1,0.9251824035840003,0
VIM.AS1,0.9251824035840003,0.5439072666322934,-0.001462652643283889,-0.11028303603659875,0.012826314129101811,0.4309762349328355,PIANP,0.9251824035840003,0
DHX9,0.9251824035840003,0.5445119382569867,-0.0015303126864211402,-0.11180810691829568,0.012851241019762302,0.4311486012982835,PIGT,0.9251824035840003,0
GOLPH3L,0.9251824035840003,0.5447986611402758,-0.0014466574956005628,-0.11253135493796328,0.012932430478745042,0.44232898693221623,PIGU,0.9251824035840003,0
UBE2G2,0.9251824035840003,0.5458869343024724,-0.0017056732505790805,-0.11527702337558428,0.012878519083260204,0.4267953662945672,PIK3CG,0.9251824035840003,0
CD79A,0.9251824035840003,0.5464647113807118,-0.0013739806303851032,-0.11673508312343112,0.012785060519005614,0.4083497385909114,PIK3R6,0.9251824035840003,0
ATG4C,0.9251824035840003,0.5471648166591694,-0.0017297455553530244,-0.1185021793186456,0.012965510235556067,0.4323262580793206,PILRA,0.9251824035840003,0
SARDH,0.9251824035840003,0.5481303383497012,-0.0014947543864801212,-0.12093980646749819,0.012993176145466512,0.43055362419918647,PIP4K2C,0.9251824035840003,0
SNRPB2,0.9251824035840003,0.5496990484266072,-0.0015229974970009576,-0.12490182683037167,0.012922517234344238,0.41095094243830427,PIP5K1B,0.9251824035840003,0
SECISBP2,0.9251824035840003,0.5501216987162854,-0.0018447036781283235,-0.1259696284144558,0.013034226448604911,0.4247151294223867,PITPNA,0.9251824035840003,0
TAC1,0.9251824035840003,0.5502443242371811,-0.0016094157881357486,-0.12627946155164144,0.013080698480454366,0.4305591155289627,PITPNA.AS1,0.9251824035840003,0
BRD4,0.9251824035840003,0.5511940754048351,-0.001661206464973947,-0.1286795738132151,0.013035014184982433,0.41872012064206016,PITPNC1,0.9251824035840003,0
DOCK2,0.9251824035840003,0.5512363411256266,-0.0017752361186525803,-0.12878640046984707,0.01310621367753784,0.4283459194079252,PITRM1.AS1,0.9251824035840003,0
USP2,0.9251824035840003,0.5514180815339319,-0.0017347223158804862,-0.12924576631868484,0.013093761014306125,0.4255996024412699,PKMYT1,0.9251824035840003,0
SEC14L1,0.9251824035840003,0.5531328696532555,-0.0019489450213723903,-0.13358141004731927,0.013141387212723309,0.42243994463133355,PKN2,0.9251824035840003,0
IRF1,0.9251824035840003,0.5532412684442385,-0.0018733837085470968,-0.13385556742031993,0.013203679380254007,0.4300090534112249,PLEKHA3,0.9251824035840003,0
MORF4L2.AS1,0.9251824035840003,0.5533333623550394,-0.0016808649539386392,-0.13408849512412532,0.013199532312512807,0.428956933619797,PLEKHD1,0.9251824035840003,0
MSL2,0.9251824035840003,0.554302990408104,-0.0019018900020666381,-0.1365413623206172,0.01316280996665636,0.4189004044348112,PLEKHM3,0.9251824035840003,0
EIF5,0.9251824035840003,0.5550944898457084,-0.0017726553811655776,-0.13854422624083992,0.013005404773404866,0.3942059194880148,PLS1,0.9251824035840003,0
DSCR4,0.9251824035840003,0.5552360221443733,-0.0017528371203439927,-0.13890242753143126,0.013229296735830322,0.42240252609820106,PMS1,0.9251824035840003,0
UBE2D4,0.9251824035840003,0.5557338291771391,-0.0020652367470695766,-0.140162459401163,0.013266745106110315,0.42442366922163915,PNKD,0.9251824035840003,0
AFM,0.9251824035840003,0.5562250865616845,-0.0019706266100502352,-0.14140613122451504,0.013255262649835082,0.42041487073987654,POC1A,0.9251824035840003,0
PPP1CC,0.9251824035840003,0.5565074280218869,-0.002005932725789951,-0.14212100839111427,0.013331877774314476,0.4282645235665932,POGLUT1,0.9251824035840003,0
MTMR4,0.9251824035840003,0.5565753627641706,-0.001934582285723269,-0.142293027240425,0.013193084547842042,0.41090383622305676,POLA1,0.9251824035840003,0
IP6K2,0.9251824035840003,0.5565773229717739,-0.001786059118025399,-0.14229799078174857,0.01332554674804855,0.42713139608430967,POLDIP3,0.9251824035840003,0
EIF3F,0.9251824035840003,0.5569363126680349,-0.00183570975330479,-0.1432070660855839,0.013281659478126902,0.4199448059658708,POLE,0.9251824035840003,0
FBXO3,0.9251824035840003,0.5571199616005365,-0.0018718008718746912,-0.14367216890735318,0.0133482232679088,0.42698888076901603,POLE4,0.9251824035840003,0
CTDSP2,0.9251824035840003,0.5571431470536363,-0.0020107974059186597,-0.1437308897772895,0.013316539192529876,0.42308122932872877,POLG2,0.9251824035840003,0
PPP1R8,0.9251824035840003,0.5574959605430145,-0.001886779738833826,-0.14462450767032622,0.01326921243389939,0.41556954222147263,POLR1E,0.9251824035840003,0
RAB23,0.9251824035840003,0.5579672235175502,-0.001856439254863667,-0.14581831872687903,0.013366146174135207,0.42469715344303716,POLR2B,0.9251824035840003,0
TLE6,0.9251824035840003,0.5580874258157726,-0.0019499056852112086,-0.14612285034969538,0.013308873920468518,0.4173229799191088,POLR2C,0.9251824035840003,0
NOP10,0.9251824035840003,0.5583265654831095,-0.002063408039937832,-0.14672874923689788,0.013308778760418735,0.41610544524784926,POLR2D,0.9251824035840003,0
GSTM1,0.9261264720262113,0.5596656130597665,-0.0020164488927606338,-0.15012244402729702,0.013296687568799299,0.4080812622535973,POLR2F,0.9261264720262113,0
FGD4,0.9261264720262113,0.5599882610840681,-0.0018976719288834522,-0.15094042330471652,0.013342897280852061,0.41186526692527264,POLR2H,0.9261264720262113,0
TNFRSF10C,0.9261264720262113,0.560454550373686,-0.0019632955626698425,-0.15212274143092425,0.01341173924322779,0.4174136076972464,POLR3D,0.9261264720262113,0
MKRN2,0.928811392256834,0.5626002824662819,-0.0019592235754489246,-0.15756620487746467,0.013500161595023354,0.4167417611620083,PPDPF,0.928811392256834,0
HNRNPU.AS1,0.9292271045939019,0.5634313717918643,-0.0023580267089630597,-0.15967582443111103,0.013474009601465862,0.41002523595817286,PPIA,0.9292271045939019,0
PABPC1L,0.9292271045939019,0.5642136332419772,-0.002226007697981644,-0.16166214963408396,0.013461077320621184,0.40505496879752717,PPIH,0.9292271045939019,0
AHCYL2,0.9292271045939019,0.5644155660545125,-0.0022221734050912006,-0.16217500250172895,0.013374883380198101,0.3949480585024717,PPM1B,0.9292271045939019,0
VPS41,0.9300803998693161,0.5659051079049151,-0.001959800457801462,-0.1659593494689732,0.013020061450854154,0.3505876447446635,PPM1D,0.9300803998693161,0
OXT,0.9300803998693161,0.5665526137612024,-0.0024396667713278836,-0.16760514848401417,0.013595851906560971,0.40842319893036405,PPM1H,0.9300803998693161,0
TMPO.AS1,0.9300803998693161,0.5672887160870117,-0.0021918366523290536,-0.16947668955032164,0.01356599752891582,0.40218730650934675,PPM1N,0.9300803998693161,0
UPF3A,0.9300803998693161,0.5672933072122484,-0.0021939084071309236,-0.16948836434806963,0.013583114048789173,0.40387543034620105,PPP1CB,0.9300803998693161,0
NDC1,0.9300803998693161,0.5675420499482984,-0.0025357589528801844,-0.17012092820372737,0.013561129799584622,0.4006023366998591,PPP1CC,0.9300803998693161,0
COPZ2,0.9306338606164021,0.5685289305384436,-0.002258488548721675,-0.17263128298638028,0.013709291591210733,0.4107795253202519,PPP1R10,0.9306338606164021,0
CAND1,0.9306338606164021,0.5691873642090698,-0.0024680586404973457,-0.17430676277129414,0.013691546591967545,0.4062133118318148,PPP1R12A,0.9306338606164021,0
NELFA,0.9306338606164021,0.5694456208258523,-0.0024136101024009034,-0.1749640674841487,0.013644174913861159,0.4005772555795953,PPP1R12B,0.9306338606164021,0
PCK1,0.9324241077361263,0.5713119005162453,-0.0023678812489327937,-0.17971631595386509,0.013791789697209707,0.40648846432747976,PPP1R1A,0.9324241077361263,0
CNOT10,0.9324241077361263,0.5715869600423926,-0.0023934650262271147,-0.18041706145980682,0.01363827017673448,0.3911669861984536,PPP1R26,0.9324241077361263,0
NDUFA11,0.9334095106749535,0.5730507980533595,-0.0022797232780384868,-0.18414785515072649,0.013903701055197207,0.40918065125666736,PPP1R8,0.9334095106749535,0
XRRA1,0.9334095106749535,0.5732380337571924,-0.0023901546782977147,-0.18462523510165252,0.013803006020658079,0.39950689803672135,PPP1R9A,0.9334095106749535,0
UBE2D3,0.9344751199294641,0.5748201520773383,-0.002539184878294007,-0.18866072764239436,0.013830480938921696,0.395568549905136,PPP2CA,0.9344751199294641,0
KDM5B,0.9344751199294641,0.5753127515269532,-0.0027592800203166696,-0.18991782028307339,0.01390341910862276,0.39989854757773263,PPP2CB,0.9344751199294641,0
ASIC1,0.9344751199294641,0.5754647681898775,-0.002419436345128461,-0.1903058207955871,0.01390774429823881,0.3996605372238091,PPP2R1B,0.9344751199294641,0
RBBP7,0.9347037736517443,0.576409054372423,-0.0024919133883566508,-0.19271661870895318,0.013996423925687089,0.40335384418283254,PPP2R3A,0.9347037736517443,0
PCBP1.AS1,0.9347037736517443,0.5766540387083111,-0.0024493042557595397,-0.1933422553439906,0.01389808158128313,0.39415781832786245,PPP2R5A,0.9347037736517443,0
DHX29,0.9356780485592937,0.5777798830419418,-0.0024375826907043607,-0.19621839378888958,0.013908710191371043,0.39071575657142754,PPP2R5B,0.9356780485592937,0
MORC4,0.9363495496081788,0.5787196879799288,-0.00243898197502685,-0.1986205092955353,0.01396766459661531,0.3919884700739594,PPP2R5D,0.9363495496081788,0
DERL2,0.9376956643228053,0.5800775758542087,-0.002690167531076451,-0.2020932624424594,0.01414171077850732,0.40066179117102535,PPP2R5E,0.9376956643228053,0
TRIM29,0.9387104849588339,0.5818595938734276,-0.0027718295957096678,-0.2066544222553056,0.013992818192898717,0.3824115124005469,PPP3CC,0.9387104849588339,0
IL6ST,0.9387104849588339,0.5820267120619415,-0.0028820539062653864,-0.20708238831681897,0.014131701864417447,0.3925368512460235,PPP6R1,0.9387104849588339,0
LAT,0.9387104849588339,0.5822847988583681,-0.002694367021384615,-0.20774338668093337,0.014149057525033823,0.3929056787982343,PPP6R2,0.9387104849588339,0
SRXN1,0.9387838623738679,0.5828568343510218,-0.002673678032640056,-0.20920877802511975,0.014060533387043056,0.38407212815106473,PPP6R3,0.9387838623738679,0
APIP,0.9395838331617301,0.5838804751223763,-0.002871388266187637,-0.21183217682052422,0.014255597982540436,0.39499234890428775,PPRC1,0.9395838331617301,0
GBGT1,0.9397009935335022,0.5852501496385001,-0.0027469142393658228,-0.21534468024080541,0.014229606464087169,0.3881367913911935,PRCD,0.9397009935335022,0
SNX10,0.9397009935335022,0.5853719957682999,-0.003101127156839781,-0.21565728034295795,0.014246108240916338,0.38890056039732435,PRDM4,0.9397009935335022,0
PFN1P2,0.9397009935335022,0.5855343823980488,-0.002954045553640983,-0.2160739211471872,0.014310852397346212,0.39298400535340794,PRDM5,0.9397009935335022,0
UNC45B,0.9411818557134202,0.5879493736512279,-0.0029638796072652667,-0.22227461548941088,0.014241433507492894,0.37958858441479554,PREPL,0.9411818557134202,0
RBM26,0.9411818557134202,0.5880144952990995,-0.0028581854819361573,-0.2224419381507731,0.014357831639444077,0.38750244044542237,PREX2,0.9411818557134202,0
TM9SF4,0.9411818557134202,0.5880407107485979,-0.0031702553911009917,-0.22250929752207946,0.014123180673819695,0.3708972654120867,PRKAA2,0.9411818557134202,0
HEATR6,0.9413536611689538,0.588786507814677,-0.0029940348030666206,-0.22442601241160487,0.014358783569498348,0.3848948819837554,PRKAG2.AS1,0.9413536611689538,0
MDK,0.9413536611689538,0.5892039741248191,-0.0031464736357432366,-0.2254992696207138,0.014339904774385837,0.3821701167018917,PRKCD,0.9413536611689538,0
XPO4,0.9414576993719725,0.5902659216617417,-0.002999861919527233,-0.2282305871690394,0.014367641923857831,0.38047075285388315,PRKCZ,0.9414576993719725,0
KHDRBS2,0.9414576993719725,0.5916293639741531,-0.0033183854086278023,-0.2317398470815937,0.014447072126758569,0.3812100807139289,PRKX,0.9414576993719725,0
SPTLC2,0.9414576993719725,0.5917041203538722,-0.0033168793781489614,-0.23193233897079557,0.014525326286716713,0.3860911056371123,PRMT6,0.9414576993719725,0
SS18L1,0.9414576993719725,0.5918338103733767,-0.0031752425404035552,-0.23226630112142277,0.01443758224428253,0.37990428725292164,PRNT,0.9414576993719725,0
SRSF6,0.9414576993719725,0.5919091873224797,-0.0029186221377128767,-0.23246041468308798,0.01445249030090792,0.3806347542685845,PROSER2,0.9414576993719725,0
ARMC9,0.9425695811174091,0.5942980871269596,-0.0031762366625349907,-0.2386169806718107,0.014654329809006397,0.3856193104330772,PRPF3,0.9425695811174091,0
FAM50A,0.9425695811174091,0.5953165771723341,-0.0030662461900297132,-0.24124452674039645,0.014536425865082876,0.37491801013459003,PRPF38B,0.9425695811174091,0
RAP2C.AS1,0.9425695811174091,0.5979445628704679,-0.0034708297938227106,-0.2480320693188182,0.014701414840635989,0.37666699794171427,PRPF39,0.9425695811174091,0
FAM134B,0.9425695811174091,0.5984335140385999,-0.003079150877670853,-0.24929618132080578,0.014672812937403695,0.37341959514903733,PRPF40B,0.9425695811174091,0
GTF3C2,0.9425695811174091,0.5992177470654969,-0.0032553688861238095,-0.25132453466516624,0.014807502412787344,0.3789046586945795,PRPF8,0.9425695811174091,0
ATRIP,0.9425695811174091,0.6004426676603475,-0.0032916520538268505,-0.25449476312213226,0.014715352005612546,0.3697268875058294,PRPH,0.9425695811174091,0
CTNND1,0.9425695811174091,0.6013656655522734,-0.003485970859353503,-0.2568852718458358,0.014772326898692456,0.3702063563314455,PRR11,0.9425695811174091,0
SMARCD3,0.9425695811174091,0.6013743812827896,-0.0034695498558780565,-0.2569078520373239,0.014727076295659856,0.3675810130091348,PRR14,0.9425695811174091,0
HNRNPH2,0.9425695811174091,0.6016601870877123,-0.003307341330499472,-0.2576483732151801,0.014822575895205631,0.37217569365908115,PRR15,0.9425695811174091,0
AP1M2,0.9425695811174091,0.6016804944951468,-0.0032352255856138976,-0.25770099496152804,0.01478687111420965,0.3700814331867295,PRRC2B,0.9425695811174091,0
UBE2H,0.9425695811174091,0.6018330710986878,-0.003428847760848837,-0.25809638324820006,0.014679955964790117,0.3634985972703355,PRRC2C,0.9425695811174091,0
SCYL2,0.9425695811174091,0.6021158746845947,-0.003403818853121835,-0.2588293495955523,0.014853548966304815,0.3725364972423723,PRRG1,0.9425695811174091,0
RALYL,0.9425695811174091,0.6038409363522286,-0.003925551649224139,-0.2633033682949426,0.014909362563005324,0.37042089410469003,PSMA2,0.9425695811174091,0
CHD1L,0.9425695811174091,0.6039708916993681,-0.0034147625809908774,-0.2636406253175351,0.014899747954048,0.36950185549473363,PSMA3,0.9425695811174091,0
CTDP1,0.9425695811174091,0.6043684466341318,-0.0036289833081807415,-0.26467253681023095,0.01490214637207438,0.3684467521644507,PSMA6,0.9425695811174091,0
STAT4,0.9425695811174091,0.6050067191351745,-0.003710753915688195,-0.2663298558349948,0.01486673376629739,0.36462445216300854,PSMA8,0.9425695811174091,0
LSM2,0.9425695811174091,0.605081879472362,-0.003377991948774574,-0.26652506295236283,0.014894309866450474,0.3659078146432045,PSMB10,0.9425695811174091,0
YARS2,0.9425695811174091,0.6055571314560886,-0.0033283141475425604,-0.2677596272761247,0.01486951440906019,0.3631704589760758,PSMB3,0.9425695811174091,0
PSMB5,0.9425695811174091,0.6067581085979792,-0.003975378789788409,-0.27088123551376386,0.014922401657709708,0.36254154493084134,PSMB5,0.9425695811174091,0
NAT14,0.9425695811174091,0.6076741922416367,-0.0034081907594473754,-0.27326411612804496,0.014931488455945071,0.36039882613876595,PSMB8,0.9425695811174091,0
ZC3H7B,0.9425695811174091,0.6077843671678811,-0.0035659704006722097,-0.27355080308703594,0.015088268408016055,0.36829237357012207,PSMB9,0.9425695811174091,0
EEF2K,0.9425695811174091,0.6079861923556372,-0.003521221360328807,-0.27407603218471494,0.014931985233489516,0.3595383828551837,PSMC3,0.9425695811174091,0
PWP2,0.9425695811174091,0.6082024694326538,-0.003509451716496971,-0.2746389547652397,0.015126929939605792,0.36906794471098264,PSMC3IP,0.9425695811174091,0
ACTR3B,0.9425695811174091,0.608777024238616,-0.0039037530441267437,-0.27613482031213415,0.014993252766073181,0.3604978138764961,PSMC5,0.9425695811174091,0
USP26,0.9425695811174091,0.6097204457088868,-0.00421053675371638,-0.27859238061822955,0.014948073963786373,0.3555152843117139,PSMC6,0.9425695811174091,0
SP140,0.9425695811174091,0.6104171872726774,-0.003394712099372188,-0.2804084335101044,0.01469892562353281,0.34073387397773747,PSMD10,0.9425695811174091,0
VRTN,0.9425695811174091,0.6114531941124999,-0.003312977665147981,-0.28311049230370205,0.014686358230172641,0.3374244855231777,PSMD12,0.9425695811174091,0
SF3B3,0.9425695811174091,0.6126825178656673,-0.003990084769562782,-0.2863194356845398,0.015125125511149778,0.3562682832532393,PSMD14,0.9425695811174091,0
CUL2,0.9425695811174091,0.6129343936866799,-0.0032904117080842137,-0.2869772782604226,0.014664374829350067,0.3325943346618352,PSMD3,0.9425695811174091,0
DHX16,0.9425695811174091,0.6131193447032046,-0.0038703834085838883,-0.28746040748627805,0.015230976651713954,0.3602399170993588,PSMD4,0.9425695811174091,0
AZU1,0.9425695811174091,0.6134430208235528,-0.004068767726967425,-0.2883060761313901,0.01517372482746534,0.35656166015525065,PSMD5,0.9425695811174091,0
PROSER2,0.9425695811174091,0.6135898078376302,-0.0038228087332318546,-0.2886896545136539,0.01494447514780095,0.3449186912969168,PSMD6.AS2,0.9425695811174091,0
GATC,0.9425695811174091,0.6139806871215686,-0.0039543262621145395,-0.2897112931225712,0.015304719084932552,0.3613988354004611,PSMD8,0.9425695811174091,0
PSME4,0.9425695811174091,0.6144527457417286,-0.003623136291417168,-0.2909455129783321,0.015074420936858365,0.3490116933290064,PSMD9,0.9425695811174091,0
ATP5L2,0.9425695811174091,0.6148052305726774,-0.003937404606708728,-0.29186739044929016,0.015133389465872046,0.35092478437589525,PSME2,0.9425695811174091,0
LARP6,0.9425695811174091,0.6152234354881219,-0.003666229874339997,-0.29296147200872097,0.01519242194278842,0.35263553943191844,PSME4,0.9425695811174091,0
POLDIP3,0.9425695811174091,0.6152305247990266,-0.003890246219700549,-0.29298002164018877,0.015170461368129828,0.35156786540030555,PSMG1,0.9425695811174091,0
PSMD9,0.9425695811174091,0.6154316976160641,-0.004552228482963437,-0.2935064451200646,0.015401905112362082,0.3619643039608162,PSPH,0.9425695811174091,0
CDK14,0.9425695811174091,0.6156366723717626,-0.003975484930784619,-0.2940429010814369,0.015253052536199697,0.3544041907890846,PTBP2,0.9425695811174091,0
MAN2C1,0.9425695811174091,0.6165025431061251,-0.003816943183934216,-0.29630997726372416,0.01499834959292636,0.34004091872434733,PTCD1,0.9425695811174091,0
TULP1,0.9425695811174091,0.617627330599889,-0.00428515096421803,-0.2992572430087528,0.015357370432554123,0.3539235347625863,PTDSS2,0.9425695811174091,0
CD40,0.9425695811174091,0.6184797763481289,-0.003850583766513857,-0.3014926267947148,0.015434992870160636,0.3551836294923938,PTENP1,0.9425695811174091,0
NSMCE1,0.9425695811174091,0.6192715475152677,-0.004399883669302208,-0.30357025270949173,0.015456619267567494,0.3540463856543823,PTGES3L,0.9425695811174091,0
HNRNPC,0.9425695811174091,0.6193072048258994,-0.0038578256595651473,-0.3036638490955144,0.01535044981858391,0.3491737318170155,PTK6,0.9425695811174091,0
TMEM231,0.9425695811174091,0.6196227947389181,-0.004294821163581532,-0.3044923528132528,0.015383779977948401,0.3498518787881623,PTMS,0.9425695811174091,0
SASH1,0.9425695811174091,0.6196979155886028,-0.0039230388261273594,-0.3046895949129853,0.01536938443700238,0.34900909742201897,PTP4A3,0.9425695811174091,0
RTN4IP1,0.9425695811174091,0.6197283831917785,-0.004359247680685571,-0.30476959597592734,0.015389435649508202,0.3498300567314681,PTPN11,0.9425695811174091,0
ARF1,0.9425695811174091,0.6202799974211501,-0.0038477792281496996,-0.3062183486495396,0.015319111208456008,0.3452499431420478,PTPN12,0.9425695811174091,0
SSR2,0.9425695811174091,0.6208438006209565,-0.004099306376149112,-0.3076997787964778,0.015511686784883554,0.3523367619901544,PTPN2,0.9425695811174091,0
SRSF7,0.9425695811174091,0.6211478446883092,-0.004429468626889268,-0.30849895482826906,0.015610535777038415,0.3558523218821096,PTPN20B,0.9425695811174091,0
FAM78A,0.9425695811174091,0.6213318295500384,-0.004028881966410117,-0.3089826524144903,0.015589057509199953,0.35443167770432654,PTPN7,0.9425695811174091,0
GPC1,0.9425695811174091,0.6215516617600751,-0.003964279170010002,-0.3095606877672958,0.015533282981797649,0.35142786939449183,PTPRB,0.9425695811174091,0
WDR52,0.9425695811174091,0.6224148345991137,-0.00392951614534432,-0.3118313507300077,0.015604424961747765,0.3522504958825252,PTPRCAP,0.9425695811174091,0
TRIP13,0.9425695811174091,0.6227445431011934,-0.004553409005787508,-0.31269910600572853,0.015392126810613735,0.34223032928369135,PUM1,0.9425695811174091,0
ANKRD44.IT1,0.9425695811174091,0.6236271571856304,-0.004351529788194891,-0.3150232072096539,0.015623363430338742,0.3499120647622399,PUM2,0.9425695811174091,0
MIER2,0.9425695811174091,0.6237409157814235,-0.004311628152773213,-0.3153228801415309,0.015438762915451692,0.3417514519321593,PURA,0.9425695811174091,0
DDX10,0.9425695811174091,0.624473497514278,-0.004304555320265039,-0.31725339142176606,0.01563917370943834,0.34840526401177374,PWP2,0.9425695811174091,0
SPDEF,0.9425695811174091,0.6251995693081958,-0.004285816908496005,-0.31916791497216246,0.015672773987289862,0.3479555945873007,PWWP2B,0.9425695811174091,0
APEX2,0.9425695811174091,0.6258262697486959,-0.004122875207856444,-0.3208213547049632,0.01555868908548527,0.34163248140309804,PXN.AS1,0.9425695811174091,0
MBTPS2,0.9425695811174091,0.6259609452830119,-0.004411349634728076,-0.32117678696678653,0.015610331236107987,0.34344296894405285,QDPR,0.9425695811174091,0
RPL18A,0.9425695811174091,0.6265240084606823,-0.00420130008157573,-0.3226632491788901,0.015537933317819835,0.339051430392861,QRICH2,0.9425695811174091,0
BRD7,0.9425695811174091,0.6276398219011793,-0.0041268451212651755,-0.32561105917773514,0.015554306453709907,0.3370092836778145,R3HDM4,0.9425695811174091,0
PPP1R9A,0.9425695811174091,0.6292966312340749,-0.004684901183063803,-0.32999333249975255,0.015584829049308219,0.33426856489487705,RAB11B,0.9425695811174091,0
IKBIP,0.9425695811174091,0.6293684134625386,-0.004850428733081302,-0.33018333974396386,0.015657313204158738,0.3369963142206112,RAB15,0.9425695811174091,0
DENND5B,0.9425695811174091,0.6294300456952596,-0.004274056649749617,-0.3303464895057708,0.015742201730014074,0.3402245624654062,RAB20,0.9425695811174091,0
TTC18,0.9425695811174091,0.6299038403257304,-0.004673664863333263,-0.33160098897592705,0.01582109775473915,0.34217824246252043,RAB23,0.9425695811174091,0
SCAI,0.9425695811174091,0.6307005938479964,-0.004207578372786387,-0.33371178793065587,0.01572647061774013,0.3365306254421805,RAB36,0.9425695811174091,0
ZNHIT1,0.9425695811174091,0.6320604190246047,-0.004268889543418074,-0.3373177473007262,0.015385382156552005,0.32001567870054354,RAB3IL1,0.9425695811174091,0
CHUK,0.9425695811174091,0.6324982804970791,-0.004400326316372481,-0.3384797922235436,0.016023940301643554,0.3436154590133504,RAB5B,0.9425695811174091,0
RNF17,0.9425695811174091,0.6329593104489313,-0.004239929246049005,-0.33970381842932135,0.01586031580061915,0.3363007368750135,RAB5C,0.9425695811174091,0
YBX2,0.9425695811174091,0.632987538675335,-0.0043839848719563115,-0.3397787803809334,0.015917693058447455,0.3384097405900976,RAB6A,0.9425695811174091,0
KBTBD3,0.9425695811174091,0.6338913847832208,-0.004658031863420343,-0.34218001664059866,0.01568244795118631,0.3273651890570175,RAB6B,0.9425695811174091,0
MB,0.9425695811174091,0.63405890455512,-0.004472289349368888,-0.34262528064906567,0.015592513826143052,0.32356653813493663,RAB8A,0.9425695811174091,0
BARD1,0.9425695811174091,0.634248166294837,-0.004806135984329926,-0.3431284160933343,0.015992041221976824,0.33817765293586327,RAB8B,0.9425695811174091,0
IMP3,0.9425695811174091,0.6343096554875868,-0.004013290648145951,-0.34329189831507134,0.015663811017674993,0.32570716458820426,RAB9A,0.9425695811174091,0
TOP3A,0.9425695811174091,0.6344571295692777,-0.004450099771795455,-0.3436840272303383,0.015867835952165024,0.3330476439528126,RABEP2,0.9425695811174091,0
SRP14.AS1,0.9425695811174091,0.6351632557294438,-0.004970303472650606,-0.34556232806616183,0.01589623874267354,0.33245603945945096,RABGAP1L,0.9425695811174091,0
CASC4,0.9425695811174091,0.6353838127450633,-0.004815045383865501,-0.3461492610194297,0.01565712351719114,0.32304204143532234,RABGGTA,0.9425695811174091,0
UBE3C,0.9425695811174091,0.6354342878649162,-0.004299045205353436,-0.34628359910924367,0.01592835390546012,0.333012102066085,RAC1,0.9425695811174091,0
UFSP1,0.9425695811174091,0.6356348629742251,-0.004576201146078337,-0.3468174858240957,0.015993132248373152,0.3349266376644047,RAC3,0.9425695811174091,0
NARS2,0.9425695811174091,0.6364219006854441,-0.004482874820288438,-0.3489133636371957,0.015693075751335078,0.3220706745798596,RAD21.AS1,0.9425695811174091,0
UBA5,0.9425695811174091,0.6366018024782052,-0.004436863845099023,-0.349392656244681,0.016002213153694444,0.332993784320834,RAD23B,0.9425695811174091,0
SF3B2,0.9425695811174091,0.6373423261846107,-0.005070527865221257,-0.35136639913114165,0.01621106247026239,0.33876187510026334,RAD50,0.9425695811174091,0
HECTD2,0.9425695811174091,0.6380068222866531,-0.0048731520861717195,-0.3531386688484573,0.016054107298890778,0.3316041826475375,RAG1,0.9425695811174091,0
C14orf169,0.9425695811174091,0.6380398565123251,-0.004887829982504855,-0.35322680294466563,0.016057405789230966,0.33164559955154244,RALGAPA1,0.9425695811174091,0
KDM3A,0.9425695811174091,0.6380714999488013,-0.004835738914832255,-0.3533112290395898,0.01601805131916057,0.3301661683512087,RALGDS,0.9425695811174091,0
MTMR6,0.9441565047617534,0.6396752987954,-0.004523201846059684,-0.35759355053073383,0.016061095036775004,0.3280337994913614,RALYL,0.9441565047617534,0
CHMP4B,0.9444420466867568,0.6423493974502177,-0.004196767774707775,-0.36474834583028115,0.015581556615065204,0.30557158429040937,RANBP1,0.9444420466867568,0
PITPNC1,0.9444420466867568,0.6436546233153039,-0.004963153080192327,-0.36824736704056643,0.016186155598941734,0.3234268072180747,RANBP17,0.9444420466867568,0
STAG3,0.9444420466867568,0.6436639364556238,-0.004813734159225241,-0.3682723496611871,0.01627545287449552,0.326392678993213,RANBP3L,0.9444420466867568,0
OTUD6A,0.9444420466867568,0.6443276420674936,-0.0049505873087787085,-0.3700533417227954,0.016292113487587155,0.3254665644494145,RANGAP1,0.9444420466867568,0
EIF4A1,0.9444420466867568,0.6447437267596988,-0.005335127809415535,-0.3711704646982868,0.016287386397628275,0.32438745129316027,RAP1B,0.9444420466867568,0
DIAPH1,0.9444420466867568,0.645304298220504,-0.004627389952937043,-0.3726762453327655,0.016313673487522017,0.3240131977038789,RAP2A,0.9444420466867568,0
BTBD10,0.9444420466867568,0.6453762632150017,-0.005036156825865264,-0.37286961545524133,0.016330384268188728,0.32440140171413456,RAP2C.AS1,0.9444420466867568,0
DDX19B,0.9444420466867568,0.6455328400905077,-0.00462525665563965,-0.37329038610108023,0.016330151394422506,0.3240479990762672,RAPGEF2,0.9444420466867568,0
TRA2B,0.9444420466867568,0.6462279929644198,-0.004876349839217615,-0.37515927708095964,0.01639839097956832,0.3247303056558122,RASSF4,0.9444420466867568,0
YTHDF3,0.9444420466867568,0.6464388654002822,-0.005339373544474177,-0.3757264581110474,0.016407847667658137,0.32456976657111863,RASSF6,0.9444420466867568,0
NUBP1,0.9444420466867568,0.6465021732529148,-0.004740417458407237,-0.37589676005902123,0.016349515278377736,0.32254732258592567,RBAK,0.9444420466867568,0
VAMP3,0.9444420466867568,0.6468052403944413,-0.004888229285185203,-0.3767121801191381,0.01638642938883217,0.323073637775638,RBBP5,0.9444420466867568,0
GOT1,0.9444420466867568,0.6472265192032155,-0.004868916894210726,-0.3778460720288896,0.016440605880106488,0.3238851163508131,RBBP7,0.9444420466867568,0
WBP2NL,0.9444420466867568,0.6472844537583942,-0.004775748229598923,-0.3780020436065026,0.01633253973670797,0.32029837422367446,RBBP8,0.9444420466867568,0
LASP1,0.9445843811093745,0.6508585443386934,-0.004945674457972864,-0.38764219657915355,0.016535630201740377,0.3189776813916534,RBM12B,0.9445843811093745,0
FBXO2,0.9445843811093745,0.6509680998721685,-0.005220991614837127,-0.38793825854423813,0.01624706083069419,0.30984919862527854,RBM17,0.9445843811093745,0
DPF3,0.9445843811093745,0.6512238891593974,-0.005037600468166827,-0.3886296338468599,0.01658124771792405,0.3195899043363973,RBM18,0.9445843811093745,0
PIGT,0.9445843811093745,0.6522487034124466,-0.005342518895373786,-0.3914014820028311,0.01666442253874954,0.3199092018525178,RBM23,0.9445843811093745,0
PDCD6IPP2,0.9445843811093745,0.6533812722171617,-0.005207963019979844,-0.39446828049383476,0.016714311884995735,0.31897436850713035,RBM24,0.9445843811093745,0
L3MBTL3,0.9445843811093745,0.6534614017948353,-0.005215095419041456,-0.3946853976524282,0.016564848218218676,0.3143552503797773,RBM26,0.9445843811093745,0
STAT6,0.9445843811093745,0.6535835815809047,-0.005661075405712748,-0.3950164888561714,0.016624818928685822,0.31588607381625433,RBM33,0.9445843811093745,0
NSMAF,0.9445843811093745,0.6537360465233608,-0.0052374068664161185,-0.395429709611173,0.016545171898114903,0.3131960810663141,RBM34,0.9445843811093745,0
GOSR1,0.9445843811093745,0.6549114358918714,-0.005337254573608806,-0.3986176031325786,0.01663529661065418,0.31341809116593244,RBM38,0.9445843811093745,0
FYTTD1,0.9445843811093745,0.655198000298648,-0.005568719111459607,-0.39939543710447584,0.016645185204407168,0.31311275095804897,RBM4,0.9445843811093745,0
PARL,0.9445843811093745,0.6557692347083444,-0.005980971179465884,-0.4009466847858873,0.01649922374850301,0.3076769959661033,RBM5.AS1,0.9445843811093745,0
PSMB10,0.9445843811093745,0.6558339892307135,-0.004874784046541536,-0.40112259339773254,0.01624733722156972,0.3001728400952682,RBMS1,0.9445843811093745,0
MBNL1.AS1,0.9445843811093745,0.6563194555580167,-0.005476440560215392,-0.4024417806847306,0.01669974586531255,0.3123758781520051,RBMS2,0.9445843811093745,0
AGPAT9,0.9445843811093745,0.6570457248968873,-0.005425702700763588,-0.4044166259533455,0.01681446681280191,0.3141600319858367,RBMX2,0.9445843811093745,0
BRAT1,0.9445843811093745,0.6576674028761504,-0.0052190788017432545,-0.40610832370156486,0.016782177458667755,0.31195413601780936,RCCD1,0.9445843811093745,0
DEPDC1,0.9445843811093745,0.6581965106569609,-0.005188609558842938,-0.40754903717888563,0.016769452397565783,0.31050813556242607,RCSD1,0.9445843811093745,0
PSMD10,0.9445843811093745,0.659004513978699,-0.005372170892151156,-0.40975079307334805,0.016457893910157173,0.30009779599105746,RCVRN,0.9445843811093745,0
NUP50.AS1,0.9445843811093745,0.6595975407776766,-0.005477179416443272,-0.4113680163809934,0.016775551892857034,0.30783470940276847,REEP6,0.9445843811093745,0
PSME2,0.9445843811093745,0.6597696723419834,-0.005210785290172216,-0.41183763189706474,0.01675459996040338,0.3069054962150091,RELB,0.9445843811093745,0
VPS37A,0.9445843811093745,0.6599250064857025,-0.004829133028086794,-0.41226149806356066,0.016389069856517672,0.29640298718824937,RERE,0.9445843811093745,0
VAPB,0.9445843811093745,0.6600963585427209,-0.005735271259782886,-0.41272915885665207,0.016897672381027663,0.31020646910516364,REV3L,0.9445843811093745,0
UFD1L,0.9445843811093745,0.6606163163926497,-0.005408398362542098,-0.41414880155326694,0.016687464170040796,0.30336214432638875,RFC2,0.9445843811093745,0
BSN,0.9445843811093745,0.6607604979828607,-0.00520267258233011,-0.414542608782908,0.01682118489889022,0.30675859528788935,RFX6,0.9445843811093745,0
PPP2CB,0.9445843811093745,0.660812824435996,-0.005647498001618512,-0.4146855453933204,0.016999551146628395,0.3115343833836122,RHOB,0.9445843811093745,0
PSMA8,0.9445843811093745,0.6610379815873482,-0.006154803744856687,-0.4153006885774657,0.01688897356125749,0.30805779593568994,RIC8B,0.9445843811093745,0
MRAP,0.9445843811093745,0.661423797207415,-0.00539445818919024,-0.4163551262077384,0.016898664363018776,0.30754475817306265,RING1,0.9445843811093745,0
CDC42BPA,0.9445843811093745,0.6617363896385182,-0.005327018241441679,-0.41720978374540235,0.016653659209411514,0.3002471746072391,RIPK1,0.9445843811093745,0
SEMA4F,0.9445843811093745,0.6622156345410646,-0.005440349106666336,-0.41852067731770876,0.01700963529424619,0.30894803876631965,RIPK2,0.9445843811093745,0
BAGE,0.9450984381326838,0.6634892706433858,-0.005949867540186971,-0.42200799963486085,0.017117788260397965,0.3092511430418705,RNF103,0.9450984381326838,0
RIC8B,0.9450984381326838,0.664039810505932,-0.0053071709107702526,-0.42351701157822136,0.0169895005242461,0.3047563791340575,RNF112,0.9450984381326838,0
RPL26L1,0.9450984381326838,0.6641662047000857,-0.005487982035268996,-0.4238635900138469,0.016990745131055522,0.3045388012641456,RNF115,0.9450984381326838,0
RBAK,0.9451281595429347,0.6647171688540887,-0.005606260974683465,-0.42537495346534687,0.016970080984983378,0.3029085612619085,RNF125,0.9451281595429347,0
CALR3,0.9477329783708368,0.6672157438528352,-0.005336437650542791,-0.4322411289658547,0.01703250978227545,0.29966181499982014,RNF168,0.9477329783708368,0
FBXW12,0.9477329783708368,0.6676122382690808,-0.005486370982007771,-0.43333257767026945,0.01701621040117667,0.29848342948011103,RNF17,0.9477329783708368,0
IRF2BP1,0.9477426905348146,0.6681506236692439,-0.005912625369213924,-0.4348154434326451,0.017088980638339493,0.2992939121464132,RNF207,0.9477426905348146,0
SETBP1,0.9480628535848373,0.6689080593436485,-0.005503932561814313,-0.43690325651864265,0.01711465941445239,0.2984838688599959,RNF216.IT1,0.9480628535848373,0
RANBP17,0.9486412477421537,0.6701401861091876,-0.006221686080446699,-0.44030359720381657,0.017279974825803634,0.3002150238403614,RNF222,0.9486412477421537,0
STL,0.9486412477421537,0.670380242375274,-0.0055533158008706455,-0.4409666801140846,0.01702199171375049,0.2933923436398967,RNF32,0.9486412477421537,0
ERBB3,0.9495081040896747,0.6715253613331911,-0.006530750219289207,-0.44413240146975413,0.017181726225298226,0.2951628480324072,RNF39,0.9495081040896747,0
BTF3L4,0.9502166317436332,0.6733271494785413,-0.005780049709413088,-0.44912254933296647,0.017099774086895475,0.28983759333315745,RNF40,0.9502166317436332,0
RAB9A,0.9502166317436332,0.6735936883929025,-0.0058585287929304305,-0.44986169051973995,0.0170895741768269,0.28910713710328917,RNF41,0.9502166317436332,0
WHSC1L1,0.9502166317436332,0.6736705614205503,-0.005924676845844553,-0.45007491337999805,0.017159981113256433,0.29064430249955975,RNF43,0.9502166317436332,0
RIPK1,0.9502166317436332,0.6747295112840532,-0.006132682463654412,-0.4530142131317686,0.017347450391448662,0.29311236212752995,RNF5,0.9502166317436332,0
MARCH8,0.9502166317436332,0.6754468240143257,-0.005945845314475539,-0.45500746383282875,0.017437448250111405,0.2938716250974225,RNF8,0.9502166317436332,0
MFGE8,0.9502166317436332,0.6763672813003463,-0.005810991771693793,-0.45756785977174497,0.017290805712598042,0.2887725340651343,RNMTL1,0.9502166317436332,0
ACAA2,0.9502166317436332,0.6764407365314806,-0.0059707406825519425,-0.457772316069594,0.01749439930157879,0.29332610921522095,RNPS1,0.9502166317436332,0
NDUFS2,0.9502166317436332,0.6765595841322485,-0.006459216671574445,-0.45810315864919876,0.017352999558805236,0.2898544810192944,RNU11,0.9502166317436332,0
IVD,0.9502166317436332,0.6768228392116737,-0.005917709388555186,-0.4588361748929047,0.017431400765742202,0.29117014994441015,RPA2,0.9502166317436332,0
DNAJC5B,0.950639849910106,0.6792803235671215,-0.006149458636906686,-0.46569084878186306,0.017384435974357567,0.285631263693287,RPL10L,0.950639849910106,0
NOP14.AS1,0.950639849910106,0.67938249249855,-0.005858693108108768,-0.4659763011973721,0.01747927336320692,0.28756387426581814,RPL12,0.950639849910106,0
GART,0.950639849910106,0.6798641696590162,-0.006091779236481344,-0.46732258355547557,0.017197185959674465,0.2804252614642497,RPL17,0.950639849910106,0
LAMP2,0.950639849910106,0.6800403647155955,-0.006154994016421519,-0.46781525833372845,0.017455728592863765,0.2858525908422445,RPL18A,0.950639849910106,0
HNRNPKP3,0.950639849910106,0.6807050189297819,-0.006094453425774592,-0.4696747812941964,0.017386197960810576,0.28313189630270047,RPL19P12,0.950639849910106,0
HNRNPK,0.950639849910106,0.680813469222424,-0.0060375702206115715,-0.4699783499275444,0.017466078386935868,0.28469526729623823,RPL23A,0.950639849910106,0
ADRBK2,0.950639849910106,0.6812699832610565,-0.006292055932123816,-0.471256676606263,0.017704097798545076,0.2890736178133313,RPL26L1,0.950639849910106,0
CREBRF,0.950639849910106,0.6815431321064442,-0.006266301366113928,-0.47202191392080894,0.01764942507694156,0.2873863420647437,RPL29,0.950639849910106,0
RBM18,0.950639849910106,0.6821377109674633,-0.006457356583024166,-0.47368860709931393,0.01746530621494864,0.28232762714989357,RPL31,0.950639849910106,0
PHKG1,0.950639849910106,0.6829107191262315,-0.006878997089436109,-0.47585743420504495,0.01757311130484944,0.28328297692063387,RPL31P11,0.950639849910106,0
RBBP8,0.950639849910106,0.6830519728523129,-0.006239731641989356,-0.47625399113709443,0.017601595348666125,0.28364209132796475,RPL37A,0.950639849910106,0
ADCY8,0.950639849910106,0.683522314966212,-0.0063986809936851735,-0.4775749741566842,0.017586015367981014,0.282475099749423,RPL38,0.950639849910106,0
NCOA4,0.9515638829446916,0.6847397903336379,-0.006438393366629463,-0.4809982053886532,0.017726788888492974,0.28329267044441964,RPL41,0.9515638829446916,0
HIPK1.AS1,0.9515638829446916,0.6852540805950555,-0.0060745627166140966,-0.4824459517018226,0.01742902807533232,0.27615406426713157,RPL6,0.9515638829446916,0
UBA2,0.9522371305244955,0.6865922633440908,-0.006489694777709579,-0.48621773939181234,0.018035359187815476,0.28636140312891417,RPN2,0.9522371305244955,0
IYD,0.9522371305244955,0.6872749802395283,-0.00627522912557648,-0.4881447026607818,0.017812736582094407,0.2805909078182913,RPP14,0.9522371305244955,0
CDKAL1,0.9522371305244955,0.688362330138389,-0.006343974182640229,-0.4912174897816497,0.017984117692090126,0.2821455447986018,RPS12,0.9522371305244955,0
CCT3,0.9522371305244955,0.6892944315677179,-0.006072404467349329,-0.49385524988908125,0.01754743059033751,0.2717733054370421,RPS13,0.9522371305244955,0
TBC1D21,0.9522371305244955,0.6894758020896078,-0.006842525427717148,-0.49436891058051713,0.01788651708299853,0.27823605499594517,RPS14P3,0.9522371305244955,0
TPM3P9,0.9522371305244955,0.6902064060708358,-0.006300811104900434,-0.4964393825305756,0.017723827753787894,0.2737529941170061,RPS16P5,0.9522371305244955,0
OCIAD2,0.9522371305244955,0.6904487109436773,-0.0063669978547661495,-0.4971265245126157,0.017936330434759524,0.2775366240725792,RPS19BP1,0.9522371305244955,0
LRPPRC,0.9522371305244955,0.6905153054521114,-0.0068365375840447485,-0.49731541813393415,0.018047502818336246,0.27960959868812363,RPS21,0.9522371305244955,0
ARHGEF7,0.9522371305244955,0.690545490615913,-0.006566361565036217,-0.4974010434240821,0.018059331074090926,0.27978917864908326,RPS25,0.9522371305244955,0
GTPBP6,0.9525278354023333,0.6913196365232921,-0.0066191531486071405,-0.4995982872070281,0.018079771129671185,0.2788338497017598,RPS3A,0.9525278354023333,0
TMEFF1,0.9525278354023333,0.6920272580637532,-0.006423992445324901,-0.5016088280930965,0.0180118956524028,0.2762876517346253,RPS6KA1,0.9525278354023333,0
CTCFL,0.9525278354023333,0.692358987482571,-0.007000787402300657,-0.5025520575995439,0.017946817112934294,0.2744608114206899,RPS6KA2,0.9525278354023333,0
AKAP8L,0.952783008663229,0.6930788346809916,-0.006451660626165154,-0.5046003898444881,0.018025086715937957,0.27473808097815505,RPS6KA4,0.952783008663229,0
CLK4,0.9531412246986636,0.6938739818613939,-0.006499762574496199,-0.5068654529605768,0.018152986684556758,0.27581176581390354,RPS6KB2,0.9531412246986636,0
AMH,0.9547439356551969,0.6955762043836796,-0.006865372344885871,-0.5117231938845016,0.018222389366434923,0.274195339633236,RPSA,0.9547439356551969,0
CLTCL1,0.9581660864753148,0.6999122646628442,-0.006755100573866405,-0.5241523919943164,0.01816674591114441,0.26593522503293093,RRAD,0.9581660864753148,0
CNPY1,0.9581660864753148,0.7001250657992824,-0.00753870167337043,-0.5247644543871279,0.018342919069739977,0.2687104805265841,RRP7A,0.9581660864753148,0
ARPC3,0.9581660864753148,0.700184981007242,-0.006877416264331579,-0.5249368190318987,0.01796291568466201,0.2618807815632598,RSC1A1,0.9581660864753148,0
MTFMT,0.9581660864753148,0.7027711763169429,-0.006707871671232293,-0.5323917842472612,0.01815169830886698,0.2610639421253641,RSL24D1,0.9581660864753148,0
EFCAB14.AS1,0.9581660864753148,0.7029995837348819,-0.0072016905476515215,-0.5330516095114334,0.018529214554560504,0.26718234167355753,RSRP1,0.9581660864753148,0
DNAJA3,0.9581660864753148,0.7031547690733806,-0.0075223630447837,-0.5335000426430335,0.018450578286723605,0.2655778675050506,RTDR1,0.9581660864753148,0
ARIH2,0.9581660864753148,0.7032073348616186,-0.006979096452914346,-0.5336519643126422,0.018560103499105324,0.2673668922013077,RTFDC1,0.9581660864753148,0
ZNF593,0.9581660864753148,0.7037284184171125,-0.007671277015716188,-0.5351586278023187,0.01848746073601891,0.2652667085054354,RTKN,0.9581660864753148,0
ATP5C1,0.9581660864753148,0.7055019212259764,-0.0073951807547736415,-0.5402956857594731,0.018277524901432758,0.2588739764471979,RTN4IP1,0.9581660864753148,0
ABRA,0.9581660864753148,0.7069090542420733,-0.00761360528861388,-0.5443816935396111,0.01863344949250628,0.2625219972475917,RUNX1.IT1,0.9581660864753148,0
STXBP4,0.9581660864753148,0.7077439793413074,-0.00744299149101568,-0.5468104331557899,0.018792195926400333,0.2637585254011546,RYK,0.9581660864753148,0
EIF2S3,0.9581660864753148,0.7079760038801013,-0.007041242263972886,-0.5474859490844971,0.01855902940071508,0.25958967076974365,S100A5,0.9581660864753148,0
WIPF2,0.9581660864753148,0.7082918928511759,-0.007033309294192476,-0.5484060296585047,0.018647771345882698,0.26052426512922805,SAP25,0.9581660864753148,0
COLGALT2,0.9581660864753148,0.7083719833179797,-0.007449901151473542,-0.5486393805845375,0.01879114482115236,0.26271540335673604,SAP30L,0.9581660864753148,0
UPF2,0.9581660864753148,0.7085415975184022,-0.007761343647434685,-0.5491336657933954,0.018747361964854038,0.26173235576811466,SARDH,0.9581660864753148,0
UBE2L6,0.9581660864753148,0.7087317033728255,-0.0068824722849246235,-0.5496878267481083,0.01849758216264555,0.2573986803061793,SARS2,0.9581660864753148,0
HPCA,0.9581660864753148,0.7087780929984442,-0.00679453196460197,-0.5498230787094405,0.018491607874030584,0.2572293418112959,SART3,0.9581660864753148,0
UQCRBP1,0.9581660864753148,0.7094715276072296,-0.007765642269600995,-0.551846033457693,0.018526870440275598,0.2567069237875344,SASH1,0.9581660864753148,0
ATXN1L,0.9581660864753148,0.7095128951497489,-0.007055232353238692,-0.5519667861973908,0.018449039143079805,0.2553991204331783,SASS6,0.9581660864753148,0
SRPRB,0.9581660864753148,0.7095474312157941,-0.0075469874228990584,-0.5520676038762548,0.01870576861318606,0.25944590033147596,SCAF4,0.9581660864753148,0
MECR,0.9581660864753148,0.7108449678259707,-0.007487574989959031,-0.5558594531843887,0.018737189257564815,0.2578775353799343,SCAF8,0.9581660864753148,0
CAP2,0.9581660864753148,0.711510860971552,-0.007354391906801833,-0.5578085268211472,0.018555896201003355,0.2539907212326719,SCAI,0.9581660864753148,0
USP50,0.9581660864753148,0.7122856389082113,-0.007481774768978993,-0.5600789778724445,0.018589519591235663,0.2533175588955481,SCAMP3,0.9581660864753148,0
STAU2,0.9581660864753148,0.7124431416089505,-0.007616585254713458,-0.5605408852385143,0.01872117855270069,0.25511109306443036,SCAMP4,0.9581660864753148,0
ARPC4,0.9581660864753148,0.713143564934423,-0.007517611910794824,-0.5625964642960014,0.018656995027031557,0.25303465636555716,SCP2D1,0.9581660864753148,0
DNM3,0.9581660864753148,0.7133880212010854,-0.007446896620160499,-0.5633144459592668,0.018542861289244674,0.25091307475609015,SCYL2,0.9581660864753148,0
FTSJ2,0.9581660864753148,0.7134036682458713,-0.0073947951963536755,-0.5633604120869046,0.018697044054607325,0.25324672467262604,SDHAF1,0.9581660864753148,0
RNF216.IT1,0.9581660864753148,0.7135383821549726,-0.008249247323850508,-0.5637562087101062,0.018636166105292812,0.25210898343634447,SDHAP1,0.9581660864753148,0
RPP14,0.9581660864753148,0.7136537088273798,-0.006758613449733871,-0.5640951147797847,0.018108323908946566,0.24392382169110638,SDHC,0.9581660864753148,0
CRTC3,0.9585761267140698,0.7144967315776773,-0.007656136089727487,-0.566574445713135,0.019181784927516925,0.25889590261953294,SDHD,0.9585761267140698,0
TRIM34,0.958841260378724,0.7152321235578816,-0.008317160758492525,-0.568740081784394,0.019007542997801427,0.25509946750403256,SEC14L1,0.958841260378724,0
SLC35A5,0.9603947308945086,0.7187640900581119,-0.007295310906712234,-0.5791787899380909,0.019018694890569766,0.2497788722479095,SEC16B,0.9603947308945086,0
SLC10A1,0.9603947308945086,0.7193627070146229,-0.00793060098696798,-0.5809542394643586,0.018850201292842646,0.24645142220713917,SEC24D,0.9603947308945086,0
EIF4G1,0.9603947308945086,0.7197927355846018,-0.00771033164933026,-0.58223080039974,0.0190709885718651,0.2489563890402498,SEC31B,0.9603947308945086,0
EIF3B,0.9603947308945086,0.7197981919404928,-0.007524448743879288,-0.5822470039532806,0.019126415106047498,0.24973872732250177,SEC61A2,0.9603947308945086,0
GTF3C2.AS1,0.9603947308945086,0.7199875128161046,-0.007111011390127846,-0.5828093184106479,0.018852948034095846,0.24555825707764375,SEC63,0.9603947308945086,0
BIN3,0.9603947308945086,0.7203235382012648,-0.007475128347315754,-0.58380782379546,0.019096354579595107,0.2485072254579761,SECISBP2,0.9603947308945086,0
GAPDHS,0.9603947308945086,0.721020812964817,-0.007665098942749171,-0.5858816482057857,0.018759888644587802,0.2427224024332134,SECISBP2L,0.9603947308945086,0
STAMBPL1,0.9603947308945086,0.721031120529603,-0.00793522434863023,-0.5859123236999649,0.01887424052321258,0.24431047017086496,SELM,0.9603947308945086,0
SSUH2,0.9603947308945086,0.7216925997185448,-0.007828897565388378,-0.5878820525716036,0.01899026189627856,0.2449511385312091,SELT,0.9603947308945086,0
ARHGDIG,0.9603947308945086,0.7217773075707468,-0.007878944404506663,-0.5881344572257599,0.0192581138964534,0.2485621209419959,SEMA4F,0.9603947308945086,0
SYK,0.9606799921303627,0.7225304932399419,-0.007534920765821026,-0.5903803816451791,0.01909935814968721,0.2452144153411212,SENP3,0.9606799921303627,0
FAH,0.9609253967054757,0.7232540002124219,-0.00819102419956758,-0.5925406149677324,0.019273312646221973,0.2465216399541967,SENP7,0.9609253967054757,0
TGS1,0.9615315499315104,0.7242495073236223,-0.007825019312863644,-0.5955175104103492,0.019141172462188844,0.24322487185476854,SEPHS1,0.9615315499315104,0
EIF4G3,0.9626686823606982,0.7263537400282291,-0.008868826491260496,-0.6018273155649496,0.019200542906437502,0.24091573756745727,SEPT3,0.9626686823606982,0
NOM1,0.9626686823606982,0.7265578867580972,-0.007734591076805359,-0.6024407480768128,0.019313871773329595,0.24211450078365856,SEPT7P2,0.9626686823606982,0
BCMO1,0.9626686823606982,0.726972870364057,-0.008704469786714708,-0.6036884155409439,0.019443794264393546,0.2432118675306418,SEPW1,0.9626686823606982,0
RRP7A,0.9626686823606982,0.7282832052115216,-0.00804710338071089,-0.6076341870895808,0.019333516528595374,0.23982859433657774,SERF1A,0.9626686823606982,0
CERS3,0.9626686823606982,0.729202561383578,-0.00839017348194231,-0.6104082710196579,0.019533300310914617,0.2410527415258046,SERF2.C15ORF63,0.9626686823606982,0
ZSWIM8.AS1,0.9626686823606982,0.7292384025886895,-0.00913365287798496,-0.6105165140528946,0.019366253575199836,0.23885391826017321,SERINC2,0.9626686823606982,0
KIAA0930,0.9626686823606982,0.7296911898282409,-0.008922437486301909,-0.6118845810666852,0.019210248114773468,0.23620671540972688,SERINC4,0.9626686823606982,0
KCTD19,0.9626686823606982,0.7310784155930464,-0.0077220818151299084,-0.6160831473761039,0.019652410856705004,0.23978778834217357,SERP2,0.9626686823606982,0
RPL19P12,0.9626686823606982,0.732032019392828,-0.008053885233860051,-0.61897562424904,0.019120052005761074,0.23177737662534317,SETBP1,0.9626686823606982,0
NUP153,0.9626686823606982,0.732059308074059,-0.007998852779753273,-0.6190584725944345,0.01958831218813328,0.2375430779692272,SETD3,0.9626686823606982,0
FLNB,0.9626686823606982,0.7321432950816227,-0.007548897156416466,-0.6193134835394872,0.019112715968022127,0.23153282513653325,SETD4,0.9626686823606982,0
NBR2,0.9626686823606982,0.7323118704692567,-0.007976306261888649,-0.6198254529812032,0.01970982142201087,0.23868393155932152,SETD6,0.9626686823606982,0
CAPN3,0.9626686823606982,0.7323464883892031,-0.008830550554715395,-0.6199306089400681,0.019347652885225358,0.2341446123439618,SETDB2,0.9626686823606982,0
TMEM50B,0.9626686823606982,0.7326648356497294,-0.008720861002556795,-0.6208979474409947,0.01966615484561358,0.23762396207379172,SETMAR,0.9626686823606982,0
FBXL4,0.9635220660440422,0.7338547199595117,-0.00799973139045627,-0.6245187221053933,0.019608569946714244,0.23518759269658676,SF3A1,0.9635220660440422,0
EIF2AK1,0.9635862836617056,0.7345706953982443,-0.007986181411407093,-0.6267013583640169,0.019688136730560028,0.23512016528414104,SF3A2,0.9635862836617056,0
POLR2C,0.9635862836617056,0.7351693797707677,-0.008642898994602842,-0.6285287296065871,0.01926916349196676,0.22924426922342683,SF3B1,0.9635862836617056,0
DENND1A,0.9635862836617056,0.7355685165365641,-0.009045534384914025,-0.6297481861393275,0.01936565858096764,0.2298391777950144,SF3B2,0.9635862836617056,0
PITPNA.AS1,0.9635862836617056,0.7368614286168581,-0.008098954186320279,-0.6337047878444272,0.019682546632616,0.23177210716356136,SF3B3,0.9635862836617056,0
RTDR1,0.9635862836617056,0.7370891448851452,-0.008723245477118587,-0.634402677742135,0.019587931480175035,0.2303393219733645,SF3B4,0.9635862836617056,0
OTUB2,0.9635862836617056,0.7376479768591746,-0.008661267153029312,-0.6361166607867959,0.019721320253460593,0.23111145555384455,SF3B5,0.9635862836617056,0
SASS6,0.9635862836617056,0.7381628629711872,-0.007820211710016182,-0.6376975140122069,0.019650920506240874,0.22956780941612445,SFR1,0.9635862836617056,0
RABEP2,0.9635862836617056,0.7388048129295842,-0.008298022253001976,-0.6396707262094768,0.020033849968232664,0.23308691287566072,SFT2D1,0.9635862836617056,0
NDRG4,0.9635862836617056,0.7398778657829209,-0.00881745541555375,-0.6429746285554793,0.019693608592070165,0.22766649863162078,SH3BP1,0.9635862836617056,0
HNRNPLL,0.9635862836617056,0.7401811476176293,-0.008036708931961444,-0.6439096976213045,0.020142321410600607,0.2323412955772,SH3GLB2,0.9635862836617056,0
ATG14,0.9635862836617056,0.7408384399373231,-0.00871870499068971,-0.6459381762559537,0.019830349498547267,0.22787377477403664,SH3PXD2A,0.9635862836617056,0
INPP4B,0.9635862836617056,0.7424035183806987,-0.00855456160977208,-0.6507789274189162,0.02017454406029039,0.2295120893971075,SHC2,0.9635862836617056,0
RAB3IL1,0.9635862836617056,0.7425881536772592,-0.008973199753336738,-0.6513510048363833,0.019430750609683384,0.22107577638596995,SHISA6,0.9635862836617056,0
RPS14P3,0.9635862836617056,0.7438139258822966,-0.00916965123148764,-0.6551543840544451,0.019702102303055767,0.22237798646351944,SHMT1,0.9635862836617056,0
BPY2,0.9635862836617056,0.74474183677736006,-0.008582421723890796,-0.6580398592113745,0.020119681357212642,0.22561353545917462,SIKE1,0.9635862836617056,0
GOPC,0.9635862836617056,0.7449411473405089,-0.009420789489904146,-0.6586603593033835,0.020183942704784383,0.2260280419538073,SIL1,0.9635862836617056,0
MLXIPL,0.9635862836617056,0.7451921919864418,-0.008834708071392278,-0.6594422807013106,0.020228486302935316,0.2261553285370849,SIN3B,0.9635862836617056,0
DNMT3A,0.9635862836617056,0.747899855867161,-0.009342537728469916,-0.6679015876242884,0.020218124904652898,0.22228466922149387,SIRT3,0.9635862836617056,0
CMTR2,0.9635862836617056,0.7481012885858209,-0.008203743626789743,-0.6685328122110852,0.02001799546890725,0.2199376559231473,SKP1P2,0.9635862836617056,0
GNB2L1,0.9635862836617056,0.7487132099324316,-0.008968821466533008,-0.6704520109846376,0.020226139105752602,0.22125266368146715,SLAMF1,0.9635862836617056,0
TBL1Y,0.9635862836617056,0.7494902276580611,-0.009157198477014631,-0.6728925747464322,0.020224434459504802,0.220176131320948,SLC10A1,0.9635862836617056,0
ZNF76,0.9635862836617056,0.7503493320109796,-0.009097058324538219,-0.6755956417994577,0.02023492728797722,0.21911818483575635,SLC12A7,0.9635862836617056,0
USP11,0.9635862836617056,0.7510235869542032,-0.008987344679155284,-0.6777205645831361,0.019908127578522696,0.21495983260704163,SLC25A30,0.9635862836617056,0
DCAF11,0.9635862836617056,0.752188139035942,-0.008954383933819378,-0.6813978929100586,0.02007140654481546,0.21504388919343964,SLC25A47,0.9635862836617056,0
MCTP1,0.9635862836617056,0.7523722028766975,-0.009047678075698364,-0.6819799577563191,0.020285967110187476,0.216906703774128,SLC25A5.AS1,0.9635862836617056,0
CMPK2,0.9635862836617056,0.7527206840762534,-0.008878297024928403,-0.6830825927992907,0.020296556817142555,0.2165449538144534,SLC30A6,0.9635862836617056,0
MCMDC2,0.9635862836617056,0.7528274878372034,-0.008596647346612474,-0.6834206985990255,0.020084472687784478,0.21433412924744358,SLC35A5,0.9635862836617056,0
SRPK3,0.9635862836617056,0.7529153041441607,-0.00924795426790527,-0.6836987548627852,0.020526716424466733,0.21854211762428097,SLC35E2,0.9635862836617056,0
CNP,0.9635862836617056,0.7531062123214862,-0.008819719415208038,-0.6843034174756729,0.02047485450033243,0.21777361862572242,SLC38A3,0.9635862836617056,0
DKFZP434A062,0.9635862836617056,0.7539475294616096,-0.008723746535942125,-0.6869711053411458,0.020408785499427793,0.21599799558865398,SLC39A8,0.9635862836617056,0
SND1.IT1,0.9635862836617056,0.7541315038416629,-0.00850547955959728,-0.6875551112833027,0.020326817628620007,0.21496168506756072,SLC3A1,0.9635862836617056,0
RPL38,0.9635862836617056,0.7542558344436285,-0.009037223937250897,-0.6879499175901318,0.020318416542966105,0.21471632680562108,SLC40A1,0.9635862836617056,0
RNF103,0.9635862836617056,0.755050198160164,-0.008451573599622418,-0.6904749213367662,0.020471900202884474,0.21513175452484962,SLC44A3,0.9635862836617056,0
SP4,0.9635862836617056,0.7553685933280844,-0.009051172873239935,-0.6914882242160754,0.0204901253723686,0.21488090081835357,SLC4A2,0.9635862836617056,0
NDUFAB1,0.9635862836617056,0.7553867960813097,-0.008770529439888774,-0.691546176516622,0.020452174609729746,0.21449551012713428,SLU7,0.9635862836617056,0
TOP1MT,0.9635862836617056,0.757646616691932,-0.008807001091918641,-0.6987589570221207,0.02061263558134442,0.21300277233870998,SMAD3,0.9635862836617056,0
RNF112,0.9635862836617056,0.7583104016805748,-0.009687920941821433,-0.7008845010713237,0.020545505220909543,0.21150755159045231,SMAD5,0.9635862836617056,0
SUFU,0.9635862836617056,0.7587604801744308,-0.008811947243055354,-0.7023275262714423,0.02057878941599234,0.21122200895349652,SMARCA4,0.9635862836617056,0
PLEKHM3,0.9635862836617056,0.7592197384147834,-0.009528846311403735,-0.7038014923490699,0.020712883777292062,0.2118410445333777,SMARCA5,0.9635862836617056,0
NCKAP5,0.9635862836617056,0.7592551153996882,-0.00874934596363333,-0.7039150964056717,0.019789610996603552,0.2035380572246807,SMARCA5.AS1,0.9635862836617056,0
IPO9.AS1,0.9635862836617056,0.7594908792515136,-0.009510711537884192,-0.7046724233410135,0.020720539831062985,0.2115522321660546,SMARCC2,0.9635862836617056,0
FAF2,0.9635862836617056,0.7597664180489437,-0.009810269904467704,-0.7055580289489733,0.02034096471389414,0.207774126289622,SMARCD1,0.9635862836617056,0
RBM23,0.9635862836617056,0.7603931164485156,-0.009277049177683069,-0.7075743561245788,0.020928902048148658,0.21224068942096314,SMARCD2,0.9635862836617056,0
GMPS,0.9635862836617056,0.7606142910619695,-0.008554633951403772,-0.708286645917018,0.020152547472984277,0.20504248563769695,SMARCD3,0.9635862836617056,0
NOS1,0.9635862836617056,0.7613402899267007,-0.0090450967117322,-0.7106272461709718,0.0206956927660753,0.20890394255747666,SMC1A,0.9635862836617056,0
TRABD,0.9635862836617056,0.7613719379776398,-0.009096005693737934,-0.7107293671270278,0.020874284407828392,0.2104493464420289,SMC5.AS1,0.9635862836617056,0
STARD7.AS1,0.9635862836617056,0.7616864640874977,-0.009120428515895123,-0.7117446735394322,0.02091455370302356,0.21039164697295937,SMCO2,0.9635862836617056,0
SEC16B,0.9635862836617056,0.7640204438259907,-0.008983766981499672,-0.7193019617782481,0.020802399908524984,0.20636456986606175,SMCR9,0.9635862836617056,0
HPS3,0.9635862836617056,0.7642255126209845,-0.009499903169607119,-0.7199679236255463,0.021073438546780298,0.2084301231491523,SMEK2,0.9635862836617056,0
MAU2,0.9635862836617056,0.7642722984143373,-0.010474470160402972,-0.7201199054381178,0.02097163518746982,0.20749198560754734,SMEK3P,0.9635862836617056,0
ACTBL2,0.9635862836617056,0.7644717033437828,-0.008340393128393794,-0.7207678511565938,0.020459826230200994,0.20288467776136376,SMG7.AS1,0.9635862836617056,0
ZNF385A,0.9635862836617056,0.7645276253626085,-0.00908402163552178,-0.7209496183131561,0.021021999000233025,0.20759074563798766,SMIM13,0.9635862836617056,0
MARCH7,0.9635862836617056,0.7659636654257935,-0.009330549109808343,-0.7256254727458245,0.02107037376660123,0.2061285025890673,SMUG1,0.9635862836617056,0
KAT6A,0.9635862836617056,0.7659692537837621,-0.009831311759035472,-0.7256436998179466,0.021005807429457533,0.2055773336992017,SNAP25,0.9635862836617056,0
LRRC48,0.9635862836617056,0.7671404277313806,-0.010028513760878995,-0.7294689570720833,0.02093223760096697,0.2034599970510438,SND1.IT1,0.9635862836617056,0
BAZ1B,0.9635862836617056,0.7671428562222695,-0.009450921251285677,-0.7294769000251823,0.0209536127865427,0.2036335213354388,SNRNP25,0.9635862836617056,0
ACSL6,0.9635862836617056,0.7689706472458984,-0.010169800651629576,-0.7354682492150775,0.02109095282009428,0.20242485844986285,SNRPB2,0.9635862836617056,0
PPP2R5D,0.9635862836617056,0.7691018345690486,-0.010042507600645768,-0.7358992850946354,0.021493591021009832,0.20553603474064927,SNRPE,0.9635862836617056,0
MATK,0.9635862836617056,0.769414560356249,-0.009720566458733022,-0.7369273451019402,0.020985194290361556,0.2010093196744015,SNX1,0.9635862836617056,0
RAB8B,0.9635862836617056,0.7696371339185614,-0.010261321753662477,-0.737659511835377,0.020912320019170264,0.20014724377426021,SNX10,0.9635862836617056,0
PSMC3,0.9635862836617056,0.7697231557895952,-0.010249037292688765,-0.7379425909941844,0.020762792862575208,0.1988536241932202,SNX15,0.9635862836617056,0
UGGT2,0.9635862836617056,0.7698251225608652,-0.010251270415363348,-0.7382782179436801,0.020979284723262145,0.20044580258879963,SNX18,0.9635862836617056,0
GNB3,0.9635862836617056,0.7703649851520381,-0.009792012561661305,-0.7400565812618335,0.020183994036034682,0.19361343101895898,SNX30,0.9635862836617056,0
TFDP2,0.9635862836617056,0.7708901866986355,-0.00935106246056969,-0.7417888984722248,0.02063925480195226,0.19646539565360222,SNX7,0.9635862836617056,0
GAR1,0.9635862836617056,0.7719871093783872,-0.009443899099712065,-0.7454141744151486,0.021393323368830753,0.20098119754188173,SORBS1,0.9635862836617056,0
CFLAR.AS1,0.9635862836617056,0.772296385903996,-0.00952132820176123,-0.746438089177502,0.021229245000274028,0.19930483096873308,SP100,0.9635862836617056,0
ZNF208,0.9635862836617056,0.7735789392035897,-0.010079371028489988,-0.750692592847409,0.02151327103274893,0.19987697999956267,SP110,0.9635862836617056,0
EHMT1.IT1,0.9635862836617056,0.7739718245833893,-0.01079171224094111,-0.7519985976101031,0.021426808418996936,0.19871176037962757,SP140,0.9635862836617056,0
NFYC.AS1,0.9635862836617056,0.7739961371854414,-0.01072048151581851,-0.7520794581615119,0.02137917309374505,0.19831655815390561,SP3,0.9635862836617056,0
FAM78B,0.9635862836617056,0.7740230503954576,-0.009849052389343034,-0.752168973731674,0.021282433603050953,0.1975448947552007,SP4,0.9635862836617056,0
NCOR1P1,0.9635862836617056,0.7744290289523008,-0.00980077433962224,-0.7535200242312673,0.020974518290361056,0.19472386519047094,SPATA13.AS1,0.9635862836617056,0
MTCH2,0.9635862836617056,0.7744482778984241,-0.009743552581706009,-0.7535841166831122,0.021622946147333757,0.19960596425681565,SPDEF,0.9635862836617056,0
SMCO2,0.9635862836617056,0.7745153448896421,-0.009668280044148107,-0.7538074511692167,0.021251361740819034,0.19669510626497314,SPG20,0.9635862836617056,0
OSBP2,0.9635862836617056,0.7751861789011822,-0.01003416454567722,-0.7560434156849053,0.021514286416594294,0.19783892373710224,SPIN1,0.9635862836617056,0
ARRDC1,0.9635862836617056,0.7757770782278617,-0.010719810999767161,-0.758016084641089,0.02136967401784432,0.19601174699923116,SPOPL,0.9635862836617056,0
ARIH2OS,0.9635862836617056,0.7762960184823244,-0.010162054300915492,-0.7597509600577887,0.0214311168352892,0.19582176508525484,SPR,0.9635862836617056,0
UBA6,0.9635862836617056,0.7765558198768452,-0.009898257569662115,-0.7606203646380688,0.021322543952259656,0.1946976167738529,SPTLC2,0.9635862836617056,0
ELF5,0.9635862836617056,0.7780193133935605,-0.009992496397512481,-0.7655286180619744,0.021613605811891513,0.19500976507747633,SRA1,0.9635862836617056,0
CERKL,0.9635862836617056,0.7787858042291247,-0.009622288093864801,-0.7681066395746553,0.02154961821078045,0.1935922114831222,SRCIN1,0.9635862836617056,0
GOSR2,0.9635862836617056,0.7788483317725031,-0.009919281477423532,-0.768317170375588,0.021070639167238635,0.1901131807363497,SREK1,0.9635862836617056,0
HSPA1A,0.9635862836617056,0.7801985809698626,-0.009930640406931783,-0.7728718150379075,0.02153553101089397,0.19175208245025516,SRFBP1,0.9635862836617056,0
KDM4D,0.9635862836617056,0.7803928742818943,-0.010346838669839297,-0.7735285222510104,0.02165343209524714,0.192344258747022,SRP14.AS1,0.9635862836617056,0
BMS1P17,0.9635862836617056,0.7806952173112395,-0.009848896484689654,-0.7745510992137572,0.020580442183896965,0.1846586742777885,SRP72,0.9635862836617056,0
OXCT1,0.9635862836617056,0.7808041954266638,-0.009707079011702624,-0.7749198808601044,0.021571545427425412,0.19126325051934184,SRP9,0.9635862836617056,0
MAN2B2,0.9635862836617056,0.7809777949362913,-0.009780971615757866,-0.7755075588955094,0.021518206865450553,0.19067949669390016,SRPK1,0.9635862836617056,0
RNF41,0.9635862836617056,0.7815914567985465,-0.011127381010611283,-0.7775871095682856,0.021876512497179024,0.19242441495684384,SRPK3,0.9635862836617056,0
CREB3,0.9635862836617056,0.7822053455814695,-0.01058715614892168,-0.7796707992747701,0.021848866158743676,0.19146842501745004,SRPRB,0.9635862836617056,0
PPM1D,0.9635862836617056,0.7825385037771057,-0.009792356403415976,-0.7808030383387115,0.021620464856698534,0.18948787455582503,SRRM2,0.9635862836617056,0
RPS19BP1,0.9635862836617056,0.7826826742051948,-0.010097785825623864,-0.7812933123312594,0.021691944621105234,0.1898009173402532,SRRM2.AS1,0.9635862836617056,0
ARHGEF10,0.9635862836617056,0.782942977518728,-0.010394183386200651,-0.7821789902926736,0.021616390455165394,0.1889699104245756,SRSF10,0.9635862836617056,0
FBXW10,0.9635862836617056,0.7849950636997483,-0.009810249836224978,-0.7891828061598475,0.021673926811346507,0.18688349343009555,SRSF11,0.9635862836617056,0
TMEM44,0.9635862836617056,0.7852697320196038,-0.01112735358933244,-0.7901231921452457,0.021478778371698575,0.18527902133820695,SRSF3,0.9635862836617056,0
NAA60,0.9635862836617056,0.7855425881661959,-0.010656655749725052,-0.7910580661099104,0.02235530031174789,0.19075666442025196,SRSF4,0.9635862836617056,0
ZDHHC4,0.9635862836617056,0.7857409891768244,-0.010913687402084437,-0.7917382723526275,0.02114716572969469,0.1826109605503826,SRSF6,0.9635862836617056,0
ANXA13,0.9635862836617056,0.7858992423201032,-0.01096841912051525,-0.7922810967238936,0.022158377193138196,0.18899321701114882,SRSF7,0.9635862836617056,0
MARK2P9,0.9635862836617056,0.786122162610774,-0.011438809444634707,-0.7930461322798994,0.0219801063770852,0.1875392277734478,SRSF8,0.9635862836617056,0
CNTROB,0.9635862836617056,0.7867406200329159,-0.01016005003134325,-0.7951710383633857,0.021883637228352598,0.1861583240135085,SRXN1,0.9635862836617056,0
PCBP2.OT1,0.9635862836617056,0.7868657481836474,-0.009921917216958752,-0.7956013924337629,0.022058047062008562,0.1871429308287624,SS18L1,0.9635862836617056,0
BIRC3,0.964180382374364,0.7878916528992981,-0.010430042890358678,-0.7991353681285994,0.021659529991217456,0.18335479022973375,SSBP2,0.964180382374364,0
MAPK10,0.96440648243288,0.788622795375395,-0.011424314851613411,-0.8016600667688715,0.021742780968140023,0.18301881761814984,SSR2,0.96440648243288,0
B4GALT1.AS1,0.96440648243288,0.7894470660404951,-0.010782337143440655,-0.804512487140571,0.021688400175384096,0.18171724058875247,SSR3,0.96440648243288,0
ACAP3,0.96440648243288,0.7899175484363052,-0.010788443418708984,-0.8061435473435136,0.02216443586982212,0.18412058032006196,SSSCA1,0.96440648243288,0
ACTR10,0.96440648243288,0.7908790989024979,-0.010374138876406657,-0.8094837240452405,0.02224735304614772,0.18347811915167783,SSUH2,0.96440648243288,0
MAPRE2,0.96440648243288,0.7914615894024649,-0.010460730052816412,-0.8115115438424338,0.022172967824244296,0.18231999593252457,ST13P4,0.96440648243288,0
ATP6V0E2,0.96440648243288,0.7921904395261914,-0.010423745085064193,-0.814053594398663,0.022271020423274494,0.18204744230166567,STAG3,0.96440648243288,0
PDS5B,0.96440648243288,0.7925034938111442,-0.010933761173756943,-0.8151470670893053,0.022323648211611168,0.18199244314392726,STAMBPL1,0.96440648243288,0
PPP1R12B,0.96440648243288,0.7925555952002785,-0.010585524791018926,-0.8153291475336674,0.022211371481493433,0.18124970739126492,STARD7.AS1,0.96440648243288,0
ANKRD12,0.96440648243288,0.7931898731232218,-0.010875148074482746,-0.8175479516553334,0.022463765640906692,0.1820162015446924,STAT4,0.96440648243288,0
PRKAA2,0.96440648243288,0.7935922189872258,-0.01143643938969966,-0.8189575094090137,0.022361644201014726,0.18091796646836575,STAT5B,0.96440648243288,0
CSNK1E,0.96440648243288,0.795368856268476,-0.010497501076642558,-0.8252012573451847,0.022132741198464673,0.17748157683720822,STAT6,0.96440648243288,0
KIAA0391,0.96440648243288,0.7953827168001397,-0.011039081969147843,-0.8252500946528469,0.022143968494015898,0.17753028191955156,STATH,0.96440648243288,0
ARHGEF3.AS1,0.96440648243288,0.7958998274977778,-0.010525766906014021,-0.8270735329090676,0.02220212088037749,0.1772633893067462,STAU2,0.96440648243288,0
CD164L2,0.96440648243288,0.7964180216041901,-0.010384691823228875,-0.8289035542955212,0.022098763264542652,0.17607690560029826,STIM2,0.96440648243288,0
CCNT2.AS1,0.96440648243288,0.7964872844010903,-0.01109469014794192,-0.829148368709662,0.02236517112515813,0.17751145233391896,STK11,0.96440648243288,0
TRAFD1,0.96440648243288,0.7967951682468516,-0.010773888688084165,-0.830237208673826,0.02223829874833645,0.17643043092016594,STK17A,0.96440648243288,0
ATXN3,0.96440648243288,0.7974376942769265,-0.010573710535448195,-0.8325126972200954,0.021993525682258454,0.17432817999570632,STK25,0.96440648243288,0
ATG13,0.96440648243288,0.7979703099527837,-0.01078668832588292,-0.8344022138632738,0.02215859299101074,0.1746331477008553,STK38L,0.96440648243288,0
DEDD2,0.96440648243288,0.8020841688172682,-0.010809940837994149,-0.8490983770775076,0.022681058515206604,0.17273638439304304,STK4.AS1,0.96440648243288,0
YTHDF2,0.96440648243288,0.8027926997696612,-0.010913323359583279,-0.8516480279886797,0.022747708436644375,0.1722696110456236,STL,0.96440648243288,0
PPP1R26,0.96440648243288,0.8027930075330161,-0.010804452987542304,-0.8516491366787043,0.022499772592503315,0.1709685929814098,STRBP,0.96440648243288,0
PRPF38B,0.96440648243288,0.8028413817935807,-0.011801908276429152,-0.8518234136520342,0.022258127381469723,0.16966730128693974,STRIP2,0.96440648243288,0
ANAPC1P1,0.96440648243288,0.8036534870096846,-0.012197217832930615,-0.8547530425609443,0.02267045015943037,0.17087386492544346,STUB1,0.96440648243288,0
MX1,0.96440648243288,0.8055710182871892,-0.011494044601228553,-0.8616997377096858,0.0227064401221688,0.16887385936888846,STX16.NPEPL1,0.96440648243288,0
DDX50,0.96440648243288,0.8062198205658933,-0.010910681294000454,-0.8640596020826893,0.022970189025939246,0.1694640975604166,STX6,0.96440648243288,0
H2AFX,0.96440648243288,0.8065461337109141,-0.011277155241770757,-0.865248309075436,0.02248615848982562,0.1666907901639849,STXBP3,0.96440648243288,0
GUCY1A2,0.96440648243288,0.80675121076426,-0.01087486675400207,-0.8659959982477435,0.023006426371768977,0.1690351855415256,STXBP4,0.96440648243288,0
MYL1,0.96440648243288,0.8069269161961454,-0.01071584124799238,-0.8666369869021174,0.022822969718003655,0.1679191599126825,SUCLG2,0.96440648243288,0
ELAVL2,0.96440648243288,0.8073101669062317,-0.011616580611797125,-0.8680363557017585,0.023029169405782507,0.16850708356875452,SUFU,0.96440648243288,0
SELM,0.96440648243288,0.8075122255297287,-0.01095172656274717,-0.8687748199795886,0.02308808181031253,0.16856826504074826,SUGT1,0.96440648243288,0
SRSF4,0.96440648243288,0.8081901007503189,-0.011380962227718781,-0.871255721546194,0.02297937817656447,0.16725565827838457,SUMO1,0.96440648243288,0
CHD5,0.96440648243288,0.8093839143818784,-0.011858984171799886,-0.8756379551174207,0.022893672551035756,0.165493641984224,SUN3,0.96440648243288,0
ASB9,0.96440648243288,0.8103613499072011,-0.012103796093126966,-0.8792384699800884,0.02305190026395222,0.16514698066117856,SUPT20H,0.96440648243288,0
SMUG1,0.96440648243288,0.8110259985516926,-0.011141355371401731,-0.8816933164021382,0.02307269449249647,0.1644968433369001,SUPT20HL1,0.96440648243288,0
FES,0.96440648243288,0.8135715808237085,-0.011446336844984787,-0.8911448823246646,0.023040741469466892,0.16151585075678232,SUPT5H,0.96440648243288,0
MAP3K3,0.96440648243288,0.8137199249898184,-0.012328175306432812,-0.8916981279153089,0.02284206478443412,0.16047351396936438,SUPT6H,0.96440648243288,0
SF3B4,0.96440648243288,0.8138955853183059,-0.011653367159240532,-0.8923536015575919,0.02273485145374905,0.15981540472843905,SUPT7L,0.96440648243288,0
STK25,0.96440648243288,0.8139230456797824,-0.011504623007058503,-0.8924561041013025,0.023085677879088915,0.16132869011472545,SURF6,0.96440648243288,0
ELOVL2,0.96440648243288,0.81398283916512,-0.010793821651048715,-0.8926793304158963,0.022565407975595718,0.15899360510547603,SUV420H2,0.96440648243288,0
SSR3,0.96440648243288,0.814182510001761,-0.012700570688690759,-0.8934250817132966,0.02272278797560453,0.1594549089641626,SUZ12P1,0.96440648243288,0
CLPX,0.96440648243288,0.814353694390729,-0.009792880321763541,-0.8940648347031432,0.02013954976351041,0.1501271691831786,SYK,0.96440648243288,0
ACTR1B,0.96440648243288,0.8155786571398818,-0.011692532595395398,-0.8986535098708442,0.023214357414897142,0.16006981306738155,SYN1,0.96440648243288,0
TRAPPC9,0.96440648243288,0.8162118631085593,-0.011639982354821315,-0.9010329144903403,0.02305867525714267,0.15870485512685145,SYNDIG1,0.96440648243288,0
TM9SF3,0.96440648243288,0.817133981765372,-0.012961639617485587,-0.9045071222249869,0.023062894786371673,0.15772462259780878,SYS1.DBNDD2,0.96440648243288,0
AREG,0.96440648243288,0.8171786178065428,-0.011516548920320217,-0.904675571602856,0.0234279115635364,0.15922710038475382,SZT2,0.96440648243288,0
ATP5S,0.96440648243288,0.8180913184559303,-0.011875968104637482,-0.9081256076366915,0.022709920829313706,0.15526563872933882,TAC1,0.96440648243288,0
RAB5B,0.96440648243288,0.8194111089265605,-0.01295149359631256,-0.9131336608073053,0.023474098162623934,0.15696193342019418,TACC2,0.96440648243288,0
KRBA1,0.96440648243288,0.8195783069744333,-0.012366304896856473,-0.9137697424740687,0.02351566436946765,0.15695074167103729,TAF1,0.96440648243288,0
MECOM,0.96440648243288,0.8197463053248357,-0.01174563222579594,-0.9144092413693425,0.023744155813381292,0.1577185480150535,TAF10,0.96440648243288,0
PPP6R1,0.96440648243288,0.8218314383341441,-0.011711855976536251,-0.9223778296700431,0.022973956182792528,0.15239248598225064,TAF1A,0.96440648243288,0
VHLL,0.96440648243288,0.8224131244732066,-0.010933890771795463,-0.9246112804740463,0.020923380219802813,0.14527009666202811,TAF4B,0.96440648243288,0
SEC31B,0.96440648243288,0.8224462183205091,-0.012201470596061338,-0.9247384867732777,0.023579526602823083,0.15408127160666937,TAF6,0.96440648243288,0
DDX28,0.96440648243288,0.8234682562634834,-0.012143589808779902,-0.9286743967154913,0.023702270415613114,0.15345522711476087,TAOK1,0.96440648243288,0
NACA2,0.96440648243288,0.8242566994954941,-0.011671507960883246,-0.9317205813039132,0.023505901456763817,0.15185201107972904,TAP1,0.96440648243288,0
SAP25,0.96440648243288,0.8247007304675935,-0.012369576856034908,-0.9334399256304526,0.023390084503292104,0.1509476706427193,TAPBPL,0.96440648243288,0
RNF8,0.96440648243288,0.8250298645657193,-0.0128937489642448,-0.9347161574981374,0.023470499205086866,0.15089925107818328,TAPT1,0.96440648243288,0
THOC3,0.96440648243288,0.8250554844090366,-0.013589156817814665,-0.9348155634299841,0.023714687303688607,0.15178817654795831,TATDN3,0.96440648243288,0
FUBP3,0.96440648243288,0.827294272518105,-0.012863294078009652,-0.9435381224015343,0.02386207256812021,0.14993526474178528,TAX1BP3,0.96440648243288,0
THRB,0.96440648243288,0.8283254600544114,-0.012244837878251414,-0.9475799749785405,0.02413774082423734,0.1498372706538618,TBC1D10A,0.96440648243288,0
FBRSL1,0.96440648243288,0.828397405120934,-0.012445151743346755,-0.9478625493263664,0.023819382536946494,0.14860479436285343,TBC1D15,0.96440648243288,0
BSG,0.96440648243288,0.8291511140326056,-0.01263709276794124,-0.9508274098084442,0.02370566983567277,0.14740892293047914,TBC1D21,0.96440648243288,0
SMEK2,0.96440648243288,0.8296033417320106,-0.012682035335875407,-0.9526103539431365,0.02416278216773617,0.14854718797106028,TBC1D3,0.96440648243288,0
SLC25A30,0.96440648243288,0.8296840259639371,-0.013345774910557546,-0.9529287764486958,0.02301394437819544,0.1445584348368412,TBCA,0.96440648243288,0
HNRNPCL1,0.96440648243288,0.8299945995212963,-0.011904193292402958,-0.9541553662377537,0.023830032799818535,0.14695635617035538,TBL1Y,0.96440648243288,0
CAPN10,0.96440648243288,0.8315902923978777,-0.012700251159059428,-0.9604802263952479,0.023919367268311904,0.14558794520869645,TBRG4,0.96440648243288,0
PSMD3,0.96440648243288,0.8316730733057598,-0.012707725978361242,-0.9608093942255173,0.023820637439226154,0.14517054493984635,TCERG1L,0.96440648243288,0
ZNF414,0.96440648243288,0.832392345446074,-0.013053908323630948,-0.9636738835350271,0.02408419125375773,0.1453031504331355,TCF3,0.96440648243288,0
PPIH,0.96440648243288,0.8324797148601216,-0.014053028299339496,-0.9640223694950831,0.024061120283841934,0.14513314057021043,TCIRG1,0.96440648243288,0
USP49,0.96440648243288,0.8330199379151038,-0.013513982230738186,-0.9661797353053587,0.023902108307076297,0.14404275082650841,TCP1,0.96440648243288,0
EIF3C,0.96440648243288,0.8330462446822471,-0.012447798791183474,-0.9662849054783538,0.023896622776344162,0.1439973913639884,TCP10,0.96440648243288,0
EIF3I,0.96440648243288,0.8331002745414996,-0.012517421566431704,-0.966500941585749,0.024266811485112796,0.1451705402659906,TERT,0.96440648243288,0
MAATS1,0.96440648243288,0.8339087807183212,-0.013523136429553634,-0.9697391244963034,0.023748667579903213,0.14263736029471824,TESC,0.96440648243288,0
PSMB3,0.96440648243288,0.8345123576615868,-0.01330348149993526,-0.9721631810850986,0.02420760677349613,0.14348502907434438,TEX264,0.96440648243288,0
SYNDIG1,0.96440648243288,0.8345571797669049,-0.012897666728500614,-0.9723434213494586,0.02470154747058705,0.14508139039896148,TFCP2L1,0.96440648243288,0
RBMX2,0.96440648243288,0.8348532018917123,-0.012761017988651643,-0.9735345903269846,0.023969629666119818,0.14236690211132397,TFDP2,0.96440648243288,0
APELA,0.96440648243288,0.834903185687606,-0.013158811585690513,-0.9737358573962893,0.023972812655858013,0.14232541341270613,TFIP11,0.96440648243288,0
PRPH,0.96440648243288,0.8349085652993757,-0.012659584770133849,-0.9737575215415376,0.024245876178579165,0.14319389125367146,TGFBR3,0.96440648243288,0
RAP2A,0.96440648243288,0.8353051001728904,-0.012307362011611086,-0.975355660939894,0.024444827930280435,0.14342506440312802,TGS1,0.96440648243288,0
UBE2I,0.96440648243288,0.8355772011867248,-0.012412777574847952,-0.976453742010098,0.024572912029838127,0.14355634370706288,THAP1,0.96440648243288,0
DNAJC11,0.96440648243288,0.835883587256952,-0.013411718820234194,-0.9776915935959797,0.02445829663126403,0.14285702524923197,THOC3,0.96440648243288,0
N4BP2L2.IT2,0.96440648243288,0.837076357649087,-0.013745397339490855,-0.9825249246590932,0.023766009766890438,0.13949261410584146,THOC6,0.96440648243288,0
RPL6,0.96440648243288,0.8372269278518034,-0.013461774871694818,-0.9831366960898036,0.02284451207813129,0.1368276658848738,THRB,0.96440648243288,0
NRDE2,0.96440648243288,0.8374970093822827,-0.01314960579330584,-0.9842349687134125,0.024686986526827482,0.14188429060957525,THUMPD2,0.96440648243288,0
ARPC2,0.96440648243288,0.837869915340306,-0.013659699015329228,-0.9857533256973507,0.02394779244039144,0.13922826048474904,TIAF1,0.96440648243288,0
SUMO1,0.96440648243288,0.8383254683976293,-0.01258467734417783,-0.9876112854873772,0.024403289129484154,0.1401288843368227,TIAM1,0.96440648243288,0
NAP1L5,0.96440648243288,0.8386401479542833,-0.013924592729912725,-0.9888966902160841,0.02421950403022611,0.13925048080484181,TIPARP,0.96440648243288,0
STK11,0.96440648243288,0.8390708552234055,-0.013179682968937484,-0.9906586988603244,0.024757346487232323,0.1404401993374539,TIRAP,0.96440648243288,0
NEDD1,0.96440648243288,0.8412225706473272,-0.012754155015339868,-0.999507764238015,0.024525620491431494,0.13750490491161174,TLE6,0.96440648243288,0
PRR11,0.96440648243288,0.8412445164684113,-0.013839315218198398,-0.9995984210455404,0.02439535831907473,0.13710749994940544,TLN2,0.96440648243288,0
KTN1.AS1,0.96440648243288,0.8420214721137302,-0.014703174262893966,-1.0028132870092286,0.024833256764967827,0.137576211068592,TM9SF1,0.96440648243288,0
UBA3,0.96440648243288,0.8421286048018704,-0.01342438858170474,-1.003257391195399,0.024811102317246987,0.13739945377021529,TM9SF3,0.96440648243288,0
CNPY4,0.96440648243288,0.843368885156295,-0.01323333250972264,-1.0084132871113995,0.024556640078875053,0.1354022810031837,TM9SF4,0.96440648243288,0
SMARCA4,0.96440648243288,0.8439917727789061,-0.013207011159829349,-1.011012794985508,0.024455514946762128,0.13449773943325075,TMA16,0.96440648243288,0
POLR3D,0.96440648243288,0.8444112113253164,-0.01268605527311921,-1.0127671012209034,0.02427983373972335,0.13361466479007494,TMBIM4,0.96440648243288,0
ATP5G1,0.96440648243288,0.8444385467035453,-0.012792864305524796,-1.0128815399334097,0.023636639623723067,0.1319901752618913,TMC1,0.96440648243288,0
RYK,0.96440648243288,0.844472412942921,-0.012982608168146744,-1.0130233382933314,0.024632748352436465,0.1344923996348034,TMCO2,0.96440648243288,0
CPT1A,0.96440648243288,0.8446471433280092,-0.013238890918319953,-1.0137552604469757,0.024616464766456098,0.13427140778631702,TMED10P1,0.96440648243288,0
NUPL1,0.96440648243288,0.8448268781151459,-0.013584627021218256,-1.0145087124350314,0.024476951544347484,0.13371823048566042,TMED3,0.96440648243288,0
SNX1,0.96440648243288,0.8450651133599916,-0.01441524334319927,-1.0155082880768291,0.02474967796670136,0.13420798721505914,TMED5,0.96440648243288,0
GPATCH3,0.96440648243288,0.8452479235338106,-0.014211638031942891,-1.0162760025097266,0.0248880842855253,0.13439851137066233,TMED6,0.96440648243288,0
GIF,0.96440648243288,0.8455004032027266,-0.012577839265194757,-1.0173372811150558,0.024789239829623597,0.1338722133422675,TMEFF1,0.96440648243288,0
KIAA0226L,0.96440648243288,0.845699516087569,-0.013515801594086366,-1.0181750454351068,0.024831686169856884,0.1337840086933961,TMEM11,0.96440648243288,0
NDRG2,0.96440648243288,0.8457222197012398,-0.013505166487352588,-1.0182706159224895,0.02506745234668735,0.13440351511098905,TMEM132A,0.96440648243288,0
CEP170,0.96440648243288,0.8461564739152632,-0.01353674459067766,-1.0201003954147805,0.025014350073157367,0.13381091495495823,TMEM174,0.96440648243288,0
TXNDC11,0.96440648243288,0.8461671421989949,-0.01321266992319687,-1.0201453904273186,0.024388942996937946,0.13215911885809858,TMEM204,0.96440648243288,0
ITGB2.AS1,0.96440648243288,0.8463702851030668,-0.01276229365247843,-1.02100256911878,0.02383476753033794,0.13062212374391471,TMEM215,0.96440648243288,0
HDAC6,0.96440648243288,0.8465359710703443,-0.013871488656149024,-1.0217022509425073,0.02473291367112631,0.1326751205847749,TMEM231,0.96440648243288,0
TMA16,0.96440648243288,0.8472754849878534,-0.01432652325769736,-1.0248312912080277,0.024731900451246076,0.13192991400424645,TMEM249,0.96440648243288,0
SMAD5,0.96440648243288,0.8479544212015387,-0.014493618892156265,-1.0277128752614246,0.02497786709475902,0.1318801116801475,TMEM30B,0.96440648243288,0
TRAPPC3L,0.96440648243288,0.8480970092097385,-0.014394790820082553,-1.028319141329945,0.024464897819034628,0.1304508574799682,TMEM44,0.96440648243288,0
ENOSF1,0.96440648243288,0.848244145678021,-0.014323429496499826,-1.0289451433715713,0.024907570157580744,0.13140615908435824,TMEM50B,0.96440648243288,0
LRR1,0.96440648243288,0.8494804342698892,-0.01336672351627803,-1.0342210295059764,0.024842102082827663,0.1300045183233851,TMEM59L,0.96440648243288,0
TMEM215,0.96440648243288,0.8504778293586516,-0.012907777219293228,-1.0384985070822326,0.024728796639204777,0.12874559956583834,TMEM67,0.96440648243288,0
KHSRP,0.96440648243288,0.8506177111228409,-0.0123120431085076,-1.039099931272709,0.0243488953565309,0.12774141519810708,TMEM87B,0.96440648243288,0
EOGT,0.96440648243288,0.8515897175908941,-0.014345697428665986,-1.043289515085701,0.02487571329971657,0.12799674584483245,TMIE,0.96440648243288,0
ITGA5,0.96440648243288,0.8515982439641996,-0.013976786484443,-1.0433263468588208,0.024651436281294636,0.1274740513309325,TMPO.AS1,0.96440648243288,0
UBQLN2,0.96440648243288,0.8517207942676235,-0.015998945961198587,-1.0438558895814825,0.024981327950316684,0.12811510472437387,TMSB15A,0.96440648243288,0
RPL10L,0.96440648243288,0.8519014076454212,-0.013510507176351796,-1.044636858228309,0.025266115648259566,0.1286157063139117,TMSB4Y,0.96440648243288,0
PHGDH,0.9645619729687256,0.8525797360620929,-0.01358389660623299,-1.0475756438350539,0.025187567596845907,0.1277477205002346,TMX1,0.9645619729687256,0
DDX60,0.9650238527694714,0.8535292292862907,-0.01432630466949438,-1.0517044826531645,0.025686862428760775,0.12798734150376334,TMX4,0.9650238527694714,0
RAB6A,0.9652819392522667,0.8542988783735709,-0.015484038637435216,-1.0550644787317052,0.025507345785020445,0.12677715790192196,TNFRSF10C,0.9652819392522667,0
CD46,0.9657447520660517,0.855789145476079,-0.014046981263482063,-1.0616045111011647,0.025584399760882077,0.12545806753704475,TNIP2,0.9657447520660517,0
MAP4K1,0.9657447520660517,0.8562647057575916,-0.01318263892676513,-1.0637010856107372,0.02570860054368317,0.12526334765214903,TNKS2.AS1,0.9657447520660517,0
AMZ2P1,0.9657447520660517,0.8563334004578956,-0.013466561420287586,-1.064004322506034,0.02512196666181339,0.12390467252812029,TNPO2,0.9657447520660517,0
TRIM27,0.9672433315648389,0.8596209386688813,-0.013926208748389462,-1.0786325088713453,0.025664930662503464,0.12182693684422609,TNR,0.9672433315648389,0
RBM12B,0.9672433315648389,0.8603825654022457,-0.0136450485697905,-1.0820545020906291,0.025374733724555208,0.12050163348235458,TNRC6B,0.9672433315648389,0
SSBP2,0.9672433315648389,0.8604911519078586,-0.015564891980179758,-1.0825434146088626,0.025476592030954502,0.12059713366462407,TOMM20L,0.9672433315648389,0
CTNNBIP1,0.9672433315648389,0.8606424718548213,-0.01358004947903644,-1.0832251670163089,0.02541873918949672,0.12033713410053411,TOP1MT,0.9672433315648389,0
E2F5,0.9672433315648389,0.8606916602696738,-0.014061666500588812,-1.0834468875009136,0.02579464159789812,0.12103984153921729,TOP3A,0.9672433315648389,0
TERT,0.9672433315648389,0.8613588516205951,-0.014618117545924594,-1.0864595800245067,0.025828298792302987,0.12045164419544424,TOPORS,0.9672433315648389,0
NUP62CL,0.9672433315648389,0.8615596038558828,-0.014182513415230876,-1.0873680057885136,0.025638122383947574,0.11987763492929497,TOR1AIP1,0.9672433315648389,0
FTX,0.9672433315648389,0.8620020492745535,-0.015272835523809288,-1.0893732944515842,0.025421948264039842,0.11903845819487772,TP53,0.9672433315648389,0
PIANP,0.9677961061729878,0.8632400005768379,-0.015648169589722514,-1.0950074560815561,0.025831856897689354,0.1186193386966708,TP53I11,0.9677961061729878,0
PHKA2.AS1,0.9677961061729878,0.8635802607522286,-0.013767473325717185,-1.0965621493356406,0.023387903977031263,0.11470283894585116,TPD52L3,0.9677961061729878,0
ATP6AP1L,0.9682163969162417,0.8651546764575505,-0.015565129205058186,-1.1037906282616041,0.024892813864428754,0.11520886629310288,TPI1P2,0.9682163969162417,0
EIF3J.AS1,0.9682163969162417,0.8652551636158036,-0.01435466672015915,-1.1042539461228082,0.02510494305386055,0.1154426127363661,TPM3P9,0.9682163969162417,0
UACA,0.9682163969162417,0.8668632299321842,-0.01593076698936007,-1.111700784635721,0.02638580124683552,0.11612010950324464,TPPP,0.9682163969162417,0
RNU11,0.9682163969162417,0.8677101805116918,-0.014744945235539696,-1.1156478521112434,0.026213145355787223,0.11498278435096135,TPRA1,0.9682163969162417,0
LRAT,0.9682163969162417,0.8678758642539386,-0.014853484027297045,-1.1164220275502144,0.025345157608907952,0.11340538098261989,TPT1.AS1,0.9682163969162417,0
UBXN10,0.9682163969162417,0.8680400366294743,-0.015085929160848693,-1.1171898015218207,0.025975589343806994,0.11425697565294612,TRA2B,0.9682163969162417,0
GGPS1,0.9682163969162417,0.869124432802532,-0.014558435099686419,-1.1222777545724116,0.02607010015325438,0.11338117007203984,TRABD,0.9682163969162417,0
AGPAT4,0.9682163969162417,0.8692459261646268,-0.015048204249930851,-1.1228496092564384,0.025255408384794634,0.11202624309702915,TRAF3IP1,0.9682163969162417,0
AIMP2,0.9682163969162417,0.8697108772475823,-0.015233349925101447,-1.1250414776502777,0.026106337270140494,0.11288288610245631,TRAFD1,0.9682163969162417,0
MAP2K2,0.9682163969162417,0.8698254599175526,-0.014566784074699472,-1.1255824730327442,0.026262249562201544,0.11303019650453042,TRAM1L1,0.9682163969162417,0
SELT,0.9682163969162417,0.8713656353866971,-0.01578957235620609,-1.1328865424760333,0.025759708163846047,0.11080404629088847,TRAPPC10,0.9682163969162417,0
IL10RB,0.9682163969162417,0.8717558213448409,-0.014281596798422721,-1.1347465651879143,0.026024629780372913,0.11082857283819313,TRAPPC11,0.9682163969162417,0
LINC00658,0.9682163969162417,0.8718346892506029,-0.015467344580460894,-1.135123006981241,0.026735731438584272,0.11187931046976161,TRAPPC12,0.9682163969162417,0
GANC,0.9682163969162417,0.8720421068368172,-0.014348549182374852,-1.1361137936308963,0.026549507597655543,0.1113730501203035,TRAPPC3L,0.9682163969162417,0
RANBP3L,0.9682163969162417,0.8721006917820999,-0.015467812202489288,-1.1363938426606635,0.02632549536996393,0.11096230203831384,TRAPPC9,0.9682163969162417,0
WDR27,0.968854649341501,0.8732189688680831,-0.014418843320629033,-1.1417566391658627,0.02638263851777082,0.10999083841227089,TRIM23,0.968854649341501,0
DDX51,0.97140362799691,0.8763180763891054,-0.01602669886698959,-1.156793099903306,0.026086908894510662,0.10670253504002815,TRIM27,0.97140362799691,0
OSBP,0.97140362799691,0.8766059660387147,-0.016342618107322307,-1.1582032177886536,0.02610867307977188,0.10646712751302516,TRIM29,0.97140362799691,0
CD55,0.9715974217868986,0.8776925807041517,-0.01521220374807199,-1.1635464575923657,0.02686993884886476,0.10647053039912499,TRIM34,0.9715974217868986,0
SHMT1,0.9715974217868986,0.8778706934933782,-0.01721708579468076,-1.1644254699504921,0.02694563868733778,0.1064079473477851,TRIM39,0.9715974217868986,0
AANAT,0.9722814135752201,0.8790340093568452,-0.014880804393134581,-1.170188867863542,0.02701656198738705,0.10540513311751473,TRIM45,0.9722814135752201,0
CD48,0.9724115200289885,0.8800813157459917,-0.016244253709910558,-1.1754109758067623,0.026986276823426355,0.10437921665372116,TRIP13,0.9724115200289885,0
SPATA13.AS1,0.9724115200289885,0.880242396705994,-0.017100804251238468,-1.1762170103020517,0.027099265457636613,0.10437622843531552,TRPC5,0.9724115200289885,0
MAP3K7CL,0.9729859703658122,0.8820054067478487,-0.014921426595815546,-1.185089384431063,0.02673413371033676,0.10228630012208577,TRPM8,0.9729859703658122,0
XPR1,0.9729859703658122,0.8825457871764523,-0.015641924592520038,-1.1878276094889615,0.02680968847243805,0.10187835172033406,TRPV3,0.9729859703658122,0
GLOD5,0.9729859703658122,0.8828436681589471,-0.014949938622028482,-1.189340852395318,0.027295575829284997,0.10218263569722817,TSNARE1,0.9729859703658122,0
PTPRCAP,0.9729859703658122,0.8842513689960914,-0.015409233484221883,-1.196529145768794,0.026871907643282854,0.10039131091972262,TSPAN15,0.9729859703658122,0
ANP32A.IT1,0.9729859703658122,0.8848204389072761,-0.015873425046900584,-1.1994526672491714,0.027272257142553442,0.10031267485368205,TSR2,0.9729859703658122,0
PKN2,0.9729859703658122,0.8852250469733944,-0.015661541034141205,-1.2015375395900085,0.026748859021483707,0.0993836315593965,TTC18,0.9729859703658122,0
CMTM4,0.9729859703658122,0.885354505448416,-0.015667451212161124,-1.2022057196790141,0.027527196936895724,0.1001117686008717,TUBB1,0.9729859703658122,0
NUP155,0.9729859703658122,0.88714571267218445,-0.017376286559938413,-1.2115064111231593,0.02723984415517615,0.09814173144098161,TUBGCP3,0.9729859703658122,0
ADSS,0.9729859703658122,0.8877130347398624,-0.016928101398115923,-1.2144741315200076,0.026894831464560398,0.0972949324280317,TUBGCP4,0.9729859703658122,0
GNAL,0.9729859703658122,0.888473217174929,-0.015925347350681737,-1.2184675721540998,0.027799534550721497,0.09751073298262916,TULP1,0.9729859703658122,0
DYRK1B,0.9729859703658122,0.8888866723832424,-0.01548272061400754,-1.2206477443424275,0.027986282309492683,0.09733000666880011,TXLNB,0.9729859703658122,0
PPP2R5B,0.9729859703658122,0.889907824892021,-0.0154933835372952,-1.226057352030501,0.027430044069836713,0.09581827141603035,TXNDC11,0.9729859703658122,0
MSR1,0.9729859703658122,0.8899973959523968,-0.015800185256910324,-1.226533573045041,0.026872527438048983,0.09525349184593108,TXNDC15,0.9729859703658122,0
ENTHD1,0.9729859703658122,0.8913702276208614,-0.017998126979505036,-1.2338675691193943,0.027715671704609465,0.09475784769950049,TYMP,0.9729859703658122,0
CSRP2,0.9729859703658122,0.8916530852010957,-0.016066288020372844,-1.235386930021912,0.028090658469004402,0.09486267675353102,U2AF1L4,0.9729859703658122,0
PDIK1L,0.9729859703658122,0.8925060787962519,-0.01530904180597709,-1.2399861171637923,0.02713276323652435,0.09324895135041689,U2SURP,0.9729859703658122,0
CRCP,0.9729859703658122,0.8926581090310428,-0.016667844757607415,-1.240808594952317,0.027720880203491182,0.09359353536463387,UACA,0.9729859703658122,0
MAPK3,0.9729859703658122,0.8928539319518205,-0.017485936120033293,-1.241869227941805,0.027734939933878933,0.09342877022672064,UBA2,0.9729859703658122,0
ETFA,0.9729859703658122,0.8938574505018596,-0.01707958003393195,-1.247326630214138,0.027878848660239867,0.09264568878028048,UBA3,0.9729859703658122,0
HNRNPF,0.9729859703658122,0.8939619365545776,-0.017157222207843322,-1.2478969917071345,0.027897834204773653,0.0925674882620266,UBA5,0.9729859703658122,0
SEC63,0.9729859703658122,0.894114351338944,-0.01740042324310997,-1.2487297120701673,0.028508604107784146,0.09299110825970011,UBA6,0.9729859703658122,0
TMEM87B,0.9729859703658122,0.894342146068323,-0.015928990905144186,-1.2499758884062748,0.0279860312189111,0.09229922732520805,UBAC2.AS1,0.9729859703658122,0
NAAA,0.9729859703658122,0.8967735763347803,-0.016477563003288353,-1.2634000561239733,0.02714348601247531,0.08955347550429475,UBAP1L,0.9729859703658122,0
RABGAP1L,0.9729859703658122,0.8970248097168687,-0.016652081304607342,-1.264800165539593,0.027244719379669477,0.08939441600673775,UBASH3A,0.9729859703658122,0
KDM2B,0.9729859703658122,0.897367613247669,-0.016550538981549345,-1.2667145991489501,0.028026695264117076,0.08960725371941394,UBC,0.9729859703658122,0
NUCB1.AS1,0.9729859703658122,0.8974368466502192,-0.018300935617449672,-1.2671018065369295,0.02798133976364357,0.08951220587525655,UBE2D3,0.9729859703658122,0
URM1,0.9729859703658122,0.8978438278011832,-0.01667201019999435,-1.2693818143754618,0.02822947208500162,0.08933260315362786,UBE2D4,0.9729859703658122,0
UBE3A,0.9729859703658122,0.8981922490867827,-0.015929135732528698,-1.271339011642688,0.02821290364467311,0.08900692438926491,UBE2E2,0.9729859703658122,0
ASB7,0.9729859703658122,0.8983632267634313,-0.01700806148638708,-1.2723012333554689,0.028015280912883713,0.0887128054418185,UBE2G2,0.9729859703658122,0
RSL24D1,0.9729859703658122,0.8985058451109836,-0.01741748576461596,-1.2731047575465688,0.027595758716932192,0.08831658846810123,UBE2H,0.9729859703658122,0
BRMS1,0.9729859703658122,0.8993107225452723,-0.016295707454569475,-1.2776549964584565,0.027877375979193833,0.08778529730251697,UBE2I,0.9729859703658122,0
MED30,0.9729859703658122,0.8994319122243699,-0.017203440032887322,-1.2783424167129274,0.02826192865705605,0.08793319980433931,UBE2J1,0.9729859703658122,0
ATF3,0.9729859703658122,0.9001579715653318,-0.01741132058293374,-1.2824735296002596,0.028137487991253412,0.0872043102358325,UBE2L3,0.9729859703658122,0
HEXA.AS1,0.9729859703658122,0.9005930241151523,-0.01775217024588511,-1.28495940240586,0.028540160723301268,0.08708968262957546,UBE2L6,0.9729859703658122,0
DDX24,0.9729859703658122,0.900937017807401,-0.01666552797282089,-1.2869306046403237,0.02778326217125551,0.0863149379795089,UBE2NL,0.9729859703658122,0
SP3,0.9729859703658122,0.9011919060929876,-0.0183489720055689,-1.2883944338914342,0.028799889992672682,0.08673715053105176,UBE2Q1,0.9729859703658122,0
UBL7.AS1,0.9729859703658122,0.903140089762559,-0.016736268418557954,-1.2996752686885613,0.02827411268008182,0.08466427613386932,UBE2Q2,0.9729859703658122,0
RNF32,0.9729859703658122,0.9031416683123517,-0.016953879910560868,-1.2996844763746034,0.028640682289232475,0.08487805994709421,UBE3A,0.9729859703658122,0
CAP1,0.9729859703658122,0.9032078934549099,-0.019601370640354485,-1.3000708671682737,0.028556342629282607,0.08476796779943278,UBE3B,0.9729859703658122,0
ZDHHC7,0.9729859703658122,0.9041911158866822,-0.01625129619251719,-1.3058304634942761,0.02849527763284185,0.0838649068367103,UBE3C,0.9729859703658122,0
CCT8,0.9729859703658122,0.9042024068964092,-0.018979155974103257,-1.3058968567004148,0.028484736844013446,0.08384947523099237,UBE3D,0.9729859703658122,0
TRAPPC12,0.9729859703658122,0.9043965678676771,-0.01685718576938686,-1.3070394605452147,0.02848153014706164,0.08367721340628524,UBE4B,0.9729859703658122,0
ME3,0.9729859703658122,0.9048656299240758,-0.016724650313015545,-1.309806873902061,0.027971646202204443,0.08302942927669739,UBFD1,0.9729859703658122,0
BCAR1,0.9729859703658122,0.9052397752846945,-0.017168442022592153,-1.312021502740852,0.02888035127754276,0.0831580245039376,UBL7.AS1,0.9729859703658122,0
PRPF39,0.9729859703658122,0.9054318989263223,-0.016734486999353485,-1.3131612193819795,0.028852881319453193,0.08297152560834892,UBN2,0.9729859703658122,0
TPD52L3,0.9729859703658122,0.9065047256046579,-0.018564026534137572,-1.319557035687346,0.028816167853359415,0.08200430853759728,UBQLN1,0.9729859703658122,0
VPS51,0.9729859703658122,0.907941952049605,-0.018017655030245695,-1.3282108024002726,0.027852823793572533,0.08039888947767278,UBQLN2,0.9729859703658122,0
LDHAL6A,0.9729859703658122,0.9080200643799003,-0.016844332368102594,-1.3286839851041998,0.02887244139601144,0.08070355187597814,UBR7,0.9729859703658122,0
ZC3H3,0.9729859703658122,0.9080318565571046,-0.018091553561344054,-1.328755444673232,0.02862206302083857,0.08058155784003078,UBXN10,0.9729859703658122,0
ENO1.AS1,0.9729859703658122,0.9080474787934445,-0.018972180072684943,-1.32885012451772,0.028668980746463228,0.08058780166873739,UBXN6,0.9729859703658122,0
AKNAD1,0.9732176785463281,0.9088095539986742,-0.01711270377027052,-1.3334832839995665,0.029100032563982203,0.08012129981104343,UFD1L,0.9732176785463281,0
NAPA.AS1,0.9754207684888216,0.9119718791459169,-0.016387340797626847,-1.353022152471716,0.02760147635366123,0.07706565252829418,UFL1,0.9754207684888216,0
SNRPE,0.9754207684888216,0.9122598106229258,-0.017776810121762986,-1.3548269884979278,0.02950442889853712,0.0772775570942208,UFSP1,0.9754207684888216,0
NUDT6,0.9754207684888216,0.9125080436563963,-0.019114280805986865,-1.3563865335244265,0.029321111474020774,0.07698629137045633,UGGT2,0.9754207684888216,0
SH3GLB2,0.9754927776047411,0.9131225158846399,-0.018829503392680105,-1.3602612653255497,0.02936638798827808,0.07647026306696304,UGT1A1,0.9754927776047411,0
SMC1A,0.9769678941161705,0.9172140411973418,-0.01800386116205946,-1.386598754879921,0.030125366870330277,0.07318162541230526,UNC45A,0.9769678941161705,0
MYO1H,0.9769678941161705,0.9176046405830635,-0.018652742777743054,-1.3891638096980456,0.02949481653762606,0.07265912972195601,UNC45B,0.9769678941161705,0
COG4,0.9769678941161705,0.9176976840859251,-0.018422200593945635,-1.3897761733014764,0.02925247007591989,0.07253169937683397,UPF2,0.9769678941161705,0
ILF3,0.9769678941161705,0.9180942973190593,-0.017470339563500036,-1.3923923378842737,0.029298380110586893,0.07220540600593804,UPF3A,0.9769678941161705,0
DGCR5,0.9769678941161705,0.9188073111335807,-0.01793205800832697,-1.397119676014355,0.030007641280566013,0.07176024756541247,UQCRBP1,0.9769678941161705,0
WDR46,0.9769678941161705,0.9197493258829281,-0.017628987520442698,-1.403413587201005,0.030159698583140476,0.0709891566643982,UQCRFS1,0.9769678941161705,0
GRTP1,0.9769678941161705,0.9199056874231877,-0.018282816358810013,-1.4044636842528866,0.03011876347653286,0.07084344477733898,URM1,0.9769678941161705,0
RAD21.AS1,0.9769678941161705,0.9203075933745877,-0.02127516190157,-1.4071699455910494,0.02960411174803985,0.07039474681663513,UROC1,0.9769678941161705,0
PPM1H,0.9769678941161705,0.9203147197393696,-0.01775854330925842,-1.407218024508551,0.029411091987161197,0.07036285837564456,USP11,0.9769678941161705,0
ARF4,0.9769678941161705,0.920365571766997,-0.017557237376543522,-1.4075611985773808,0.028684917679326228,0.07029198832744282,USP2,0.9769678941161705,0
MGAT2,0.9769678941161705,0.9205306012984669,-0.021074079778529906,-1.4086760411025312,0.03003951535219001,0.07028797358156974,USP24,0.9769678941161705,0
RNF168,0.9810292288662072,0.9250575357007804,-0.017918041513995304,-1.4399658530565518,0.030264709307746857,0.06648509786324497,USP26,0.9810292288662072,0
NDFIP2,0.9810292288662072,0.9261049971040336,-0.01988489510770246,-1.4474100005411252,0.030606285679411337,0.06564094363831302,USP34,0.9810292288662072,0
MORC1,0.9810292288662072,0.9262524505053902,-0.01926305173112717,-1.4484643895695128,0.02968971505430101,0.06547446858703469,USP4,0.9810292288662072,0
YIPF4,0.9810292288662072,0.9268766648845924,-0.018593288530611377,-1.4529458715237384,0.031112891211371837,0.06506070942341982,USP40,0.9810292288662072,0
EMC6,0.9810292288662072,0.9273928476929907,-0.020228316695336476,-1.4566739175390855,0.029886377571055476,0.0645358182053871,USP48,0.9810292288662072,0
SF3B5,0.9810292288662072,0.9277847797189296,-0.02013876588894273,-1.4595181633167773,0.030556633714384922,0.06422075058951093,USP49,0.9810292288662072,0
PAK3,0.9810292288662072,0.9282088104864227,-0.019390760284074847,-1.4626087053065189,0.0300912486928486,0.06386021001453807,USP50,0.9810292288662072,0
H2AFY2,0.9812229145435344,0.9289423890911308,-0.02131053783356857,-1.4679886118634113,0.030133709357951167,0.06325841687993522,USP8,0.9812229145435344,0
RANBP1,0.9814028899577595,0.9296631974978439,-0.018297758642315053,-1.4733165740920111,0.02946464540765684,0.06275699890958843,VAMP3,0.9814028899577595,0
RIPK2,0.9817374409393322,0.930919581167192,-0.01969004835947942,-1.4827045814261988,0.03101830979520825,0.0616178569017351,VAPB,0.9817374409393322,0
CRCT1,0.9817374409393322,0.9310813306945658,-0.018539397417245525,-1.4839227461727105,0.03126266907536372,0.06149455017499272,VAV2,0.9817374409393322,0
CFL1P1,0.9818740587151089,0.9317615857240404,-0.0195771827507003,-1.489070131561089,0.03091258064289886,0.060913429302694125,VCPIP1,0.9818740587151089,0
TMEM132A,0.9829549594984254,0.9335576170628427,-0.02076672713043083,-1.5028534901014707,0.031199164831419678,0.059418201202020744,VDR,0.9829549594984254,0
DNAJC9,0.9829549594984254,0.9338899054348472,-0.019323227171414364,-1.505435101223714,0.02991621852304435,0.05931171814673112,VEZT,0.9829549594984254,0
PLS1,0.9832218985660732,0.9349258903678743,-0.02053381554757224,-1.5135489555714294,0.03159961615666889,0.058273967569847915,VHLL,0.9832218985660732,0
SRA1,0.9832218985660732,0.935946242612896,-0.021195684556115816,-1.5216389698928465,0.03144500395871477,0.057428902734138344,VIM.AS1,0.9832218985660732,0
DLG1.AS1,0.9832218985660732,0.9360731509895779,-0.019974240691829365,-1.5226521700747966,0.03119385862623616,0.05734239372229703,VPS13A,0.9832218985660732,0
XPO6,0.9832218985660732,0.9368410117946776,-0.021332222840985227,-1.5288161550574983,0.031481605791165886,0.05668784372932503,VPS28,0.9832218985660732,0
INTS12,0.9832218985660732,0.937099331040977,-0.02068118537210233,-1.5309029212679046,0.031617847248527314,0.05646565346765942,VPS37A,0.9832218985660732,0
TMEM67,0.9832218985660732,0.9378170577277062,-0.02044637897006151,-1.5367361603661478,0.03189753663000772,0.05585564626918789,VPS41,0.9832218985660732,0
PPP2CA,0.9832218985660732,0.9380036171962369,-0.021989553454341722,-1.5382609935132092,0.0316901128356241,0.05571312289570354,VPS4B,0.9832218985660732,0
MAP3K5,0.984971017440383,0.9402247177137026,-0.01993896692721939,-1.5566962879368498,0.032156200579218815,0.05384173905401418,VPS51,0.984971017440383,0
SCAF8,0.986787389562328,0.9426112850494708,-0.021223079352180596,-1.577113205225629,0.032298485746418706,0.051859629872220064,VRTN,0.986787389562328,0
ILKAP,0.986787389562328,0.9433228544665906,-0.020925559397445996,-1.5833296751242427,0.03237619467814296,0.051265524317379116,VTN,0.986787389562328,0
PRRC2C,0.986787389562328,0.9436189002825404,-0.020969616608011835,-1.585934132647316,0.032518681871575944,0.05100411777851239,WAC.AS1,0.986787389562328,0
RAB20,0.9872286197396776,0.9447920671080586,-0.020495618866379604,-1.5963623207919377,0.03244793090518896,0.05005368930583763,WARS,0.9872286197396776,0
KCTD21,0.9872286197396776,0.945451926264212,-0.022043139698586088,-1.6023048727830864,0.03254860694332397,0.049499294453918916,WASF1,0.9872286197396776,0
GPBP1L1,0.9872286197396776,0.9457018970921869,-0.021380819684985578,-1.6045709057995874,0.03223716547512924,0.04935599285983413,WASF3,0.9872286197396776,0
DLGAP5,0.9873136608006362,0.9463370983220906,-0.019742596809722828,-1.6103664970515486,0.03176732074651455,0.04896992038244379,WBP11P1,0.9873136608006362,0
PSMB8,0.9878346883919947,0.9473905312116158,-0.02200541286639481,-1.6200990004552753,0.03290426759224911,0.04785812512306549,WBP2NL,0.9878346883919947,0
TUBB1,0.9881881684353446,0.950891671250426,-0.020491634503740336,-1.6536002194161228,0.03212052314943028,0.04527317885117531,WDR11,0.9881881684353446,0
SLC40A1,0.9881881684353446,0.9527831541491055,-0.02183780543261738,-1.6724996904236191,0.03293653391748168,0.04351387670245969,WDR27,0.9881881684353446,0
SEPT7P2,0.9881881684353446,0.9534164929762916,-0.02303767903028468,-1.678963480579094,0.03364719130208095,0.04281605264322133,WDR34,0.9881881684353446,0
POLA1,0.9881881684353446,0.9534706090576305,-0.02367838178933868,-1.679519046500177,0.033468132335633644,0.04281651025698943,WDR38,0.9881881684353446,0
LRRFIP2,0.9881881684353446,0.9544683280796382,-0.022682514452577778,-1.6898559888972176,0.034119648777962135,0.04185897873312689,WDR46,0.9881881684353446,0
TOR1AIP1,0.9881881684353446,0.9545416971473657,-0.021130922170948856,-1.6906232957879646,0.03400570712618462,0.04182367333912111,WDR47,0.9881881684353446,0
THUMPD2,0.9881881684353446,0.9547286296589319,-0.022970773430465337,-1.6925827810572345,0.03404489098744432,0.04166356141547823,WDR49,0.9881881684353446,0
MAPK15,0.9881881684353446,0.9548877543743961,-0.022366584817366444,-1.6942559116804785,0.03365049924221046,0.04163231821020233,WDR52,0.9881881684353446,0
WBP11P1,0.9881881684353446,0.954994599614053,-0.023199609399820544,-1.6953820121803143,0.033960077369487404,0.041468108886473495,WDR62,0.9881881684353446,0
WISP1,0.9881881684353446,0.9550456400426935,-0.021029058392441714,-1.6959207148539541,0.03364309794357366,0.04150758858131639,WDR83,0.9881881684353446,0
USP4,0.9881881684353446,0.95581345704755,-0.021357290781411815,-1.7040846320537848,0.03404757546005515,0.040785528937140256,WDR86,0.9881881684353446,0
SMEK3P,0.9881881684353446,0.9559453251788594,-0.024164306838258584,-1.705498221464882,0.03346452876738347,0.040843880141194194,WDYHV1,0.9881881684353446,0
TIAF1,0.9881881684353446,0.9562058972033801,-0.024660838973991378,-1.708301543349491,0.033826582133642924,0.04052929315959442,WHSC1L1,0.9881881684353446,0
MTMR2,0.9881881684353446,0.956271885963105,-0.021729526107655054,-1.709013607270392,0.03317406130213903,0.0406837050056613,WI2.2373I1.2,0.9881881684353446,0
TPRA1,0.9881881684353446,0.9565253132912519,-0.02212468471215152,-1.711756347261149,0.034279081892090335,0.0401548529654264,WIPF2,0.9881881684353446,0
CNEP1R1,0.9881881684353446,0.9565971838022461,-0.02313346042751135,-1.7125365207829297,0.03380474038341973,0.04022296748955786,WISP1,0.9881881684353446,0
SLC30A6,0.9882668228193965,0.957227595630453,-0.022604559307190988,-1.719424904138766,0.03320294145868291,0.039926152977715325,WNK2,0.9882668228193965,0
RBMS1,0.9883016834331578,0.9579331449555315,-0.023558454095734448,-1.727232318742959,0.034263387170954535,0.039025593093189016,WSB1,0.9883016834331578,0
AKT1S1,0.9883016834331578,0.9589012404217034,-0.02416176076868338,-1.7381193712809486,0.03278929589692753,0.0388075652363034,WTAPP1,0.9883016834331578,0
PTPN20B,0.9883016834331578,0.9589242357483809,-0.024428657934576395,-1.7383804893913513,0.034223470649765955,0.03824462813430374,WWTR1,0.9883016834331578,0
TSNARE1,0.9887042135882494,0.9603265277430888,-0.02311357886162954,-1.754532844873827,0.03390299125644702,0.03724157206350186,XPNPEP2,0.9887042135882494,0
ZYG11A,0.9887042135882494,0.9604238350728257,-0.02302607437812837,-1.7556708012911344,0.03499747807688815,0.03682928885915373,XPO4,0.9887042135882494,0
AMDHD1,0.9889494083327395,0.961216671138888,-0.022689607638458047,-1.7650284340467641,0.03453595718294481,0.03632597530576538,XPO6,0.9889494083327395,0
KLHDC2,0.9904549188408796,0.9632354622939345,-0.02231508986637906,-1.789579899575092,0.03426370982926874,0.034830597329239404,XPO7,0.9904549188408796,0
PEG10,0.992061765996684,0.9654450628069644,-0.022963213587564032,-1.817749968867255,0.03568575205458461,0.03260710587691872,XPOT,0.992061765996684,0
KPRP,0.992061765996684,0.9659109510769734,-0.023068351758042557,-1.8238774615940878,0.03520955727892113,0.03238766401693061,XPR1,0.992061765996684,0
HNRNPUL2.BSCL2,0.993371389369884,0.9677431875128932,-0.022239775995364232,-1.8486649321881887,0.035521714824995866,0.03083476014270376,XRCC6,0.993371389369884,0
RCVRN,0.9937479910211537,0.9686674191782194,-0.023116571080959162,-1.861612053731933,0.03495442661613287,0.03032988002927446,XRCC6BP1,0.9937479910211537,0
CCNL1,0.9944156908016035,0.9698759878317378,-0.02551567294516059,-1.8790276337734833,0.03511917501810009,0.029325874429678257,XRRA1,0.9944156908016035,0
HK2,0.9952116131740391,0.9712328060410816,-0.023457085891586425,-1.8992838730397756,0.035275880438426416,0.028209719288549585,YARS2,0.9952116131740391,0
DDX18,0.9952116131740391,0.9719768023121911,-0.02753242066549778,-1.9107305596612911,0.03566761349968073,0.027470206503702195,YBX2,0.9952116131740391,0
CCDC116,0.9952116131740391,0.9725297711940202,-0.026091383197510122,-1.9194033029979944,0.0360357416843611,0.02689276577311074,YEATS4,0.9952116131740391,0
STAT5B,0.9952116131740391,0.9728849364903813,-0.024874286789955825,-1.9250507766681444,0.03702490073773508,0.026265849265445257,YIPF4,0.9952116131740391,0
MRPL30,0.9960287891611641,0.9763675960638099,-0.02535482787541086,-1.9839810970334366,0.03742612428118651,0.0233742779455831,YLPM1,0.9960287891611641,0
GPR110,0.9960287891611641,0.9780549378774123,-0.025176743671137296,-2.0152027281912894,0.037653154556718346,0.02196474206812742,YME1L1,0.9960287891611641,0
NUDT22,0.9960287891611641,0.9793798002314662,-0.02803863630330885,-2.0411711810825155,0.03717422066688403,0.02110570327579735,YOD1,0.9960287891611641,0
EIF4A3,0.9960287891611641,0.9793798707249012,-0.02744755520202522,-2.041172599928358,0.0383709054510296,0.020676139081441943,YTHDC2,0.9960287891611641,0
RNMTL1,0.9960287891611641,0.9793806229647073,-0.03031430767510771,-2.0411877407759844,0.037776871798734374,0.020877766091609413,YTHDF2,0.9960287891611641,0
PPP2R5A,0.9960287891611641,0.9795047338956959,-0.026521664571956368,-2.043692238278131,0.03727527333802418,0.02096807062385835,YTHDF3,0.9960287891611641,0
MAP2K4,0.9960287891611641,0.9801463650864382,-0.025232264625805436,-2.0568488784042875,0.03688274555090666,0.0206311429310644,YTHDF3.AS1,0.9960287891611641,0
SF3A1,0.9960287891611641,0.9812982052300032,-0.029305690058114234,-2.0814010648425016,0.039856756645742245,0.01870660599703906,YWHAE,0.9960287891611641,0
ATP5B,0.9960287891611641,0.9820812477672716,-0.030211059410409788,-2.098837609973176,0.03894180449000067,0.01834651324860751,YWHAZ,0.9960287891611641,0
HNRNPH1,0.9960287891611641,0.982096318711374,-0.027295772984982983,-2.099179526058644,0.03933897288276458,0.01821113765537825,YY1,0.9960287891611641,0
CCDC94,0.9960287891611641,0.9823131017390965,-0.027004527533210438,-2.104125070967188,0.038685471568769524,0.018246229351774754,YY1AP1,0.9960287891611641,0
RPS6KA1,0.9960287891611641,0.9826736533729677,-0.02563217779206093,-2.1124662261369336,0.035427830649233126,0.01943485780044934,YY1P2,0.9960287891611641,0
EIF4E,0.9960287891611641,0.9826756111760777,-0.027821968751779582,-2.1125119218182395,0.038534635227327446,0.01801149054149575,ZBTB11.AS1,0.9960287891611641,0
TPT1.AS1,0.9960287891611641,0.9830775079527632,-0.02363992429697913,-2.121987090938932,0.03387365908655403,0.020170128115029114,ZC3H12A,0.9960287891611641,0
EIF3M,0.9960287891611641,0.983746845321108,-0.027402507405796736,-2.138203434323817,0.037976728085110184,0.017375381650927873,ZC3H18,0.9960287891611641,0
UBAC2.AS1,0.9960287891611641,0.9838636190932261,-0.02681391193595915,-2.1410909534069953,0.04040370314784833,0.01648981015729262,ZC3H3,0.9960287891611641,0
TAPBPL,0.9960287891611641,0.9838731052130208,-0.026688343260792724,-2.1413263065691006,0.0376092918373346,0.01742856233130988,ZC3H7B,0.9960287891611641,0
PRKCZ,0.9960287891611641,0.9849896534384486,-0.03148447736817809,-2.169895079746357,0.03956618977996616,0.015831013066306084,ZC3H8,0.9960287891611641,0
ATP1A1.AS1,0.9960287891611641,0.9852463088227581,-0.027022858585692297,-2.1767192295200215,0.04005936561739377,0.015473414369540408,ZCCHC9,0.9960287891611641,0
HCN1,0.9960287891611641,0.9857016749035372,-0.026686022877944336,-2.1890822809527837,0.03828359279000684,0.01572215839767163,ZDHHC4,0.9960287891611641,0
GPT,0.9960287891611641,0.9860963241784843,-0.028665228549745445,-2.200074300405503,0.040561038579172676,0.014644614697928882,ZDHHC6,0.9960287891611641,0
OPA1.AS1,0.9960287891611641,0.9870129733966823,-0.028710185251141964,-2.2266828486391033,0.040633462814863214,0.01388430917363094,ZDHHC7,0.9960287891611641,0
MAML2,0.9960287891611641,0.9878260555342012,-0.02962479018057201,-2.251680696620448,0.04082859991115828,0.013171792326261046,ZFP91.CNTF,0.9960287891611641,0
POLR2B,0.9960287891611641,0.9880354220837071,-0.028882015754410968,-2.258351355080003,0.04152037695180919,0.012815057544032674,ZFR2,0.9960287891611641,0
UBQLN1,0.9960287891611641,0.988325335620398,-0.029188036774560444,-2.2677575105902474,0.0416553598195086,0.0125441342134422,ZMAT3,0.9960287891611641,0
LRP1,0.9960287891611641,0.9889487566974122,-0.02962453448801961,-2.288691725130416,0.04144759732013882,0.012089745189233867,ZNF208,0.9960287891611641,0
RPS13,0.9960287891611641,0.9891576095020351,-0.02891771551838264,-2.2959348491289715,0.04136038161508041,0.011942929701441717,ZNF248,0.9960287891611641,0
OAZ2,0.9960287891611641,0.9893252863737643,-0.029605030898077873,-2.301838393039779,0.041680088837596226,0.011721276145789323,ZNF318,0.9960287891611641,0
LARS2,0.9966474346618407,0.9913346550036295,-0.030476779280829272,-2.3797155735386677,0.041165934075324304,0.010215789382387493,ZNF385A,0.9966474346618407,0
SUPT20HL1,0.9966474346618407,0.9915938142599958,-0.030732518679636764,-2.3908864092842816,0.04353672939653774,0.009411124345097993,ZNF414,0.9966474346618407,0
EHD1,0.9966474346618407,0.9927572904643451,-0.03338235088340459,-2.4451021119842262,0.04333083886974418,0.008480753103929607,ZNF593,0.9966474346618407,0
PDHX,0.9966474346618407,0.9930213163908295,-0.03083649921289684,-2.4584675548551864,0.04352303698717354,0.008215972649291916,ZNF639,0.9966474346618407,0
IPO8,0.9966474346618407,0.9932839986809954,-0.03305639895147553,-2.472215558248453,0.044551814998103394,0.007784425321846482,ZNF658,0.9966474346618407,0
GNAI3,0.9966474346618407,0.9938115984205995,-0.03110640232854843,-2.5013290021823043,0.0411840427256242,0.008137925204011173,ZNF664.FAM101A,0.9966474346618407,0
TNRC6B,0.9966474346618407,0.9940371721487287,-0.03314877250544651,-2.514452270502724,0.04474989821463496,0.0071039660498458624,ZNF76,0.9966474346618407,0
MYOC,0.9966474346618407,0.9944115458572151,-0.035265354336510436,-2.5372371678873487,0.044911432199785946,0.0067518500013894695,ZNHIT1,0.9966474346618407,0
RUNX1.IT1,0.9976741049596646,0.9959954609243988,-0.03627460377125695,-2.6518206940493645,0.04651741618421535,0.00509461038617702,ZRANB1,0.9976741049596646,0
RSC1A1,0.998400636231177,0.99768815415472,-0.036903823074985506,-2.832305270566442,0.04727343942712112,0.003423727352572163,ZSWIM8.AS1,0.998400636231177,0
SERF1A,0.998400636231177,0.997840680742545,-0.03672368085371639,-2.854062074193806,0.049294273581799795,0.0030442250777955745,ZYG11A,0.998400636231177,0
TMED5,0.9987756227344372,0.9987756227344372,-0.04196098538566835,-3.029796704477953,0.05023152174799783,0.002019620174992923,ZZZ3,0.9987756227344372,0
