att,pval.adj,pval.att,beta.raw.att,beta.Z.att,beta.0,pval.0,gene,p_adj_use,beta_use
CBL,4.2381757255266496e-11,2.3769914332734994e-14,0.18101409201488247,7.546403228467158,-0.19156854935934833,3.208175253613559e-12,AAK1,4.2381757255266496e-11,0
NPFF,9.788496116483294e-11,1.0979804953991357e-13,0.17669337166280077,7.343578300730624,-0.19835563828776193,4.911463942435024e-12,AANAT,9.788496116483294e-11,0
DNM1P35,4.5401883393682044e-7,9.909093159303722e-10,0.15345202012838463,6.003310844089953,-0.16416592897115437,6.481801233680385e-9,AATK,4.5401883393682044e-7,0
DLEC1,4.5401883393682044e-7,1.0185503846030744e-9,0.15075254657687293,5.9988324925548016,-0.1636614862086763,6.756437026375153e-9,ABCB11,4.5401883393682044e-7,0
TATDN3,1.1714472407562543e-6,3.2850455433433937e-9,0.1386905773321953,5.805202374628074,-0.15699140483854965,1.8708004735677108e-8,ABCF2,1.1714472407562543e-6,0
TSPAN15,1.7458635475248016e-6,5.92266718490748e-9,0.12982182262343042,5.705399102388708,-0.15925214592575346,2.4157519443925196e-8,ABCF3,1.7458635475248016e-6,0
GPBAR1,1.7458635475248016e-6,6.8542034956105504e-09,0.13166266246647787,5.68040913071952,-0.15169421506301867,3.711639030152325e-8,ABCG1,1.7458635475248016e-6,0
METAP1D,1.4242205149241902e-5,6.390221042845497e-8,0.1229027367866858,5.284731866010134,-0.14254032054970842,2.116865277456928e-7,ABHD16B,1.4242205149241902e-5,0
PDPN,1.7573712408551052e-5,8.946782976291952e-8,0.12802377415594027,5.222658158910362,-0.1389888404586665,3.046483762176146e-7,ABI2,1.7573712408551052e-5,0
C4orf32,1.7573712408551052e-5,9.856260464694925e-8,0.122224143926934,5.2046725823436075,-0.14620864958218163,2.391404996412237e-7,ABRA,1.7573712408551052e-5,0
BCL7C,2.034751346658348e-5,1.2553149082020095e-7,0.1186050118890711,5.159484253938962,-0.14397021601378499,3.030418551084156e-7,ACAA2,2.034751346658348e-5,0
ARFGAP1,3.117939135595811e-5,2.0984447351177639e-7,0.11447027024002668,5.062241585657468,-0.13697969748502742,5.513360123985662e-7,ACAD11,3.117939135595811e-5,0
BAZ2A,6.176481605323726e-5,4.652160731940844e-7,0.12066288001568966,4.9080361548105556,-0.13540320964249444,9.6174899366646e-7,ACAP3,6.176481605323726e-5,0
ATXN8OS,6.176481605323726e-5,4.849733172996756e-7,0.11232550397501995,4.899856439756676,-0.13934124595445738,8.525599273746482e-7,ACBD4,6.176481605323726e-5,0
KIF5C,8.117707690671088e-5,6.829254927653748e-7,0.13198463492148568,4.83205252847259,-0.13233662200557608,1.3759552554260161e-6,ACKR1,8.117707690671088e-5,0
SMARCC2,8.633117420685577e-5,7.747048722993227e-7,0.12116250005061692,4.806851397246336,-0.13620648981243652,1.2900842031737598e-6,ACMSD,8.633117420685577e-5,0
IKBIP,1.0316152497782961e-4,9.835927788127332e-7,0.11080189247599713,4.758802159200397,-0.1276318032798397,2.0729853335796487e-6,ACOT1,1.0316152497782961e-4,0
HNRNPDL,1.0639258590779316e-4,1.0740698521257862e-6,0.11398438449323932,4.7409773022025945,-0.13336336110575547,1.7578822217385055e-6,ACP2,1.0639258590779316e-4,0
CIAPIN1,1.4253242632628234e-4,1.5188536736956615e-06,0.11030744808562264,4.670180929029042,-0.13425144596196698,2.1388979951051596e-6,ACSL6,1.4253242632628234e-4,0
EXOC8,1.4930320720140972e-4,1.6747415277780112e-6,0.12049635310186219,4.650039038805752,-0.13252027909197864,2.4130560684354263e-6,ACSS2,1.4930320720140972e-4,0
FAM120C,1.5073712811122174e-4,1.775367184708725e-6,0.10092379352152685,4.637971857756143,-0.1329870213362386,2.471145273151527e-6,ACTBL2,1.5073712811122174e-4,0
ARL6IP6,1.6065546355252246e-4,1.982288389318841e-6,0.10967451397215915,4.61509266179803,-0.1350342560301065,2.493029392031507e-6,ACTG1P4,1.6065546355252246e-4,0
ITM2C,1.7245658722295695e-4,2.2246222692809926e-6,0.10424853365537849,4.5910448354265645,-0.12826276695679156,3.353894319368493e-6,ACTR10,1.7245658722295695e-4,0
BRD3,1.734075754120638e-4,2.3341457150249753e-6,0.09735508118632621,4.5809901485937825,-0.11828794895574372,5.128767144152607e-6,ACTR1B,1.734075754120638e-4,0
MYL12B,1.886005466896648e-4,2.7222039854390366e-6,0.10292334491216193,4.548676414148796,-0.12659246706782715,4.041252263563323e-6,ACTR3B,1.886005466896648e-4,0
HMGN5,1.886005466896648e-4,2.7502042702923636e-6,0.10429956388982228,4.546518825921372,-0.12695061267423427,4.0185048666277685e-6,ADARB1,1.886005466896648e-4,0
RBBP5,1.8925961256445237e-4,2.86596160361201e-6,0.11371230944547406,4.537816665043348,-0.13003916402556326,3.726453391274958e-6,ADCY8,1.8925961256445237e-4,0
HNRNPUL2,2.382056290806453e-4,3.740750204295047e-6,0.11270257584289337,4.481218027559145,-0.12953866064216935,4.5164465236779634e-6,ADD2,2.382056290806453e-4,0
TBC1D15,2.513991642645151e-4,4.088937612827222e-6,0.10140480100960356,4.462161754901368,-0.12232658479637366,6.097960575038605e-6,ADD3.AS1,2.513991642645151e-4,0
WDYHV1,3.9475041920865415e-4,6.641902734862381e-6,0.1029406050524658,4.356952378135158,-0.12133573835672799,8.579121832351852e-6,ADIPOR2,3.9475041920865415e-4,0
C6orf118,4.432044674266708e-4,7.705742282796857e-6,0.10162254363482869,4.32426479076734,-0.12580350185940203,8.208789981346899e-6,ADIRF,4.432044674266708e-4,0
SETD4,5.476824517857581e-4,9.829410239564923e-6,0.098057135321471,4.270217148280274,-0.12309365854062362,1.0478867143920327e-5,ADNP2,5.476824517857581e-4,0
PTPN12,5.518433678128311e-4,1.0213590094124188e-5,0.11204927793966171,4.2616472107496515,-0.11949981906134266,1.2014043032300539e-5,ADPGK.AS1,5.518433678128311e-4,0
IQSEC2,5.747780559257152e-4,1.1023877722403748e-5,0.1016975149562929,4.2445356230370335,-0.12774281584740763,9.987486183052387e-6,ADRBK2,5.747780559257152e-4,0
UBE3D,5.747780559257152e-4,1.1282799751766703e-5,0.10759819617641785,4.239319666206052,-0.12199594628421029,1.1876673854803794e-5,ADSS,5.747780559257152e-4,0
STIM2,5.852152611908687e-4,1.2142113053621405e-5,0.09580612012484267,4.22279010214287,-0.11959047884635703,1.341101317978579e-5,ADSSL1,5.852152611908687e-4,0
RBM5.AS1,5.852152611908687e-4,1.2144119273170018e-5,0.1033261552083596,4.222752830017288,-0.1171141999136278,1.4506005532695903e-5,AFM,5.852152611908687e-4,0
RPL17,5.880261104156671e-4,1.2532244641500478e-5,0.09711236840710445,4.21565008818866,-0.11757846101016249,1.4574675505553791e-5,AGA,5.880261104156671e-4,0
STK38L,6.660329376749768e-4,1.456830317965457e-5,0.09939892236569377,4.181510231581043,-0.12417469388822928,1.330733548366256e-5,AGPAT4,6.660329376749768e-4,0
MRFAP1L1,6.834187417261025e-4,1.5331884278768424e-5,0.09520858336249399,4.1698673842498915,-0.12320229414815889,1.4142478560271437e-5,AGPAT9,6.834187417261025e-4,0
ADIRF,8.125406420384961e-4,1.8684333327862222e-5,0.10112510288145725,4.124518588939952,-0.1215774340425783,1.6935361469356667e-5,AHCYL2,8.125406420384961e-4,0
C16orf74,9.500617182347821e-4,2.237946840485746e-5,0.08607187058483617,4.082738038994342,-0.11697899609702794,2.17640460961892e-5,AHSA2,9.500617182347821e-4,0
CDSN,0.0013034452381924947,3.1434742143733747e-5,0.09305883525842334,4.003006609026096,-0.1161038585931808,2.805131611333742e-5,AIFM2,0.0013034452381924947,0
SRSF10,0.0013736871340967213,3.3911872503372016e-5,0.09713388216130145,3.985011009243761,-0.12008932557027924,2.6755360271201334e-5,AIM1L,0.0013736871340967213,0
ASB8,0.0013736871340967213,3.466961359189706e-5,0.0872987876317429,3.97975443198185,-0.11444688115716319,3.139983729442767e-5,AIMP2,0.0013736871340967213,0
WI2.2373I1.2,0.0016476520012838275,4.2508127907490785e-5,0.09427968289703374,3.9309711714933346,-0.11489491123843867,3.565846217045554e-5,AK3,0.0016476520012838275,0
YEATS4,0.0016779721167242247,4.423145792823251e-5,0.08895713434995683,3.921396481091077,-0.11443379005750311,3.7087764405704335e-5,AKAP11,0.0016779721167242247,0
EID2,0.001759196555108383,4.735918936915445e-5,0.08846918318000761,3.9048859904940576,-0.11350486695763842,3.9814816803853275e-5,AKAP8L,0.001759196555108383,0
SLC3A1,0.001926991015150627,5.2957128290735126e-5,0.08813864449779273,3.87775300882579,-0.1113294313625761,4.557034448154096e-5,AKIRIN2,0.001926991015150627,0
ARFGAP3,0.0020630996665987715,5.785472985414391e-5,0.09681494985284021,3.8561500830325826,-0.11502734107521204,4.4080442610423225e-5,AKNAD1,0.0020630996665987715,0
EMBP1,0.002066388959195593,5.910590965730524e-5,0.08695198480121749,3.8509082899469536,-0.1119680207364095,4.827581755502456e-5,AKT1S1,0.002066388959195593,0
EXOSC2,0.002079048819933743,6.0634065415902766e-5,0.0955717205378737,3.844646255340912,-0.11264322348108012,4.833105078844099e-5,AKT3,0.002079048819933743,0
SAP30L,0.002398394346482429,7.129270912146312e-5,0.0912119501959391,3.8047054319127724,-0.10852727568030299,6.023834455841554e-5,ALAS1,0.002398394346482429,0
GNL3,0.0029617331957190445,8.969915455346517e-5,0.07922416660100615,3.747409205224725,-0.10093501996996355,8.808174939726431e-5,ALDOB,0.0029617331957190445,0
SZT2,0.003129798287487952,9.654453494774948e-5,0.09164531821028085,3.728896516144303,-0.11363304415183663,6.581341050008434e-5,AMDHD1,0.003129798287487952,0
ELF2,0.0033092767164323513,1.0393690191823425e-4,0.092215484099768,3.7102418151140673,-0.11143801478554868,7.277642910365667e-5,AMH,0.0033092767164323513,0
SRFBP1,0.003365786106576139,1.0759944367629832e-4,0.08623643726860421,3.701456676345758,-0.11043578564570296,7.628927745017419e-5,AMZ2P1,0.003365786106576139,0
ZMAT3,0.005465399724940927,1.7778641842208285e-4,0.08148813087417812,3.5719248143592734,-0.10513598517988285,1.2306709923213537e-4,ANAPC1P1,0.005465399724940927,0
GSTM1,0.005477541579233354,1.8281340314150145e-4,0.09048043123715757,3.5646108133889824,-0.10811172223917423,1.177481622622508e-4,ANAPC7,0.005477541579233354,0
RAB11B,0.005477541579233354,1.843255719315767e-4,0.08590773802587452,3.562447468589597,-0.10667176180229149,1.2203862811605132e-4,ANKH,0.005477541579233354,0
SUGT1,0.005786399604243685,1.979643162416516e-4,0.08942860964819706,3.5436522985947403,-0.11119178148534352,1.1800227761128052e-4,ANKK1,0.005786399604243685,0
MAPKAPK2,0.00622550302832703,2.1647851248248788e-4,0.07997880500511903,3.5199876130314665,-0.10763673247772884,1.3459638735481745e-4,ANKMY1,0.00622550302832703,0
TP53I11,0.006817960483181101,2.4322701166183905e-4,0.08603529166296017,3.488938414924294,-0.10441761182767244,1.5650964031887517e-4,ANKRD12,0.006817960483181101,0
PSMC6,0.006817960483181101,2.4472768980571535e-4,0.08663192829969438,3.487292406330636,-0.10545894252312975,1.5381901703234163e-4,ANKRD13B,0.006817960483181101,0
YLPM1,0.006911649910521204,2.529239144438064e-4,0.082244293973400745,3.478465208681317,-0.10804216205417055,0.00015016427576053904,ANKRD18A,0.006911649910521204,0
PSMA6,0.006911649910521204,2.558434627562532e-4,0.07763369534265033,3.475385227985318,-0.10154491311742776,1.7278366207734247e-4,ANKRD44.IT1,0.006911649910521204,0
C9orf84,0.007508098866957845,2.860225228969509e-4,0.07729368044002924,3.4453363683966782,-0.10364500190375242,1.788415302681423e-4,ANP32A.IT1,0.007508098866957845,0
STK4.AS1,0.007508098866957845,2.8634364719749497e-4,0.08640123290099348,3.445032814780885,-0.1076859509935636,1.6609324324290758e-4,ANP32C,0.007508098866957845,0
WASF3,0.008724363592176418,3.3762259554692817e-4,0.08235326609047333,3.4002108966658406,-0.10082169698064387,2.1398137310319577e-4,ANXA13,0.008724363592176418,0
RCSD1,0.009580396889164674,3.7612326541869165e-4,0.07949304016846367,3.3705470981206296,-0.10286048674270093,2.2227937096907596e-4,ANXA7,0.009580396889164674,0
SUPT7L,0.012261714655913513,4.882679419909475e-4,0.07509298309136647,3.2979098884628133,-0.10196625660506355,2.7493702736987427e-4,ANXA8,0.012261714655913513,0
DENND4C,0.012335716588783808,4.981332554079833e-4,0.08616362361631996,3.292284412958092,-0.10189504896741189,2.7942174273530617e-4,AP1B1P1,0.012335716588783808,0
RBM26,0.012871002403178369,5.269675689467308e-4,0.08361361575341741,3.276414496138261,-0.10437847769079416,2.809034491246287e-4,AP1M2,0.012871002403178369,0
EIF2D,0.013434676870019115,5.575805319020834e-4,0.08349030159295993,3.26042195883486,-0.10004027963977027,3.1413652014901627e-4,AP2B1,0.013434676870019115,0
UBXN6,0.013648090650528915,5.740924278124894e-4,0.08302205302545312,3.25213012688438,-0.1033287618579177,3.0504379671821843e-4,AP2M1,0.013648090650528915,0
KIAA0319,0.015221794214886066,6.488257769665402e-4,0.07480686781712931,3.2171595359620366,-0.10032669444590119,3.5094138867416004e-4,AP2S1,0.015221794214886066,0
ZC3H8,0.015558838856330174,6.719184475251954e-4,0.0835357486526369,3.2071050267733257,-0.09943006994160741,3.6571661232238966e-4,AP3M1,0.015558838856330174,0
COPB2,0.015799597002535425,6.911769860896036e-4,0.07801187929449024,3.1989608205761884,-0.10323308315865075,3.540597172760307e-4,AP3M2,0.015799597002535425,0
SNX30,0.015915583008420026,7.063801428645497e-4,0.07887691779023563,3.1926781052802076,-0.10102068739667425,3.7121902019995667e-4,APBB2,0.015915583008420026,0
U2AF1L4,0.015915583008420026,7.141035561826146e-4,0.06929849558555577,3.1895340141016937,-0.09975132514303715,3.814711996947738e-4,APELA,0.015915583008420026,0
RPL26L1,0.016701691430452883,7.58742011142279e-4,0.07706981243189338,3.171954048861563,-0.09688115013642659,4.1870043903902333e-4,APEX2,0.016701691430452883,0
RPL12,0.017989264372506957,8.273245533065455e-4,0.07742851575177578,3.1467182866621544,-0.09640576985740043,4.5050442834335954e-4,APH1B,0.017989264372506957,0
SURF6,0.020194477781938516,9.400682310156461e-4,0.06957249559141782,3.1091411411014667,-0.09971433934711481,4.7403764278701477e-4,APIP,0.020194477781938516,0
HECTD1,0.020339359652291233,9.582199724018305e-4,0.07304096685017446,3.1034823689720907,-0.095971119391702,5.075332876885065e-4,ARAP1,0.020339359652291233,0
NUMB,0.021154286150484748,0.0010084769056596767,0.07614270686752295,3.0883135174625327,-0.09612012303832519,5.268528961525459e-4,AREG,0.021154286150484748,0
TNIP2,0.0217735080170125,0.0010502084629630257,0.07289499779984873,3.0762362258913494,-0.09782732273885464,5.308275852462766e-4,ARF1,0.0217735080170125,0
GNB1L,0.022086002090736627,0.0010776680773382425,0.07644092430994967,3.0685272094314286,-0.09324406309032915,5.802376656064509e-4,ARF3,0.022086002090736627,0
ZCCHC9,0.024136776956480147,0.0011912711004880836,0.06833058654214363,3.03843588867467,-0.09560285847100443,6.045421078973947e-4,ARF4,0.024136776956480147,0
CUL4B,0.025108981655043716,0.0012533367174979756,0.06761137452100163,3.0230895024710023,-0.09375447149690588,6.461525041321661e-4,ARFGAP1,0.025108981655043716,0
PRRC2B,0.025262890933137216,0.0012779973609772176,0.07511670381961659,3.0171842864145413,-0.09117555367535914,6.834530185776868e-4,ARFGAP3,0.025262890933137216,0
PRDM5,0.025262890933137216,0.001307910770632963,0.0653238618558771,3.0101595567756543,-0.09438309633336579,6.616716394277405e-4,ARFGEF1,0.025262890933137216,0
ARHGDIB,0.025262890933137216,0.0013174301034991087,0.0814394262068966,3.007954879437972,-0.09732250933044789,6.411714255234596e-4,ARFGEF2,0.025262890933137216,0
CLIP1.AS1,0.025262890933137216,0.0013275993723233948,0.07989110634332637,3.0056157081451462,-0.09414910161555956,6.716882906904048e-4,ARFIP1,0.025262890933137216,0
PTGES3L,0.025262890933137216,0.0013318630104962974,0.07136419940652021,3.0046398409640767,-0.09376707138417628,6.773249671841433e-4,ARHGAP10,0.025262890933137216,0
GRK7,0.0253815959570449,0.0013523564867746864,0.07853396159916749,2.999988748675277,-0.0942630872224353,6.801795936287272e-4,ARHGAP31,0.0253815959570449,0
TMSB4Y,0.0274001916490662,0.001475276723673783,0.06387789868506012,2.973372628595062,-0.09078760566337142,7.666208452440973e-4,ARHGDIB,0.0274001916490662,0
TBRG4,0.02998766366793319,0.0016314096330844192,0.07450267204516778,2.9423415546517724,-0.09454245202512196,7.87893683560141e-4,ARHGDIG,0.02998766366793319,0
YBX2,0.03122315205012165,0.001718611498774928,0.06998093304266037,2.926170174870624,-0.09240232022748177,8.433986276048968e-4,ARHGEF10,0.03122315205012165,0
MED4.AS1,0.03122315205012165,0.0017336466926315443,0.06876582496263625,2.923457741136822,-0.09416507652275008,8.314390763386482e-4,ARHGEF25,0.03122315205012165,0
VPS37A,0.03163721482310815,0.0017743810893498684,0.05576479619464589,2.916215190714031,-0.0829143523355743,0.0010213757730710223,ARHGEF3.AS1,0.03163721482310815,0
NINJ1,0.032541209029121554,0.0018433326483125502,0.07532717337020851,2.904293495826443,-0.09194480824208812,8.969858498998031e-4,ARHGEF7,0.032541209029121554,0
ACSS2,0.03299551320413484,0.0018883890785624522,0.06610297115786637,2.8967204655803918,-0.09131675214980284,9.215715447533328e-4,ARHGEF7.AS1,0.03299551320413484,0
HNRNPA3P1,0.03299551320413484,0.0019139188450586592,0.07336789888666408,2.892502044855236,-0.09308958369850626,9.121628334020393e-4,ARID1B,0.03299551320413484,0
MRPS6,0.03299551320413484,0.001924584056775111,0.06773837428312639,2.8907549007282762,-0.09613184495351684,8.894403023117131e-4,ARID4B,0.03299551320413484,0
TXNDC15,0.0340041053801186,0.002002485173815173,0.06684037519771653,2.8782536989824394,-0.08796228318680242,0.0010112799733309513,ARIH2,0.0340041053801186,0
HNRNPK,0.03629646663929458,0.0021578381737326,0.06528310350536326,2.8545887734912077,-0.09059434093309661,0.0010350789338855926,ARIH2OS,0.03629646663929458,0
CSNK2A2,0.04055593704812969,0.002433811140858035,0.06482000327956186,2.8161213706661874,-0.08891957977001377,0.0011632906867020247,ARL3,0.04055593704812969,0
IKZF2,0.0405923841000366,0.0024587647127335683,0.06945616331029279,2.812840797397077,-0.09142474757821437,0.0011407835177845323,ARL6IP4,0.0405923841000366,0
CLSTN2,0.040934800046433614,0.0025024639400231426,0.0651126036280009,2.807167662885683,-0.09106666822386639,0.0011619079802492507,ARL6IP6,0.040934800046433614,0
GMIP,0.041251534545215164,0.002557425211263709,0.0705082268302283,2.800158309881976,-0.0892270345095794,0.0012058131383904174,ARMC9,0.041251534545215164,0
MCM3AP.AS1,0.041251534545215164,0.00256809889765501,0.06669354951498573,2.7988128792095113,-0.09115796743000561,0.00118598558938471,ARPC1B,0.041251534545215164,0
KANTR,0.04373938375980189,0.0027475103651698326,0.06607688386126777,2.776922668916312,-0.09020876967171676,0.0012661143154361354,ARPC2,0.04373938375980189,0
PASD1,0.044192435333090675,0.0028118952914453115,0.06817890096078492,2.769380887603392,-0.08865086660080827,0.001311529497428465,ARPC3,0.044192435333090675,0
ZNF318,0.044192435333090675,0.002825539892300806,0.05552883962869506,2.7678026499437958,-0.08844893407144161,0.0013190613264687481,ARPC4,0.044192435333090675,0
EPS8,0.05188049942187322,0.0033481202773746202,0.059463175948342495,2.7119949835121586,-0.08984271908101694,0.0015003474856296508,ARPC4.TTLL3,0.05188049942187322,0
RPL37A,0.05188049942187322,0.0033752876797180555,0.07143890028459478,2.709313609260574,-0.08849300712462578,0.0015279955725708211,ARPC5L,0.05188049942187322,0
TLN2,0.052411633994663184,0.003458629298369607,0.06513310024143373,2.7012072838221384,-0.08598664784452494,0.0015974570369299474,ARPP21,0.052411633994663184,0
IRF2BPL,0.052411633994663184,0.003468633096674288,0.0597291404130973,2.7002460817485945,-0.09038298909613394,0.001540721960628552,ARRDC1,0.052411633994663184,0
CCNE1,0.05267301505423389,0.00354753639935267,0.057375564418931393,2.6927508425050775,-0.0878447349584474,0.0016021204409779916,ARRDC3,0.05267301505423389,0
RPS13,0.05267301505423389,0.003566356974448744,0.06593020210127805,2.690985155505983,-0.08878120715225478,0.0015968648845436852,ASB7,0.05267301505423389,0
TYMP,0.05267301505423389,0.0035745568264510938,0.07179020934619601,2.6902184865050147,-0.08958906647290614,0.0015902024236971206,ASB8,0.05267301505423389,0
RERE,0.05513465811030475,0.0037976846410463466,0.06682932330548903,2.6699396387970578,-0.08463107225116678,0.0017493403117202777,ASB9,0.05513465811030475,0
SRXN1,0.05513465811030475,0.0038034565045246683,0.06034945558596209,2.669429390306139,-0.08300626474926086,0.0017863974156920107,ASCC3,0.05513465811030475,0
C11orf63,0.055146057656116514,0.003835171704631771,0.06344272990628719,2.6666380053334504,-0.08572391323869949,0.0017432997013073735,ASIC1,0.055146057656116514,0
VAV2,0.05668783361555817,0.0039741891205523116,0.06423518627830273,2.654641500622039,-0.08800321573787169,0.0017622645339464519,ATF3,0.05668783361555817,0
PPDPF,0.059679988746528446,0.004217430500315527,0.0630294334221445,2.634527108324461,-0.08558891679250195,0.0018895916529897484,ATF5,0.059679988746528446,0
SMARCA5,0.0618898472418583,0.004409144360000591,0.06411099932352342,2.6193923261710776,-0.08587646145244267,0.0019564156679666156,ATF7,0.0618898472418583,0
MFRP,0.0618898472418583,0.004443017637104803,0.06565641320201979,2.6167795564520366,-0.08643372614048593,0.0019615293158865015,ATG13,0.0618898472418583,0
SORBS1,0.06738285073798163,0.004875147361300971,0.06824781395822688,2.584920835994112,-0.08604653784843676,0.0021302587525890227,ATG14,0.06738285073798163,0
EXD1,0.07137157913058019,0.00520376067693518,0.06554755447814095,2.562337925174336,-0.08437975118366756,0.0022801010427765263,ATG4C,0.07137157913058019,0
RBMS2,0.07421832862525438,0.00545294506444662,0.06065138645805889,2.5460447562302484,-0.0859875137766814,0.002351160193343484,ATG9B,0.07421832862525438,0
EIF1AD,0.07468653654924028,0.005575723190335836,0.05917967742226769,2.538258872131687,-0.0870807773267575,0.002386049379166712,ATN1,0.07468653654924028,0
SYS1.DBNDD2,0.07468653654924028,0.005623791022102106,0.05094365369111046,2.535252121066627,-0.08651437871439051,0.0024102398526028895,ATP11C,0.07468653654924028,0
TSR2,0.07468653654924028,0.005633683428934425,0.05667145190625942,2.5346361622301483,-0.08634201320330337,0.002415952017268137,ATP1A1.AS1,0.07468653654924028,0
ACMSD,0.07468653654924028,0.0056715092217299755,0.06231783630949648,2.532289731654865,-0.08536575584316616,0.002442098666473509,ATP2A3,0.07468653654924028,0
SEPW1,0.07468653654924028,0.005696785737911766,0.06204878625057419,2.5307294979099537,-0.08449855881557448,0.002463839241413946,ATP2C2,0.07468653654924028,0
SYN1,0.07674081126186862,0.005896517746985979,0.06162970563900827,2.51861234532257,-0.0836578238372334,0.0025520625562566856,ATP5B,0.07674081126186862,0
APH1B,0.0805400333614013,0.006233608863641828,0.06145005474209946,2.4989640718158443,-0.08607335600334494,0.00264938680659339,ATP5C1,0.0805400333614013,0
SHISA6,0.08147008314353348,0.0063512852254353075,0.05948667827626229,2.4923263041760677,-0.0814889477829391,0.0027619105462141414,ATP5D,0.08147008314353348,0
DDX42,0.0834352497887916,0.006598792762709948,0.06369453232423798,2.4787131114383905,-0.0843653024538928,0.0028080548324259814,ATP5G1,0.0834352497887916,0
DGKE,0.0834352497887916,0.006631301420399028,0.060913748185345055,2.476958789201502,-0.08407247205966593,0.0028239518704396387,ATP5G3,0.0834352497887916,0
PTDSS2,0.0834352497887916,0.006644871267531356,0.05462494410292915,2.476228744206539,-0.08512783740559383,0.002817169466908885,ATP5H,0.0834352497887916,0
NFXL1,0.08358515437696054,0.006703688769436544,0.05501983916037414,2.473079576529193,-0.08154185101881731,0.0028913535403881684,ATP5L2,0.08358515437696054,0
TRIM29,0.08499286759630313,0.006880655902438894,0.06327050400445385,2.463749615727806,-0.08050326449250528,0.002978635581561116,ATP5S,0.08499286759630313,0
KIAA0355,0.08499286759630313,0.0069119269778261105,0.05135512643692282,2.462123042333933,-0.08098376634784304,0.0029802818012831123,ATP6AP1L,0.08499286759630313,0
ARF1,0.08533337141834989,0.006987477412831791,0.0554168176883363,2.4582199212917306,-0.08173917760847571,0.002993509263491863,ATP6V0A1,0.08533337141834989,0
PRR14,0.08661483900623888,0.00714098784852334,0.05846925308434303,2.450402612781764,-0.08183012520315448,0.0030497937072988483,ATP6V0E2,0.08661483900623888,0
XRCC6BP1,0.08661921479764284,0.007189929214835188,0.05565242639321172,2.4479415068214494,-0.07931019176228876,0.0031198515324764283,ATP6V1E2,0.08661921479764284,0
ADD2,0.08694330023006833,0.00726559267205843,0.057804630856524146,2.444165559575349,-0.08369675794518613,0.003070745240621856,ATP6V1G2,0.08694330023006833,0
EGLN2,0.08751257517426109,0.007369115629324979,0.05667885742630362,2.439055084484452,-0.08441744073807135,0.0031032352958758743,ATRIP,0.08751257517426109,0
YY1AP1,0.08751257517426109,0.007411328576171298,0.05566283701659937,2.4369893635160627,-0.08055398268765684,0.003173853535028897,ATXN1L,0.08751257517426109,0
ARID1B,0.08962997130908303,0.007640917352204499,0.059119124403874276,2.425932529860339,-0.08139560523814184,0.00324497342442507,ATXN2,0.08962997130908303,0
SUPT5H,0.09445776855981805,0.008105461912311925,0.05870810763771636,2.404427050346737,-0.0798546564191408,0.0034459409984421404,ATXN3,0.09445776855981805,0
WISP1,0.09912159679698034,0.008561259622397628,0.05046738377907849,2.384354813483051,-0.07856312829875862,0.0036406038194239467,ATXN7L3B,0.09912159679698034,0
KPNA2,0.1103514378637739,0.009593086297748151,0.056399277365618235,2.3421688150892086,-0.08035765380181936,0.003997658745712817,ATXN8OS,0.1103514378637739,0
FOXJ3,0.11713815723844903,0.010287740712709789,0.05252930658500529,2.3159516659381283,-0.07692032331876858,0.004314437238457541,AURKA,0.11713815723844903,0
TAF6,0.11713815723844903,0.01031446477085614,0.0521195388435795,2.314974282677344,-0.07796020209169068,0.004303892401424484,AZU1,0.11713815723844903,0
PBX1,0.11828225499310106,0.010481545871514283,0.059860353842214484,2.308913176645923,-0.07685564237103902,0.004386912287632772,B4GALT1.AS1,0.11828225499310106,0
TMEM50B,0.1214489252982482,0.010830274325530827,0.05275341690294182,2.2965290846207362,-0.08032872651240618,0.00447306299252756,BACE1,0.1214489252982482,0
RNF43,0.12473622039102793,0.011193379283547094,0.05284093133280109,2.283998017083355,-0.07677082247709381,0.00465301353464864,BAGE,0.12473622039102793,0
TSNARE1,0.12490135116962936,0.011278248759568326,0.05650296725048445,2.2811201493478293,-0.07833527924337953,0.004661296922826599,BARD1,0.12490135116962936,0
PPP1CB,0.12689982719868867,0.011630920195439463,0.05709191763816364,2.269359320782834,-0.08000620667903076,0.00478644007692292,BAZ1B,0.12689982719868867,0
SETDB2,0.12689982719868867,0.01163196297033101,0.054143823929581884,2.269325008436002,-0.08028305789948573,0.0047859947951514985,BAZ2A,0.12689982719868867,0
ARAP1,0.12689982719868867,0.011675687898851511,0.05732953212425432,2.267888644724669,-0.07947210277589115,0.004805495033528963,BAZ2B,0.12689982719868867,0
ABHD16B,0.12689982719868867,0.011893874617633195,0.054773594665487306,2.260790238970256,-0.07815119733899083,0.004897945571774885,BCAR1,0.12689982719868867,0
RPL29,0.12689982719868867,0.011898018131204465,0.05894123459464963,2.2606565323410934,-0.07919769574944446,0.004893314420335906,BCDIN3D,0.12689982719868867,0
USP2,0.12689982719868867,0.011933502649275448,0.05888829094391546,2.2595131372504684,-0.0805345761233903,0.004904882569579615,BCL7C,0.12689982719868867,0
SPG20,0.12689982719868867,0.012010934653127166,0.05199299585383011,2.2570282987891117,-0.0773045058413437,0.004951532933899926,BCMO1,0.12689982719868867,0
PFDN6,0.12689982719868867,0.01205979688890716,0.057420729379928745,2.2554674212751524,-0.07856236432651104,0.004958704284803171,BECN1P1,0.12689982719868867,0
NUP35,0.12689982719868867,0.012150526998277074,0.051384637297753874,2.252583585187167,-0.07819426708294795,0.004996018796130057,BFSP1,0.12689982719868867,0
JAK2,0.12689982719868867,0.012170426500827686,0.05481872531093537,2.2519535812666125,-0.07599365698067662,0.0050309239993772134,BID,0.12689982719868867,0
YME1L1,0.12790309201109704,0.012338380160352602,0.05431755073614267,2.2466715639982406,-0.0780917913980539,0.005068902716671784,BIN3,0.12790309201109704,0
ZNF593,0.13235873436978807,0.0128424346864685,0.05158149979235412,2.2311850081426092,-0.0739014119244664,0.005321416137651521,BIRC3,0.13235873436978807,0
GOLGA7B,0.1329410348285997,0.012973494144798849,0.04988779141126045,2.227244608638831,-0.07606363165656418,0.00533034183352361,BLID,0.1329410348285997,0
CORO1B,0.13502093091626155,0.013252194565533242,0.052419487516111425,2.2189783935204304,-0.07391091031403552,0.005471470955330019,BLVRA,0.13502093091626155,0
MTOR.AS1,0.13947448493133516,0.013767531883295003,0.05116517859576637,2.204081341939716,-0.076748523868287,0.005625906478702037,BMS1P17,0.13947448493133516,0
PTCD1,0.14034013485343586,0.01396833698717688,0.059237604063595156,2.198406634694064,-0.07557624147027198,0.005711146958003612,BNIP3,0.14034013485343586,0
H3F3C,0.14034013485343586,0.014010400450875815,0.04919224515258714,2.1972268494960696,-0.07989079634939387,0.005731853933785835,BPY2,0.14034013485343586,0
TMEM11,0.140715777757866,0.014126822332393726,0.05215116851966909,2.1939773261960953,-0.0777830623087498,0.005764159321397693,BRAT1,0.140715777757866,0
MAP4K5,0.14114270756106148,0.014372364990039797,0.04978742249513293,2.1871987999754134,-0.0777990819126487,0.005861703266437981,BRD3,0.14114270756106148,0
DNAJC12,0.14114270756106148,0.014411906206030134,0.0494361784748562,2.186116552474766,-0.07567113680702929,0.005879647440360615,BRD4,0.14114270756106148,0
BLVRA,0.14114270756106148,0.01443995393002582,0.05394534020736838,2.1853504321095896,-0.07662547517582392,0.005886208813044913,BRD7,0.14114270756106148,0
SF3A1,0.14114270756106148,0.014486323883159983,0.05457180748193289,2.1840866476480034,-0.07737707480290774,0.005903913787546706,BRDT,0.14114270756106148,0
ANKRD18A,0.14152169801485748,0.014604594747467066,0.05606427562231461,2.1808789464996083,-0.07355394523548035,0.005976352227037392,BRMS1,0.14152169801485748,0
SRSF8,0.14320131391763716,0.01485824064765164,0.045024277102321666,2.174074336532778,-0.07710605979222335,0.006049998079752919,BRMS1L,0.14320131391763716,0
ASB9,0.14489277033931147,0.015115005767308991,0.04754560304221438,2.16728704479231,-0.07856970236019638,0.006162836851934802,BRPF3,0.14489277033931147,0
COPS6,0.14874803767285644,0.015600607428392681,0.04923013586313288,2.154717143189703,-0.0767242795753414,0.006339922951583805,BSG,0.14874803767285644,0
SAP25,0.14939402847739233,0.015752146580902838,0.04931810535300169,2.150863284240267,-0.07743153860887964,0.006405712945503861,BSN,0.14939402847739233,0
LARP1B,0.15166844857267425,0.0160770256759593,0.04663491976890065,2.1427071508069413,-0.07574499438641795,0.006522310270664642,BTBD10,0.15166844857267425,0
SRP14.AS1,0.15225231208287912,0.0162981122084546,0.05270035207234609,2.137237156089391,-0.07723422882703918,0.006621888938232799,BTF3L4,0.15225231208287912,0
GNA14,0.15225231208287912,0.01630969804140769,0.05134150454811219,2.1369522628987774,-0.07571514161979254,0.0066130091865603605,BTF3P11,0.15225231208287912,0
BCDIN3D,0.1533969700328052,0.016518350110094556,0.05027421623799648,2.131850990375882,-0.07715991407706264,0.006709797915546397,BTG2,0.1533969700328052,0
DHX40,0.15696784460741448,0.016990910829630394,0.05414019313119178,2.1204983336786998,-0.0747456874379806,0.006873600466001342,BTN2A2,0.15696784460741448,0
ELANE,0.1674235908879327,0.0182165881280196,0.04869701142710623,2.092263383995682,-0.07534276360749223,0.007363302411172154,BUD13,0.1674235908879327,0
PEX3,0.16856779688588627,0.018440794855088167,0.04525636190492843,2.08727482689234,-0.07455768728038832,0.007440161063555882,C10orf55,0.16856779688588627,0
OSBP2,0.16856779688588627,0.018590818565257333,0.04482893143430411,2.083965601983209,-0.07511199099296154,0.007509147574399555,C10orf82,0.16856779688588627,0
PLEKHD1,0.16856779688588627,0.018624708909994167,0.05499442658525031,2.083221198319589,-0.07608548311634776,0.007541726942298524,C11orf63,0.16856779688588627,0
CNOT2,0.1700058305057565,0.01887894247904643,0.04508605252251675,2.077673414269028,-0.07596602389887254,0.0076428272123398935,C14orf164,0.1700058305057565,0
HNRNPU,0.17194946779962453,0.019250498415944933,0.049013271379594735,2.0696787115736086,-0.07269614269150554,0.007740192187865521,C14orf169,0.17194946779962453,0
WAC.AS1,0.17194946779962453,0.019287657633160354,0.051900262609498496,2.06888639845052,-0.07524288017738194,0.007791550384559405,C16orf70,0.17194946779962453,0
ZNF639,0.17197043467918136,0.01938645954599857,0.051848361686690075,2.066786025642133,-0.0746172821337635,0.007818567656425699,C16orf74,0.17197043467918136,0
KDM4A,0.17374904469038327,0.0197772386170658,0.05108325471377454,2.058566784424019,-0.07417802972177535,0.007965887890161505,C17orf64,0.17374904469038327,0
PPP2R5E,0.17374904469038327,0.019781859827340327,0.04316157641173696,2.058470414799681,-0.07409046776595131,0.007966193177410102,C17orf89,0.17374904469038327,0
ZC3H12A,0.17457923614793344,0.019974292862691208,0.04980882787891537,2.0544743259532705,-0.07080272757342426,0.008015537836374313,C19orf10,0.17457923614793344,0
USP40,0.17803362551003196,0.02052578958865025,0.04741188241530654,2.0432000881622656,-0.0746132884808065,0.008278022720239878,C1orf50,0.17803362551003196,0
TMEM174,0.17803362551003196,0.02056922425971205,0.044477189998043516,2.04232310493478,-0.07144705331357251,0.008241216692850233,C4orf32,0.17803362551003196,0
ACOT1,0.17897704975802264,0.020778603084638636,0.04783942764911257,2.038117447430696,-0.07387678100415776,0.008360897103389832,C6orf118,0.17897704975802264,0
RPS19BP1,0.18327938907582694,0.02138088218046663,0.050308944146113775,2.026216759489852,-0.07329717381358049,0.008589068248441025,C6orf99,0.18327938907582694,0
ELAVL2,0.18420620517277872,0.021592314571570806,0.044147982201996415,2.0221061811108245,-0.07500228079219318,0.008729243855038232,C7orf31,0.18420620517277872,0
ATXN7L3B,0.1881083928093326,0.022155222933236032,0.050555046592481646,2.0113258539332057,-0.07411411545171011,0.008928361563125473,C9orf84,0.1881083928093326,0
STXBP4,0.19655707904946643,0.023260540482017623,0.0486319132037635,1.9908134203488377,-0.0707862989477109,0.009275765589234024,CAB39L,0.19655707904946643,0
CASC5,0.1987204934423261,0.0236280115590427,0.04799558429082136,1.9841757010426702,-0.07265092919790436,0.0094771810083265,CALCOCO2,0.1987204934423261,0
UBA5,0.19925770088730488,0.023806514200424192,0.04632432557780185,1.980982652105807,-0.07238411072520308,0.009540424152578199,CALCR,0.19925770088730488,0
PBX3,0.19925770088730488,0.023915394273630534,0.04864437975302874,1.9790448800320373,-0.07275264761213164,0.009599107780308294,CALM2,0.19925770088730488,0
HMGXB4,0.19939327579091576,0.024043496519936564,0.04064086123553994,1.976774476886034,-0.07099825018834657,0.009589251062200519,CALML3,0.19939327579091576,0
RAB8A,0.20067975324880177,0.024311175940404477,0.04915866426716059,1.9720629153791422,-0.07241307916205963,0.009746772486464017,CALR3,0.20067975324880177,0
ARHGEF7,0.20636739373543167,0.025115941918445697,0.048992149104650856,1.9581554367341163,-0.07329670410936122,0.010124119540503199,CAMK2N1,0.20636739373543167,0
WWTR1,0.20804686247184845,0.025437025248941647,0.04608863014319826,1.95271079660961,-0.07139147129113307,0.010163558176654734,CAND1,0.20804686247184845,0
CIDEA,0.2107473047114553,0.026115894180119344,0.05260504571683013,1.9413860488542274,-0.07293947678276395,0.010526169871020626,CAND1.11,0.2107473047114553,0
EIF2AK2,0.2107473047114553,0.026178937965823695,0.04378408134483667,1.9403469107880738,-0.06980039817654932,0.010399535537390269,CAP1,0.2107473047114553,0
RPL31,0.2107473047114553,0.026290134613572266,0.049764358915854276,1.9385191684062035,-0.07095863267235542,0.010490962672657245,CAP2,0.2107473047114553,0
POLDIP3,0.2107473047114553,0.026357922756713125,0.044644483553329825,1.9374081015583489,-0.07225269287798354,0.01058755189961524,CAPN10,0.2107473047114553,0
RBM38,0.2107473047114553,0.026358187857910564,0.04608864973580332,1.9374037611661523,-0.0704746566083737,0.010497472086988925,CAPN3,0.2107473047114553,0
ARF4,0.21527815225064945,0.027045600731433243,0.0455520339984872,1.926269777901816,-0.06880381571790598,0.010707823820619234,CAPNS2,0.21527815225064945,0
ARFGEF1,0.2173681866862538,0.02751907331354458,0.04303198958054081,1.9187375887355582,-0.0712488062944517,0.011012127848206687,CAPRIN2,0.2173681866862538,0
DEPDC1,0.2173681866862538,0.027711799218825474,0.04300988286108848,1.9157025498790203,-0.0701045177048409,0.011029118449933196,CARD10,0.2173681866862538,0
BRPF3,0.2173681866862538,0.02771589258762142,0.04423440579264663,1.9156382787467778,-0.07106311135019763,0.01108415667976209,CARD9,0.2173681866862538,0
RPL18A,0.2173681866862538,0.02779581972207844,0.04595680821207911,1.9143849028878968,-0.07034687895702105,0.011076673604329507,CARS2,0.2173681866862538,0
ARPP21,0.21746489034923114,0.02793015136846547,0.04479210193152756,1.9122851325695704,-0.07227517087481498,0.011254258295553838,CASC4,0.21746489034923114,0
RPL31P11,0.22345608050246857,0.02891271937791285,0.04963870378749459,1.8971769098554367,-0.07213838054699005,0.011666041173524197,CASC5,0.22345608050246857,0
C10orf55,0.22345608050246857,0.029050166798325144,0.04597992486503375,1.8950976607732017,-0.06973605581946032,0.01155361240788899,CASP3,0.22345608050246857,0
CPNE4,0.22345608050246857,0.029075608904415427,0.047059920975458774,1.8947136799924336,-0.07019412220643856,0.011594573146708044,CASP5,0.22345608050246857,0
DCAF12,0.22518266087321054,0.029426561964923194,0.044392839579935874,1.8894452583028456,-0.07025445435272469,0.011743910917300674,CBFA2T3,0.22518266087321054,0
ADCY8,0.22558397308341105,0.029786776580553065,0.043789796795148196,1.8840917852695656,-0.07110844482078517,0.011959223924345555,CBL,0.22558397308341105,0
TRAM1L1,0.22558397308341105,0.029832072766443243,0.04368544755190919,1.8834224063160565,-0.0681119610419447,0.011783254730549865,CBX2,0.22558397308341105,0
TIRAP,0.22558397308341105,0.029858562898309033,0.04470033336751842,1.883031330543471,-0.07173629765473205,0.012042075783828918,CBX3P2,0.22558397308341105,0
GATAD2A,0.22583747932440712,0.030174786190686358,0.0411194902904774,1.8783849857970545,-0.07113026883186556,0.012127315520104,CCAT1,0.22583747932440712,0
CNDP1,0.22583747932440712,0.030246072101074686,0.0447763937699233,1.8773431449125901,-0.06752073750490054,0.011920019102225506,CCDC116,0.22583747932440712,0
ERP44,0.22583747932440712,0.030272101827556533,0.04656561640409446,1.8769632287192277,-0.0704809949790721,0.01211678639143189,CCDC23,0.22583747932440712,0
GOLGA2P2Y,0.22640762306473053,0.03047591361591672,0.03874307125394424,1.8739978214593398,-0.07143053132109407,0.01228296259852035,CCDC7,0.22640762306473053,0
DOCK3,0.22640762306473053,0.03060248859147507,0.04747800924036982,1.8721644501792867,-0.066245197033948,0.012007241328346772,CCDC89,0.22640762306473053,0
OCIAD2,0.22701306221787643,0.03081164389048014,0.045620520615145314,1.8691486643251742,-0.06988850121445474,0.012297779550440069,CCDC94,0.22701306221787643,0
MAST4,0.22862722742094835,0.031158954718614944,0.04310293287420713,1.8641780603295806,-0.07009733092285408,0.012461274868543967,CCNDBP1,0.22862722742094835,0
RSRP1,0.230679587025225,0.031568042195263546,0.04370462268854871,1.8583817790241983,-0.06953167820866442,0.012588235045154514,CCNE1,0.230679587025225,0
PSMG1,0.23232898769020016,0.031924061684856446,0.04163795325222479,1.853387723314245,-0.06912685839332632,0.012704326335001391,CCNI2,0.23232898769020016,0
TPPP,0.24140923658976549,0.033399296087255205,0.04762266830765605,1.8331714763143938,-0.07102608207733974,0.013526852502749338,CCNL1,0.24140923658976549,0
FZD1,0.24140923658976549,0.03344255829370279,0.0439368691985951,1.8325898203826212,-0.06863932954076624,0.013301332025035752,CCNT2.AS1,0.24140923658976549,0
PPP3CC,0.24172611956008053,0.03362202896853616,0.04390094196263046,1.8301834515250732,-0.06968020147185004,0.013479030654232706,CCNYL1,0.24172611956008053,0
ELN,0.2420054920907808,0.033796616674483686,0.040879056645665345,1.8278526781609186,-0.06875755727748654,0.013462926949773416,CCT3,0.2420054920907808,0
SSUH2,0.24424366437647593,0.034246167186830614,0.042607898633780186,1.8218963782275641,-0.06839910134710861,0.013619085734288217,CCT4,0.24424366437647593,0
GSPT2,0.25028970809811546,0.03523427747202859,0.044404080942820605,1.8090269697176509,-0.06913347549430512,0.014119499391541605,CCT5,0.25028970809811546,0
MARK2P9,0.25039941473241434,0.03539015844787909,0.045715319512568846,1.8070238685022861,-0.0696353321017649,0.014246490672333799,CCT6A,0.25039941473241434,0
UBN2,0.2545823158127069,0.03612413118374361,0.042937252618344045,1.7976882656225845,-0.06766115639936217,0.014339993681712937,CCT6B,0.2545823158127069,0
HIPK1.AS1,0.2546081279852619,0.036366535624522196,0.0460162120861455,1.7946391898268998,-0.06524740571607607,0.014218695751982912,CCT8,0.2546081279852619,0
BNIP3,0.2546081279852619,0.03641338902761738,0.04554474575951808,1.7940517657480963,-0.06738824678394491,0.01443459363516001,CD164L2,0.2546081279852619,0
SPDEF,0.2550898411297011,0.036625350156591976,0.04457340268284991,1.7914020090047893,-0.06918959889606888,0.014737792452573015,CD38,0.2550898411297011,0
TMSB15A,0.25937887336867754,0.03758190716813442,0.043614271311644776,1.7795976915937655,-0.064762415001402,0.014670129487236106,CD40,0.25937887336867754,0
PPP6R3,0.25937887336867754,0.03780615626875221,0.04844834005755159,1.7768659322633782,-0.06936898862019558,0.01529004397014558,CD46,0.25937887336867754,0
SMC5.AS1,0.25937887336867754,0.03789130224387847,0.04530510671999744,1.775832164269025,-0.06849987515204803,0.015206983954594157,CD47,0.25937887336867754,0
ARRDC1,0.25937887336867754,0.03796380665962543,0.0434688807707064,1.7749533724388855,-0.06855393525638906,0.015245875610644775,CD48,0.25937887336867754,0
FAM120AOS,0.25937887336867754,0.03796852829457366,0.04533624165168138,1.774896191240092,-0.0657920333911926,0.0149190419741462,CD5,0.25937887336867754,0
NEK8,0.25944546168726446,0.038123786293922206,0.04497200313845367,1.7730191684906689,-0.06602605707834006,0.015007791481652894,CD55,0.25944546168726446,0
TRAF3IP1,0.260183998411115,0.03837823420197602,0.03994103491001741,1.7699564084292196,-0.06906866499203738,0.015504695328273517,CD79A,0.260183998411115,0
PLEKHM3,0.2641997421113248,0.039118750374307204,0.045748768321205,1.761136109789159,-0.06828616727713609,0.015722603226597267,CD99,0.2641997421113248,0
NDUFA11,0.26792289521785945,0.03982028448274411,0.03630778799003712,1.7529046404358888,-0.06818577065197357,0.01602166050449235,CDC14A,0.26792289521785945,0
GCNT1,0.27057837351948516,0.040366711921583316,0.0429254060882751,1.7465744215152044,-0.06739902441527677,0.0161469466958095,CDC42BPA,0.27057837351948516,0
ECHDC1,0.2750266524530756,0.04118458564496421,0.03951870771558987,1.7372283571768687,-0.06760981608412199,0.016543867176720253,CDC42SE2,0.2750266524530756,0
ATP6V1G2,0.2790356032542804,0.0419414142861173,0.04006169555570887,1.728712999503818,-0.06682590373485794,0.016755621017085397,CDC6,0.2790356032542804,0
IVD,0.28379507509888635,0.04281597038788583,0.042790568510830455,1.7190266136586956,-0.066276348489847,0.017054834254799145,CDK13,0.28379507509888635,0
LRAT,0.2882634191291468,0.04369862198477845,0.035621745341528774,1.7094113873716277,-0.0637808956790602,0.017062096957520763,CDK14,0.2882634191291468,0
BECN1P1,0.2882634191291468,0.04381345293550128,0.038240419888366524,1.7081720235407893,-0.06703337213321992,0.017632996654424363,CDKAL1,0.2882634191291468,0
AP2B1,0.2895549186115566,0.04417214686614885,0.0397690513493817,1.7043174623293476,-0.06497494913152384,0.017438721820312378,CDSN,0.2895549186115566,0
ANKH,0.2905074045182764,0.04462073905418356,0.04086807851776562,1.6995322001562472,-0.06714122853245423,0.018023660712377605,CDX1,0.2905074045182764,0
RPL23A,0.2905074045182764,0.04464331398654387,0.03930542772286351,1.6992924130657128,-0.06137076336161654,0.017163959518776827,CELF2,0.2905074045182764,0
MAX,0.29451708654913505,0.04542467683735959,0.04002876813936702,1.6910524567098768,-0.06632573066834506,0.018232747535665356,CELF2.AS2,0.29451708654913505,0
OTUD5,0.29454342888084906,0.04559393514925089,0.046032001324980344,1.6892825692739566,-0.06538070198336075,0.018130366663966516,CEP170,0.29454342888084906,0
EIF2B2,0.3009750470087452,0.04675832194134741,0.03833775725213399,1.6772479386509287,-0.06548438573118333,0.01867189328906628,CERKL,0.3009750470087452,0
ZNF658,0.3098459499498692,0.04831024906677714,0.04264844257223032,1.6615761157969124,-0.06680845893110811,0.019679693863349657,CERS3,0.3098459499498692,0
HMG20B,0.31077329540525805,0.0486291359607779,0.03898119629290992,1.6584059479846183,-0.06527940408980248,0.01947880122091835,CFL1P1,0.31077329540525805,0
AURKA,0.3144449073048538,0.049380019094424604,0.04323865918683016,1.6510062662579013,-0.06445882402476202,0.019641048597895013,CFLAR.AS1,0.3144449073048538,0
COPZ2,0.31721776380898653,0.04999337724639664,0.03708421330004462,1.6450282244841412,-0.06438128395394331,0.019900163629934,CGN,0.31721776380898653,0
OGDHL,0.31780024919553906,0.050263415744891765,0.039963504266538566,1.6424148525026978,-0.06485171157886536,0.02013208946608732,CHD1L,0.31780024919553906,0
FBXO39,0.32102288465079204,0.05095315555590249,0.03905682245951253,1.6357901344428163,-0.06606287577351729,0.02075604301120926,CHD3,0.32102288465079204,0
FUBP3,0.3216210685646297,0.05122848203721527,0.03895609176903913,1.633165648638401,-0.06535166821508419,0.020703575709101908,CHD4,0.3216210685646297,0
PPM1B,0.32340283495563243,0.05169366683250434,0.03886983537181303,1.6287567707803638,-0.06506696337119677,0.02084978077563009,CHD5,0.32340283495563243,0
NRBP2,0.3283360101471272,0.052666348234480305,0.03337834549191558,1.6196389470375279,-0.06521871879278705,0.021350574731773618,CHD9,0.3283360101471272,0
CSPG4,0.33275059324949996,0.053561088201125345,0.037364866542456396,1.6113690038071016,-0.06280608431383519,0.02114369513216742,CHGA,0.33275059324949996,0
KIAA0195,0.33312231657650654,0.053807755005066675,0.03663523619474814,1.6091083683237406,-0.06402475096739225,0.02156609521841996,CHMP4B,0.33312231657650654,0
PIANP,0.33766313304707257,0.054730591952105424,0.03563203900193956,1.6007229057299999,-0.06404914107050981,0.022006295818326645,CHMP4C,0.33766313304707257,0
REEP6,0.34354972034715275,0.05587740824490987,0.03452268544147119,1.590456595524992,-0.06081892553474702,0.02168934274447222,CHPT1,0.34354972034715275,0
PRR15,0.3439585546790894,0.056136814027826706,0.036870980171329684,1.5881574926704207,-0.06336591070733817,0.022472705827757174,CHTOP,0.3439585546790894,0
UQCRFS1,0.34579187048682364,0.056629964207600955,0.034619349776969524,1.5838097253316588,-0.0605345219187304,0.021945617473443025,CHUK,0.34579187048682364,0
MSL2,0.3468846778543063,0.0570034832368546,0.03582033237979619,1.5805364775504833,-0.06416886512782732,0.02312702589873308,CIAPIN1,0.3468846778543063,0
SCAMP3,0.3498033965357993,0.05767930374734996,0.03675838427194055,1.574656750996642,-0.06485493675648146,0.023682902474681144,CIDEA,0.3498033965357993,0
RPS16P5,0.35643974435849485,0.059008694522995404,0.0409335135633937,1.5632471631806246,-0.06275830035776757,0.023638796073171906,CIRBP.AS1,0.35643974435849485,0
CCDC7,0.35643974435849485,0.059173395586155066,0.03415519866260215,1.5618476967325596,-0.06185125054229976,0.023435336214334593,CKAP2,0.35643974435849485,0
PIK3CG,0.36421901373365995,0.06066912343179866,0.037192238948029525,1.5492762467402854,-0.06317066624537551,0.024575328414853742,CLIC2,0.36421901373365995,0
C6orf99,0.36422809300043263,0.06088971551461803,0.03531214423608454,1.5474427815416965,-0.06395672697691267,0.024967664697151684,CLIP1,0.36422809300043263,0
CSNK1E,0.36422809300043263,0.06107919226423407,0.03716871433100305,1.5458720756024762,-0.06347187915551057,0.02488438425184175,CLIP1.AS1,0.36422809300043263,0
TRA2B,0.3673667724526979,0.06181157136052124,0.03550160743995161,1.5398364423583295,-0.0635082002413135,0.02526109259046271,CLK4,0.3673667724526979,0
BAZ2B,0.3768317637631096,0.06361545759545485,0.038106727685294405,1.525204852017437,-0.06203941391674597,0.025596869437835852,CLOCK,0.3768317637631096,0
GRK1,0.37773750375819926,0.06410745030170213,0.038237351474479465,1.521270377367994,-0.062160885129580776,0.025883039415333937,CLPTM1L,0.37773750375819926,0
PEX2,0.37773750375819926,0.06419207158650274,0.03683628977669293,1.520596028064733,-0.061419788946356704,0.025645183939450093,CLPX,0.37773750375819926,0
NDUFS3,0.37784972910642256,0.06442306093569965,0.03460448227531486,1.5187587786881027,-0.0621012809577406,0.026014498317038146,CLRN1,0.37784972910642256,0
PSPH,0.3799304094409055,0.0651392445458312,0.03457879075248973,1.5130947197859905,-0.06235650595369967,0.026469112297739468,CLSTN2,0.3799304094409055,0
TM9SF4,0.3799304094409055,0.06520398501902248,0.04106463956664831,1.5125850956238358,-0.062209824816778655,0.026441549047224542,CLTCL1,0.3799304094409055,0
C14orf164,0.38000483006326247,0.06542988380786403,0.033916280274063675,1.5108099345863912,-0.06282389378773429,0.02680748017489898,CMPK2,0.38000483006326247,0
TRAPPC12,0.3805311283813076,0.06587297475849412,0.037905188435898275,1.5073417914730485,-0.061069779407299483,0.026317142644159196,CMTM4,0.3805311283813076,0
STARD7.AS1,0.3805311283813076,0.06594734642166239,0.03357346764030591,1.5067614464688281,-0.06224008615784741,0.026823922497951822,CMTR2,0.3805311283813076,0
LCT,0.380654428598884,0.06618220575751768,0.03365204014010831,1.5049320900700311,-0.060894116203649186,0.026396995706531284,CNDP1,0.380654428598884,0
TCERG1L,0.38267084032339393,0.06674740961333456,0.03623054961653732,1.5005501493715094,-0.06243681859697831,0.027309722115278882,CNEP1R1,0.38267084032339393,0
NXF2,0.3863922989650229,0.06761323459174827,0.035039176396720564,1.4938928880651177,-0.061678480826022355,0.027417587160755583,CNOT10,0.3863922989650229,0
PPM1N,0.38993962978564406,0.06845266636169747,0.0361142151032411,1.4875011619927696,-0.06258327300432187,0.028248694803358718,CNOT11,0.38993962978564406,0
SUCLG2,0.40054557519348005,0.07053915345527355,0.03343176792002203,1.4718717447366656,-0.06027646743389887,0.02824773144421705,CNOT2,0.40054557519348005,0
WDR49,0.40264397121521545,0.07139165575285378,0.035379505073942656,1.4655880822772038,-0.06040184455121161,0.02872452195217264,CNOT3,0.40264397121521545,0
FAM50A,0.40264397121521545,0.07150589727262319,0.036768173606311634,1.4647504106521234,-0.060451216898771996,0.02880303725799634,CNOT8,0.40264397121521545,0
MLXIP,0.40264397121521545,0.07158616874661991,0.032583838301227096,1.4641624372964095,-0.060673874037983064,0.02894948652192157,CNP,0.40264397121521545,0
CASC4,0.4039890089085461,0.07205188156641484,0.03193591509318638,1.4607611232318927,-0.061210130819516456,0.0294449236940746,CNPY1,0.4039890089085461,0
RABGGTA,0.4087367226717222,0.07328646583292382,0.0318969719758191,1.4518252179566569,-0.06093593566373139,0.029941198515934332,CNPY4,0.4087367226717222,0
RAB23,0.4087367226717222,0.07335712353053903,0.03341066513597605,1.4513172953129323,-0.06110291887908486,0.03006351622191313,CNTROB,0.4087367226717222,0
SIKE1,0.41012790356028406,0.0742030855328582,0.03346743794475516,1.4452649610676405,-0.059969626431342384,0.029917144721382034,COBL,0.41012790356028406,0
RAB5C,0.41012790356028406,0.07448597783076599,0.033156954602842556,1.4432528065436554,-0.061102220810164865,0.030650351595392065,COG3,0.41012790356028406,0
SMIM13,0.41012790356028406,0.07459908157893806,0.030946440403237817,1.442449955573229,-0.060609232965153456,0.03044775883557269,COG4,0.41012790356028406,0
CASP5,0.41012790356028406,0.07469411866335898,0.03396391839288846,1.4417760663320474,-0.06056061184956787,0.030471207823626653,COLGALT2,0.41012790356028406,0
KPNA5,0.41012790356028406,0.07475690894957505,0.03768067276936654,1.4413311917023193,-0.05985095450913985,0.03013577270405381,COMMD8,0.41012790356028406,0
ADNP2,0.412206902152516,0.0755781394358026,0.034485634840839025,1.4355387802378352,-0.059937210977899856,0.03059473141976957,COPB1,0.412206902152516,0
AKT3,0.412206902152516,0.07579094589152145,0.03922657502703097,1.434045617519189,-0.06149488832344276,0.0315578277471106,COPB2,0.412206902152516,0
ELOVL6,0.412206902152516,0.07582942451263334,0.03152382877942427,1.4337759722101024,-0.05977826778215135,0.0306395132338773,COPG2,0.412206902152516,0
RPS6KA1,0.4146263733196251,0.07650705374209571,0.03653270086263396,1.4290443581716379,-0.0580943697673054,0.03011694767979869,COPS4,0.4146263733196251,0
PATL2,0.41598395887760325,0.07699086171038086,0.0336808154319158,1.4256855944954692,-0.057614336031433976,0.03011536910673853,COPS6,0.41598395887760325,0
TMEM30B,0.42193764618165297,0.07832942281891594,0.03540461447035566,1.4164756609092124,-0.05747525607381959,0.030680146853665737,COPS7A,0.42193764618165297,0
TM9SF1,0.4237196959305451,0.07894460616179326,0.031247467821071476,1.4122829172058853,-0.060211562056671226,0.0324944121635043,COPZ2,0.4237196959305451,0
CIRBP.AS1,0.4237196959305451,0.07913553491019154,0.03454546056137922,1.4109866895037961,-0.05916016604295868,0.03198003377697279,CORO1B,0.4237196959305451,0
PTK6,0.43008439236867546,0.08093615621030523,0.03012322472751429,1.3988770693457349,-0.061445258541411626,0.03435829001205684,COX10,0.43008439236867546,0
S100A5,0.43008439236867546,0.08100899745773092,0.03140703679306115,1.3983914964155166,-0.05636605029316519,0.03138074148520649,CPNE4,0.43008439236867546,0
MOB3B,0.43008439236867546,0.08104787203358102,0.029186200297513423,1.3981324863341535,-0.05566604123962414,0.0310489832555427,CPT1A,0.43008439236867546,0
MAATS1,0.43980525543910076,0.08324799460794573,0.02925307930918296,1.383623982584139,-0.0573884916918469,0.03302427319578812,CRCP,0.43980525543910076,0
SLC38A3,0.43980525543910076,0.08344873453123182,0.031972408776307366,1.3823146512882374,-0.05911086868742702,0.03419924805290678,CRCT1,0.43980525543910076,0
LSM14B,0.43980525543910076,0.08361973168471966,0.03408622576416988,1.3812011839954113,-0.059209709621812635,0.03435402464763795,CREB3,0.43980525543910076,0
IREB2,0.44264024369346006,0.08440700104081683,0.0331895534686188,1.3760967440814793,-0.05863126979517431,0.03439274551366567,CREBRF,0.44264024369346006,0
SMARCD2,0.445528726768802,0.08520768133940633,0.031509397792997634,1.3709418651306655,-0.05645531239271666,0.033429595038755,CRKL,0.445528726768802,0
TMEM249,0.4493158386291093,0.08618396904719876,0.03191714079399087,1.3647052828996753,-0.05932933618325727,0.03582644021696192,CRLF1,0.4493158386291093,0
KMT2E.AS1,0.45389772156608743,0.08731739680155244,0.035940681899482504,1.3575308237069217,-0.058294450588278056,0.03570748739313992,CRTC3,0.45389772156608743,0
MORF4L2.AS1,0.45833825582080406,0.0884286932150065,0.030719112467824647,1.350563649518387,-0.057401616250807405,0.03566933283908517,CSAD,0.45833825582080406,0
IRAK1BP1,0.45998343622155785,0.08900408608886004,0.034949859207791145,1.3469818908105455,-0.05944185477993481,0.03748539798459065,CSE1L,0.45998343622155785,0
PI4KAP1,0.46126934454654467,0.08960501528832678,0.029010753749457392,1.343259526164913,-0.05434644611471133,0.03425957092735569,CSMD1,0.46126934454654467,0
NIT1,0.46126934454654467,0.08977030990333763,0.034864640422963215,1.3422388912441032,-0.058291473016248416,0.03703345487636877,CSNK1A1L,0.46126934454654467,0
CAPNS2,0.46419632734358596,0.09093126052938896,0.03247812504159986,1.3351095047168846,-0.057992570001021766,0.037438850804971925,CSNK1E,0.46419632734358596,0
RPS12,0.46419632734358596,0.09123587804359788,0.034234501894669575,1.3332500503079328,-0.057218641671840334,0.03701598617272586,CSNK2A2,0.46419632734358596,0
UFD1L,0.46419632734358596,0.09138616349498335,0.031104036293088333,1.3323343695011107,-0.0571414421901486,0.03703773586538872,CSPG4,0.46419632734358596,0
PREX2,0.46419632734358596,0.09161036075139821,0.03199792199809825,1.3309704208607531,-0.0578584480743387,0.03770710980879389,CSRP2,0.46419632734358596,0
XPO7,0.46419632734358596,0.09164167539256436,0.031224410430795706,1.3307801089771645,-0.05794558885339566,0.03779235418261704,CTCFL,0.46419632734358596,0
MFGE8,0.46509407200798514,0.09250142309065501,0.02895392167833168,1.3255737851448688,-0.057137838876224235,0.03762958871916674,CTDP1,0.46509407200798514,0
NUDT1,0.46509407200798514,0.09254209994662768,0.030711340581590984,1.3253283497091142,-0.05865701644221426,0.03886908123132846,CTDSP2,0.46509407200798514,0
FAM193B,0.46509407200798514,0.0928285841744541,0.03008407148649365,1.3236020217725337,-0.05752757860209048,0.038113513319904806,CTDSPL,0.46509407200798514,0
UBC,0.46509407200798514,0.09288449561776194,0.029345284480080867,1.3232655641886104,-0.05762314249454678,0.038219548316946156,CTNNBIP1,0.46509407200798514,0
SMG7.AS1,0.46509407200798514,0.09312315407002282,0.03052322327095167,1.321831073693656,-0.05650970589390894,0.037474565161117614,CTNND1,0.46509407200798514,0
DAPK1,0.47438584602505723,0.09548561499693659,0.029915587230973005,1.307775530713146,-0.05679008414158337,0.03896374347420944,CUL2,0.47438584602505723,0
PUM2,0.47438584602505723,0.09551571437072101,0.031187876641725336,1.307598115575237,-0.058406600484082576,0.040363457785843396,CUL4B,0.47438584602505723,0
TRAPPC10,0.475705429339032,0.09604820783065145,0.0320956610830349,1.3044662126460518,-0.05745169106392566,0.039834085692556115,CUL5,0.475705429339032,0
G6PC,0.4831954453687903,0.09783149510831929,0.031607313506147657,1.294069703050484,-0.05632714246186665,0.03984941069939995,CYTH2,0.4831954453687903,0
SNX10,0.48900751536994863,0.09945816950101881,0.028979712145372406,1.2847067283940574,-0.05604353300379524,0.04049043765345751,DAPK1,0.48900751536994863,0
PWWP2B,0.48900751536994863,0.09955677402091495,0.02784668202524643,1.2841427828622418,-0.05792861275645624,0.04229007958296951,DAZL,0.48900751536994863,0
ERGIC2,0.4901732027933123,0.10006901055342998,0.02896128886515312,1.281219714749909,-0.05784963433440221,0.04251723369968963,DBP,0.4901732027933123,0
YY1P2,0.4949219293309922,0.10148836804641768,0.028628494824914138,1.2731768298008024,-0.05600774185356491,0.04157791485662161,DCAF11,0.4949219293309922,0
LASP1,0.4949219293309922,0.1015936209395082,0.027600331029415528,1.2725836806984716,-0.05561101417578581,0.04126762545726615,DCAF12,0.4949219293309922,0
PPP1R8,0.4968824468075759,0.10232099497206124,0.029013108404437157,1.2684967703301708,-0.056322353159842575,0.042345464336702984,DCAF6,0.4968824468075759,0
INTS6.AS1,0.4968824468075759,0.1025534158301671,0.031129517807504524,1.2671953199585066,-0.05736046185241699,0.04350716131830542,DCAF8L1,0.4968824468075759,0
XPNPEP2,0.49705849803204183,0.10286852819619935,0.027896501100568297,1.2654342551033437,-0.05704814169009407,0.04337842801706546,DCPS,0.49705849803204183,0
ZBTB11.AS1,0.49778277497637075,0.10341586874102393,0.02994719930415517,1.2623846335820001,-0.05662383389931803,0.043272470486077,DCTN1,0.49778277497637075,0
UBE2I,0.49778277497637075,0.10357678604387748,0.02727068943952663,1.261490279260802,-0.05690057244335656,0.04364593079625081,DCTN1.AS1,0.49778277497637075,0
CSAD,0.5022163354531498,0.10503192781311081,0.02904931876968847,1.253448222603742,-0.05622863506616276,0.04380934769380293,DCTN3,0.5022163354531498,0
N4BP2,0.5022163354531498,0.10506264336737234,0.030343737528246435,1.2532793409140528,-0.05450802103523464,0.042116329179475595,DDB2,0.5022163354531498,0
PGK2,0.5030582264924699,0.10584998721287242,0.031661821844396115,1.24896247323851,-0.05653752933239925,0.04461139594029783,DDR1,0.5030582264924699,0
ZZZ3,0.5030582264924699,0.10587181201171084,0.029438433889627552,1.2488431429634,-0.05627324321123692,0.04434519026694599,DDX10,0.5030582264924699,0
MAMDC2,0.5030582264924699,0.10631809204482472,0.03108803478137584,1.246406930730692,-0.05679146634902291,0.04516262746664433,DDX18,0.5030582264924699,0
VTN,0.5030582264924699,0.10662904186504693,0.027258547759732098,1.2447138398492246,-0.055871569622938086,0.04436391690437729,DDX19A,0.5030582264924699,0
IPO9.AS1,0.5030582264924699,0.10686679103146135,0.029725583655618316,1.243421722129977,-0.05734429189411039,0.04610366334558432,DDX19B,0.5030582264924699,0
ALAS1,0.5030582264924699,0.10708192816328728,0.02526464145824306,1.2422542826603626,-0.055306479926237155,0.044032982012632275,DDX23,0.5030582264924699,0
TMED6,0.5030582264924699,0.10723912999133328,0.031242932686087764,1.241402297875466,-0.057315370371771084,0.04630191357295876,DDX24,0.5030582264924699,0
MAPKAPK5.AS1,0.5030582264924699,0.10772784883740238,0.026403397621152392,1.2387593321820964,-0.05596725062436358,0.04510771317970129,DDX25,0.5030582264924699,0
TRAPPC11,0.5030582264924699,0.10777803842968227,0.029286864743254558,1.2384883991168598,-0.056309075150960036,0.045512366968088115,DDX28,0.5030582264924699,0
RPS21,0.5070510880335181,0.1090889330292036,0.02952559937558997,1.2314438851166682,-0.05418481127924131,0.04398740934554722,DDX42,0.5070510880335181,0
H2AFX,0.5070510880335181,0.10925629437745543,0.027017622574219045,1.2305489052524583,-0.05546661132070085,0.04545724602683782,DDX43,0.5070510880335181,0
ARPC4.TTLL3,0.5070510880335181,0.10984252310139003,0.030015646239281886,1.2274217396643006,-0.05462886038783894,0.04487942931190417,DDX47,0.5070510880335181,0
RNF40,0.5070510880335181,0.10994588855997256,0.026518319973613435,1.2268715927130809,-0.056039632416163804,0.046510722656721154,DDX49,0.5070510880335181,0
MARK4,0.5070510880335181,0.11024625103709038,0.026638861820436767,1.22527506237946,-0.05553750309545332,0.04611766477765761,DDX50,0.5070510880335181,0
SETD6,0.5070510880335181,0.11033977686876334,0.03031265012953108,1.2247785774001818,-0.05565785984529523,0.04631115971496445,DDX51,0.5070510880335181,0
MON2,0.5098947614197832,0.1112724848265401,0.028911467835333094,1.2198436945157014,-0.056261162116142974,0.047576073952720066,DDX60,0.5098947614197832,0
PPP6R2,0.5098947614197832,0.11174202010425414,0.03288470616199354,1.2173706246876899,-0.055613789134726574,0.047098452391408516,DEDD2,0.5098947614197832,0
SIN3B,0.5098947614197832,0.111816518067939,0.030061059946100203,1.2169789233903887,-0.0554833318579335,0.04698984417111034,DENND1A,0.5098947614197832,0
BARD1,0.5132909720254254,0.11284916490968412,0.030477888112034966,1.2115685090595127,-0.05578437387307068,0.047972965512346075,DENND4C,0.5132909720254254,0
PPP1R12A,0.5204156145680429,0.11470742373821698,0.02707584344977703,1.2019207521364008,-0.05615810863481765,0.04959257039804436,DENND5B,0.5204156145680429,0
RALGAPA1,0.5243762302888041,0.115920211468316,0.028155570982764517,1.1956840235526789,-0.05450236188137262,0.04826035737938662,DEPDC1,0.5243762302888041,0
FBXO2,0.5243762302888041,0.11616859840946586,0.027007029647907,1.194412425998925,-0.05338150330493559,0.04704548798341387,DERL2,0.5243762302888041,0
ATP5L2,0.5262803528041423,0.11688559714550778,0.029161897693083947,1.1907525963431316,-0.053813288617324054,0.04797766086693803,DESI2,0.5262803528041423,0
DCAF6,0.5276458718790851,0.11748480714301558,0.02797138090905292,1.1877061932119697,-0.05432965491941452,0.04897687665654854,DET1,0.5276458718790851,0
TAX1BP3,0.5311223990302882,0.11855676658107388,0.03083174202997605,1.182283644235749,-0.054997637809046485,0.05050071607719082,DGCR5,0.5311223990302882,0
PHKG1,0.5312320310978143,0.11901773942405176,0.028915997594012366,1.1799624506919213,-0.05465738453300641,0.0503338163356744,DGKE,0.5312320310978143,0
RBM4,0.5312320310978143,0.11939994743617065,0.028299035456192265,1.1780426811033806,-0.054742255693767165,0.050682944487337185,DHRS1,0.5312320310978143,0
PRDM4,0.5312320310978143,0.11947506700517303,0.028266176990149317,1.1776658777369855,-0.054599167009608644,0.050538529843246735,DHRS7B,0.5312320310978143,0
SLC4A2,0.537762207044053,0.12124532093758233,0.02435871400271893,1.1688341404076084,-0.05376847233237909,0.05050353273377796,DHX16,0.537762207044053,0
CREBRF,0.5493341735861083,0.12431630186575503,0.026577887024079296,1.1537257264721577,-0.05505681513976154,0.0542718944331557,DHX29,0.5493341735861083,0
SNRNP25,0.5493341735861083,0.12447055868131675,0.025048968280321774,1.1529737542211425,-0.051052863667607376,0.0487756427406225,DHX32,0.5493341735861083,0
RPL10L,0.5494116946738439,0.12479626267128816,0.029572668166227695,1.1513881478139714,-0.05412237794671988,0.053198433550662394,DHX40,0.5494116946738439,0
EZH2,0.5501830565027745,0.12528004539547194,0.02886529284155965,1.1490383045588899,-0.054555605279774745,0.05415159398288852,DHX57,0.5501830565027745,0
RANBP1,0.5503669843541261,0.12567566156790982,0.027297970477443124,1.1471214113664268,-0.05217107302415046,0.05094482621190041,DHX9,0.5503669843541261,0
OSCAR,0.5503669843541261,0.12613313446003233,0.027259902215769384,1.144910043473348,-0.053218159737918644,0.052709882868470406,DIABLO,0.5503669843541261,0
MTERF,0.5503669843541261,0.12663212322577136,0.029574941983357472,1.14250435931142,-0.05369024156217574,0.05371995963558866,DIAPH1,0.5503669843541261,0
CALCOCO2,0.5503669843541261,0.12690452679661224,0.028056519884153013,1.1411938548488727,-0.05470085188877251,0.05543889233780996,DIAPH2,0.5503669843541261,0
BTN2A2,0.5503669843541261,0.1269278747167936,0.025017132116055635,1.14108162166899,-0.0529851990732349,0.05285788077958681,DKFZP434A062,0.5503669843541261,0
RPA2,0.5503669843541261,0.12738623282255906,0.025384915396902664,1.1388812036263891,-0.05419367895587162,0.05496958465439265,DLEC1,0.5503669843541261,0
MARS2,0.5503669843541261,0.12748264976907125,0.028419139871511765,1.138419040839309,-0.05187791025760536,0.05158427084086222,DLG1.AS1,0.5503669843541261,0
C19orf10,0.5587209526148657,0.13013758512298654,0.024696706212060316,1.125787202476361,-0.054709164238849216,0.05762743156631406,DLGAP5,0.5587209526148657,0
CCNYL1,0.5587209526148657,0.13017803498979316,0.027218639165901316,1.125596134804058,-0.053460401830575426,0.05562804900245341,DLX1,0.5587209526148657,0
SRPK3,0.5587209526148657,0.13047529434887367,0.025384895675964088,1.1241932688753733,-0.05360787783377513,0.05605638240968909,DNAJA3,0.5587209526148657,0
NPM1,0.5587209526148657,0.13067113698283733,0.024693247434255747,1.1232702299023694,-0.05292226156616083,0.05508800745892091,DNAJC11,0.5587209526148657,0
PTPN2,0.56143294857841,0.1319608157643572,0.025686399672996605,1.1172155082654867,-0.05344026329422114,0.056754634213537325,DNAJC12,0.56143294857841,0
EDC4,0.56143294857841,0.13219043545602327,0.024338049379915537,1.1161417892052297,-0.05288727655206632,0.055997957133658294,DNAJC15,0.56143294857841,0
SLC10A1,0.56143294857841,0.132611048189819,0.025829865050240878,1.1141783024373921,-0.052800892608248315,0.05612517702824448,DNAJC5B,0.56143294857841,0
LUC7L,0.56143294857841,0.13281623437866608,0.025708159010777856,1.1132220178828147,-0.05369230279553846,0.05774095146132287,DNAJC8,0.56143294857841,0
TMEM59L,0.56143294857841,0.13319260764179314,0.027388931380824034,1.1114705452922238,-0.05347899573386429,0.05763159968686761,DNAJC9,0.56143294857841,0
FLJ10038,0.56143294857841,0.13319469279229804,0.027923144169390197,1.1114608514314042,-0.0533925171871578,0.05748717643052515,DNM1P35,0.56143294857841,0
SSBP2,0.5631259364854798,0.1340795027142975,0.025349773030632485,1.107356756935916,-0.053508977236450025,0.05827422643194997,DNM3,0.5631259364854798,0
HNRNPUL2.BSCL2,0.5631259364854798,0.1342279994426971,0.02287190233132597,1.1066697970185408,-0.052356654353891,0.05642290483638911,DNMT3A,0.5631259364854798,0
UBE2Q2,0.5635285335187602,0.13464001978631063,0.024159569424323304,1.1047664811409335,-0.05443042164759243,0.0602671863786208,DNPH1,0.5635285335187602,0
RAB15,0.5648089286301368,0.1352627103337456,0.027676036152467658,1.1018975515699403,-0.052987195902876365,0.05816176153074034,DOCK2,0.5648089286301368,0
ARHGEF25,0.5651489474730056,0.13594134330871613,0.02545289082944333,1.098781170620568,-0.0534493798962718,0.059425491277271716,DOCK3,0.5651489474730056,0
CNP,0.5651489474730056,0.13597806980702154,0.026941576906578116,1.0986128214812743,-0.0526397840021813,0.05802987097084616,DPF3,0.5651489474730056,0
CHTOP,0.5668592289375217,0.13709384875645744,0.025743604950906038,1.0935130102681923,-0.05284546443848548,0.05912881520726747,DRAM1,0.5668592289375217,0
NOM1,0.5668592289375217,0.13720048024212253,0.024961600976571654,1.0930271249596395,-0.05331290694557015,0.06003855403353382,DRG2,0.5668592289375217,0
UBE2Q1,0.5668592289375217,0.13734334655132327,0.026838863797103426,1.0923765334281434,-0.0522852192059834,0.0583013523705385,DSCR4,0.5668592289375217,0
SLAMF1,0.5701598413671521,0.13846282182387937,0.026514061245433727,1.0872945342649996,-0.04984221678285188,0.0548470136359718,DXO,0.5701598413671521,0
SEPHS1,0.5705620271878729,0.13888049343776604,0.0268404531258579,1.0854056380999544,-0.05314079756455015,0.060874267477683486,DYRK1B,0.5705620271878729,0
BRDT,0.5734855956914101,0.13991376002566652,0.026594682011604583,1.0807493076442158,-0.05313801422915117,0.06158223151180335,E2F5,0.5734855956914101,0
GUCY1A2,0.5816175358278546,0.14222391790294142,0.023334869652224925,1.0704226151187517,-0.05193838066458214,0.0608843427962411,ECHDC1,0.5816175358278546,0
TRPC5,0.5822494862528929,0.14270500588475277,0.024218323196255356,1.0682864146394426,-0.05270211313354825,0.06268486528955432,EDC4,0.5822494862528929,0
SLC35A5,0.5862790205781303,0.14402143074213183,0.02436952711503241,1.0624657935775268,-0.051833760953417914,0.06188893979531329,EDDM3A,0.5862790205781303,0
SDHAP1,0.5948227599073556,0.14660357878787897,0.022508459488649244,1.051152052028499,-0.05117860821723947,0.062327204438709476,EEF1A2,0.5948227599073556,0
MBD3,0.5948227599073556,0.1467874449575078,0.025354094309616958,1.0503515633558005,-0.05269308288765963,0.06556130686036345,EEF2K,0.5948227599073556,0
PDCD6IP,0.5974950724955258,0.14778201176137234,0.02419887775593994,1.0460331843153567,-0.0516595572733392,0.06410915038915338,EFCAB14.AS1,0.5974950724955258,0
EIF4E3,0.6058475438681493,0.1505207094881311,0.0249245485052048,1.0342414419151333,-0.05102613003873511,0.06466305697596458,EGF,0.6058475438681493,0
IBA57,0.6058475438681493,0.15052746042265291,0.02061538728395809,1.034212552700122,-0.04712482772168093,0.05696633165626574,EGLN2,0.6058475438681493,0
CDC42BPA,0.6098897595647154,0.15189249033433977,0.025599862717993957,1.0283888196283175,-0.050927881785265874,0.0653963169956694,EHD1,0.6098897595647154,0
TRIM45,0.6098897595647154,0.15221589624582074,0.024666958017455862,1.0270141508642083,-0.05022163791823738,0.06409111070742708,EHMT1.IT1,0.6098897595647154,0
EEF2K,0.6144104774654949,0.153819354870949,0.023697906078678367,1.0202269604649896,-0.050334974379202965,0.06541968398329209,EID1,0.6144104774654949,0
PILRA,0.6144104774654949,0.15403336142853408,0.026649516557855964,1.0193246553546111,-0.051295327456443315,0.06772464426436216,EID2,0.6144104774654949,0
SDHC,0.6164902990937272,0.15490053504991014,0.02414169675611573,1.0156768980107591,-0.05075374588935238,0.06710689868108762,EIF1AD,0.6164902990937272,0
FBXW10,0.6172644852106774,0.15553710346671956,0.022652512622849633,1.0130077574751646,-0.05051725420648619,0.06701319265117392,EIF2AK1,0.6172644852106774,0
SREK1,0.6172644852106774,0.1557874471928238,0.02140865722402279,1.0119600377061957,-0.05120675125589662,0.06878791440102856,EIF2AK2,0.6172644852106774,0
SRPK1,0.6174744656440666,0.15618675491052947,0.023824243170805896,1.0102911801468852,-0.0497964863620025,0.06582330610969611,EIF2B2,0.6174744656440666,0
PRKAA2,0.6177456678299033,0.15660181820477637,0.02400361457962558,1.0085594513444263,-0.05072439255746166,0.06824451097480712,EIF2D,0.6177456678299033,0
FOXL1,0.6186989451580328,0.15725381802410787,0.023186117562747296,1.0058452654891792,-0.051478714057238376,0.07051379182735683,EIF2S3,0.6186989451580328,0
SKP1P2,0.6186989451580328,0.15753747678168642,0.024008690854659297,1.004666743337448,-0.04995892016436784,0.06711575331693477,EIF3B,0.6186989451580328,0
BRD4,0.6249622722643253,0.1595273691128483,0.021850995959045647,0.9964382090588711,-0.05020508800363082,0.06909518705789401,EIF3C,0.6249622722643253,0
RAP2C.AS1,0.6249622722643253,0.1598333124803883,0.02259912080947952,0.9951790590517067,-0.0510374817178886,0.07136001260914761,EIF3E,0.6249622722643253,0
ISX,0.6267208661246322,0.16063456860289227,0.022760789336680288,0.9918888372727807,-0.050365314880635705,0.07028416170183012,EIF3F,0.6267208661246322,0
ADARB1,0.6285553813468449,0.16179797757648257,0.022937735271819696,0.9871305207875579,-0.04837725914326405,0.06627474898771078,EIF3I,0.6285553813468449,0
WDR86,0.6285553813468449,0.16214607664850544,0.02434798767541023,0.9857111415584298,-0.050493711098299664,0.07171433860581335,EIF3IP1,0.6285553813468449,0
UBE2NL,0.6285553813468449,0.16224477487871858,0.023918384287303168,0.9853090592456603,-0.050732557050181024,0.07239697354193173,EIF3J.AS1,0.6285553813468449,0
ADPGK.AS1,0.6285553813468449,0.16251487986589763,0.022658244882966274,0.9842095041950351,-0.04929821499681382,0.06898260464027582,EIF3L,0.6285553813468449,0
EMR1,0.6307870010695584,0.16344565030518005,0.023386051267593664,0.9804295648156578,-0.04936013863757394,0.0697875210582416,EIF3M,0.6307870010695584,0
RIPK2,0.6334767542512395,0.16453503318950163,0.02025791747525795,0.9760232021760715,-0.04937801923272463,0.07060317393077162,EIF4A1,0.6334767542512395,0
PSMB3,0.6334767542512395,0.16485317665315485,0.023224248173044294,0.9747399386583551,-0.04958012089589991,0.07135178879434488,EIF4A3,0.6334767542512395,0
DXO,0.6335051141691546,0.1659012358774824,0.022893251029484966,0.9705237936602242,-0.04981059404868239,0.07271983509075172,EIF4E,0.6335051141691546,0
TIAM1,0.6335051141691546,0.16637384683107143,0.024217065825466635,0.9686282024748951,-0.04991205357572873,0.07334097883245924,EIF4E3,0.6335051141691546,0
NFE2L2,0.6335051141691546,0.16646614668722087,0.02267451905804372,0.9682584038961966,-0.049265639717913375,0.07169425157190423,EIF4EBP3,0.6335051141691546,0
GJA1,0.6335051141691546,0.16654271470719906,0.022967669300798216,0.9679517352354274,-0.05012783119164516,0.07404700787446507,EIF4G1,0.6335051141691546,0
CTDP1,0.6335051141691546,0.1666370715341186,0.026707837156922945,0.9675739443771798,-0.0507511114754305,0.0758128603100167,EIF4G2,0.6335051141691546,0
COPB1,0.6374701166612778,0.16822946222648288,0.021557836090437082,0.9612189469837039,-0.04593332764325095,0.06451490041389442,EIF4G3,0.6374701166612778,0
INS,0.6374701166612778,0.16839507848988328,0.024102361652067507,0.9605602243967948,-0.050022580205061284,0.07516760851047102,EIF5,0.6374701166612778,0
CRCP,0.6376505650170031,0.168800373913643,0.021718467055866105,0.9589499565613054,-0.04775180257631798,0.06936153663510188,EIF5A2,0.6376505650170031,0
ATP6V0E2,0.6376624768868853,0.16916116184380076,0.022888544534099955,0.9575186092760098,-0.050403470350905845,0.07682513678001578,ELAC1,0.6376624768868853,0
SUN3,0.6380542395226376,0.16962294421409435,0.02285486888067302,0.9556894458803102,-0.05014046903738535,0.07644400258244606,ELANE,0.6380542395226376,0
IL6ST,0.6401819696148918,0.17054763632477488,0.021007658990623186,0.9520362317759278,-0.05005326302636119,0.07691627538391425,ELAVL2,0.6401819696148918,0
RNF103,0.6409482870020156,0.17111126450530534,0.019501720452189966,0.9498157055652219,-0.049408999557227634,0.07551511279628673,ELF2,0.6409482870020156,0
FUT1,0.6415286475252495,0.1716260038528009,0.020349975476278592,0.9477918704782603,-0.049193843190933464,0.07529195672897186,ELF5,0.6415286475252495,0
DCAF8L1,0.6542244274650417,0.1756309908664459,0.023768183280705152,0.9321757956139476,-0.049938586456543414,0.0806239962137705,ELMO3,0.6542244274650417,0
KIAA0101,0.6542244274650417,0.17575631001444475,0.021068199162272355,0.9316908251696694,-0.04480099685426013,0.0661542603030511,ELN,0.6542244274650417,0
SRRM2,0.655790878121715,0.17682324564967966,0.02197033011014184,0.9275707481571753,-0.04964248520694866,0.08067581467144891,ELOVL2,0.655790878121715,0
PPP2R3A,0.655790878121715,0.17691273829307064,0.02096797957768962,0.9272258791575516,-0.04932643888423406,0.07976926774100879,ELOVL6,0.655790878121715,0
CD5,0.6603354224847698,0.17895857537651377,0.020065081846457267,0.9193718852414843,-0.048056177863301595,0.07743419858051481,EMBP1,0.6603354224847698,0
RPS6KA2,0.6603354224847698,0.17917997262518037,0.021446610270931508,0.9185253378531608,-0.04965269821753864,0.08263277494466753,EMC6,0.6603354224847698,0
SERF2.C15ORF63,0.6603354224847698,0.1800463178615903,0.023210572452872797,0.9152190374219091,-0.0489548199894686,0.08109969407374659,EMR1,0.6603354224847698,0
LARS,0.6603354224847698,0.18015848403099527,0.02131722165912728,0.9147917003456515,-0.04862569006958584,0.08013677443111782,ENO1.AS1,0.6603354224847698,0
ACKR1,0.6603354224847698,0.18045510569797196,0.021844881066320383,0.9136624183551222,-0.04958282055459799,0.08346337454132752,ENOSF1,0.6603354224847698,0
WASF1,0.6603354224847698,0.18052816713343622,0.0237302385653963,0.9133844416130634,-0.04868340723062416,0.08061344686127951,ENTHD1,0.6603354224847698,0
AGA,0.6603354224847698,0.1809849389221126,0.024160564000000873,0.9116481599022755,-0.048382684130495165,0.08000975303686726,EOGT,0.6603354224847698,0
FNBP1L,0.6603354224847698,0.1814380617923516,0.020997744872166112,0.909928459724719,-0.0482633322914153,0.07998005025003249,EPC2,0.6603354224847698,0
PABPC4L,0.6603354224847698,0.18157415851008235,0.01905714284493206,0.9094124682834027,-0.04815728269777659,0.07974563537795051,EPS15,0.6603354224847698,0
CKAP2,0.6603354224847698,0.18192999749661654,0.023918265248411702,0.9080644978347188,-0.04894441234392888,0.08258537339778689,EPS15L1,0.6603354224847698,0
WARS,0.6603354224847698,0.18221257872266222,0.024539214699561756,0.9069952128712636,-0.04842340498088752,0.081105629273248,EPS8,0.6603354224847698,0
SH3PXD2A,0.6625443256665333,0.18319369184161577,0.021456607740025335,0.9032907116258085,-0.0481425531375585,0.08095930289845113,ERBB3,0.6625443256665333,0
MTFMT,0.6655935210565639,0.18441009500950228,0.022079270055205887,0.8987149388565104,-0.048999111513715346,0.0848120977337871,ERCC4,0.6655935210565639,0
SLC25A47,0.667225270854557,0.18554078606629554,0.02086397565772106,0.8944784026963598,-0.048821898056813084,0.08514835656330066,ERGIC2,0.667225270854557,0
MYL2,0.667225270854557,0.18561061937401024,0.02083294964498269,0.8942172738020556,-0.04851123810116489,0.08413759090975333,ERH,0.667225270854557,0
SENP3,0.6673559870237606,0.1860212706398256,0.022054373956534753,0.8926829501688521,-0.04850240192397639,0.08444468127140455,ERP44,0.6673559870237606,0
PARP1,0.6728272700422688,0.18800255458776982,0.020789463606693752,0.8853095666687094,-0.04862001129012282,0.08650761236661318,ESYT2,0.6728272700422688,0
SEC16B,0.6728272700422688,0.18851004510095443,0.019687937667032345,0.883428665468039,-0.04723841116513981,0.08206820899878897,ETFA,0.6728272700422688,0
GIF,0.6728272700422688,0.18927051629019215,0.018879828584845486,0.8806159832187853,-0.04802664530947292,0.08545113780810237,EXD1,0.6728272700422688,0
ATF3,0.6728272700422688,0.18930011232439498,0.02080137687583152,0.8805066600522644,-0.04710372281266157,0.08221666443161159,EXOC3L1,0.6728272700422688,0
CTDSPL,0.6728272700422688,0.189433140527885,0.01987011166382547,0.880015404367443,-0.04729275940619649,0.08298188469295087,EXOC8,0.6728272700422688,0
TMCO2,0.6728922566473867,0.19011173435328838,0.02059661650074513,0.877512743558389,-0.04824353577269227,0.08693276086716491,EXOSC2,0.6728922566473867,0
TAOK1,0.6728922566473867,0.19020622397660286,0.02138507356540197,0.8771647007703576,-0.0484090995044949,0.08761507455413702,EZH2,0.6728922566473867,0
KCTD20,0.6729950357026798,0.19061272744243035,0.019874753996529375,0.8756685973003339,-0.04828067976687715,0.08749130323367058,FAF2,0.6729950357026798,0
HNRNPA3,0.673807726932535,0.19122081313957529,0.02180958931592948,0.8734342382079552,-0.047913957811218905,0.08666047819873628,FAH,0.673807726932535,0
EIF3L,0.6738800177938684,0.19161927595148137,0.023450484429750906,0.8719724825614777,-0.04745951556036084,0.08532971721979608,FAM104B,0.6738800177938684,0
CELF2,0.6742912077343904,0.19239487372507397,0.019781237789218854,0.869132541275845,-0.04754830285169932,0.08629022627634732,FAM120AOS,0.6742912077343904,0
NELFE,0.6742912077343904,0.19249255453550462,0.019155910472881003,0.8687753686266797,-0.047242320487965145,0.08524452629591346,FAM120C,0.6742912077343904,0
RFX6,0.6821221113985155,0.19563650771688856,0.017359161402384946,0.8573379611150015,-0.04785681147358954,0.09019529359069565,FAM134B,0.6821221113985155,0
ARHGDIG,0.6821221113985155,0.19568679522116167,0.019158182832364774,0.8571559320704262,-0.04786665029685217,0.09027708394878967,FAM135A,0.6821221113985155,0
PHF21B,0.6821221113985155,0.19588015856801716,0.02037008428499585,0.8564562662212944,-0.0476627207111438,0.08965103106515702,FAM13C,0.6821221113985155,0
APBB2,0.6821221113985155,0.19625835285891108,0.018809812425683164,0.8550890186327925,-0.04701832113740387,0.08748268028138935,FAM168B,0.6821221113985155,0
PPP1R10,0.684432675348147,0.19730700792425548,0.020126834983517725,0.8513062540075196,-0.04693554331592424,0.08802972691394688,FAM169A,0.684432675348147,0
OSBPL3,0.6867397191494217,0.19841721537770407,0.017353574846199836,0.8473146843375325,-0.0471894576902967,0.08996250860045599,FAM193B,0.6867397191494217,0
VPS41,0.6867397191494217,0.19874239768990554,0.01629022244389904,0.8461480989107026,-0.0430211470657787,0.07475390740534756,FAM205A,0.6867397191494217,0
ZNHIT1,0.6872357252598459,0.19961776541299947,0.01870956753616396,0.8430134396245748,-0.04508106349478909,0.0827187586249429,FAM208B,0.6872357252598459,0
VAMP3,0.6872357252598459,0.1997925932360864,0.020076085845916684,0.8423883798634254,-0.04776960487126958,0.09350349809948473,FAM35A,0.6872357252598459,0
RPS3A,0.6872357252598459,0.2000422554177566,0.020279689111045683,0.8414963358987949,-0.044775022500441235,0.08187649536223479,FAM50A,0.6872357252598459,0
EHD1,0.6885555444380284,0.20081260970710868,0.019382902615415316,0.8387480671305926,-0.04613379426760977,0.0877494153285463,FAM65C,0.6885555444380284,0
RELB,0.6912126127322505,0.20197519418592402,0.020005338155134094,0.8346124532152511,-0.047676085526306596,0.09508152275116476,FAM78A,0.6912126127322505,0
GATC,0.6941436067760434,0.20351359196926244,0.020286199082216964,0.8291618134717597,-0.04729098574905453,0.09484105981375683,FAM78B,0.6941436067760434,0
SRSF4,0.6941436067760434,0.20391671579823906,0.017812178223049164,0.8277375911157473,-0.046767902433355206,0.09297621937430059,FAXC,0.6941436067760434,0
PDCD2L,0.6941436067760434,0.20424269812895268,0.01993112388740608,0.8265871336661759,-0.0467409350816866,0.09314622538546101,FBRSL1,0.6941436067760434,0
ITGA6,0.6941436067760434,0.20476951841094682,0.017718803402513698,0.8247301875595731,-0.04629724205362759,0.09171675689334462,FBXL4,0.6941436067760434,0
GOLPH3L,0.6941436067760434,0.2047782036815473,0.01938024146343028,0.8246995973876786,-0.046680867742266,0.09335811584870816,FBXO15,0.6941436067760434,0
PRMT6,0.6944541611671865,0.20525930618906746,0.017889462793778333,0.8230063218395507,-0.04765484912343393,0.09801368342885827,FBXO2,0.6944541611671865,0
ARHGEF7.AS1,0.6989729960275778,0.20698695563800396,0.01765483925088337,0.8169450772151076,-0.0455404628558706,0.09035640567551746,FBXO3,0.6989729960275778,0
NOS1,0.699909927112085,0.20765695537986145,0.017531099027029415,0.8146025313962727,-0.04650267049675067,0.09512257257349215,FBXO39,0.699909927112085,0
CDK13,0.7020359854226388,0.20868147631744172,0.019411223816165075,0.8110290770457736,-0.045789415243976894,0.09286307520120878,FBXO8,0.7020359854226388,0
INPPL1,0.7043953833016527,0.2101060219394692,0.01761072988731319,0.806077505338494,-0.04634965628864665,0.09662697513946891,FBXW10,0.7043953833016527,0
PPP6R1,0.7043953833016527,0.21017293545512017,0.02032571220537598,0.8058454071675948,-0.04630366190735088,0.09647818314894901,FBXW12,0.7043953833016527,0
LETM2,0.7051635022918687,0.21102677543102288,0.017363514390408206,0.8028875536223613,-0.04651625765690942,0.09822934901370438,FBXW4,0.7051635022918687,0
PTPN11,0.7051635022918687,0.21119310724837798,0.0180662155157755,0.8023121680251285,-0.046465371880158333,0.09814630846885725,FCN1,0.7051635022918687,0
SETMAR,0.709311786038616,0.21283331774013436,0.019196417803587728,0.7966523971342794,-0.045704678039188006,0.09609289903079236,FDPSP2,0.709311786038616,0
TRIM39,0.7123764659210572,0.21432395439143276,0.019135402715377267,0.7915307979900463,-0.04695694723668413,0.10343816801478588,FES,0.7123764659210572,0
CAB39L,0.7123764659210572,0.21455196982591573,0.018587817955373776,0.7907492029194935,-0.04649120680235214,0.10140077259435723,FGD4,0.7123764659210572,0
PPP2R5B,0.7140847541611697,0.2158361616260226,0.018083213958898454,0.786356214542825,-0.04601786852846877,0.10030964703923406,FGD5P1,0.7140847541611697,0
TOR1AIP1,0.7140847541611697,0.21594688842544196,0.018129494171363888,0.7859781490556547,-0.04609429611306337,0.10078550322286106,FGFR2,0.7140847541611697,0
NUGGC,0.7140847541611697,0.21626795695290613,0.01920466493838817,0.7848825275154565,-0.04579663368212144,0.0996314059248697,FIRRE,0.7140847541611697,0
HMHB1,0.715161058872145,0.2169950268366968,0.021245842332736374,0.7824049328000333,-0.04558919521931018,0.09928445308651705,FLII,0.715161058872145,0
DLX1,0.7165388392259532,0.21821256500963643,0.018099462437258868,0.7782667151150914,-0.04540713941828643,0.09949975222786303,FLJ10038,0.7165388392259532,0
NUP205,0.7165388392259532,0.21821681979792068,0.018477987285542074,0.7782522771549845,-0.04509354872739717,0.09795368474437302,FLNB,0.7165388392259532,0
MDH1B,0.7166782937866916,0.21866124050474495,0.017309169548143377,0.7767450970442449,-0.04493423444292698,0.0975658910867665,FLRT1,0.7166782937866916,0
FTX,0.7168594911710718,0.21911857694236353,0.016595684321338667,0.7751959552800719,-0.045913283439329135,0.10288230051920036,FMNL2,0.7168594911710718,0
PSMC5,0.7275462111281626,0.22279317514076097,0.017484894731107488,0.7628156973010922,-0.04556794185195032,0.10462132000369928,FNBP1L,0.7275462111281626,0
RAP1B,0.7285699270164238,0.22397535666752083,0.01793269437636298,0.7588575760265653,-0.0457890389818021,0.10695316335606198,FNDC1,0.7285699270164238,0
MIAT,0.7285699270164238,0.2241565775382124,0.01865123243115605,0.7582518724669244,-0.0460047152332686,0.1082947926852952,FOXJ3,0.7285699270164238,0
EDDM3A,0.7285699270164238,0.22433252379810242,0.020707271334890826,0.7576640645502312,-0.04562513371577338,0.10642485416284837,FOXK1,0.7285699270164238,0
BRD7,0.73514841658519,0.2267704033212869,0.019147755241922346,0.7495462454803424,-0.045380681021025215,0.10749809535399789,FOXL1,0.73514841658519,0
RPS25,0.7374618834428347,0.22791857610930316,0.016552960359031872,0.7457400564649722,-0.04373605497836946,0.09959575576262478,FTLP10,0.7374618834428347,0
BPY2,0.7374618834428347,0.22831125051062523,0.01922883863455495,0.7444408202439408,-0.045299990889127374,0.10858078635620763,FTSJ2,0.7374618834428347,0
CALCR,0.7446602391456962,0.23095743816464948,0.01898320411511031,0.7357179250699122,-0.045108168891354744,0.1101488130749879,FTX,0.7446602391456962,0
KIAA1210,0.7462258813015804,0.23186154696639122,0.014278666923779416,0.7327504382204166,-0.04345135068942739,0.10155039667567291,FUBP3,0.7462258813015804,0
KIAA0226,0.7492603019925438,0.23322460325623207,0.019221358604942354,0.7282887372365148,-0.04497189242177245,0.11165915247582048,FUCA1,0.7492603019925438,0
ACTBL2,0.7496961544285368,0.23378074136975124,0.015118351780209994,0.7264724880942315,-0.043390648548583564,0.10294898058782649,FUT1,0.7496961544285368,0
EEF1A2,0.7519700488131434,0.23491156320186252,0.016781586542130765,0.7227867911339414,-0.044422604285967136,0.11009539402287544,FXR2,0.7519700488131434,0
KDM1B,0.7534362796758334,0.2357921727757235,0.015057581573962874,0.7199234006170925,-0.043257556914969957,0.10401856693634354,FXYD6,0.7534362796758334,0
TIAF1,0.7632772814680221,0.23935440102324296,0.016620537951692518,0.7084000799397435,-0.04443531051716103,0.11472456559161115,FYCO1,0.7632772814680221,0
NUP98,0.7632772814680221,0.2397281422445835,0.01546426016212641,0.7071965391761657,-0.044601329636358614,0.11617198682937424,FYTTD1,0.7632772814680221,0
RBM24,0.7637693668343484,0.2403110570914579,0.015739480576401798,0.7053214485519638,-0.043927313781629763,0.11249671795278923,FZD1,0.7637693668343484,0
DHRS7B,0.7681171189457043,0.24214785418628865,0.01512035662903352,0.6994290703877913,-0.04363687916432584,0.11250915640356306,G6PC,0.7681171189457043,0
BLID,0.7681171189457043,0.242547733355291,0.015212272436860245,0.6981494922863271,-0.043942711407697926,0.11490106958855278,GABARAPL3,0.7681171189457043,0
CERS3,0.7681171189457043,0.24297142741748584,0.016111937902857355,0.6967949547067753,-0.04461182280305423,0.11974694737984903,GAL,0.7681171189457043,0
TCIRG1,0.7686918367054691,0.24358434533852502,0.014888239615901267,0.6948377330338149,-0.0442201982389647,0.1178217438294578,GANC,0.7686918367054691,0
SCAMP4,0.7715242433310465,0.24491459434961993,0.016555949795319956,0.690598994311218,-0.04416972609133472,0.11892245125839765,GAPDHS,0.7715242433310465,0
ILF3.AS1,0.7731874177438441,0.2458762007071002,0.018302477866753843,0.6875426206298363,-0.04352176445938468,0.11558875884821648,GAR1,0.7731874177438441,0
NHS,0.7769096501073682,0.24759106462978797,0.016733391646294414,0.6821079611474495,-0.04390794505575493,0.12005563804123218,GART,0.7769096501073682,0
NCLN,0.7769096501073682,0.2480498302069778,0.01630414505788557,0.6806574806506107,-0.04269937421913016,0.11225481709289678,GATAD2A,0.7769096501073682,0
RAD50,0.7769096501073682,0.24938183172560036,0.017008201327865933,0.6764541736783175,-0.043417867117612724,0.11858792366738422,GATC,0.7769096501073682,0
LSM2,0.7769096501073682,0.24942893277654016,0.015208017410288138,0.6763057590853767,-0.04353659439436656,0.11947128551874642,GBA3,0.7769096501073682,0
PTPN7,0.7769096501073682,0.24966807504473792,0.01611354201398728,0.6755524556339235,-0.043783574023135034,0.1214727159126755,GBGT1,0.7769096501073682,0
HIATL1,0.7769096501073682,0.24967427342205384,0.015819753463049334,0.6755329357058436,-0.04389421913098747,0.1222617530255981,GCNT1,0.7769096501073682,0
SRCIN1,0.7773046756199345,0.25076085860632535,0.014812003918821044,0.6721150268647872,-0.040245776601262134,0.0985002034000942,GDNF,0.7773046756199345,0
KAT2A,0.7773046756199345,0.2508472774160082,0.01451958386425614,0.6718435294183945,-0.04120010570715769,0.10479645674047032,GGA3,0.7773046756199345,0
NARS2,0.7773046756199345,0.25214677294021404,0.016125724972120635,0.6677669213996261,-0.04288378289006805,0.11775311342420784,GGACT,0.7773046756199345,0
DCTN3,0.7773046756199345,0.2522755765090495,0.01573802939003582,0.6673634605929359,-0.04370656514868922,0.12383689479776419,GGPS1,0.7773046756199345,0
PDC,0.7773046756199345,0.25232208051827404,0.01672704356401166,0.6672178193870587,-0.043477774348420026,0.12222671181616956,GHR,0.7773046756199345,0
HK2,0.7773046756199345,0.2524169417745048,0.01573733935894125,0.6669207768774713,-0.043340849579341624,0.12133841770845953,GIF,0.7773046756199345,0
FAM13C,0.7774667343308453,0.25290561184065635,0.017029646811270137,0.6653915176146652,-0.04331591153817736,0.12169673302743529,GIMAP1,0.7774667343308453,0
C14orf169,0.7780063062251606,0.2535174783605263,0.01602127092731775,0.6634789146243747,-0.04337273751394579,0.12279150106223083,GJA1,0.7780063062251606,0
DNAJC9,0.7792859730269445,0.25437152905310245,0.014897218638784009,0.6608133304963207,-0.04195737981936566,0.11339250424476321,GLG1,0.7792859730269445,0
CALML3,0.7792932490903652,0.25481097264143743,0.015241589746097368,0.6594436083586589,-0.04288968482210375,0.1206573635476339,GLI1,0.7792932490903652,0
RAG1,0.7864948209533207,0.25760682862408263,0.01418032292670594,0.6507578264090561,-0.04153030218653433,0.11350251628493435,GLOD5,0.7864948209533207,0
DAZL,0.7882741335066519,0.25889462109677425,0.01593078744468745,0.6467735846570237,-0.042954263671436156,0.12570043765065125,GLT8D2,0.7882741335066519,0
ARFIP1,0.7882741335066519,0.2592174921271656,0.016536314394881305,0.6457762790684342,-0.042816122983785586,0.12499333709632841,GLUD1P3,0.7882741335066519,0
SETD3,0.7882741335066519,0.2596487693204671,0.01751166874351399,0.6444451223595563,-0.042794912088224654,0.12531800980950367,GM140,0.7882741335066519,0
HDX,0.7882741335066519,0.2599580429062879,0.013785304030338869,0.6434912380927732,-0.04253828083989532,0.1236610410722183,GMIP,0.7882741335066519,0
ANAPC7,0.7884772768023044,0.2607178376103279,0.015172200828815681,0.6411503049918801,-0.042921726367316074,0.12754386889672686,GML,0.7884772768023044,0
BTF3P11,0.7884772768023044,0.2611850114875238,0.015407545732899259,0.6397126820942495,-0.04251606004793347,0.12486379928813109,GMPS,0.7884772768023044,0
ODF2L,0.7884772768023044,0.26135169410553105,0.013500409075651351,0.6392000737103273,-0.04272780966322177,0.12673527544903643,GNA14,0.7884772768023044,0
KIAA0513,0.7893401766089793,0.2620804175841367,0.01385112286403037,0.6369609581611887,-0.04012738632310966,0.10734823145069482,GNAI3,0.7893401766089793,0
LGALS8.AS1,0.7897292521191744,0.2636391798948159,0.014039216652410764,0.6321821007464334,-0.042581833382211144,0.12820590061981688,GNAL,0.7897292521191744,0
HIF3A,0.7897292521191744,0.26372601072740587,0.014128109256465122,0.6319163196315791,-0.041807159075505015,0.12202323312829039,GNAS.AS1,0.7897292521191744,0
NCOR1P1,0.7897292521191744,0.26378642281920073,0.015059395907699105,0.6317314301598808,-0.042398233095642106,0.12687920106174916,GNB1L,0.7897292521191744,0
FCN1,0.7897292521191744,0.26398128674314525,0.013484318845515807,0.6311352018200276,-0.0427971458271334,0.1303719929812455,GNB2L1,0.7897292521191744,0
R3HDM4,0.7992376852221142,0.2679341171217821,0.01379762361815348,0.619088559024751,-0.04243126358667259,0.13203353869495751,GNB3,0.7992376852221142,0
GTPBP10,0.7992376852221142,0.2680880720796216,0.013246690961385036,0.6186211902494737,-0.041359822451511395,0.1231222269844087,GNL3,0.7992376852221142,0
RAPGEF2,0.7992376852221142,0.26850441584298734,0.014107172027660094,0.6173579507925092,-0.04177409345042879,0.1270935349465434,GNPDA1,0.7992376852221142,0
UBE2D3,0.8048800062108835,0.2708513761786484,0.014628630570707348,0.6102552910608823,-0.04215179937801004,0.133134264776767,GOLGA2P2Y,0.8048800062108835,0
USP4,0.8055738908831941,0.2715366844760514,0.0130386404867725,0.6081871369629053,-0.04222318389719842,0.13460284137030967,GOLGA7B,0.8055738908831941,0
PAN3.AS1,0.8056230628002385,0.2728387094294924,0.015661997615874813,0.6042649726099104,-0.042377494390217416,0.13760721817824914,GOLPH3L,0.8056230628002385,0
ARPC4,0.8056230628002385,0.27286381833068796,0.014613407070725112,0.6041894271105844,-0.04161351060108405,0.13077103312573526,GOPC,0.8056230628002385,0
COX10,0.8056230628002385,0.2729802364332027,0.01469839519038162,0.6038392033961085,-0.040789212540849815,0.12359524320815267,GORAB,0.8056230628002385,0
IL10RB,0.8056230628002385,0.27336060179144384,0.013758987335392875,0.6026954558730799,-0.04201411341269605,0.13497401342981782,GOSR1,0.8056230628002385,0
NSMAF,0.8073683766925815,0.2744056288702773,0.014238026806481868,0.5995571383556746,-0.04140561301647996,0.13072443967757222,GOSR2,0.8073683766925815,0
ATP11C,0.8096140477141986,0.27562295398907377,0.016239649229771825,0.5959088215680476,-0.042053844789138074,0.13816542368219245,GOT1,0.8096140477141986,0
MAEA,0.8101656792759757,0.2762858878871247,0.013548914695746329,0.5939253463479474,-0.041615962378189465,0.1349234174386805,GPATCH3,0.8101656792759757,0
PRPF3,0.8101656792759757,0.27671951692600627,0.01446600732398933,0.5926292067685708,-0.04161624271123842,0.13546164106344816,GPBAR1,0.8101656792759757,0
CD164L2,0.8111758103826135,0.27751948644609886,0.014146082792961428,0.5902406645347207,-0.04173445998693561,0.13757020223073577,GPBP1L1,0.8111758103826135,0
TOMM20L,0.8160953959605926,0.27966028431403367,0.013426254336878286,0.5838651663330311,-0.04176942069145815,0.1406361562607541,GPC1,0.8160953959605926,0
WDR83,0.8200672278673156,0.28180453313159504,0.014226804370617529,0.5775030935808205,-0.04149121874793117,0.14068665757091411,GPIHBP1,0.8200672278673156,0
TMED3,0.8200672278673156,0.28194122864983984,0.013760771981041997,0.5770983066996075,-0.041345567243872124,0.13942361981601042,GPN2,0.8200672278673156,0
ATP2C2,0.8200965918889843,0.28264054056514454,0.013532362282738242,0.5750289598378384,-0.0408794311956177,0.13569476812470802,GPR108,0.8200965918889843,0
PTPRB,0.8200965918889843,0.28287123051695195,0.013078449544561204,0.5743468611546342,-0.041251905495171194,0.13968341769500978,GPR110,0.8200965918889843,0
WTAPP1,0.8220650331378102,0.2842085162221851,0.012192450294105867,0.5703980519025381,-0.040227809983960555,0.13113022953815437,GPS2,0.8220650331378102,0
MBTPS2,0.8220650331378102,0.2844723081581766,0.012940566812496812,0.5696201640430558,-0.04134736952482649,0.14272267303324826,GPT,0.8220650331378102,0
PAIP2B,0.8222966714648379,0.2850136528128266,0.013337118594744927,0.5680248877706289,-0.04132470858976426,0.1432051709579701,GRB7,0.8222966714648379,0
AP1M2,0.8229796951105423,0.2857119636979392,0.014294650358372175,0.5659691835656802,-0.04143561563325951,0.14527372383414025,GRK1,0.8229796951105423,0
AAK1,0.82589741592731,0.2871881087352396,0.012413400895308511,0.5616315182432409,-0.041128043518422086,0.14405291613748655,GRK7,0.82589741592731,0
OXT,0.8270897654173842,0.28806659805058643,0.01345427319143932,0.5590550818836377,-0.04019213772406816,0.13541323312127576,GRTP1,0.8270897654173842,0
RPS14P3,0.827770855523854,0.2889010508354116,0.014055830103434282,0.5566112283152269,-0.04080980497395144,0.1429678027404405,GSK3B,0.827770855523854,0
SART3,0.827770855523854,0.28923232921556985,0.014659071026468318,0.5556419385786638,-0.04123491953771532,0.1479449450837102,GSPT2,0.827770855523854,0
TAP1,0.8278502763664691,0.2901468587408069,0.013148684842938123,0.5529688142131576,-0.04023245395670491,0.13843249247483272,GSTM1,0.8278502763664691,0
MKRN2OS,0.8278502763664691,0.2908890828740164,0.011949189417459595,0.5508022319626454,-0.04108398190609842,0.14859613960541304,GTF2F2,0.8278502763664691,0
PRKCZ,0.8278502763664691,0.29091303454590606,0.013509006851279974,0.5507323591662294,-0.04097604329925172,0.14745491232288768,GTF3C1,0.8278502763664691,0
MAVS,0.8278502763664691,0.2911172873145127,0.013866982813143849,0.5501366138162957,-0.04077190299993138,0.14551213276648936,GTF3C2,0.8278502763664691,0
RPSA,0.8352743707972126,0.2941964693553839,0.012591667193452186,0.5411790044671775,-0.04094316314419848,0.15165917353907057,GTF3C2.AS1,0.8352743707972126,0
FDPSP2,0.8354540117185957,0.2950557258019464,0.01247373301169216,0.5386871135296916,-0.039978759482295394,0.14196348797786434,GTF3C4,0.8354540117185957,0
EXOC3L1,0.8354540117185957,0.29639771952900285,0.012525093677957353,0.534801931942746,-0.040762952082044564,0.15273443384478189,GTPBP10,0.8354540117185957,0
RNF112,0.8354540117185957,0.296629917599467,0.012904562173075762,0.5341305196771623,-0.04011416194964651,0.1455910060806859,GTPBP3,0.8354540117185957,0
TNRC6B,0.8354540117185957,0.29704749535137465,0.01326285863533009,0.532923678212229,-0.04060099657100748,0.1517867761237994,GTPBP6,0.8354540117185957,0
VEZT,0.8354540117185957,0.2972119397637678,0.01232932840028205,0.5324486304607118,-0.04007238778600933,0.14589602658427303,GUCY1A2,0.8354540117185957,0
SARDH,0.8354540117185957,0.2981629114603698,0.012711584562492707,0.5297038100850594,-0.04060979437573053,0.15348208968705362,GYS2,0.8354540117185957,0
HNRNPH2,0.8354540117185957,0.2984713373758482,0.012941658468487134,0.528814447802184,-0.0406246073280728,0.1541007556882877,H2AFX,0.8354540117185957,0
RPL38,0.8354540117185957,0.29850859759188697,0.012282007560142767,0.5287070343450265,-0.03949627837079675,0.14094446799173202,H2AFY2,0.8354540117185957,0
GTPBP3,0.8354540117185957,0.2988896583480771,0.013255214861101452,0.5276088652572172,-0.04035001473214491,0.15146034533308977,H3F3C,0.8354540117185957,0
NAT14,0.8354540117185957,0.298945406324433,0.012136464477283093,0.5274482599865681,-0.04019054251496725,0.14965681501903452,HADHB,0.8354540117185957,0
XPOT,0.8417939833160003,0.30168612189507804,0.01238226437014299,0.5195691354040652,-0.04007297260341427,0.1521154308492071,HARS2,0.8417939833160003,0
HNRNPLL,0.8447279824899621,0.3032113902375635,0.01176748406299851,0.51519819184249,-0.0404234133780143,0.15864452379918337,HBQ1,0.8447279824899621,0
GTF3C1,0.8476949848465684,0.30503419807077087,0.012598949283692464,0.5099874641387704,-0.039751912135930004,0.15294164127736426,HCN1,0.8476949848465684,0
BTBD10,0.8476949848465684,0.30593040585711856,0.011872010838326525,0.5074306181673609,-0.039765739407998574,0.1544129566912779,HDAC10,0.8476949848465684,0
SSR3,0.8476949848465684,0.3062247684471243,0.01268226122364091,0.5065915372074925,-0.039614446421309985,0.15291621931631671,HDAC4,0.8476949848465684,0
MIEF2,0.8476949848465684,0.3072370874243196,0.011465201559455313,0.5037086364900749,-0.03940538429758528,0.15169640373070775,HDAC6,0.8476949848465684,0
PREPL,0.8476949848465684,0.30729533195805325,0.011339725434950702,0.5035428941584392,-0.03959241826461914,0.15418276677714052,HDGFL1,0.8476949848465684,0
TRAFD1,0.8476949848465684,0.3074289380865348,0.013330594137539538,0.5031627529360063,-0.039886965152713894,0.15817947415286437,HDX,0.8476949848465684,0
ABI2,0.8476949848465684,0.30760440560612995,0.011256585825383128,0.5026636165203372,-0.03998798910211061,0.15975131808070694,HEATR6,0.8476949848465684,0
AMH,0.850381002215036,0.30921152117593087,0.010637650404703056,0.4980978032521006,-0.03947950949935109,0.1555187444454134,HECTD1,0.850381002215036,0
AP3M2,0.850381002215036,0.311075825749457,0.011877585737977973,0.49281428736861205,-0.03937887616499761,0.15694460974143332,HECTD2,0.850381002215036,0
SEC31B,0.850381002215036,0.3117615187333873,0.01206946641482944,0.49087446848665767,-0.03901201287172103,0.15302897687251732,HERC4,0.850381002215036,0
ACTG1P4,0.850381002215036,0.312189576357087,0.009741956158016473,0.48966443388660047,-0.038409264139590345,0.1455586137275287,HEXA.AS1,0.850381002215036,0
KIAA0930,0.850381002215036,0.31243985868498586,0.011303672629084204,0.48895726717840343,-0.039614001301075306,0.1621965227542001,HIATL1,0.850381002215036,0
ARHGAP10,0.850381002215036,0.31248988403475225,0.011181906707657762,0.4888159510830711,-0.03960589519438883,0.16216359081535378,HIF3A,0.850381002215036,0
CALM2,0.850381002215036,0.31253680042143583,0.01149199571354813,0.48868342633610073,-0.03976098874510788,0.16435304674049822,HIPK1.AS1,0.850381002215036,0
VDR,0.850381002215036,0.312857018721594,0.011457894157074844,0.4877791345215337,-0.0384945138201088,0.1476158005282838,HK2,0.850381002215036,0
ACTR10,0.850381002215036,0.31302802577576,0.01139751146718287,0.4872963764835324,-0.03950595038049381,0.1616303325360361,HLA.F,0.850381002215036,0
TCF3,0.850381002215036,0.31369739930100815,0.01169412559827463,0.48540780551190954,-0.038928174148739336,0.15471241294801508,HMG20B,0.850381002215036,0
ARFGEF2,0.850381002215036,0.3138254063137934,0.012081896856880239,0.4850468437627502,-0.038673945398588656,0.15141364939252397,HMGN5,0.850381002215036,0
ATP5G3,0.8526720121660704,0.3151491060109032,0.01151480486705398,0.4813178897515724,-0.03918132696774687,0.16040236157936108,HMGXB4,0.8526720121660704,0
CLPTM1L,0.8528843755246797,0.315705938220016,0.0126455981978228,0.4797512555017891,-0.0393661956554567,0.16386605414946062,HMHB1,0.8528843755246797,0
PRPH,0.8547660239273687,0.316881851831739,0.011617589161161394,0.47644670972585484,-0.03906902751506833,0.1614902002998076,HNRNPA3,0.8547660239273687,0
PIP4K2C,0.8551264111307894,0.3181946439034159,0.011733392556005839,0.472763643662773,-0.03905686939832465,0.16336770124808517,HNRNPA3P1,0.8551264111307894,0
IKBKE,0.8551264111307894,0.31823645018611213,0.011766182824169004,0.4726464608176947,-0.03912909928899762,0.164479513229905,HNRNPC,0.8551264111307894,0
DHX16,0.8551264111307894,0.3184542551827505,0.011484157226673132,0.4720360592094302,-0.03902627739972972,0.16333366387501888,HNRNPCL1,0.8551264111307894,0
CARD9,0.855731008901667,0.3191593499268696,0.009981002022355662,0.470061225443763,-0.03913207247213637,0.16599663996529254,HNRNPDL,0.855731008901667,0
TMC1,0.856280147509382,0.3198444073142167,0.011578428197124582,0.46814426682439403,-0.038979479262043155,0.16485353322802582,HNRNPF,0.856280147509382,0
GLG1,0.8588707965061205,0.32129378646639506,0.009792390663662276,0.4640942013311009,-0.03906911590160744,0.16852854036367268,HNRNPH1,0.8588707965061205,0
LAMP2,0.8612631182420968,0.3226717683599106,0.010381168787722724,0.4602506923316917,-0.038717819949958834,0.165472241874853,HNRNPH2,0.8612631182420968,0
FNDC1,0.861517219199145,0.32363758169728335,0.011111768936237993,0.4575608669905794,-0.03877272607416293,0.1678780063911658,HNRNPK,0.861517219199145,0
PSME2,0.861517219199145,0.32373333531319526,0.010142079161365303,0.45729437029840625,-0.03780045009335696,0.15319192859284855,HNRNPKP3,0.861517219199145,0
ATG13,0.8646118433885315,0.32547402447404494,0.010259331535827651,0.4524554054790005,-0.03848008822907913,0.16634495726664417,HNRNPLL,0.8646118433885315,0
DEDD2,0.8646118433885315,0.32586604529281726,0.00967933792643088,0.451367085857389,-0.038791803851267834,0.1718809354622047,HNRNPR,0.8646118433885315,0
IDUA,0.8669551693514006,0.3272354621275898,0.01059528979880794,0.44756952281709983,-0.03811669148482641,0.16345925233611802,HNRNPU,0.8669551693514006,0
CAMK2N1,0.8750181165305785,0.33076960770701624,0.01103281616960498,0.4377984880698739,-0.0376881660626585,0.16216921585119776,HNRNPU.AS1,0.8750181165305785,0
ARIH2,0.8764433919720614,0.3317999380713076,0.011333538023938463,0.43495777363837773,-0.038654632529867575,0.17999088553035614,HNRNPUL2,0.8764433919720614,0
SYK,0.8768260738615045,0.33273606672487954,0.009901974267140273,0.43237982240834216,-0.03829328028235766,0.17556406564310018,HNRNPUL2.BSCL2,0.8768260738615045,0
SP3,0.8768260738615045,0.3329283522177445,0.009847517277437672,0.43185065450490173,-0.03806643642981441,0.1720546619233225,HPCA,0.8768260738615045,0
TIPARP,0.8768677472137425,0.3334359689348948,0.009815959620371772,0.43045427834039013,-0.03787638570276528,0.16969015799493145,HPS3,0.8768677472137425,0
CHD9,0.8834213880039908,0.33642351231335377,0.010530359920123933,0.42225287694665153,-0.0372113659226832,0.1631669647034979,HSP90AB1,0.8834213880039908,0
CCT4,0.8853300687745572,0.33764691349786813,0.009500681419656445,0.41890260835629106,-0.03775042256399024,0.17475756757967573,HSP90AB4P,0.8853300687745572,0
ADSSL1,0.8856890150875496,0.3382805492286154,0.010112445020397572,0.4171692539544441,-0.03782776667255429,0.17726933479479037,HSPA1A,0.8856890150875496,0
EOGT,0.8874336359789577,0.33997178043070003,0.009804034037237607,0.41254888813948215,-0.03738579191773871,0.17224693936194074,HSPA4L,0.8874336359789577,0
C17orf89,0.8874336359789577,0.3401175899308412,0.008938463403059507,0.41215095679669594,-0.03718152507846224,0.1687672845120428,HSPA6,0.8874336359789577,0
ZDHHC6,0.8874336359789577,0.34142159664822536,0.009173074945827232,0.40859506004953605,-0.03722555448803293,0.17182261176338365,HSPA9,0.8874336359789577,0
RAB8B,0.8874336359789577,0.34149067246974285,0.010064678557330268,0.4084068415617187,-0.03703641662574289,0.16843506226784055,HSPB1,0.8874336359789577,0
SUPT6H,0.8874336359789577,0.3418976368192223,0.011039855371596035,0.4072982344632437,-0.037754029636179263,0.18253754657839935,HTATSF1P2,0.8874336359789577,0
ZC3H7B,0.8874336359789577,0.3421612512650093,0.010251147274037547,0.4065803924097057,-0.0379701739028036,0.18708931604031145,IBA57,0.8874336359789577,0
RASSF6,0.8874336359789577,0.34243092627791527,0.009170098730633762,0.4058462637101044,-0.0370825051711537,0.1709109310168478,ICAM4,0.8874336359789577,0
PHF20,0.8886695069023728,0.3434062199976079,0.009393259211321264,0.40319307075226135,-0.037473546316176526,0.18004622623908736,IDH3G,0.8886695069023728,0
TMEM204,0.8913442988189126,0.34584298763680615,0.008699953754836318,0.39657641659810383,-0.037655561438898484,0.18818727745824243,IDUA,0.8913442988189126,0
PSMD12,0.8913442988189126,0.3461312781324087,0.008280117020905463,0.3957947627076368,-0.036247183242535064,0.16125868934934875,IFNB1,0.8913442988189126,0
GNAS.AS1,0.8913442988189126,0.3466841675273198,0.008564201406917316,0.39429636682865216,-0.03696987137879093,0.17630562944725775,IGBP1P1,0.8913442988189126,0
RBMX2,0.8913442988189126,0.34679774029510657,0.009501454162833252,0.39398868083742644,-0.03730005766342072,0.183033931807281,IKBIP,0.8913442988189126,0
DDX18,0.8913442988189126,0.3482951657656145,0.009739538792408324,0.389935399513423,-0.03739688336814387,0.1878553535055238,IKBKE,0.8913442988189126,0
EFCAB14.AS1,0.8913442988189126,0.35015284932107954,0.009858594349924558,0.38491584003484,-0.037156190147011554,0.18660556173399992,IKZF2,0.8913442988189126,0
ZRANB1,0.8913442988189126,0.3502378203688692,0.007876934728717987,0.38468647651749205,-0.03697271466912632,0.18300187968340764,IL10RB,0.8913442988189126,0
SFR1,0.8913442988189126,0.35061107636583067,0.008580846137099127,0.38367918096000136,-0.03705720816543148,0.18546311061960613,IL17A,0.8913442988189126,0
TTC18,0.8913442988189126,0.35063888183072306,0.009350444052482943,0.3836041587184567,-0.03732286525919189,0.19100239331447788,IL6ST,0.8913442988189126,0
GLUD1P3,0.8913442988189126,0.35077298029182125,0.008931068097881977,0.38324237643910847,-0.0372898773588961,0.19059019591942458,ILF3,0.8913442988189126,0
PSMD8,0.8913442988189126,0.3508256189574621,0.008755307960172177,0.38310037706397443,-0.036745385856636614,0.17943474767367956,ILF3.AS1,0.8913442988189126,0
SRP72,0.8913442988189126,0.35088187193882725,0.008394387476456747,0.3829486361592986,-0.037342362698408516,0.19189540969858296,ILKAP,0.8913442988189126,0
LBX1,0.8913442988189126,0.35093869757200036,0.008567921305027438,0.38279535949439353,-0.037169318630816565,0.18842565176442988,IMP3,0.8913442988189126,0
EIF4EBP3,0.8926869767204831,0.3522605960946453,0.009658555112697122,0.37923231021683657,-0.03704290696909482,0.18841461678975785,IMPDH1,0.8926869767204831,0
UPF3A,0.8926869767204831,0.35294590913985924,0.009520709165978572,0.37738701157771753,-0.036934834763825676,0.18749556309084733,INPP4B,0.8926869767204831,0
POLE,0.8926869767204831,0.3529693317935729,0.008095101202746294,0.37732396563730775,-0.036688116111864094,0.18231350493311313,INPP5E,0.8926869767204831,0
UGGT2,0.8928188650201143,0.35352222024913105,0.009450856639578844,0.37583620990272004,-0.03647109429608324,0.17876056819631206,INPPL1,0.8928188650201143,0
UBE3C,0.8958606057112709,0.355292912016833,0.007689963728062066,0.3710770679946408,-0.03644916686194717,0.18166788556412938,INS,0.8958606057112709,0
HSPA9,0.8958606057112709,0.3560875316315727,0.008007520060383615,0.368944080484893,-0.036607494351941855,0.18668769064458743,INTS12,0.8958606057112709,0
OPA1.AS1,0.8958606057112709,0.3573968879855956,0.009675526967210192,0.3654330448673001,-0.03652005772744229,0.18737728040858975,INTS4,0.8958606057112709,0
FBXW4,0.8958606057112709,0.3575683798592228,0.00824127543015017,0.36497352427456864,-0.03670100619494208,0.1917679178265832,INTS6.AS1,0.8958606057112709,0
RSC1A1,0.8958606057112709,0.35792696526354234,0.00838467515231036,0.3640129265897954,-0.03640801497269882,0.18593528853934382,INTS9,0.8958606057112709,0
CAPRIN2,0.8958606057112709,0.3582211008835066,0.009270954922950917,0.3632252311601206,-0.03654068417903025,0.18951196352863825,IP6K2,0.8958606057112709,0
TMPO.AS1,0.8958606057112709,0.3582437531531891,0.007996894140561936,0.36316457771573885,-0.036589493368889885,0.1906578191273659,IPO5P1,0.8958606057112709,0
KCTD21,0.8974393399933028,0.35937840087224804,0.009024198716456466,0.3601281623247207,-0.03679277892464593,0.19765302402680096,IPO8,0.8974393399933028,0
MRAP,0.8978602245908622,0.360050510702449,0.008418831926373037,0.3583311048704246,-0.03654152612965125,0.19332374073844458,IPO9,0.8978602245908622,0
LCP2,0.904476883436795,0.3635789708293637,0.008761831184887532,0.3489156693582195,-0.03541118239697023,0.17391766481607496,IPO9.AS1,0.904476883436795,0
GTF3C2.AS1,0.904476883436795,0.363718410221078,0.007607808457053618,0.34854422573126814,-0.03628236546842702,0.1950306752903477,IQSEC2,0.904476883436795,0
PRPF38B,0.9061734680949054,0.36490888956373646,0.00798889680470402,0.3453749356445404,-0.03628336365516428,0.19763999961647832,IRAK1BP1,0.9061734680949054,0
ESYT2,0.9113585515149146,0.3676006335629681,0.008006562921223715,0.33822169950052267,-0.03571414075873755,0.1893496479163054,IREB2,0.9113585515149146,0
FBRSL1,0.9113585515149146,0.36811502668965623,0.00885571015101206,0.3368566925970848,-0.035656817876060926,0.18899211245214856,IRF1,0.9113585515149146,0
TMEM132A,0.9113585515149146,0.3685302948077698,0.008455927132679337,0.3357551842210286,-0.03573667104618951,0.19190261322100952,IRF2BP1,0.9113585515149146,0
PDS5B,0.9155780919255647,0.3707500742401894,0.008728380680641239,0.32987403417517014,-0.03616058966282384,0.20784665027429913,IRF2BPL,0.9155780919255647,0
TCP1,0.9179076303220346,0.3722081978254801,0.008314818836913904,0.32601705063621766,-0.035849974331988374,0.20308454531024905,ISX,0.9179076303220346,0
NCOA4,0.9207994540810862,0.37477612525884874,0.007473466095270889,0.31923618326901987,-0.035487071998215214,0.19922240235369576,ITGA5,0.9207994540810862,0
RNF8,0.9207994540810862,0.374839983231715,0.007138701500347891,0.31906774815868066,-0.03548429598436729,0.1992935717842844,ITGA6,0.9207994540810862,0
RAD23B,0.9207994540810862,0.3749301198333531,0.008770225465598037,0.3188300145753972,-0.03575020324160931,0.20681536732800063,ITGAM,0.9207994540810862,0
ZDHHC4,0.9233275163184037,0.3764773440064383,0.007199335724962953,0.3147520358246525,-0.035792334636930045,0.211754149433809,ITGB2.AS1,0.9233275163184037,0
EPC2,0.9260087666568497,0.37838639592720574,0.007272956678880156,0.30972759313162723,-0.03534728876101431,0.2037905484951114,ITM2C,0.9260087666568497,0
APEX2,0.9260087666568497,0.379600950407017,0.00755300523098233,0.30653507469107005,-0.03539525644986726,0.2081367304177708,IVD,0.9260087666568497,0
KLF14,0.9260087666568497,0.3801096130542376,0.006405770827752867,0.3051989585610432,-0.034734942032489995,0.19003589969777218,IYD,0.9260087666568497,0
PITPNA,0.9260087666568497,0.38014982453419155,0.006768780296113366,0.3050933573890018,-0.03518725712718773,0.20339157718360076,JAK2,0.9260087666568497,0
CCT6B,0.9260087666568497,0.38016736802737744,0.007400320364402684,0.3050472867003523,-0.03551695085432268,0.21311255499514803,KANTR,0.9260087666568497,0
RYK,0.930614032732859,0.3830671237431501,0.006591403391174752,0.29744109587509626,-0.035009702324707716,0.20521746355408618,KAT2A,0.930614032732859,0
VPS4B,0.930614032732859,0.38310190691302215,0.008008069008277377,0.297349963292533,-0.03525985639843615,0.21292883179717925,KAT6A,0.930614032732859,0
STRBP,0.9319478617819945,0.38445432435798454,0.006737501024101645,0.29380850929688224,-0.034996825818124425,0.20829722677113208,KBTBD3,0.9319478617819945,0
DCAF11,0.9319478617819945,0.38494103321154416,0.006859328708022726,0.2925349120999823,-0.03484747896877583,0.20487270296995272,KCNA1,0.9319478617819945,0
SHC2,0.9319478617819945,0.3864448985700264,0.00621267773950209,0.2886026535073413,-0.035080656051823284,0.2161003069654365,KCTD19,0.9319478617819945,0
FAM35A,0.9319478617819945,0.38667355793048186,0.0072482522867534345,0.2880051545753974,-0.034869691396029016,0.20997776724815387,KCTD20,0.9319478617819945,0
OTUB2,0.9319478617819945,0.3868971700639935,0.00801325206483707,0.28742094374412225,-0.03487827353108625,0.2108322090027318,KCTD21,0.9319478617819945,0
SPR,0.9319478617819945,0.38723225602214634,0.006058998702757277,0.28654567906602074,-0.03499373094671133,0.21541828657888076,KDM1B,0.9319478617819945,0
EIF5A2,0.9319478617819945,0.38731740271792986,0.006550167136002556,0.28632330577696125,-0.034847666548385114,0.21094399507512407,KDM2B,0.9319478617819945,0
CAND1.11,0.9319478617819945,0.3886306235668341,0.007454511135467488,0.28289541913462324,-0.034942419737466576,0.217512668771615,KDM3A,0.9319478617819945,0
RAB6B,0.9319478617819945,0.3889588845970722,0.006768027813408857,0.28203908346900636,-0.03490103831883251,0.21704581370971174,KDM4A,0.9319478617819945,0
TXLNB,0.9319478617819945,0.3892821223468132,0.005945387341630256,0.2811960541197357,-0.034844436667982204,0.21605640637077636,KDM4D,0.9319478617819945,0
AKIRIN2,0.9319478617819945,0.38940053675131014,0.006198437494858888,0.2808872701289381,-0.03474747981557469,0.21316945830969788,KDM5B,0.9319478617819945,0
PIP5K1B,0.9320176090540998,0.39036360068616005,0.005685511503193334,0.2783769226545044,-0.03439064982307712,0.2037991447410391,KHDRBS2,0.9320176090540998,0
AHSA2,0.9320176090540998,0.3904751284147014,0.00598227703394091,0.27808632519675647,-0.03443836698149953,0.20568661584786047,KHSRP,0.9320176090540998,0
HDAC4,0.9327531297408674,0.3913064167392983,0.0062114746098113245,0.2759210522391927,-0.03448475165511092,0.20942904557494652,KIAA0020,0.9327531297408674,0
CBX2,0.9366180529654484,0.3942445411147326,0.005702710223516586,0.26827834410122914,-0.03461988582591544,0.22220532468575427,KIAA0101,0.9366180529654484,0
WDR27,0.9366180529654484,0.39484515753936794,0.006960995235136873,0.2667179505196005,-0.034676362923433464,0.2259410547212146,KIAA0195,0.9366180529654484,0
HSPA4L,0.9366180529654484,0.3952023817795775,0.006283003357774371,0.2657901947920311,-0.03450982106571094,0.22104423412566798,KIAA0196,0.9366180529654484,0
DDX43,0.9366180529654484,0.3952821937171732,0.006377234226416955,0.2655829445687144,-0.0343264664377738,0.21470708456259396,KIAA0226,0.9366180529654484,0
SMAD3,0.9366180529654484,0.3958609345614965,0.0065550961228673385,0.26408045026119176,-0.03460466635847107,0.22636084024872533,KIAA0226L,0.9366180529654484,0
ITGB2.AS1,0.9366180529654484,0.3965889250849848,0.006037696083731142,0.262191328207966,-0.03397291244014417,0.20549552467574123,KIAA0319,0.9366180529654484,0
PHF13,0.9366180529654484,0.39694869521525444,0.006382657164693316,0.2612580771234406,-0.034412974199778915,0.22259542897850576,KIAA0355,0.9366180529654484,0
SEC14L1,0.9366180529654484,0.39783013966302594,0.006757810515355305,0.2589725517986255,-0.03445218365714377,0.22664337516451305,KIAA0391,0.9366180529654484,0
SRSF11,0.9366180529654484,0.39861841282286153,0.006485860591227538,0.25692975891667535,-0.03444828096106497,0.2288727387137622,KIAA0513,0.9366180529654484,0
WHSC1L1,0.9366180529654484,0.3987488783843455,0.005694988502813294,0.2565917638523877,-0.034069105173826324,0.21503395433390315,KIAA0930,0.9366180529654484,0
VHLL,0.9366180529654484,0.3987643873795406,0.005188214894991272,0.256551586894335,-0.03298307274673601,0.17467041092536417,KIAA1024,0.9366180529654484,0
GPN2,0.9366180529654484,0.39923147518437513,0.005594804516497357,0.25534176237758993,-0.03439573491581586,0.22876417990108253,KIAA1210,0.9366180529654484,0
TRIM23,0.9376132627184589,0.4008588790755092,0.005482350795293014,0.2511294584162864,-0.03371586105764595,0.20750523721264913,KIAA1430,0.9376132627184589,0
TAPT1,0.9376132627184589,0.40091350104923307,0.005428686393520493,0.25098815487317133,-0.034301479122785326,0.23033879278483865,KIF5C,0.9376132627184589,0
GLT8D2,0.9376132627184589,0.4012332694639283,0.005402869401656725,0.2501610349349604,-0.03397339922203363,0.21858253591828386,KLC2,0.9376132627184589,0
CNOT11,0.9395156280178172,0.4025742791955201,0.005500031216759969,0.2466942061598916,-0.0339746711973729,0.22264772784525466,KLF14,0.9395156280178172,0
KIAA1430,0.9396027804638698,0.40313860182549655,0.006039921242356763,0.24523618647526255,-0.0340587786954264,0.2277316867841052,KLF3.AS1,0.9396027804638698,0
GPBP1L1,0.9398046502635875,0.40381423692940155,0.006238331950199335,0.243491258053596,-0.033917428680252944,0.22415187012532298,KLHDC2,0.9398046502635875,0
NT5C3A,0.9398046502635875,0.40430528582312597,0.005743184932329342,0.24222351644712184,-0.0338635153561644,0.22348218185720184,KLHDC4,0.9398046502635875,0
RCVRN,0.9398046502635875,0.4048064898499356,0.005266230186116219,0.24092995866116973,-0.03363938206175983,0.21584906566608408,KLHL13,0.9398046502635875,0
PRPF39,0.9399613050159664,0.40540114613419975,0.005710020590284061,0.2393957324711265,-0.03403265507654982,0.23387812065544583,KMT2E.AS1,0.9399613050159664,0
ADRBK2,0.9404438020090041,0.4061366952029911,0.006363927383527182,0.23749877873564854,-0.03384886494078913,0.22863497941814878,KPNA2,0.9404438020090041,0
NFYC.AS1,0.9452237445139153,0.4091027265284814,0.005268370557880782,0.22985808445774808,-0.03366518652853777,0.23044092784568862,KPNA5,0.9452237445139153,0
RNF39,0.9452237445139153,0.4100710568731661,0.00577304118792013,0.22736652566307342,-0.03373510489238485,0.2367587728924006,KPNA7,0.9452237445139153,0
RNF216.IT1,0.9452237445139153,0.4106065212286471,0.005576109328711329,0.22598935793645,-0.033629611000674325,0.23390291396160495,KPRP,0.9452237445139153,0
PCGF6,0.9452237445139153,0.4109330457659268,0.005369629410395946,0.22514977574525571,-0.033353152178330826,0.2226107407132265,KRBA1,0.9452237445139153,0
DESI2,0.9452237445139153,0.411204256629622,0.0045181253182330055,0.22445254051982758,-0.03342221025167845,0.2266058956322736,KTN1.AS1,0.9452237445139153,0
HSP90AB4P,0.9452237445139153,0.4113817306465498,0.004942821869041772,0.22399634525134665,-0.03310911854028164,0.21303124955945404,KY,0.9452237445139153,0
VAPB,0.9456658320762767,0.4121045157169193,0.005291931498564973,0.2221389135244179,-0.03338523104932598,0.22791961569437974,L3MBTL3,0.9456658320762767,0
DSCR4,0.9460225959645352,0.41279056627056,0.0048854457887771915,0.22037659192846026,-0.03322023894484848,0.22260921993374125,LAMP2,0.9460225959645352,0
KIAA0020,0.9467606408493012,0.41485597783472894,0.005368425314958981,0.21507508443347872,-0.033310132994052076,0.23384937203411524,LARGE,0.9467606408493012,0
C10orf82,0.9467606408493012,0.41530359907817826,0.00482124568929122,0.21392692999354737,-0.03328939980375896,0.23443602672786848,LARP1B,0.9467606408493012,0
PSMB9,0.9467606408493012,0.4157745355784592,0.004825967841395896,0.21271927595257933,-0.032989324203961806,0.22158568358039732,LARP6,0.9467606408493012,0
SNX15,0.9467606408493012,0.41578577633763825,0.005464384382643185,0.21269045431799505,-0.03324090405547033,0.23380680996433972,LARS,0.9467606408493012,0
TXNDC11,0.9467606408493012,0.41584786563349624,0.005132017168272264,0.21253125873408846,-0.033327111418178505,0.2381953296739057,LARS2,0.9467606408493012,0
CCT8,0.9467606408493012,0.4172561626824881,0.005083954378100656,0.2089218543084605,-0.03323670279321517,0.2388986273315298,LASP1,0.9467606408493012,0
AHCYL2,0.9467606408493012,0.4178520413359039,0.0051868528357665025,0.20739546495391276,-0.033191736398567866,0.23885521939281956,LAT,0.9467606408493012,0
IMPDH1,0.9467606408493012,0.4184025342668778,0.005360133959573098,0.20598576402559324,-0.03310883457913769,0.2367224250385844,LBX1,0.9467606408493012,0
MTMR6,0.9467606408493012,0.4192346559636298,0.00501392675851137,0.2038556447444771,-0.03311536759478651,0.24014142773590408,LCP2,0.9467606408493012,0
PPP1R1A,0.9467606408493012,0.4198446538175168,0.004682660286775498,0.20229472047727515,-0.033222901244510925,0.24797210966005975,LCT,0.9467606408493012,0
LARP6,0.9467606408493012,0.4199922205691511,0.004413955535032627,0.20191718591142133,-0.03290343275809389,0.232048151605021,LDHAL6A,0.9467606408493012,0
ACBD4,0.9467606408493012,0.4209101290281383,0.00462507148760352,0.19956945423163178,-0.0331046458918846,0.24599432020789275,LETM2,0.9467606408493012,0
FAM168B,0.9467606408493012,0.4213545787622527,0.004537703230696115,0.19843308245465616,-0.03306461189566392,0.2456276189645003,LGALS8.AS1,0.9467606408493012,0
URM1,0.9467606408493012,0.42166989033445823,0.004826614291298428,0.19762704736294842,-0.03299058366258371,0.24294087791435892,LIME1,0.9467606408493012,0
DIAPH2,0.9467606408493012,0.42192375918980496,0.004987389233780729,0.19697817241417787,-0.032943990265109524,0.2414457441661808,LINC00658,0.9467606408493012,0
TAPBPL,0.9467606408493012,0.42200565000787416,0.004559557916871987,0.19676888165361078,-0.032762198113437196,0.23203418914127727,LMAN2L,0.9467606408493012,0
INPP5E,0.9467606408493012,0.4221394893298903,0.004176031228244134,0.19642684313164005,-0.03283746960771182,0.23657458126048128,LRAT,0.9467606408493012,0
FTLP10,0.9482629046643654,0.42375792219634373,0.004617183721923639,0.19229259768350868,-0.03237611536569225,0.21739839414180814,LRP1,0.9482629046643654,0
MATK,0.9482629046643654,0.42387298654935457,0.0044568854902749845,0.19199879467511805,-0.032861218170440264,0.24462340204640418,LRPPRC,0.9482629046643654,0
NELFA,0.9504191483775956,0.42597576231352036,0.004406015170080839,0.18663250065765358,-0.032592017171851125,0.23788288349923428,LRR1,0.9504191483775956,0
AGPAT4,0.9504191483775956,0.4266327773155992,0.004277036680370417,0.18495690387400399,-0.03243048066196311,0.23115004220752822,LRRC42,0.9504191483775956,0
ABCB11,0.9504191483775956,0.4269192750184574,0.004260705490730227,0.18422640664921255,-0.03262923255503041,0.24384725446187078,LRRC48,0.9504191483775956,0
RNF207,0.9504191483775956,0.4274181055626187,0.004272092410893413,0.1829547483153231,-0.032572237919155984,0.24257066321546045,LRRFIP2,0.9504191483775956,0
GRB7,0.9504191483775956,0.42750205103692185,0.0044191655695933725,0.18274077700179658,-0.032349323472206204,0.2297901225407459,LSM14B,0.9504191483775956,0
TEX264,0.952719169344151,0.42956757646354804,0.003695436667891496,0.17747850279910746,-0.03251361030594212,0.24811459727475033,LSM2,0.952719169344151,0
RIPK1,0.952719169344151,0.42960527882933114,0.004154906788131713,0.17738249577094267,-0.03222773904437144,0.2308103380491269,LUC7L,0.952719169344151,0
FAXC,0.9531394335667984,0.4308230979079904,0.004689537068949305,0.17428225969697697,-0.032342356624333414,0.24294966384204755,MAATS1,0.9531394335667984,0
MAN2B1,0.9531394335667984,0.43094608429576453,0.004144125919443461,0.17396926341981306,-0.03238714945209616,0.24627802049055442,MAEA,0.9531394335667984,0
FLRT1,0.9531394335667984,0.43139849853528117,0.004269717796313035,0.1728180306009152,-0.03230773839236608,0.24325055574944687,MAFA,0.9531394335667984,0
FLNB,0.9575564035899466,0.43393470224378966,0.0038866745464189245,0.16636849165399517,-0.032037275754633554,0.23672460532760548,MAMDC2,0.9575564035899466,0
USP24,0.9577139759577542,0.43455424056274844,0.003507552097345974,0.1647940738194224,-0.03217498649870557,0.2486559937162502,MAML2,0.9577139759577542,0
RIC8B,0.9577139759577542,0.4350803816745827,0.00364855105683856,0.1634573249239193,-0.032184801528397956,0.25174564760296625,MAN1B1.AS1,0.9577139759577542,0
FBXW12,0.9590818720800598,0.43623970737909623,0.0037846033652926578,0.16051289252679565,-0.03207160979746889,0.2494426860283312,MAN2A2,0.9590818720800598,0
MAPK10,0.9593264955551934,0.4368890153622081,0.0036196577601934226,0.15886440244093708,-0.03166195708719777,0.22379114432464853,MAN2B1,0.9593264955551934,0
GBGT1,0.9603178485971171,0.43787908632050265,0.0037681395856069165,0.1563515984375487,-0.03194239700840945,0.24812266126045665,MAN2B2,0.9603178485971171,0
GML,0.9605858933079678,0.4393631751390796,0.0036171783468342544,0.15258681841662025,-0.03183174768425011,0.2472367769928948,MAN2C1,0.9605858933079678,0
DDX25,0.9605858933079678,0.43942102625744023,0.0035364173818210353,0.15244010803693567,-0.03179397080474001,0.2447322849046121,MAP2K2,0.9605858933079678,0
UBASH3A,0.9605858933079678,0.43961754847969814,0.0032478108360544074,0.1519417523593875,-0.03185357216077174,0.2500890470704575,MAP2K4,0.9605858933079678,0
PFN1P2,0.9609509518011772,0.44032357129644517,0.0035967563392637516,0.15015167753805678,-0.0319270970886103,0.2590991047663415,MAP3K14.AS1,0.9609509518011772,0
DHX9,0.9610805368711807,0.44092197373002007,0.003427104932947895,0.1486348440648824,-0.03184244835675109,0.2557998711923653,MAP3K3,0.9610805368711807,0
SUZ12P1,0.9620516895961942,0.4419070856866423,0.00390282729558175,0.14613852042271128,-0.03188675982476746,0.26433232429130493,MAP3K5,0.9620516895961942,0
HNRNPCL1,0.9636386181744029,0.44317648171789703,0.003216013593971103,0.14292314664122643,-0.031576974981859844,0.2466905488807384,MAP3K7CL,0.9636386181744029,0
GPR110,0.9640913707597102,0.44412001253555955,0.0030149964594430663,0.14053414669416092,-0.031544786491875663,0.2489721639131037,MAP4K1,0.9640913707597102,0
ATP6V0A1,0.9640913707597102,0.44488463307691095,0.003530313883975692,0.13859873262178882,-0.031686971870432484,0.2647336550852558,MAP4K5,0.9640913707597102,0
PPM1H,0.9640913707597102,0.44500684135459423,0.003231080576987886,0.1382894462870302,-0.03162139921065433,0.2600151386183316,MAP7D2,0.9640913707597102,0
PNKD,0.9654991905412923,0.4464994318773019,0.003317393826912214,0.13451303653903748,-0.03143337835501672,0.25241970540023734,MAPK10,0.9654991905412923,0
NDUFS2,0.9654991905412923,0.44788304522435807,0.0032392096432230515,0.13101406423274412,-0.03148766987207994,0.26499426319156244,MAPK15,0.9654991905412923,0
SH3BP1,0.9654991905412923,0.4483842208219231,0.003066478672864607,0.1297470563585303,-0.031418458515631645,0.26181104462461807,MAPK3,0.9654991905412923,0
NUP210L,0.9654991905412923,0.4487118024534952,0.0031366864405381004,0.1289190191702271,-0.03143284671244599,0.26503162183853324,MAPKAP1,0.9654991905412923,0
YTHDF3,0.9654991905412923,0.4488960911227191,0.002893477843389651,0.12845322647020585,-0.03147520072485433,0.26993613999675764,MAPKAPK2,0.9654991905412923,0
MLXIPL,0.9654991905412923,0.44890568085178423,0.002949464361747695,0.12842898903303737,-0.03141299820999364,0.2644043154460034,MAPKAPK3,0.9654991905412923,0
MCCD1,0.9659691872544552,0.4500477558859311,0.002840347167595121,0.12554300163021692,-0.03142332688700172,0.2723102739013818,MAPKAPK5.AS1,0.9659691872544552,0
BTF3L4,0.9659691872544552,0.45020773674057896,0.002869290394525308,0.1251388191205101,-0.03116493904089063,0.2492803520782212,MAPRE2,0.9659691872544552,0
IFNB1,0.9683906722927218,0.4518794387815729,0.002613376592223412,0.12091656931202972,-0.031338746563388,0.27604094522970346,MARCH7,0.9683906722927218,0
IMP3,0.968949256415012,0.45316117867104766,0.0022345528344583352,0.1176807178107319,-0.030712100129204764,0.22193922313846448,MARCH8,0.968949256415012,0
IP6K2,0.968949256415012,0.45380862113137965,0.0025888575123020163,0.11604666968511057,-0.031121772671283358,0.2672636815351681,MARK2P9,0.968949256415012,0
CAP2,0.968949256415012,0.45385832316205316,0.002835592309514333,0.11592124204062008,-0.031099084015737445,0.2652851879581593,MARK4,0.968949256415012,0
BACE1,0.968949256415012,0.45431384092145255,0.0031095508960732932,0.11477178578680446,-0.0310142735604719,0.2595584612665784,MARS2,0.968949256415012,0
ANKRD12,0.9707740117260651,0.4557138798736492,0.0026436370567162124,0.11123986155722171,-0.031116651662438082,0.2797439070128875,MAST4,0.9707740117260651,0
PDCD6IPP2,0.97106671038235,0.4566983986955948,0.002510938771759927,0.1087570170173632,-0.030964847325135707,0.27038502237883955,MATK,0.97106671038235,0
MAP3K7CL,0.97106671038235,0.4570208695181588,0.002270269418781492,0.10794392875959831,-0.030834228043527957,0.25823014713155024,MAU2,0.97106671038235,0
MLLT10P1,0.97106671038235,0.45748515800402356,0.002513758988224186,0.10677338210170934,-0.031054622413622897,0.2859531624179305,MAVS,0.97106671038235,0
TAC1,0.9733082648735463,0.45920179346394574,0.0024830542996876715,0.1024467229560913,-0.03086206247758274,0.2770415586340968,MAX,0.9733082648735463,0
PITRM1.AS1,0.9733082648735463,0.459848030913292,0.0021218950468892355,0.10081842798468625,-0.030710056554458198,0.26389742018149875,MB,0.9733082648735463,0
ELAC1,0.9733082648735463,0.4601788375145258,0.0023419546522599685,0.09998501341347038,-0.030757362733393377,0.27205519277614826,MBD2,0.9733082648735463,0
SPTLC2,0.974778719718942,0.46142077366393,0.002249095377295144,0.09685676792232137,-0.030596081078594718,0.26165817845761585,MBD3,0.974778719718942,0
TRPM8,0.9779635413140921,0.46347683253528205,0.0025993341507360955,0.09167994097794462,-0.030644147870444456,0.28439906376636087,MBNL1.AS1,0.9779635413140921,0
ANKRD13B,0.9817636132148179,0.46610711183834175,0.0018102899171727313,0.08506088050600236,-0.030357770962688536,0.2674546250265194,MBTPS2,0.9817636132148179,0
CD55,0.9817636132148179,0.46758875852182025,0.00182433495647226,0.08133399662199613,-0.030404002903986933,0.2878528070644853,MCCD1,0.9817636132148179,0
EIF4G2,0.9817636132148179,0.46786591020575624,0.0018037451168063444,0.08063698563532098,-0.030418814375503887,0.2927878003802351,MCHR1,0.9817636132148179,0
CBX3P2,0.9817636132148179,0.4686631688226647,0.0018915987256613446,0.07863217080313285,-0.03020523141436435,0.26730191012452553,MCM3AP.AS1,0.9817636132148179,0
INPP4B,0.9817636132148179,0.4692900480383739,0.0018115928813131146,0.07705602040382982,-0.030207465716599238,0.27361920038340154,MCMDC2,0.9817636132148179,0
UBE3B,0.9817636132148179,0.469894045246442,0.002062092424256392,0.07553758290753085,-0.03018295219984731,0.2755414251842205,MCTP1,0.9817636132148179,0
CNOT10,0.9817636132148179,0.47092180093181524,0.0019974841962059563,0.07295422305201452,-0.030172695455716197,0.28433695810372683,MDH1B,0.9817636132148179,0
PCGEM1,0.9817636132148179,0.47138783283924335,0.001812162241418435,0.07178296981705563,-0.03017295005581869,0.289364868043063,MDK,0.9817636132148179,0
KDM2B,0.9817636132148179,0.47154759948537006,0.0017466325058540248,0.07138145954093066,-0.03015143002219856,0.28735738007644074,ME3,0.9817636132148179,0
PAFAH1B2,0.9817636132148179,0.47159124034900257,0.0017718670336256083,0.07127178749427594,-0.030138160022487308,0.2855103395099585,MECOM,0.9817636132148179,0
PRKAG2.AS1,0.9817636132148179,0.4716612946417559,0.0015564623110361014,0.07109573874511982,-0.03005841502367488,0.2722119179237321,MECR,0.9817636132148179,0
HPCA,0.9817636132148179,0.47188525884750354,0.001625531958787894,0.07053292406311872,-0.030094462061444196,0.28097481300361954,MED25,0.9817636132148179,0
ANKMY1,0.9903202446712296,0.4765534323768452,0.001378998281167753,0.05880677302083529,-0.029864318562613564,0.29146419603550916,MED30,0.9903202446712296,0
ATP5S,0.9904982255782591,0.47803475170560383,0.0013032120136275448,0.05508756052698785,-0.029732499128516998,0.28176075114140114,MED4.AS1,0.9904982255782591,0
ARPC1B,0.9904982255782591,0.47826426199101324,0.0011632908806837928,0.05451138860107853,-0.02972127571876693,0.28227246910448395,MESP1,0.9904982255782591,0
SRA1,0.9904982255782591,0.478305649031341,0.001257015051637968,0.0544074908285565,-0.029738012834258254,0.2867859829323353,METAP1D,0.9904982255782591,0
CD38,0.9908157716029768,0.4805657808954691,0.0010673969185923384,0.048734530888933716,-0.029621004780695827,0.2910797091817049,METRN,0.9908157716029768,0
PSME4,0.9908157716029768,0.4809043044886042,0.0011344285226429416,0.04788497183108153,-0.029498996330566633,0.26343266528521286,MFGE8,0.9908157716029768,0
TGFBR3,0.9908157716029768,0.4811441482130246,0.0011448631083593131,0.047283080798627815,-0.029593075547966842,0.29281901643914954,MFNG,0.9908157716029768,0
ATP5B,0.9908157716029768,0.48119678993612636,0.0010510091317483471,0.047150977990955786,-0.029569521287769473,0.2872249500459889,MFRP,0.9908157716029768,0
TPT1.AS1,0.9908157716029768,0.4812374975929209,9.882513457963784e-4,0.047048823925090404,-0.02946566110498204,0.2591254758726063,MGAT2,0.9908157716029768,0
PRPF8,0.991506949176937,0.4821292904859251,8.917155264354412e-4,0.04481103039875136,-0.029401281178361282,0.25396942266911016,MIAT,0.991506949176937,0
MSR1,0.9941844883988805,0.48398885918689194,9.775244946930558e-4,0.040145486627697353,-0.029390360180785866,0.28148259335655174,MIEF2,0.9941844883988805,0
PSMA3,0.9947710286334167,0.4848762000789931,8.153250796714991e-4,0.03791951697614314,-0.029243048365752245,0.24745731314519506,MIER2,0.9947710286334167,0
GPT,0.9947710286334167,0.48539023831243555,9.627351181001168e-4,0.036630095263813243,-0.029317606367699877,0.2835143751436478,MKL2,0.9947710286334167,0
DDX47,0.9951857347015816,0.4861507430875365,8.764436170321331e-4,0.034722544018581394,-0.02929234034617319,0.29008820638095595,MKRN2,0.9951857347015816,0
TMEM231,0.9967909847299612,0.48870769732135655,6.094395219531402e-4,0.028309899023105562,-0.029144023470870122,0.288514388617695,MKRN2OS,0.9967909847299612,0
FAM65C,0.9967909847299612,0.4887492168812714,6.890275978906113e-4,0.028205781471832635,-0.029171250072153116,0.30239710038817924,MLF1,0.9967909847299612,0
LRRFIP2,0.9967909847299612,0.4891680469378292,6.754960009367971e-4,0.027155508830988846,-0.0291466932749874,0.30238687967858585,MLH1,0.9967909847299612,0
PCK1,0.9967909847299612,0.4899714880035396,5.737598290315164e-4,0.025140855263169896,-0.029101932843578936,0.3035052630909911,MLLT10P1,0.9967909847299612,0
PARP8,0.9967909847299612,0.4911887407929035,5.313878807518076e-4,0.022088747612008644,-0.029035652352504646,0.30625136573909684,MLXIP,0.9967909847299612,0
EGF,0.9967909847299612,0.49119561984383786,5.117873832611926e-4,0.0220714998720086,-0.029012193826822883,0.2923141723289662,MLXIPL,0.9967909847299612,0
RABGAP1L,0.9967909847299612,0.49257811556193287,4.410262744557236e-4,0.0186053156607147,-0.02893038758614256,0.28869571627293933,MOB3B,0.9967909847299612,0
LAT,0.9967909847299612,0.4936839589684836,3.6086833950236933e-4,0.015832915226917578,-0.02887711719710559,0.294629068354033,MON2,0.9967909847299612,0
RNPS1,0.9967909847299612,0.49389087625829303,4.2624026363025737e-4,0.015314178193758736,-0.028884951043250208,0.3115603771587158,MORC1,0.9967909847299612,0
MCMDC2,0.9967909847299612,0.4940910610411852,0.00033914817306188633,0.014812323328984295,-0.028856201278944255,0.29609320191075994,MORC4,0.9967909847299612,0
RBM33,0.9967909847299612,0.4943690324909264,2.9172610091798774e-4,0.014115466708894409,-0.028838021908054488,0.29344473848666036,MORF4L2.AS1,0.9967909847299612,0
EHMT1.IT1,0.9967909847299612,0.4944191873780205,3.502057968075239e-4,0.013989732359298372,-0.028858357760335535,0.3156518597170616,MPHOSPH9,0.9967909847299612,0
HCN1,0.9967909847299612,0.4948399815346986,2.825836419071804e-4,0.012934843087683041,-0.028809368738908037,0.29047681421047666,MRAP,0.9967909847299612,0
CMPK2,0.9967909847299612,0.49631640833076474,2.2321592006908466e-4,0.00923369343895101,-0.02873659487502539,0.3006658997325654,MRFAP1L1,0.9967909847299612,0
DNAJC15,0.9967909847299612,0.49654442328569126,1.9225078969028447e-4,0.008662111466082433,-0.028723078952057394,0.29933922952907543,MRPL30,0.9967909847299612,0
ARF3,0.9967909847299612,0.49672936500643416,2.030703612575655e-4,0.008198506446418502,-0.028712633228908418,0.29896263243747667,MRPS17,0.9967909847299612,0
USP34,0.9967909847299612,0.49674968694210914,2.1181060659113119e-4,0.008147564283971585,-0.028704358157735498,0.28694606938814077,MRPS28,0.9967909847299612,0
RASSF4,0.9967909847299612,0.49699786058605466,1.7298125494720343e-4,0.007525454833835719,-0.02870088602907363,0.30448309270825663,MRPS6,0.9967909847299612,0
MCTP1,0.9983941473646871,0.4983571459083408,1.0142238086657415e-4,0.0041181107225329965,-0.028625806488902037,0.30727743608506863,MSL2,0.9983941473646871,0
ANP32C,0.9999824631001869,0.4997108102200037,1.6807873961275755e-5,7.249044683149935e-4,-0.02854979854183747,0.300874860053242,MSL3,0.9999824631001869,0
USP11,0.9999987608558472,0.5005278681722471,-2.7854044716465683e-5,-0.0013231936304996658,-0.02850433984547782,0.3117282464725548,MSR1,0.9999987608558472,0
BAZ1B,0.9999987608558472,0.5021518330178102,-1.347090148940456e-4,-0.005393969308614434,-0.028420761328029242,0.2931311421346738,MTA3,0.9999987608558472,0
SERINC4,0.9999987608558472,0.5029504395157075,-1.8120577970160865e-4,-0.007395856453483009,-0.02837035910856888,0.309590190028149,MTCH2,0.9999987608558472,0
TRAPPC3L,0.9999987608558472,0.5059320752777496,-3.464098997654208e-4,-0.01487032491826895,-0.028199940613073713,0.3171019278031889,MTERF,0.9999987608558472,0
SMARCA4,0.9999987608558472,0.507682061114586,-4.4598287116378227e-4,-0.01925761058409498,-0.028102650086594436,0.3178610411468682,MTFMT,0.9999987608558472,0
HEATR6,0.9999987608558472,0.5078492675474753,-4.689505374712189e-4,-0.019676821981618835,-0.02810147104333424,0.3121515820989873,MTMR2,0.9999987608558472,0
UBE2H,0.9999987608558472,0.508108880338714,-4.631300033089231e-4,-0.020327716744107122,-0.028095874579417642,0.30633638611364883,MTMR4,0.9999987608558472,0
SSSCA1,0.9999987608558472,0.5085526732870861,-5.012298930035003e-4,-0.021440403533444313,-0.02808863835045784,0.29562802200469473,MTMR6,0.9999987608558472,0
GBA3,0.9999987608558472,0.5089147547525634,-5.147103146166198e-4,-0.022348241218420523,-0.028024036345013603,0.32494886412659374,MTOR.AS1,0.9999987608558472,0
CGN,0.9999987608558472,0.5127152490033139,-7.542875451943391e-4,-0.03187837864921469,-0.027834172121026665,0.316368658091041,MX1,0.9999987608558472,0
KHSRP,0.9999987608558472,0.5132666170203135,-6.482014092763051e-4,-0.03326121175291465,-0.027827735543795678,0.30654085956085136,MYL1,0.9999987608558472,0
TFIP11,0.9999987608558472,0.5139742490733527,-7.81654171044184e-4,-0.03503604923310931,-0.027716749078655997,0.33714910005891896,MYL12B,0.9999987608558472,0
PPP1CC,0.9999987608558472,0.5148358335472553,-9.394932330998342e-4,-0.037197169896714,-0.02770886553919384,0.32170644665771764,MYL2,0.9999987608558472,0
RPL19P12,0.9999987608558472,0.5168166410649524,-0.0011023960731530523,-0.042166324091817885,-0.027671404772949403,0.29844953179739897,MYL6B,0.9999987608558472,0
SP110,0.9999987608558472,0.516873104298692,-9.068173248562561e-4,-0.042307985305806955,-0.02769572094526889,0.28903168971788645,MYO1G,0.9999987608558472,0
APIP,0.9999987608558472,0.5169195126952917,-0.0010677088037291452,-0.04242442046645421,-0.027563317488920075,0.3337848402182299,MYO1H,0.9999987608558472,0
MAN1B1.AS1,0.9999987608558472,0.517049962766948,-9.85492515338589e-4,-0.042751712925918776,-0.02763827269832056,0.3059234415898466,MYOC,0.9999987608558472,0
EIF2S3,0.9999987608558472,0.5173065369711096,-0.0010378638215419603,-0.043395457683865456,-0.027562062073950185,0.3272147177679637,N4BP2,0.9999987608558472,0
PCNT,0.9999987608558472,0.519183417611014,-0.0012134951578034146,-0.04810511593420856,-0.02744836072990626,0.33154823200448896,N4BP2L2.IT2,0.9999987608558472,0
ZNF664.FAM101A,0.9999987608558472,0.519249984454506,-0.0011710716494364008,-0.04827217115244979,-0.027453617473201707,0.3288985250073672,NAA60,0.9999987608558472,0
NDFIP2,0.9999987608558472,0.522124917986232,-0.001245348431923413,-0.055488412571627316,-0.027310725463651687,0.32681792792605896,NAAA,0.9999987608558472,0
NDST3,0.9999987608558472,0.5232233797985083,-0.0013850726084829986,-0.05824635490748274,-0.02720016331210409,0.340454613573965,NACA2,0.9999987608558472,0
UBE2L6,0.9999987608558472,0.524564534299563,-0.0013366235789386415,-0.061614236273462956,-0.027232516458706748,0.31545375234465844,NAP1L2,0.9999987608558472,0
KLC2,0.9999987608558472,0.5255829328726357,-0.0013594493950337698,-0.0641720840596666,-0.027065785995672886,0.34256460756169693,NAP1L5,0.9999987608558472,0
MAPKAPK3,0.9999987608558472,0.526307498274882,-0.0014516080072562772,-0.06599218420326605,-0.027106090663198287,0.32483126135267637,NAPA.AS1,0.9999987608558472,0
SF3B3,0.9999987608558472,0.5266907521005125,-0.0014661868697994414,-0.06695500153500417,-0.02710268148828773,0.32129207070634164,NARS2,0.9999987608558472,0
BUD13,0.9999987608558472,0.5277604129851418,-0.001611406515867854,-0.069642554597915,-0.027003372177235772,0.3313641356948111,NAT14,0.9999987608558472,0
CLPX,0.9999987608558472,0.5316022271131184,-0.0016806171075081683,-0.07929950935669051,-0.02701909102178491,0.2909814961964438,NBR2,0.9999987608558472,0
LIME1,0.9999987608558472,0.5322872748963752,-0.002346503463397446,-0.0810222272093687,-0.02671336646939074,0.34332581550602276,NCBP2.AS2,0.9999987608558472,0
GOSR1,0.9999987608558472,0.532289974558794,-0.0017830974053721282,-0.08102901663391505,-0.026736920198456988,0.3388991316556107,NCKAP5,0.9999987608558472,0
CNOT3,0.9999987608558472,0.5331355263622267,-0.001894210365013477,-0.08315569392575724,-0.026658438482168843,0.34546442581664816,NCLN,0.9999987608558472,0
TBC1D21,0.9999987608558472,0.5338925085233435,-0.001836262927785544,-0.085059925427505,-0.02681428742756107,0.3103084652165153,NCOA4,0.9999987608558472,0
MAP3K14.AS1,0.9999987608558472,0.5343074036969614,-0.002021006388840696,-0.08610374817227401,-0.02666376122622488,0.33393365110462886,NCOR1P1,0.9999987608558472,0
CD40,0.9999987608558472,0.5343957278999645,-0.001925777023600631,-0.08632597254979402,-0.02660561653878752,0.3434674329449818,NDC1,0.9999987608558472,0
SH3GLB2,0.9999987608558472,0.5353168800545548,-0.002464922033416616,-0.08864385467749225,-0.026541599006539265,0.3465143116206396,NDFIP2,0.9999987608558472,0
STAU2,0.9999987608558472,0.5353698375393083,-0.0020230477350739497,-0.08877712520679591,-0.026588590326202487,0.3379501667462373,NDRG2,0.9999987608558472,0
KLHL13,0.9999987608558472,0.5367369273584087,-0.002112618339313155,-0.09221803734127758,-0.02645964761621708,0.3482438286066026,NDRG4,0.9999987608558472,0
PRCD,0.9999987608558472,0.5380661410379233,-0.0022544559560003486,-0.09556466363606661,-0.026390649626809794,0.3486061025904529,NDST3,0.9999987608558472,0
SEPT3,0.9999987608558472,0.5389072617748302,-0.0020971528445191466,-0.0976829451973657,-0.026459550974948173,0.3309546663897959,NDUFA11,0.9999987608558472,0
PMS1,0.9999987608558472,0.5393321969841819,-0.002370422774270646,-0.09875326968604621,-0.026480676424923674,0.3243960297271976,NDUFAB1,0.9999987608558472,0
FYCO1,0.9999987608558472,0.5399115717348077,-0.0023871516142337343,-0.10021277820386898,-0.02633662766255614,0.34273428327327704,NDUFS2,0.9999987608558472,0
FMNL2,0.9999987608558472,0.5420305051733468,-0.0025373937321606747,-0.10555244620925476,-0.02628206758844957,0.3355674035912891,NDUFS3,0.9999987608558472,0
MKL2,0.9999987608558472,0.5425186767309559,-0.002652192179577572,-0.10678304948982177,-0.026183798979469833,0.3466673557927161,NEDD1,0.9999987608558472,0
FUCA1,0.9999987608558472,0.5447235473564092,-0.002459549965066854,-0.11234322246893631,-0.02604859532385819,0.3507259650873175,NEK8,0.9999987608558472,0
ZNF76,0.9999987608558472,0.5470165527678056,-0.002701191982516135,-0.11812934022535333,-0.025930282177114794,0.35179524628120584,NELFA,0.9999987608558472,0
HDAC6,0.9999987608558472,0.547718477041925,-0.0028267252867569697,-0.11990134199628498,-0.025903807941124297,0.350849685878945,NELFCD,0.9999987608558472,0
CMTR2,0.9999987608558472,0.5478743421819335,-0.002590128940238446,-0.12029487309227051,-0.026077390226248703,0.32664262381557285,NELFE,0.9999987608558472,0
INTS4,0.9999987608558472,0.5487563865244507,-0.002895464842170162,-0.1225222273336481,-0.025848111180327673,0.3516853500385596,NELL1,0.9999987608558472,0
SF3A2,0.9999987608558472,0.5490799524262431,-0.002751993541736084,-0.12333945360826179,-0.025841076390873623,0.3506065264380942,NENF,0.9999987608558472,0
RABEP2,0.9999987608558472,0.549146447571145,-0.0029672056513894173,-0.12350740973523272,-0.025832917579000855,0.35125762540918737,NFE2L2,0.9999987608558472,0
SDHD,0.9999987608558472,0.5499483565495634,-0.0027316827024165494,-0.12553317967721425,-0.025965993338646774,0.3292051774837429,NFKB2,0.9999987608558472,0
GM140,0.9999987608558472,0.5507117362781973,-0.0028209019745023384,-0.1274620962817215,-0.025743241082909197,0.35327476610664604,NFXL1,0.9999987608558472,0
RANBP17,0.9999987608558472,0.5507726159977664,-0.002921836140301422,-0.12761594817897742,-0.025685131852805028,0.3602192188368319,NFYC.AS1,0.9999987608558472,0
ATXN2,0.9999987608558472,0.5531965483098653,-0.002884510114356475,-0.1337440715678269,-0.025570989457767868,0.3600504686719361,NHS,0.9999987608558472,0
WDR47,0.9999987608558472,0.5536840027782527,-0.003184365144242277,-0.13497704088412102,-0.025575034331359128,0.35680053045064186,NINJ1,0.9999987608558472,0
SERINC2,0.9999987608558472,0.554829197564639,-0.0034472189980111322,-0.13787451217781715,-0.0254285058342548,0.36775394367553205,NIT1,0.9999987608558472,0
ACP2,0.9999987608558472,0.5548636549610754,-0.0033148325664368494,-0.13796171107643873,-0.02556825504519729,0.3510911544525159,NMT2,0.9999987608558472,0
DDX23,0.9999987608558472,0.554997401042271,-0.003612529871308698,-0.1383001827796255,-0.025489764023690353,0.3596334348556525,NNT.AS1,0.9999987608558472,0
XRCC6,0.9999987608558472,0.555351242269329,-0.0036830485499111877,-0.13919572660693766,-0.025428033861740293,0.36490940449515297,NOM1,0.9999987608558472,0
RANGAP1,0.9999987608558472,0.5557212254281252,-0.0032780924173983904,-0.14013224379713402,-0.025299850331253256,0.37765301841389287,NOP10,0.9999987608558472,0
BRAT1,0.9999987608558472,0.5562011344483158,-0.003212371561633277,-0.14134719329492695,-0.02531980150687197,0.37271660520402095,NOP14.AS1,0.9999987608558472,0
TNPO2,0.9999987608558472,0.556483228844683,-0.0036395367785780454,-0.14206144768800108,-0.025325798464991816,0.3704910782164596,NOS1,0.9999987608558472,0
SEC61A2,0.9999987608558472,0.557194490568387,-0.003004745960055716,-0.14386266328598243,-0.025362577352146178,0.36248555613311056,NPFF,0.9999987608558472,0
TOPORS,0.9999987608558472,0.557548952814584,-0.0035861864078443654,-0.14476048559627325,-0.02521512709876532,0.37720769862643616,NPM1,0.9999987608558472,0
DET1,0.9999987608558472,0.5582164623084762,-0.0030117171342524556,-0.14645154704250066,-0.025477945175059233,0.3440902896156406,NRBP2,0.9999987608558472,0
RAB3IL1,0.9999987608558472,0.5588320132919873,-0.0038030822564150972,-0.1480113485293357,-0.025206107011917216,0.3714166697375897,NRDE2,0.9999987608558472,0
POC1A,0.9999987608558472,0.5596168667026493,-0.0035983825989470497,-0.15000068405468642,-0.02517820110656006,0.37042854004057263,NSMAF,0.9999987608558472,0
DRG2,0.9999987608558472,0.5604902557251269,-0.003234103668491223,-0.15221512560464726,-0.02539022863234449,0.3427813540192672,NSMCE1,0.9999987608558472,0
NCKAP5,0.9999987608558472,0.5627159331626443,-0.003831811319643985,-0.15786164083953738,-0.02534356493555055,0.3374866230363143,NT5C3A,0.9999987608558472,0
PAFAH1B1,0.9999987608558472,0.5648851472313051,-0.003717675032282657,-0.16336975560394446,-0.02476207944461967,0.3879937392032059,NUBP1,0.9999987608558472,0
SMARCA5.AS1,0.9999987608558472,0.5649788751064652,-0.0041026467331462995,-0.16360786197981775,-0.02484764673169062,0.37889791534230555,NUCB1.AS1,0.9999987608558472,0
MX1,0.9999987608558472,0.5651762590445709,-0.003688743420885169,-0.16410932666439468,-0.025041880112775826,0.3581015218056901,NUDT1,0.9999987608558472,0
ABRA,0.9999987608558472,0.5660612309286257,-0.0038344299670878238,-0.16635815538224427,-0.024858695280812273,0.37274929289233927,NUDT22,0.9999987608558472,0
SEC63,0.9999987608558472,0.5661124726621503,-0.003836230740628955,-0.16648839295830764,-0.024670173133892605,0.3913455839479665,NUDT6,0.9999987608558472,0
ZFP91.CNTF,0.9999987608558472,0.5671587084478372,-0.0040264043589172405,-0.1691481590290793,-0.024759783486846654,0.377638004450509,NUGGC,0.9999987608558472,0
DDX60,0.9999987608558472,0.568491070301636,-0.004314011638460491,-0.17253705752702855,-0.024613149851981417,0.3860026195518689,NUMB,0.9999987608558472,0
ATG4C,0.9999987608558472,0.569885155019746,-0.004601581150407347,-0.17608507322829373,-0.024568670780954902,0.3841082385715432,NUP153,0.9999987608558472,0
ATP5D,0.9999987608558472,0.570929969762912,-0.00433079046136345,-0.17874563087267245,-0.024610029258850547,0.37565168292671935,NUP155,0.9999987608558472,0
PDCD1LG2,0.9999987608558472,0.57200878289719,-0.003821024797408925,-0.18149409201292963,-0.024821719955537176,0.3509231739331244,NUP188,0.9999987608558472,0
WNK2,0.9999987608558472,0.5720470265493223,-0.004648774904800845,-0.18159154930979857,-0.0246157141972927,0.3704263164296372,NUP205,0.9999987608558472,0
WDR62,0.9999987608558472,0.5729096254543512,-0.0038442908935471436,-0.18379019271502828,-0.024586616425535696,0.36962702576050727,NUP210,0.9999987608558472,0
BCAR1,0.9999987608558472,0.5749863064382676,-0.004502148047411243,-0.18908702850499587,-0.024237977529498814,0.3932189805203275,NUP210L,0.9999987608558472,0
CHD4,0.9999987608558472,0.5755402593802613,-0.00480152068661941,-0.19050084577844587,-0.024460145054546332,0.3708254389321498,NUP35,0.9999987608558472,0
MAP3K3,0.9999987608558472,0.5762132550312504,-0.005041366543628126,-0.19221900063792802,-0.02414217414582635,0.39679793800852425,NUP50.AS1,0.9999987608558472,0
VPS28,0.9999987608558472,0.5776310639861237,-0.00422459649350258,-0.19584052477092204,-0.024170943206722435,0.38862224804145806,NUP62CL,0.9999987608558472,0
KDM3A,0.9999987608558472,0.5777434106992096,-0.004473652114768565,-0.19612760238923319,-0.024185143910762694,0.38693004644029827,NUP98,0.9999987608558472,0
MYL6B,0.9999987608558472,0.5783154715442056,-0.0050721579632070765,-0.19758963086493084,-0.0241621311785853,0.38674045632831516,NUPL1,0.9999987608558472,0
MAP2K4,0.9999987608558472,0.5803384738821907,-0.004983347795924513,-0.20276327422736828,-0.02403056306858129,0.39046533922209725,NXF2,0.9999987608558472,0
DDX49,0.9999987608558472,0.5812568554849185,-0.00476285360198486,-0.20511373529239826,-0.02394320513321032,0.3944879469826295,OAZ2,0.9999987608558472,0
POLR3D,0.9999987608558472,0.5823195195796924,-0.004423945695123287,-0.2078348818454983,-0.023854835376011893,0.39799977372935713,OCIAD2,0.9999987608558472,0
DDX51,0.9999987608558472,0.5828915583993709,-0.0048117605637361645,-0.2093003284803641,-0.024049915458914113,0.3794369068075507,ODF2L,0.9999987608558472,0
TAF1A,0.9999987608558472,0.5829422906022905,-0.004255340959208286,-0.20943031568078396,-0.02470836713332166,0.3223658881978252,OGDHL,0.9999987608558472,0
RNF32,0.9999987608558472,0.5839282267957004,-0.005360201350908656,-0.21195720937075413,-0.0237329048041727,0.4022424551596849,OPA1.AS1,0.9999987608558472,0
NBR2,0.9999987608558472,0.5846176655002274,-0.005244354778344714,-0.213725001797465,-0.023653244538305307,0.4062777377282051,OSBP,0.9999987608558472,0
TMEM44,0.9999987608558472,0.5855520176745093,-0.004389874708894767,-0.2161218453609589,-0.02395423545767683,0.37814769928762276,OSBP2,0.9999987608558472,0
LARGE,0.9999987608558472,0.5855795766647717,-0.005322720616079272,-0.21619255974955867,-0.023751565779603877,0.39479471706828423,OSBPL3,0.9999987608558472,0
YTHDF3.AS1,0.9999987608558472,0.586006744675537,-0.0051500407301033335,-0.21728878066419272,-0.02347120386283861,0.4159742439422121,OSCAR,0.9999987608558472,0
GANC,0.9999987608558472,0.5879948790137628,-0.004866345953735482,-0.2223942950766467,-0.023521008613150755,0.40499524156638833,OTUB2,0.9999987608558472,0
SEMA4F,0.9999987608558472,0.5881880993011672,-0.004964172837876687,-0.22289079045489765,-0.02360401740376154,0.3977000717803867,OTUD5,0.9999987608558472,0
TUBGCP3,0.9999987608558472,0.588392947412888,-0.004932112119537935,-0.2234172244988039,-0.023733001527642208,0.38662839733299764,OTUD6A,0.9999987608558472,0
ATP5C1,0.9999987608558472,0.5886077252964745,-0.005399594193711449,-0.2239692433214675,-0.023720433014820522,0.38692274163592943,OXCT1,0.9999987608558472,0
GDNF,0.9999987608558472,0.5888042172408763,-0.005646135433463773,-0.22447432369094583,-0.023333373533180924,0.41699796684055096,OXT,0.9999987608558472,0
SPIN1,0.9999987608558472,0.5906561692518165,-0.005101118120174464,-0.22923757930827196,-0.023702047642668207,0.38165418206427315,P4HTM,0.9999987608558472,0
CARS2,0.9999987608558472,0.5908201211991109,-0.004980561890674305,-0.229659515965711,-0.023275776587740667,0.41458497402708616,PABPC1L,0.9999987608558472,0
DDX10,0.9999987608558472,0.5917831140115728,-0.005734379615477395,-0.23213864331563167,-0.023225459829852024,0.4152300755576104,PABPC4L,0.9999987608558472,0
BFSP1,0.9999987608558472,0.5934185494860034,-0.005254258046776089,-0.2363521862377284,-0.02321181141008458,0.4108942760043276,PAFAH1B1,0.9999987608558472,0
DHX32,0.9999987608558472,0.5944419102835724,-0.006289091725189331,-0.23899090872677997,-0.02323952047424774,0.4054948208314631,PAFAH1B2,0.9999987608558472,0
PTMS,0.9999987608558472,0.5945297785511523,-0.005640750831894168,-0.23921755324780863,-0.02322376246260668,0.40641113926356953,PAIP2B,0.9999987608558472,0
RAB36,0.9999987608558472,0.5956254686919557,-0.005789909472345893,-0.24204477664698013,-0.023159965254551433,0.40775834848082015,PAK3,0.9999987608558472,0
RING1,0.9999987608558472,0.597606005022702,-0.005721898757962977,-0.24716011029561735,-0.023003970648434728,0.4131977643333951,PAN3.AS1,0.9999987608558472,0
GYS2,0.9999987608558472,0.5976840503464091,-0.00553548377312156,-0.2473618175702956,-0.023057436718445328,0.409003045767683,PAPD5,0.9999987608558472,0
PKN2,0.9999987608558472,0.5981268430309088,-0.006155489152365913,-0.2485064011796017,-0.02301895006187374,0.4104882824568512,PAPOLB,0.9999987608558472,0
IPO9,0.9999987608558472,0.5984243712491548,-0.006129272719612841,-0.2492756706175047,-0.02302310491182716,0.40927197952819533,PARL,0.9999987608558472,0
FBXO8,0.9999987608558472,0.600134682516537,-0.005326452423951777,-0.2537006169364243,-0.023121127798357885,0.39691843591983367,PARP1,0.9999987608558472,0
FGD4,0.9999987608558472,0.6003366862394872,-0.005910000387180407,-0.25422357088680353,-0.023151616341737454,0.3940768173000606,PARP8,0.9999987608558472,0
DPF3,0.9999987608558472,0.6017420731456321,-0.005392076271251237,-0.2578638169593799,-0.022799636819655834,0.4155588300455193,PASD1,0.9999987608558472,0
PSMB10,0.9999987608558472,0.6018177429013605,-0.005702932506866651,-0.2580599140085838,-0.023369058951654205,0.373756976397536,PATL2,0.9999987608558472,0
ASCC3,0.9999987608558472,0.6028665876430287,-0.006391826800972155,-0.2607790055241412,-0.022874479198315333,0.4068997008111037,PBX1,0.9999987608558472,0
NCBP2.AS2,0.9999987608558472,0.6029642304446271,-0.006001696511748095,-0.2610322387318468,-0.02274852726516515,0.4156245883176803,PBX3,0.9999987608558472,0
AKAP8L,0.9999987608558472,0.6049346937278296,-0.00612605060148862,-0.26614616981775285,-0.02257013394128939,0.42250826576520845,PCBP1.AS1,0.9999987608558472,0
ME3,0.9999987608558472,0.6065054944579005,-0.006875795898534061,-0.2702278448004135,-0.022623559396444032,0.4143246504073531,PCBP2.OT1,0.9999987608558472,0
TPM3P9,0.9999987608558472,0.6065567430066987,-0.0061050472870920035,-0.27036108800183145,-0.02298731727095608,0.38850604233494224,PCGEM1,0.9999987608558472,0
SNAP25,0.9999987608558472,0.6092008162324603,-0.006542636526326732,-0.27724209736406746,-0.022679121839438536,0.40307613969844364,PCGF6,0.9999987608558472,0
STAMBPL1,0.9999987608558472,0.6097037296857015,-0.006037663667311014,-0.27855237053921106,-0.02259013257690844,0.40788627290719737,PCK1,0.9999987608558472,0
USP26,0.9999987608558472,0.6102101407696727,-0.007494572544216714,-0.2798722397580933,-0.022204772399695174,0.4327451022615338,PCNA,0.9999987608558472,0
UFL1,0.9999987608558472,0.6106502511523078,-0.006204206891646018,-0.28101970421073563,-0.022579197910514794,0.4061174467139067,PCNT,0.9999987608558472,0
EIF3IP1,0.9999987608558472,0.6110064829505513,-0.006581758992681684,-0.28194874974450895,-0.022273028375422853,0.42599305716841224,PDC,0.9999987608558472,0
UBAC2.AS1,0.9999987608558472,0.6118555764314824,-0.0061782523602523795,-0.28416415223639413,-0.022247278734560245,0.425444640247328,PDCD1LG2,0.9999987608558472,0
AK3,0.9999987608558472,0.6119097308329076,-0.006567103668642895,-0.2843054957816369,-0.022451507554462537,0.4115165923605062,PDCD2L,0.9999987608558472,0
PDHA2,0.9999987608558472,0.6139630577733661,-0.006408258526824161,-0.28966892099864716,-0.022443403661155614,0.4067395759182367,PDCD4.AS1,0.9999987608558472,0
STUB1,0.9999987608558472,0.6139731639248098,-0.007263270601843285,-0.2896953394244007,-0.021932795991730595,0.4406209745403793,PDCD6IP,0.9999987608558472,0
TNR,0.9999987608558472,0.6143020331493084,-0.006552967203314755,-0.2905551448324579,-0.02211978112255774,0.42747459708855773,PDCD6IPP2,0.9999987608558472,0
RBBP7,0.9999987608558472,0.6146360476891928,-0.007048208675617348,-0.29142862224302435,-0.021832707040022086,0.44537435431893335,PDHA2,0.9999987608558472,0
RTN4IP1,0.9999987608558472,0.6152155016423613,-0.006638859176110413,-0.29294447339490476,-0.021920340404359,0.4381680225370038,PDHX,0.9999987608558472,0
UROC1,0.9999987608558472,0.6152502969911391,-0.007275262268036411,-0.29303551939793204,-0.0219506802695485,0.43610172115396006,PDIA3P1,0.9999987608558472,0
RNF125,0.9999987608558472,0.6161990946230631,-0.006872615101034276,-0.29551909598956494,-0.022081838788431445,0.42507827571207296,PDIK1L,0.9999987608558472,0
STATH,0.9999987608558472,0.6163247238635741,-0.006580925268847075,-0.29584807998300516,-0.021847695886965935,0.4399968136171019,PDPN,0.9999987608558472,0
RUNX1.IT1,0.9999987608558472,0.6170508430998936,-0.006932154510563463,-0.297750189704513,-0.021722519232564144,0.446164865554926,PDS5B,0.9999987608558472,0
SDHAF1,0.9999987608558472,0.6181101953805322,-0.006163836959377218,-0.3005271576529544,-0.022558498614395187,0.3887525435625338,PEG10,0.9999987608558472,0
EIF3E,0.9999987608558472,0.6185084711729486,-0.006854167269210297,-0.30157178962081255,-0.02179526908722045,0.43779432702493637,PEX2,0.9999987608558472,0
TGS1,0.9999987608558472,0.6187118947825762,-0.007275534601824622,-0.3021054734755032,-0.02194141930532056,0.42788091010922846,PEX26,0.9999987608558472,0
ERH,0.9999987608558472,0.6191508972221569,-0.00766466106491289,-0.30325749424074094,-0.021900760582563707,0.4294101225239157,PEX3,0.9999987608558472,0
DCTN1.AS1,0.9999987608558472,0.6199499317808645,-0.00700397179109863,-0.3053553381770344,-0.02178214457244471,0.4350280185286237,PFDN6,0.9999987608558472,0
FAM78B,0.9999987608558472,0.6202482043935691,-0.007571759556873812,-0.3061387890828262,-0.02171000374665572,0.43887805480822023,PFKM,0.9999987608558472,0
PLEKHA3,0.9999987608558472,0.6206300614453202,-0.007382772020466875,-0.30714205956661456,-0.021464870719485184,0.4533474690986692,PFN1P2,0.9999987608558472,0
EID1,0.9999987608558472,0.625751101280183,-0.006687478636511266,-0.32062717005145536,-0.021314382564723296,0.4501740997806283,PGK2,0.9999987608558472,0
MIER2,0.9999987608558472,0.6264264057015896,-0.007703098134600414,-0.32240973921137284,-0.021276810483882833,0.4508711482354859,PHF13,0.9999987608558472,0
MCHR1,0.9999987608558472,0.6266547093119879,-0.007027471915436,-0.32301261298716766,-0.021426021974247145,0.4411954585054369,PHF20,0.9999987608558472,0
AZU1,0.9999987608558472,0.6272286630582995,-0.008569620499666216,-0.32452875291434646,-0.021307416182420418,0.447121599124269,PHF21A,0.9999987608558472,0
CFLAR.AS1,0.9999987608558472,0.6278271508872324,-0.007532327452388345,-0.32611049638622913,-0.02125666214004958,0.44881696631744217,PHF21B,0.9999987608558472,0
TERT,0.9999987608558472,0.6304889116224871,-0.007553088062282032,-0.33315522025530675,-0.02096162945809344,0.460395335822982,PHGDH,0.9999987608558472,0
KIAA0196,0.9999987608558472,0.6306517027761092,-0.008818484437895546,-0.33358660339197754,-0.02099790699937455,0.457868371687105,PHKA2.AS1,0.9999987608558472,0
PPRC1,0.9999987608558472,0.630706782308007,-0.008484638152334174,-0.3337325736638513,-0.020818597460879086,0.4683430755235783,PHKG1,0.9999987608558472,0
BAGE,0.9999987608558472,0.630774925624096,-0.008846953486403939,-0.3339131750623252,-0.021102853097014023,0.4513259479891877,PI4KAP1,0.9999987608558472,0
INTS9,0.9999987608558472,0.6319508760895842,-0.0077583621314557235,-0.3370315388095821,-0.02097389223272198,0.45635254747028575,PIANP,0.9999987608558472,0
TAF1,0.9999987608558472,0.6320565693217106,-0.00804216329926174,-0.33731197431861865,-0.020943194342706837,0.4579325106659377,PIGT,0.9999987608558472,0
CYTH2,0.9999987608558472,0.6327135961980345,-0.008311995576609183,-0.3390558577507151,-0.021067477204749715,0.44908632993805353,PIGU,0.9999987608558472,0
UBE2D4,0.9999987608558472,0.6337064345946818,-0.008005613798939186,-0.3416930132029968,-0.02090649760720958,0.4564150230001407,PIK3CG,0.9999987608558472,0
PDIA3P1,0.9999987608558472,0.633868342230301,-0.007493727583116408,-0.34212329367113364,-0.021226692232512542,0.43702890786983867,PIK3R6,0.9999987608558472,0
AIMP2,0.9999987608558472,0.6362925294406085,-0.00783412162051067,-0.34857336545329376,-0.020929055023855378,0.4494402817957632,PILRA,0.9999987608558472,0
SEPT7P2,0.9999987608558472,0.637143225393644,-0.008446687341300399,-0.350840253340034,-0.020569512854029713,0.46847541965085066,PIP4K2C,0.9999987608558472,0
WDR52,0.9999987608558472,0.6385689155732163,-0.007875257320922932,-0.3546434077328375,-0.020743602678133726,0.4553879234449547,PIP5K1B,0.9999987608558472,0
AP2M1,0.9999987608558472,0.6401622011836163,-0.008828907000954313,-0.358899719039859,-0.020450124754366375,0.4688402539679176,PITPNA,0.9999987608558472,0
ARL3,0.9999987608558472,0.640451576452042,-0.008419984117277918,-0.3596734535562152,-0.020486697789302878,0.4661538813554588,PITPNA.AS1,0.9999987608558472,0
GOPC,0.9999987608558472,0.6405140340220001,-0.0086174178592947,-0.3598404814802042,-0.020622876917292223,0.45824844831776035,PITPNC1,0.9999987608558472,0
EIF3C,0.9999987608558472,0.6412395922989247,-0.008205698803672626,-0.3617815519231852,-0.02097651578286807,0.43629065566786746,PITRM1.AS1,0.9999987608558472,0
IPO8,0.9999987608558472,0.6413062638778344,-0.008797043124924417,-0.36195998525820267,-0.020455671859376096,0.4661272380186469,PKMYT1,0.9999987608558472,0
CCDC23,0.9999987608558472,0.641891880374758,-0.008466877485871478,-0.3635277683762593,-0.020643011735341648,0.4542373499197267,PKN2,0.9999987608558472,0
CHMP4B,0.9999987608558472,0.6422606193745918,-0.007331332509823866,-0.36451539635631547,-0.021798774605379375,0.3855455008548241,PLEKHA3,0.9999987608558472,0
C16orf70,0.9999987608558472,0.6441026842749165,-0.008538719615154077,-0.3694545215002094,-0.020941206394312885,0.43258516112046286,PLEKHD1,0.9999987608558472,0
ELMO3,0.9999987608558472,0.6444577850667412,-0.008151189780160656,-0.3704076859700022,-0.02004696446416675,0.4824609141336307,PLEKHM3,0.9999987608558472,0
MORC1,0.9999987608558472,0.64455476572525,-0.009259606686636062,-0.3706680607338737,-0.020461685628590964,0.45912122907348546,PLS1,0.9999987608558472,0
THOC6,0.9999987608558472,0.6447458977496576,-0.007985362043550714,-0.3711812877442249,-0.020231795556393442,0.4716323128868837,PMS1,0.9999987608558472,0
PPP1R9A,0.9999987608558472,0.6453582759686032,-0.00825133445839576,-0.3728263029554805,-0.01994438057006406,0.4862559166514664,PNKD,0.9999987608558472,0
CCAT1,0.9999987608558472,0.6456906622187908,-0.009315702160591544,-0.37371960558010486,-0.02008977662081292,0.4775938087303061,POC1A,0.9999987608558472,0
UBE2L3,0.9999987608558472,0.6457716955901384,-0.00954766047765483,-0.3739374315174251,-0.020059577016994703,0.4790951064269837,POGLUT1,0.9999987608558472,0
PHF21A,0.9999987608558472,0.6463889160877749,-0.009031714792106441,-0.3755971662391776,-0.020305650175845874,0.46420395025167294,POLA1,0.9999987608558472,0
STL,0.9999987608558472,0.6473690243979313,-0.00941442254930228,-0.3782348530214264,-0.020209082887642373,0.46763057620513776,POLDIP3,0.9999987608558472,0
CMTM4,0.9999987608558472,0.6476087921315894,-0.008477483477012687,-0.3788805208098246,-0.01991181392279504,0.4835030674363576,POLE,0.9999987608558472,0
YARS2,0.9999987608558472,0.6478037158062502,-0.007860029906154432,-0.3794055449647569,-0.02009928340039309,0.4728410974060615,POLE4,0.9999987608558472,0
KDM4D,0.9999987608558472,0.648031990387193,-0.008512030861492412,-0.38002053231627086,-0.019796264956065814,0.48893286359940524,POLG2,0.9999987608558472,0
ATP1A1.AS1,0.9999987608558472,0.6492343779434389,-0.008826859939751946,-0.3832622268133679,-0.01986795346052583,0.48266935121020416,POLR1E,0.9999987608558472,0
ARL6IP4,0.9999987608558472,0.6494078508890893,-0.009478835367301486,-0.383730250037454,-0.019777231031573327,0.48723844364749147,POLR2B,0.9999987608558472,0
RRAD,0.9999987608558472,0.6495645506379276,-0.008173134029803084,-0.38415309210266846,-0.019605778592447155,0.4961325579736877,POLR2C,0.9999987608558472,0
STX16.NPEPL1,0.9999987608558472,0.6501875954878262,-0.008956186639633091,-0.38583501067195247,-0.01998740690606592,0.47429963166029016,POLR2D,0.9999987608558472,0
ATN1,0.9999987608558472,0.6505359594260881,-0.009538116797008552,-0.3867758998456134,-0.01984487634902759,0.48137416654110776,POLR2F,0.9999987608558472,0
UBA6,0.9999987608558472,0.6519396143048293,-0.009312690101679297,-0.39057048501271985,-0.020112146846801227,0.4640928788704137,POLR2H,0.9999987608558472,0
SELM,0.9999987608558472,0.6523720737267817,-0.008855698872188749,-0.3917407104092681,-0.019902872003368013,0.4746892978867977,POLR3D,0.9999987608558472,0
IYD,0.9999987608558472,0.6527610318496313,-0.008740703357703182,-0.3927936806848758,-0.0194873473937982,0.49620840886700907,PPDPF,0.9999987608558472,0
UBE2J1,0.9999987608558472,0.6538662387955273,-0.008903093502275746,-0.39578803130314893,-0.019438145778987042,0.4966929059745206,PPIA,0.9999987608558472,0
L3MBTL3,0.9999987608558472,0.6545450662035048,-0.009250533900359235,-0.3976289457916262,-0.019384841436264372,0.49820797387654997,PPIH,0.9999987608558472,0
ICAM4,0.9999987608558472,0.6551676003118397,-0.00929440121757533,-0.39931838358102206,-0.020229676653940293,0.4515827082179845,PPM1B,0.9999987608558472,0
DRAM1,0.9999987608558472,0.6553818374950017,-0.009099980532727724,-0.39990004554954095,-0.019584041571283194,0.48610677481084563,PPM1D,0.9999987608558472,0
PABPC1L,0.9999987608558472,0.6557086402099037,-0.008423030930153664,-0.40078758792106906,-0.019951110283923507,0.46579348414189853,PPM1H,0.9999987608558472,0
CASP3,0.9999987608558472,0.6591054320226751,-0.009010452627789196,-0.41003159027682895,-0.019466908491639442,0.4854167675338303,PPM1N,0.9999987608558472,0
RNF41,0.9999987608558472,0.6599375264454207,-0.00978050437097051,-0.4123013682194799,-0.019128165909942197,0.5015555503726821,PPP1CB,0.9999987608558472,0
SNRPB2,0.9999987608558472,0.6606897729059278,-0.010523637988353108,-0.4143551673320575,-0.019411990577199122,0.48543173522244376,PPP1CC,0.9999987608558472,0
HNRNPKP3,0.9999987608558472,0.6612610484800688,-0.009601657103332243,-0.4159160440212075,-0.019887667585546553,0.45916955869432546,PPP1R10,0.9999987608558472,0
ZDHHC7,0.9999987608558472,0.6623688124593407,-0.009423927428372723,-0.41894564379024996,-0.019219100629795493,0.49247600919619106,PPP1R12A,0.9999987608558472,0
GSK3B,0.9999987608558472,0.664712177028635,-0.010613863904107792,-0.4253671949272396,-0.019202934755979815,0.4891744728358134,PPP1R12B,0.9999987608558472,0
ABCG1,0.9999987608558472,0.6651344723184419,-0.01043688385493477,-0.4265262759853887,-0.019333786863610106,0.4816515913736745,PPP1R1A,0.9999987608558472,0
HNRNPC,0.9999987608558472,0.6663213313030416,-0.009307677157417867,-0.4297869449627533,-0.019085186238188976,0.4924378746184819,PPP1R26,0.9999987608558472,0
NAA60,0.9999987608558472,0.6682017750823619,-0.010968513386576123,-0.4349624940401876,-0.018422627919815963,0.5225466462275313,PPP1R8,0.9999987608558472,0
PAK3,0.9999987608558472,0.6711857409467368,-0.012545346116390103,-0.4431993152470964,-0.019156268120735374,0.48053596709161106,PPP1R9A,0.9999987608558472,0
DDX50,0.9999987608558472,0.6714555282519514,-0.009810224665135396,-0.4439455014819687,-0.0186443286061348,0.5060210180855279,PPP2CA,0.9999987608558472,0
KCNA1,0.9999987608558472,0.6719431489762764,-0.00977151744551202,-0.445294806034053,-0.0188572328869663,0.4945075440757974,PPP2CB,0.9999987608558472,0
ZNF414,0.9999987608558472,0.6719602853898673,-0.00984641430796875,-0.4453422392647146,-0.018720716706655427,0.5013532132598878,PPP2R1B,0.9999987608558472,0
RALYL,0.9999987608558472,0.6728040707835314,-0.01268616824382593,-0.4476790617941663,-0.018088269806189796,0.531117217550311,PPP2R3A,0.9999987608558472,0
HDAC10,0.9999987608558472,0.6751401468369134,-0.010829386191425884,-0.454161533206232,-0.01850963556866778,0.506635563190492,PPP2R5A,0.9999987608558472,0
AMZ2P1,0.9999987608558472,0.6752445307005491,-0.010123373522886376,-0.4544516361048018,-0.018298353787435058,0.5168739339548509,PPP2R5B,0.9999987608558472,0
UBE2E2,0.9999987608558472,0.676334326044552,-0.011120100627435691,-0.4574826786497887,-0.01844251877978532,0.5080147916659639,PPP2R5D,0.9999987608558472,0
RAC3,0.9999987608558472,0.6764622414907204,-0.011040383316284156,-0.45783872451680757,-0.01832932044145567,0.5133774644979743,PPP2R5E,0.9999987608558472,0
TMBIM4,0.9999987608558472,0.6767199933987569,-0.010082029419261498,-0.4585563397054213,-0.018387993954400293,0.510078526746613,PPP3CC,0.9999987608558472,0
POLG2,0.9999987608558472,0.6792208166917277,-0.012120935427076943,-0.46553130520802777,-0.01819755465978751,0.5153950404385421,PPP6R1,0.9999987608558472,0
UQCRBP1,0.9999987608558472,0.6795531687711183,-0.011348119016246182,-0.46645995763251774,-0.018869950671578355,0.4815743240475463,PPP6R2,0.9999987608558472,0
CALR3,0.9999987608558472,0.6800732874278042,-0.00974080746292734,-0.4679140723826116,-0.018418620950495842,0.503223592833528,PPP6R3,0.9999987608558472,0
PRPF40B,0.9999987608558472,0.6809032724703044,-0.012957084112777016,-0.47023654436883616,-0.017702318835734965,0.5365165848841513,PPRC1,0.9999987608558472,0
RAB5B,0.9999987608558472,0.6820257572665803,-0.012049745772828338,-0.47338153466676436,-0.017993556950452887,0.5208565815239152,PRCD,0.9999987608558472,0
RAB9A,0.9999987608558472,0.6829738869312398,-0.012095620658456112,-0.47604166641871765,-0.018390214373306,0.5000976903030765,PRDM4,0.9999987608558472,0
MAP2K2,0.9999987608558472,0.6829742749469876,-0.010531096502499301,-0.476042755748531,-0.01772618238562975,0.5321576575266463,PRDM5,0.9999987608558472,0
NMT2,0.9999987608558472,0.682981466267342,-0.010390530606441942,-0.4760629450304914,-0.017819475093994213,0.5277104502616274,PREPL,0.9999987608558472,0
RPL41,0.9999987608558472,0.6843423447633444,-0.01171680710196066,-0.4798870518624344,-0.018470964684074137,0.49402566983418267,PREX2,0.9999987608558472,0
TBC1D10A,0.9999987608558472,0.684425854954896,-0.01070150690454409,-0.48012194598318436,-0.01800365216352602,0.5166603101969056,PRKAA2,0.9999987608558472,0
COG4,0.9999987608558472,0.6854254245539586,-0.011242158215360504,-0.4829355572098982,-0.017268877518482266,0.5498103705968294,PRKAG2.AS1,0.9999987608558472,0
AIFM2,0.9999987608558472,0.6859255597610542,-0.00982693752076505,-0.484344784154319,-0.018197978624813718,0.5049742824186931,PRKCD,0.9999987608558472,0
H2AFY2,0.9999987608558472,0.6864146197990042,-0.01228208768918078,-0.4857237354980106,-0.01754342476025203,0.5355168087867466,PRKCZ,0.9999987608558472,0
IDH3G,0.9999987608558472,0.6876408027146315,-0.01242699809189965,-0.48918514730537205,-0.017756177954094288,0.5236166816500684,PRKX,0.9999987608558472,0
MGAT2,0.9999987608558472,0.6895682360577593,-0.011770857998001162,-0.4946380225051206,-0.017695470867499022,0.5236196556675594,PRMT6,0.9999987608558472,0
DDB2,0.9999987608558472,0.6899001725307025,-0.010923963893141384,-0.4955785813139868,-0.017561481484639728,0.5294513429934653,PRNT,0.9999987608558472,0
FAF2,0.9999987608558472,0.689998979132221,-0.011624435261872762,-0.49585863948572817,-0.017092600091190756,0.5510803225054557,PROSER2,0.9999987608558472,0
SP4,0.9999987608558472,0.6906005482223231,-0.01222199861639888,-0.49756457199283427,-0.0174673244482917,0.5328345335126479,PRPF3,0.9999987608558472,0
CD47,0.9999987608558472,0.6915720022731897,-0.012627376963147563,-0.5003224892721794,-0.017213230682912275,0.543220636776681,PRPF38B,0.9999987608558472,0
RAB20,0.9999987608558472,0.6920270694355866,-0.012589775446713932,-0.5016157146612514,-0.01724777433105943,0.5409593877675516,PRPF39,0.9999987608558472,0
MRPL30,0.9999987608558472,0.693131312298822,-0.010982018489696191,-0.5047572862822409,-0.017487243090482656,0.528202793671882,PRPF40B,0.9999987608558472,0
HDGFL1,0.9999987608558472,0.6941312129289732,-0.012450348265455347,-0.507606307811954,-0.01697712904219141,0.5503462808830564,PRPF8,0.9999987608558472,0
FIRRE,0.9999987608558472,0.6947197414716793,-0.011248820286203406,-0.5092851318164813,-0.017302468245124512,0.5345287007978771,PRPH,0.9999987608558472,0
WDR38,0.9999987608558472,0.6951271663691017,-0.011689914417784978,-0.5104481845470106,-0.017123888376895005,0.5421962987254226,PRR11,0.9999987608558472,0
ARID4B,0.9999987608558472,0.6951490998544064,-0.01246070226463402,-0.5105108164002212,-0.01704048538551786,0.5459922511595773,PRR14,0.9999987608558472,0
PSMC3IP,0.9999987608558472,0.695246973265633,-0.01219054695648302,-0.5107903218463415,-0.017497378106662707,0.524680471387599,PRR15,0.9999987608558472,0
TNKS2.AS1,0.9999987608558472,0.6958199812516437,-0.01287020554271242,-0.5124275115508742,-0.018375110773200667,0.4818980259737508,PRRC2B,0.9999987608558472,0
CPT1A,0.9999987608558472,0.6958223424931639,-0.010886323188243882,-0.5124342608937992,-0.017239757754948886,0.5358581971379242,PRRC2C,0.9999987608558472,0
NSMCE1,0.9999987608558472,0.6963144221146869,-0.011387298922873473,-0.5138413251341385,-0.01673785852963978,0.5580809424081428,PRRG1,0.9999987608558472,0
NAAA,0.9999987608558472,0.6965657319030016,-0.0112856243553784,-0.5145603188388223,-0.017997562162749017,0.4990869138538253,PSMA2,0.9999987608558472,0
CUL2,0.9999987608558472,0.6966415583933014,-0.010282911190546726,-0.5147773095756678,-0.019276334864232303,0.43627253472658023,PSMA3,0.9999987608558472,0
METRN,0.9999987608558472,0.6971964981064331,-0.012610702247398532,-0.5163661053592141,-0.01683471636031612,0.5524594216533018,PSMA6,0.9999987608558472,0
MAP7D2,0.9999987608558472,0.6981356584155782,-0.013532201267449572,-0.519057902451716,-0.01708155983035124,0.5398777664563364,PSMA8,0.9999987608558472,0
MORC4,0.9999987608558472,0.6993652117888722,-0.012653646627571397,-0.522587714764459,-0.016979597998314663,0.5428282057081859,PSMB10,0.9999987608558472,0
ADD3.AS1,0.9999987608558472,0.7002775827349512,-0.012920840957042809,-0.52521116963952,-0.016764084505293216,0.5513545641127897,PSMB3,0.9999987608558472,0
CHPT1,0.9999987608558472,0.7002847149645083,-0.013589686003876804,-0.5252316920588392,-0.016806185763443355,0.5494402602480125,PSMB5,0.9999987608558472,0
ZC3H18,0.9999987608558472,0.70037482325963,-0.013066234722553674,-0.5254909905187762,-0.016579984127059803,0.5594995539885848,PSMB8,0.9999987608558472,0
VPS13A,0.9999987608558472,0.7004082412116991,-0.011114751691758875,-0.5255871640488229,-0.01662772223422773,0.5573143775423661,PSMB9,0.9999987608558472,0
RBM12B,0.9999987608558472,0.7070792052703542,-0.01259795003525277,-0.5448847450011154,-0.01685417260567509,0.5380420496313587,PSMC3,0.9999987608558472,0
CD99,0.9999987608558472,0.7071622703784209,-0.011914648655630489,-0.5451263021401813,-0.016566697322561913,0.5509112259041116,PSMC3IP,0.9999987608558472,0
SEC24D,0.9999987608558472,0.7071890244233526,-0.01313599566731918,-0.545204110900785,-0.01591552177344667,0.5795838618756057,PSMC5,0.9999987608558472,0
DKFZP434A062,0.9999987608558472,0.7078590900756747,-0.012598398014687017,-0.5471539407732643,-0.016305233105226222,0.5616361564457928,PSMC6,0.9999987608558472,0
PARL,0.9999987608558472,0.708754842158288,-0.013066728539272132,-0.5497637524091709,-0.017068497961831682,0.5260313312419005,PSMD10,0.9999987608558472,0
PSMA2,0.9999987608558472,0.7098480183485083,-0.013543827121060396,-0.5529538513415233,-0.016581429840973914,0.546711633300164,PSMD12,0.9999987608558472,0
PSMB5,0.9999987608558472,0.7103076806917088,-0.01395328602211216,-0.5542969152831287,-0.016750298144616146,0.5384992227141047,PSMD14,0.9999987608558472,0
SRRM2.AS1,0.9999987608558472,0.7105977716074742,-0.013160448459461056,-0.5551450318992251,-0.016984474738645207,0.5274669972656205,PSMD3,0.9999987608558472,0
PIGU,0.9999987608558472,0.7115417842571358,-0.010571413655546516,-0.5579077401111894,-0.018413045464814114,0.45916439198276465,PSMD4,0.9999987608558472,0
ATP6V1E2,0.9999987608558472,0.7141453415693135,-0.012988656911507978,-0.565549409853972,-0.01584820811813879,0.573536201207899,PSMD5,0.9999987608558472,0
GGACT,0.9999987608558472,0.7168121481460606,-0.014370274328105007,-0.5734111173618583,-0.015885289331440577,0.5685734047480822,PSMD6.AS2,0.9999987608558472,0
PEX26,0.9999987608558472,0.7178632186951771,-0.012396162722237791,-0.5765193946320137,-0.017186029298677533,0.5089603837245527,PSMD8,0.9999987608558472,0
SMC1A,0.9999987608558472,0.7186706045491014,-0.012829746863327923,-0.5789108225677518,-0.015548175642299022,0.5808200780222541,PSMD9,0.9999987608558472,0
CARD10,0.9999987608558472,0.7201128047479242,-0.013047076865544507,-0.5831907976736075,-0.015468234816415776,0.5824725686342747,PSME2,0.9999987608558472,0
PTPN20B,0.9999987608558472,0.7226095384851823,-0.013435410687943877,-0.5906256780291348,-0.016094054298174818,0.5522916020419737,PSME4,0.9999987608558472,0
SLC44A3,0.9999987608558472,0.7229635276222791,-0.013609035050522791,-0.591682440141623,-0.01521802934919896,0.5896551639851833,PSMG1,0.9999987608558472,0
CD79A,0.9999987608558472,0.7233188106766208,-0.012152504013880275,-0.5927437298152253,-0.0168601425013907,0.5171624032163593,PSPH,0.9999987608558472,0
IPO5P1,0.9999987608558472,0.724151801222255,-0.014027870694710277,-0.595234634365377,-0.015240728733249135,0.5872792813415085,PTBP2,0.9999987608558472,0
RNF17,0.9999987608558472,0.7248550865931014,-0.013308961455883075,-0.5973405582228004,-0.015683139358964374,0.5675145432157753,PTCD1,0.9999987608558472,0
SPOPL,0.9999987608558472,0.7254069683385531,-0.013218017763191342,-0.5989949744367076,-0.015396404804503815,0.5791742846302506,PTDSS2,0.9999987608558472,0
NELL1,0.9999987608558472,0.725539802970783,-0.015169806540822828,-0.5993934272757236,-0.01517250560434053,0.5885190448683841,PTENP1,0.9999987608558472,0
EIF4G1,0.9999987608558472,0.7260232253282481,-0.01256584445124902,-0.6008443129173019,-0.015317173022762151,0.5818202606173566,PTGES3L,0.9999987608558472,0
DNAJC11,0.9999987608558472,0.7262275315926651,-0.014423491358757243,-0.6014578734055739,-0.01516253844807269,0.5881300393658603,PTK6,0.9999987608558472,0
GAL,0.9999987608558472,0.7262337866431864,-0.016051362729019945,-0.6014766617749593,-0.014781296027141018,0.6040594427580428,PTMS,0.9999987608558472,0
GRTP1,0.9999987608558472,0.7263027498906371,-0.014648521249375763,-0.6016838215769611,-0.015002024424914894,0.5947896990013799,PTP4A3,0.9999987608558472,0
UBE2G2,0.9999987608558472,0.7267126512189128,-0.013596638783248533,-0.6029156641969603,-0.015319426432034933,0.5809118206207574,PTPN11,0.9999987608558472,0
SLC35E2,0.9999987608558472,0.7268176202038635,-0.013793869986205064,-0.6032312659505711,-0.014817668538696196,0.6018739002317312,PTPN12,0.9999987608558472,0
NNT.AS1,0.9999987608558472,0.7270067728447854,-0.013719167649228712,-0.603800127651118,-0.01495543224031357,0.5959171574803159,PTPN2,0.9999987608558472,0
FXR2,0.9999987608558472,0.7270283930683559,-0.014086256643424784,-0.6038651612161045,-0.015289304709845316,0.5818210327315566,PTPN20B,0.9999987608558472,0
NUP153,0.9999987608558472,0.7270916750665926,-0.014118633662025962,-0.6040555279501009,-0.01495630918144701,0.5957814428546379,PTPN7,0.9999987608558472,0
CERKL,0.9999987608558472,0.7273610027831725,-0.012768735119313873,-0.604865972388058,-0.015639667797437844,0.566417199156175,PTPRB,0.9999987608558472,0
DNAJC5B,0.9999987608558472,0.7276426471817683,-0.014390330088042434,-0.6057139046291526,-0.015234379774719716,0.5834328580282939,PTPRCAP,0.9999987608558472,0
PRNT,0.9999987608558472,0.7288941952256258,-0.014003149150347552,-0.6094871608182313,-0.014570137606777804,0.609698850141736,PUM1,0.9999987608558472,0
NUP50.AS1,0.9999987608558472,0.7290470716955766,-0.013712064224334778,-0.6099486579225537,-0.014911064932932634,0.5954075127639263,PUM2,0.9999987608558472,0
ADIPOR2,0.9999987608558472,0.7300742143094294,-0.013820917548738484,-0.6130527312834715,-0.015122998974521526,0.5853217088949052,PURA,0.9999987608558472,0
SLC12A7,0.9999987608558472,0.7311413652721792,-0.014824211374946076,-0.6162839812459895,-0.014986940505557737,0.589825210195198,PWP2,0.9999987608558472,0
ATP5G1,0.9999987608558472,0.7320194376505611,-0.012978929787533323,-0.618947548680368,-0.016239731041949854,0.5347002723808135,PWWP2B,0.9999987608558472,0
HNRNPR,0.9999987608558472,0.7332342225885258,-0.013520933074081597,-0.6226397679089188,-0.015777880115797147,0.553590507442914,PXN.AS1,0.9999987608558472,0
WBP2NL,0.9999987608558472,0.7338552223674765,-0.014007884313823906,-0.6245305163222145,-0.014653155040528956,0.6006681501209982,QDPR,0.9999987608558472,0
NDRG4,0.9999987608558472,0.734224454513219,-0.013909828100999342,-0.6256557706340409,-0.014089639839303806,0.623260360313511,QRICH2,0.9999987608558472,0
NUDT22,0.9999987608558472,0.7355717314780214,-0.01584678886619988,-0.6297684110180892,-0.014279167479999669,0.6141121880763807,R3HDM4,0.9999987608558472,0
TMEM87B,0.9999987608558472,0.7356063837961144,-0.015006456060125286,-0.6298743295528707,-0.014804222818100983,0.5924300006951149,RAB11B,0.9999987608558472,0
TPRA1,0.9999987608558472,0.7370494204049196,-0.016203822749628238,-0.6342914267509584,-0.014021625052147215,0.6229194662835836,RAB15,0.9999987608558472,0
THAP1,0.9999987608558472,0.7371951225925639,-0.014407985239132644,-0.6347381045429366,-0.01488045714850478,0.5874723363902331,RAB20,0.9999987608558472,0
PITPNC1,0.9999987608558472,0.7380083832137232,-0.014734643600424825,-0.6372336413053219,-0.01427904377647085,0.6114539702334119,RAB23,0.9999987608558472,0
SLC40A1,0.9999987608558472,0.7390505158299773,-0.013774654014567313,-0.6404372991754338,-0.014319546913890285,0.6086683507807622,RAB36,0.9999987608558472,0
ATP6AP1L,0.9999987608558472,0.7394360592493343,-0.016054975113763154,-0.6416241782561298,-0.014594109928047083,0.5969437773687563,RAB3IL1,0.9999987608558472,0
RNF222,0.9999987608558472,0.7398572089162981,-0.016516332486963804,-0.6429217035091668,-0.013947755813709542,0.6228730569181296,RAB5B,0.9999987608558472,0
CCT6A,0.9999987608558472,0.7401965037684624,-0.014422585018212806,-0.6439678290311288,-0.01476689506243952,0.5889220377880181,RAB5C,0.9999987608558472,0
SIRT3,0.9999987608558472,0.7403314806976931,-0.016134540636628458,-0.644384190495796,-0.013813650367087028,0.6277405979892334,RAB6A,0.9999987608558472,0
ASIC1,0.9999987608558472,0.7415856993950809,-0.014925912669154688,-0.6482584223586751,-0.014586124774015385,0.5949409158261267,RAB6B,0.9999987608558472,0
VIM.AS1,0.9999987608558472,0.742482765489909,-0.014029285840384263,-0.6510354015183958,-0.015311381732467605,0.5633824030385187,RAB8A,0.9999987608558472,0
RPL6,0.9999987608558472,0.7424979314017609,-0.014547234158116972,-0.6510823926008378,-0.017831756452078462,0.4510699653948541,RAB8B,0.9999987608558472,0
PRKCD,0.9999987608558472,0.7425777320416898,-0.015185890160359258,-0.651329675968166,-0.013711122655790584,0.6294647164232323,RAB9A,0.9999987608558472,0
CCT3,0.9999987608558472,0.7428516954231816,-0.014500848233053256,-0.6521789272028289,-0.01470435247554921,0.5886529058255676,RABEP2,0.9999987608558472,0
FAM78A,0.9999987608558472,0.7440037088508743,-0.01482206794831377,-0.6557551844567413,-0.013541567259991071,0.6347105111228803,RABGAP1L,0.9999987608558472,0
AATK,0.9999987608558472,0.7451318131992416,-0.014375409653241952,-0.6592653659375259,-0.014381272372505046,0.5996173581521149,RABGGTA,0.9999987608558472,0
ARHGAP31,0.9999987608558472,0.7452828223953472,-0.015132846736718589,-0.6597358585396711,-0.013586277993608465,0.6316203345496787,RAC1,0.9999987608558472,0
MSL3,0.9999987608558472,0.7453848410265544,-0.015122104060805865,-0.660053796104118,-0.013580338160581422,0.6317508188187351,RAC3,0.9999987608558472,0
NAPA.AS1,0.9999987608558472,0.7454371437195264,-0.015343951869368789,-0.6602168215268837,-0.015117797372477286,0.5684462466701375,RAD21.AS1,0.9999987608558472,0
SCP2D1,0.9999987608558472,0.7457454815800204,-0.015418984986501995,-0.661178255382043,-0.013814949338109405,0.622013976697412,RAD23B,0.9999987608558472,0
NOP10,0.9999987608558472,0.7457768266090232,-0.014676776975911387,-0.6612760271015035,-0.013840404669906346,0.6209588666082104,RAD50,0.9999987608558472,0
UBFD1,0.9999987608558472,0.7467943794741033,-0.01572657836285918,-0.6644534317308707,-0.013915761766918906,0.6168664535092707,RAG1,0.9999987608558472,0
U2SURP,0.9999987608558472,0.7473669399221229,-0.019022588853018562,-0.6662442573917025,-0.013421761526752425,0.6359988450306615,RALGAPA1,0.9999987608558472,0
BRMS1L,0.9999987608558472,0.7476757352925867,-0.017181445397649504,-0.6672109792938642,-0.013659205342112717,0.6262605885819111,RALGDS,0.9999987608558472,0
TUBGCP4,0.9999987608558472,0.7478562208788844,-0.01491473320677436,-0.6677763004499464,-0.013845162712011775,0.6186172916996797,RALYL,0.9999987608558472,0
HSP90AB1,0.9999987608558472,0.7489829431962032,-0.01600305477071743,-0.6713102865715385,-0.014379795739207066,0.5956318451350686,RANBP1,0.9999987608558472,0
PURA,0.9999987608558472,0.7493493480314651,-0.01743090134299187,-0.6724613291801061,-0.013252410797266887,0.6406616838637949,RANBP17,0.9999987608558472,0
CLIP1,0.9999987608558472,0.7494270515316084,-0.015332442538357062,-0.6727055453709303,-0.014658893715594522,0.5835680356420263,RANBP3L,0.9999987608558472,0
CEP170,0.9999987608558472,0.7496436363139398,-0.014912572295566856,-0.6733864667685187,-0.013757800676063267,0.6203007113035618,RANGAP1,0.9999987608558472,0
TULP1,0.9999987608558472,0.7502798885872406,-0.01779690829706807,-0.6753885907078737,-0.01313127850023374,0.6444723757924538,RAP1B,0.9999987608558472,0
USP8,0.9999987608558472,0.7506431540464304,-0.015682534742454606,-0.6765329094607242,-0.0142413940717339,0.5996148086156956,RAP2A,0.9999987608558472,0
CNEP1R1,0.9999987608558472,0.7515222317745593,-0.01411530354742612,-0.6793057575566847,-0.013811571968409105,0.6162252301844485,RAP2C.AS1,0.9999987608558472,0
ZFR2,0.9999987608558472,0.7516851355570242,-0.015776221950310552,-0.6798201734939734,-0.014074383304924054,0.6053899902038073,RAPGEF2,0.9999987608558472,0
SELT,0.9999987608558472,0.7517873827488586,-0.015513685063696039,-0.6801431405657449,-0.012930988462035319,0.6507701689034646,RASSF4,0.9999987608558472,0
MAPK3,0.9999987608558472,0.7529701422546491,-0.015550801771457824,-0.6838842847760274,-0.013143460697706971,0.6413412921040254,RASSF6,0.9999987608558472,0
PSMD10,0.9999987608558472,0.753975343746877,-0.016840253631180642,-0.6870713414230399,-0.013702059536855327,0.618167097640254,RBAK,0.9999987608558472,0
GNB3,0.9999987608558472,0.7553628900149902,-0.014439386619617436,-0.691482151273832,-0.015597776183450691,0.5374139658964445,RBBP5,0.9999987608558472,0
EPS15L1,0.9999987608558472,0.7553682504001594,-0.01750293162974299,-0.6914992172252151,-0.013410946198209192,0.6284270900165465,RBBP7,0.9999987608558472,0
SUPT20HL1,0.9999987608558472,0.7554180253781921,-0.015292373827652785,-0.6916576963069411,-0.013568736414521094,0.6220825329736428,RBBP8,0.9999987608558472,0
POLR2F,0.9999987608558472,0.7556336383346924,-0.01670536966130008,-0.6923443894246273,-0.013485478649915585,0.6251971158834686,RBM12B,0.9999987608558472,0
GLI1,0.9999987608558472,0.757294965173472,-0.016171187240162175,-0.6976464546748045,-0.012646792016084523,0.6564320181288048,RBM17,0.9999987608558472,0
HLA.F,0.9999987608558472,0.7575368997833292,-0.01595900074462025,-0.6984202154498808,-0.014097967799118488,0.5985144157251916,RBM18,0.9999987608558472,0
BMS1P17,0.9999987608558472,0.7590907536964457,-0.015325672038207222,-0.7033997989129849,-0.014057676721998463,0.5986192269571364,RBM23,0.9999987608558472,0
DCTN1,0.9999987608558472,0.7592740977486235,-0.01502047814187912,-0.7039885051576837,-0.012777925484395956,0.6495020100654387,RBM24,0.9999987608558472,0
RBM18,0.9999987608558472,0.759732870942871,-0.016631679178473538,-0.7054626675503526,-0.013100765976217168,0.6364577350203892,RBM26,0.9999987608558472,0
POLR1E,0.9999987608558472,0.7600500194049773,-0.014724292160509536,-0.706482648172574,-0.01321470181597232,0.6316569335000441,RBM33,0.9999987608558472,0
SF3B2,0.9999987608558472,0.7603961192208306,-0.018304262484252806,-0.7075965786048741,-0.012206492999529084,0.6703071424375151,RBM34,0.9999987608558472,0
SCYL2,0.9999987608558472,0.7617090081493689,-0.019900062058777864,-0.711830155285351,-0.012305041409522731,0.6653757678620118,RBM38,0.9999987608558472,0
ARMC9,0.9999987608558472,0.7626437758631706,-0.01785876488211438,-0.7148522227151424,-0.012654718800172623,0.6511123300616065,RBM4,0.9999987608558472,0
ANXA7,0.9999987608558472,0.7629266720415999,-0.015870330591148663,-0.7157681021453344,-0.0120416914033515,0.6742147940362471,RBM5.AS1,0.9999987608558472,0
LINC00658,0.9999987608558472,0.7638660288135493,-0.016859481930199365,-0.7188135982889616,-0.013776455572705333,0.6054328134006393,RBMS1,0.9999987608558472,0
CAPN3,0.9999987608558472,0.764203696473069,-0.015546107748222102,-0.7199099829826195,-0.013139423900463793,0.6306806351283623,RBMS2,0.9999987608558472,0
TMX4,0.9999987608558472,0.764212681249653,-0.018224361059087705,-0.7199391677788485,-0.01287317129187751,0.641152776302617,RBMX2,0.9999987608558472,0
SCAF4,0.9999987608558472,0.765138800350711,-0.019583747593907914,-0.7229507323611389,-0.01211575313030235,0.6694388037396658,RCCD1,0.9999987608558472,0
FGFR2,0.9999987608558472,0.7652556094434666,-0.01704854856587261,-0.7233310390164573,-0.011974592935312275,0.6746516130511487,RCSD1,0.9999987608558472,0
ZC3H3,0.9999987608558472,0.766279009897761,-0.0180797645770334,-0.7266675102356234,-0.012278267114121775,0.6622425613369278,RCVRN,0.9999987608558472,0
TRPV3,0.9999987608558472,0.7665900703282746,-0.016691211313081294,-0.7276832271464938,-0.012152373458813577,0.666752359422023,REEP6,0.9999987608558472,0
SARS2,0.9999987608558472,0.7676298566025456,-0.01651684017159075,-0.7310839445157176,-0.012295250478857867,0.6603782352061307,RELB,0.9999987608558472,0
CHD3,0.9999987608558472,0.767747865570239,-0.019140389553882486,-0.7314704378472691,-0.011859755748807361,0.6767566969338035,RERE,0.9999987608558472,0
PPIA,0.9999987608558472,0.7702085814878112,-0.01788054584587526,-0.7395546566530941,-0.012507028535370406,0.6499073723620152,REV3L,0.9999987608558472,0
ATF7,0.9999987608558472,0.7711302005862517,-0.018725149290152985,-0.7425949192577831,-0.011753970765046603,0.6777757759088483,RFC2,0.9999987608558472,0
ANXA8,0.9999987608558472,0.7715128699320288,-0.017414533272005258,-0.7438592974151266,-0.012115784347861834,0.6637769790052218,RFX6,0.9999987608558472,0
FGD5P1,0.9999987608558472,0.7716886509030101,-0.01637177795710408,-0.7444404942104662,-0.012643294572454552,0.6432756616466109,RHOB,0.9999987608558472,0
IL17A,0.9999987608558472,0.7717305250439415,-0.01760681058770301,-0.744578982670353,-0.012097679220023793,0.6642750667350129,RIC8B,0.9999987608558472,0
GPS2,0.9999987608558472,0.7719159178969033,-0.02109915486718239,-0.7451922957728708,-0.011302394193965594,0.6938374427713122,RING1,0.9999987608558472,0
FAH,0.9999987608558472,0.7731239362284366,-0.017317981115554593,-0.7491955282510163,-0.012171683547046295,0.6602257761947334,RIPK1,0.9999987608558472,0
SERP2,0.9999987608558472,0.7737168652313212,-0.016945107589846208,-0.7511648238038597,-0.012477491819088273,0.6479131518787655,RIPK2,0.9999987608558472,0
SECISBP2,0.9999987608558472,0.7744596950314829,-0.02004928843475462,-0.7536361040767359,-0.01146920459685672,0.6855518251245285,RNF103,0.9999987608558472,0
ACSL6,0.9999987608558472,0.7748011665403385,-0.016094966360535572,-0.754773672334959,-0.011757114588581466,0.6745059533595734,RNF112,0.9999987608558472,0
ATRIP,0.9999987608558472,0.7750817374371133,-0.018007410417606763,-0.755709089538187,-0.012237639095706899,0.6559795773826498,RNF115,0.9999987608558472,0
NDUFAB1,0.9999987608558472,0.7752736421147741,-0.016481285945665766,-0.7563492765063276,-0.012484164512816826,0.646273163309952,RNF125,0.9999987608558472,0
NEDD1,0.9999987608558472,0.7754006516739461,-0.016778317452833726,-0.7567731462606034,-0.011787751845991077,0.6728397086684641,RNF168,0.9999987608558472,0
ARPC5L,0.9999987608558472,0.7754141996975185,-0.018739305464225215,-0.7568183681851255,-0.011522520642123089,0.6827677491482633,RNF17,0.9999987608558472,0
COBL,0.9999987608558472,0.7756556805207666,-0.018242264888359828,-0.7576246664573215,-0.012860775872503798,0.6311629484520864,RNF207,0.9999987608558472,0
NUDT6,0.9999987608558472,0.7761669424430144,-0.015989750891996182,-0.759333384652645,-0.011046946200305111,0.6996633880899801,RNF216.IT1,0.9999987608558472,0
AGPAT9,0.9999987608558472,0.7765868871322266,-0.017227211330101713,-0.7607385663616709,-0.011702127235115723,0.6750551295739862,RNF222,0.9999987608558472,0
UBQLN2,0.9999987608558472,0.7770087929476224,-0.019283156991262276,-0.7621518245365817,-0.011651485309588896,0.6766021086371641,RNF32,0.9999987608558472,0
POLR2D,0.9999987608558472,0.7772137743953281,-0.017210527704077654,-0.7628390007010551,-0.011706867015540573,0.6743464558389011,RNF39,0.9999987608558472,0
RAD21.AS1,0.9999987608558472,0.7783327070488057,-0.019062413419687802,-0.7665964626527544,-0.01207052453260617,0.6595762046168996,RNF40,0.9999987608558472,0
STAT5B,0.9999987608558472,0.778376277706649,-0.016089081746639845,-0.766742995093897,-0.01192795660543843,0.6649862986871615,RNF41,0.9999987608558472,0
UPF2,0.9999987608558472,0.7786735860940361,-0.01972926279512096,-0.7677433125352424,-0.011440418312332322,0.6831039910064305,RNF43,0.9999987608558472,0
SETBP1,0.9999987608558472,0.7790788600049539,-0.01832691988051648,-0.7691081272343243,-0.011575941376275984,0.6776996156870055,RNF5,0.9999987608558472,0
MECOM,0.9999987608558472,0.7798195115780375,-0.016553404909160633,-0.7716060810357107,-0.011455570904220492,0.6815895355765893,RNF8,0.9999987608558472,0
PPIH,0.9999987608558472,0.7802576225882214,-0.018658343837680537,-0.7730859418861972,-0.011462349751959535,0.6809738693911304,RNMTL1,0.9999987608558472,0
OXCT1,0.9999987608558472,0.7805901094295182,-0.017178945314852968,-0.7742101540657838,-0.011573830706840852,0.6765192218925908,RNPS1,0.9999987608558472,0
NRDE2,0.9999987608558472,0.7808953698075354,-0.019449817987945484,-0.7752431697800048,-0.010807175728023845,0.7045846203865809,RNU11,0.9999987608558472,0
MTCH2,0.9999987608558472,0.7812725257858968,-0.019193168777577364,-0.7765206273434037,-0.0109099945053224,0.700545550075746,RPA2,0.9999987608558472,0
UBAP1L,0.9999987608558472,0.7825748934930636,-0.0172922389296984,-0.7809416333339005,-0.010834499676547631,0.7022641371517815,RPL10L,0.9999987608558472,0
CCT5,0.9999987608558472,0.7829066365352024,-0.017431830583356508,-0.7820702054227376,-0.011165919043323227,0.6898344573968547,RPL12,0.9999987608558472,0
C17orf64,0.9999987608558472,0.7835482247588631,-0.020542802109658954,-0.7842556857608888,-0.01094493138610907,0.6974596260567807,RPL17,0.9999987608558472,0
SF3B5,0.9999987608558472,0.7841558754331477,-0.01918981456921757,-0.7863290221339689,-0.011045392082550905,0.6932836448271352,RPL18A,0.9999987608558472,0
EIF4G3,0.9999987608558472,0.7847009552137172,-0.020776094677618023,-0.7881917435219526,-0.010287222115948192,0.7203207288732985,RPL19P12,0.9999987608558472,0
KLHDC4,0.9999987608558472,0.7848260005233041,-0.020576196385590415,-0.7886194512131374,-0.010951517683762773,0.6962050890634761,RPL23A,0.9999987608558472,0
TESC,0.9999987608558472,0.786151885005846,-0.016772386689196395,-0.7931634478549193,-0.011879226631748577,0.6602979829749203,RPL26L1,0.9999987608558472,0
FAM205A,0.9999987608558472,0.7869795039634492,-0.01869905804826515,-0.7960081355083707,-0.010988194039173903,0.6931533073347007,RPL29,0.9999987608558472,0
NUBP1,0.9999987608558472,0.7877764797393174,-0.017182798336104612,-0.7987535981152168,-0.011879213361692278,0.6589495983698683,RPL31,0.9999987608558472,0
PSMD9,0.9999987608558472,0.788229347483505,-0.020987310374622217,-0.8003163454130879,-0.010277344605422869,0.7180213952442428,RPL31P11,0.9999987608558472,0
WSB1,0.9999987608558472,0.7882418457108034,-0.018447143480402342,-0.8003595017653825,-0.010886969287580425,0.6958927579647334,RPL37A,0.9999987608558472,0
HPS3,0.9999987608558472,0.7888541150900377,-0.02089756316296006,-0.802475495532509,-0.010257351366281255,0.7182697972101191,RPL38,0.9999987608558472,0
LRP1,0.9999987608558472,0.7904071061868927,-0.018790226460629472,-0.8078588022200931,-0.010695973787725167,0.7012250506789016,RPL41,0.9999987608558472,0
ERCC4,0.9999987608558472,0.7910817523363443,-0.018213089144381994,-0.8102047087490005,-0.011250442803106915,0.6801454480190863,RPL6,0.9999987608558472,0
CBFA2T3,0.9999987608558472,0.7913551468628452,-0.01983763920971379,-0.8111566374256088,-0.010174090880712316,0.7193927677544967,RPN2,0.9999987608558472,0
PFKM,0.9999987608558472,0.7913911353142391,-0.021337040395615077,-0.8112819998721005,-0.010906787879191707,0.6927092493103868,RPP14,0.9999987608558472,0
USP50,0.9999987608558472,0.7918417583017183,-0.019781764969214723,-0.8128527843612393,-0.011044735207779616,0.6872376037133754,RPS12,0.9999987608558472,0
PCNA,0.9999987608558472,0.791891476157488,-0.0197505849941158,-0.8130262140245952,-0.009554191375825583,0.7408613225711432,RPS13,0.9999987608558472,0
MED30,0.9999987608558472,0.7921333013279246,-0.018612955330984178,-0.8138701162757327,-0.010866052127413164,0.6936400197020175,RPS14P3,0.9999987608558472,0
OTUD6A,0.9999987608558472,0.7923331787654807,-0.022478647053099304,-0.8145680704367904,-0.010418204659068408,0.7098780061231929,RPS16P5,0.9999987608558472,0
NELFCD,0.9999987608558472,0.7927444984813374,-0.02137606131526015,-0.8160056122588976,-0.01049120493515427,0.7069188985469277,RPS19BP1,0.9999987608558472,0
GNAI3,0.9999987608558472,0.7929281354753325,-0.020696211534247846,-0.8166479590928818,-0.010793519573011737,0.695705899030414,RPS21,0.9999987608558472,0
COMMD8,0.9999987608558472,0.7951814213298749,-0.018206322987746715,-0.8245574037928018,-0.010655029319014034,0.6990880805230442,RPS25,0.9999987608558472,0
SP140,0.9999987608558472,0.7956336779675512,-0.017022579324712083,-0.826151126003676,-0.011894963239420816,0.6519082088820165,RPS3A,0.9999987608558472,0
NUCB1.AS1,0.9999987608558472,0.7964561554643186,-0.019426326875238323,-0.8290548738576183,-0.009955894061988676,0.7234786643391238,RPS6KA1,0.9999987608558472,0
TMIE,0.9999987608558472,0.7967138508828367,-0.021227651934402327,-0.8299661036981635,-0.010356730650047765,0.7088499664558752,RPS6KA2,0.9999987608558472,0
SUV420H2,0.9999987608558472,0.7967656214248731,-0.020950199333943428,-0.8301492512588334,-0.010420223557229656,0.7065001734543108,RPS6KA4,0.9999987608558472,0
PLS1,0.9999987608558472,0.7969170911271566,-0.019202613815671617,-0.8306852624477655,-0.010029592895268814,0.7205116163737678,RPS6KB2,0.9999987608558472,0
YWHAE,0.9999987608558472,0.7971223013589207,-0.020633359987138063,-0.8314118280929557,-0.009694441650656055,0.7322850543083772,RPSA,0.9999987608558472,0
CHUK,0.9999987608558472,0.7977458389025659,-0.019034598490483785,-0.833622218376652,-0.009606566512676116,0.7349460972102482,RRAD,0.9999987608558472,0
ARRDC3,0.9999987608558472,0.7985441357255074,-0.02083885482797806,-0.8364580760457906,-0.009643090352027015,0.7331040172179855,RRP7A,0.9999987608558472,0
KLF3.AS1,0.9999987608558472,0.7986517080135527,-0.020443528091175698,-0.8368407285578362,-0.009239447681604562,0.7471403602535273,RSC1A1,0.9999987608558472,0
EIF3B,0.9999987608558472,0.7987537411968543,-0.019330775165399466,-0.8372037908210138,-0.009450981857984313,0.7397090450333519,RSL24D1,0.9999987608558472,0
PPP2R5D,0.9999987608558472,0.7994240133066687,-0.01923151651481377,-0.8395915540310898,-0.009001863993194966,0.7548123643610161,RSRP1,0.9999987608558472,0
STAT6,0.9999987608558472,0.7997155523945699,-0.020726609962796218,-0.8406316216637185,-0.009293977542936989,0.7445318951645696,RTDR1,0.9999987608558472,0
UBE4B,0.9999987608558472,0.8007890304353049,-0.02028271362443198,-0.844469128329631,-0.010436113289054626,0.7029463078073503,RTFDC1,0.9999987608558472,0
ANP32A.IT1,0.9999987608558472,0.8014769585648227,-0.020617363365597007,-0.8469349088355909,-0.010181988275819382,0.7117244289656226,RTKN,0.9999987608558472,0
MRPS17,0.9999987608558472,0.8015095993705998,-0.018602810064144337,-0.8470520331031415,-0.009889222567272172,0.7222682695093421,RTN4IP1,0.9999987608558472,0
PTENP1,0.9999987608558472,0.80199466108362,-0.021084101642525756,-0.8487939408084307,-0.009655186535789702,0.7302798451289308,RUNX1.IT1,0.9999987608558472,0
AFM,0.9999987608558472,0.8020938176367858,-0.018522656257520007,-0.8491503395374888,-0.009180579645223232,0.7468815934027879,RYK,0.9999987608558472,0
GTF2F2,0.9999987608558472,0.8026387110014545,-0.02004362669210152,-0.8511107800874765,-0.00940563907166294,0.7386531869828121,S100A5,0.9999987608558472,0
BRMS1,0.9999987608558472,0.803187950774422,-0.019161303014148777,-0.8530901743228511,-0.009785623688827695,0.7248011327404781,SAP25,0.9999987608558472,0
MESP1,0.9999987608558472,0.8035745353730004,-0.018771611190406937,-0.8544853853439875,-0.008884945110050432,0.7561230348015162,SAP30L,0.9999987608558472,0
C1orf50,0.9999987608558472,0.8038453566306838,-0.019703503126510008,-0.8554637899156546,-0.009520267512066851,0.7337905874221338,SARDH,0.9999987608558472,0
STAG3,0.9999987608558472,0.8043844679040005,-0.023550922501554373,-0.8574138963701039,-0.00891367510295716,0.7546123710682769,SARS2,0.9999987608558472,0
UBE3A,0.9999987608558472,0.8049749629767182,-0.018043454016737088,-0.8595536201330894,-0.009491912191930168,0.7340257574048918,SART3,0.9999987608558472,0
CD48,0.9999987608558472,0.8061815729058046,-0.02140138942427362,-0.8639381897459472,-0.008635049739140338,0.7630164795298267,SASH1,0.9999987608558472,0
ANXA13,0.9999987608558472,0.8062775135319837,-0.021221528714396296,-0.8642875307821883,-0.009040033771212125,0.7490127374042355,SASS6,0.9999987608558472,0
YWHAZ,0.9999987608558472,0.8089506315538837,-0.01933162600092497,-0.8740637553719135,-0.009230604950899333,0.74059315413379,SCAF4,0.9999987608558472,0
RTDR1,0.9999987608558472,0.810274208943585,-0.02029274454360814,-0.8789354311780018,-0.009645672527629696,0.7249355164369167,SCAF8,0.9999987608558472,0
CD46,0.9999987608558472,0.8108032936915873,-0.02175821065418828,-0.8808886717259554,-0.008757318178978684,0.7559150326642365,SCAI,0.9999987608558472,0
MBNL1.AS1,0.9999987608558472,0.8112185081084728,-0.022880997547198988,-0.8824238899617952,-0.008759956835719132,0.7555622144932377,SCAMP3,0.9999987608558472,0
LRRC48,0.9999987608558472,0.8118140620946858,-0.02141376117351629,-0.8846295358994044,-0.008986330937312792,0.7473061448241853,SCAMP4,0.9999987608558472,0
UBA2,0.9999987608558472,0.8130834132041147,-0.01882905161445693,-0.8893450274904411,-0.008190580265502893,0.7739003101896195,SCP2D1,0.9999987608558472,0
MAML2,0.9999987608558472,0.8131074939412346,-0.020335884455305153,-0.8894346757100868,-0.008612107486826786,0.7594904951538387,SCYL2,0.9999987608558472,0
FBXL4,0.9999987608558472,0.8133402105588128,-0.019773732067845173,-0.8903014061467258,-0.009280983105630332,0.7359209248754008,SDHAF1,0.9999987608558472,0
RAP2A,0.9999987608558472,0.8147249023545069,-0.019586301099764766,-0.8954724539992152,-0.008823126141688077,0.7511599615746815,SDHAP1,0.9999987608558472,0
KHDRBS2,0.9999987608558472,0.8150830256689428,-0.020481540627248124,-0.8968137447376733,-0.008541364583221763,0.760714441260325,SDHC,0.9999987608558472,0
GMPS,0.9999987608558472,0.8160654731312734,-0.018749088593114,-0.9005016499484457,-0.012745685241006395,0.6019180363976963,SDHD,0.9999987608558472,0
KBTBD3,0.9999987608558472,0.8160692580759948,-0.020021742115819044,-0.9005158815278869,-0.008201890512835708,0.7717492129542601,SEC14L1,0.9999987608558472,0
SUFU,0.9999987608558472,0.8166864825335787,-0.021658457207648862,-0.9028391215696719,-0.00866839344046729,0.755327341921154,SEC16B,0.9999987608558472,0
FYTTD1,0.9999987608558472,0.8172946193186439,-0.02012316818940347,-0.9051329313675465,-0.008554090705858467,0.7589212458988535,SEC24D,0.9999987608558472,0
CRLF1,0.9999987608558472,0.8183802032338974,-0.019453079138893232,-0.9092394915000374,-0.009698258688444908,0.7175453091295696,SEC31B,0.9999987608558472,0
SMEK3P,0.9999987608558472,0.8187459208457069,-0.022113559456785507,-0.9106263892335311,-0.009130194035948877,0.7377724306092247,SEC61A2,0.9999987608558472,0
DDX24,0.9999987608558472,0.819304266180549,-0.022066562502792538,-0.9127471672797367,-0.008419887348383148,0.7623458755036858,SEC63,0.9999987608558472,0
YTHDC2,0.9999987608558472,0.8199146728272696,-0.022801097594719252,-0.9150703985685948,-0.008070415050961554,0.773972749103832,SECISBP2,0.9999987608558472,0
WDR46,0.9999987608558472,0.8207632679132573,-0.019316664560583372,-0.9183084150707913,-0.007791227354536727,0.7829416357118324,SECISBP2L,0.9999987608558472,0
WBP11P1,0.9999987608558472,0.8209636834827974,-0.02092089880734116,-0.9190745546643323,-0.008658277052877994,0.7530440230918609,SELM,0.9999987608558472,0
RBM17,0.9999987608558472,0.8223647356017152,-0.02144192187466474,-0.9244455798290454,-0.009086202462014081,0.7370265668832139,SELT,0.9999987608558472,0
TACC2,0.9999987608558472,0.8224148648267525,-0.02425003011959016,-0.9246382476193238,-0.00765373473790949,0.7866434299228945,SEMA4F,0.9999987608558472,0
NDC1,0.9999987608558472,0.8225813245449984,-0.022343260901520407,-0.9252782690162265,-0.008422959199351005,0.7602714025952924,SENP3,0.9999987608558472,0
MRPS28,0.9999987608558472,0.8227936765146171,-0.019935616757388926,-0.9260952922394475,-0.00822076982322527,0.7671430930001707,SENP7,0.9999987608558472,0
NDRG2,0.9999987608558472,0.8230650523114057,-0.01923640709345481,-0.9271403100729785,-0.008460558514091845,0.7586736946280239,SEPHS1,0.9999987608558472,0
IRF1,0.9999987608558472,0.8236048509493612,-0.022082124197668796,-0.9292219904607129,-0.007869405867852137,0.7786968318649344,SEPT3,0.9999987608558472,0
SP100,0.9999987608558472,0.8247175075134603,-0.02294313460406788,-0.9335255976809873,-0.007875668467660309,0.7778556703188181,SEPT7P2,0.9999987608558472,0
MECR,0.9999987608558472,0.8249586501131178,-0.022905649207554394,-0.9344605863983204,-0.007587267513061086,0.7874793059828828,SEPW1,0.9999987608558472,0
KRBA1,0.9999987608558472,0.8256873610925833,-0.022701491846644394,-0.9372910150823899,-0.007273216381425042,0.7975787931934394,SERF1A,0.9999987608558472,0
PSMD4,0.9999987608558472,0.8262830735377173,-0.021841199702223014,-0.9396104467840886,-0.00789914862228426,0.7761711422175099,SERF2.C15ORF63,0.9999987608558472,0
AKAP11,0.9999987608558472,0.8264189321629707,-0.02101814315033719,-0.9401401262823277,-0.007184619382364855,0.8001328069337933,SERINC2,0.9999987608558472,0
RBBP8,0.9999987608558472,0.8264740712458672,-0.021667051272158507,-0.9403551753231053,-0.008181398904581012,0.7663530246719404,SERINC4,0.9999987608558472,0
YOD1,0.9999987608558472,0.8272666212705068,-0.02522414441462753,-0.9434510350224531,-0.007095025493103639,0.8026562682133153,SERP2,0.9999987608558472,0
STX6,0.9999987608558472,0.8276127090513122,-0.021207566445865488,-0.9448057633306514,-0.007746243207484886,0.7806412145097457,SETBP1,0.9999987608558472,0
HTATSF1P2,0.9999987608558472,0.8280094627476735,-0.022917995850477785,-0.9463609551517049,-0.007250365197797662,0.7971205797860157,SETD3,0.9999987608558472,0
NUPL1,0.9999987608558472,0.8286708097395901,-0.022304746496225634,-0.9489583978698779,-0.007714429712729622,0.7811382659364026,SETD4,0.9999987608558472,0
UNC45B,0.9999987608558472,0.8287787887250877,-0.019287370593238724,-0.9493830939260827,-0.00861831732785889,0.7496889829839943,SETD6,0.9999987608558472,0
B4GALT1.AS1,0.9999987608558472,0.8288620407549143,-0.020269696426591505,-0.9497106524423063,-0.0074529783320223955,0.7898856072771402,SETDB2,0.9999987608558472,0
EIF3I,0.9999987608558472,0.8291627201920504,-0.02215572014693484,-0.9508945375783037,-0.007756522595980822,0.7794317170575351,SETMAR,0.9999987608558472,0
SLU7,0.9999987608558472,0.830139966813026,-0.021837062890108224,-0.9547515553874959,-0.0071416616391466676,0.7996329266433884,SF3A1,0.9999987608558472,0
CFL1P1,0.9999987608558472,0.8301434081173487,-0.021347237368895204,-0.9547651626945223,-0.0070909931661739724,0.8013150821782448,SF3A2,0.9999987608558472,0
STXBP3,0.9999987608558472,0.8301745077332952,-0.025300434894509345,-0.9548881421168645,-0.007055863689027366,0.8024641030721298,SF3B1,0.9999987608558472,0
MYO1G,0.9999987608558472,0.8303431389935616,-0.022076335753591428,-0.9555552243193166,-0.009376112735904147,0.7214378307527285,SF3B2,0.9999987608558472,0
FAM134B,0.9999987608558472,0.8309351590207006,-0.02030386815948454,-0.9579005492265067,-0.007997535816115396,0.770153724504901,SF3B3,0.9999987608558472,0
WDR34,0.9999987608558472,0.8318035065792888,-0.020956637626970302,-0.9613501269878193,-0.007571689905627835,0.7842843365302465,SF3B4,0.9999987608558472,0
COPG2,0.9999987608558472,0.8319367581239832,-0.021037296717032885,-0.9618804919097856,-0.006901355864099773,0.8066880651646429,SF3B5,0.9999987608558472,0
MLF1,0.9999987608558472,0.8320879824038021,-0.021095167228896938,-0.9624827194818361,-0.006502621061738828,0.819665308688946,SFR1,0.9999987608558472,0
GPR108,0.9999987608558472,0.8321546256677226,-0.022961897933706444,-0.9627482269313492,-0.00680360510766833,0.8098016666053265,SFT2D1,0.9999987608558472,0
CCNT2.AS1,0.9999987608558472,0.8324345879197489,-0.02366223001239568,-0.9638643416527536,-0.006673731537278936,0.8139255103106396,SH3BP1,0.9999987608558472,0
DHX57,0.9999987608558472,0.832745655402706,-0.022351860327040906,-0.9651058723108713,-0.006704968218606098,0.8127516388563388,SH3GLB2,0.9999987608558472,0
CLRN1,0.9999987608558472,0.8333774534448217,-0.022704045635771716,-0.9676320912631362,-0.006465490836309096,0.820263364150036,SH3PXD2A,0.9999987608558472,0
ATG14,0.9999987608558472,0.83347868793930735,-0.021674196881449784,-0.9680374475082243,-0.007118625743867311,0.7986866577456577,SHC2,0.9999987608558472,0
ARHGEF3.AS1,0.9999987608558472,0.8340841141177139,-0.021665728663742403,-0.9704649817125088,-0.0069618012384791645,0.8036105562261623,SHISA6,0.9999987608558472,0
COPS7A,0.9999987608558472,0.8352359717002258,-0.022974051985281234,-0.9750993655301609,-0.007517082848134949,0.7842970427392248,SHMT1,0.9999987608558472,0
CSMD1,0.9999987608558472,0.8371361495792333,-0.02385668774658133,-0.9827906591322667,-0.006956394630102914,0.8022617236505987,SIKE1,0.9999987608558472,0
POLA1,0.9999987608558472,0.8371603878518983,-0.02282307548915844,-0.9828891431974164,-0.007461447563229939,0.7851700704289319,SIL1,0.9999987608558472,0
TAF4B,0.9999987608558472,0.8386892178521324,-0.02132408561378874,-0.9891204135795345,-0.006399928631287949,0.8199215972591511,SIN3B,0.9999987608558472,0
TRIM27,0.9999987608558472,0.8395085373150497,-0.021015988363164515,-0.9924756892412692,-0.007218049927210097,0.7922363795943272,SIRT3,0.9999987608558472,0
PSMC3,0.9999987608558472,0.8396739399655649,-0.021802127456331748,-0.9931544022751607,-0.008311621242105258,0.7541215158519152,SKP1P2,0.9999987608558472,0
CNPY4,0.9999987608558472,0.8400029470505045,-0.025658802198108212,-0.9945058114637843,-0.00620489940114794,0.8256832152214085,SLAMF1,0.9999987608558472,0
DOCK2,0.9999987608558472,0.840246224330803,-0.027612193275237208,-0.9955062513917265,-0.006101582875908318,0.8289279797029665,SLC10A1,0.9999987608558472,0
TPI1P2,0.9999987608558472,0.8408788086701245,-0.024619719319597742,-0.9981123319864855,-0.00661527079854499,0.8117962321947694,SLC12A7,0.9999987608558472,0
PPP2R1B,0.9999987608558472,0.8410636014370791,-0.0228763173702219,-0.998874909774421,-0.006130962619953626,0.8276116808602183,SLC25A30,0.9999987608558472,0
GGA3,0.9999987608558472,0.8412938047730826,-0.020857614921552727,-0.9998256950487524,-0.0066169966303763145,0.8115412661452582,SLC25A47,0.9999987608558472,0
GOT1,0.9999987608558472,0.8417048691534008,-0.020880915670013798,-1.0015257239475588,-0.006929318088297812,0.8008937071742385,SLC25A5.AS1,0.9999987608558472,0
DDR1,0.9999987608558472,0.8422214140374576,-0.02363160749245672,-1.0036660987000252,-0.0064250019156584,0.8174593913312321,SLC30A6,0.9999987608558472,0
RPS6KA4,0.9999987608558472,0.8430912333512163,-0.02561181541629591,-1.0072807426691548,-0.006245131864961972,0.8229764265156431,SLC35A5,0.9999987608558472,0
ZNF385A,0.9999987608558472,0.8433170256593701,-0.022193077326976243,-1.0082212047596433,-0.006752088876076027,0.8060599554461162,SLC35E2,0.9999987608558472,0
SRP9,0.9999987608558472,0.8438838642171327,-0.02396919946567295,-1.0105861192510581,-0.005194611966713006,0.8563096969817369,SLC38A3,0.9999987608558472,0
EIF3F,0.9999987608558472,0.8439397710815918,-0.025436477831392926,-1.0108196752990806,-0.0059766223266505495,0.8313578486913313,SLC39A8,0.9999987608558472,0
PSMD14,0.9999987608558472,0.8440333429098448,-0.02323593392010923,-1.011210703605337,-0.00678082906635738,0.8047463522990064,SLC3A1,0.9999987608558472,0
FBXO15,0.9999987608558472,0.8448212222667686,-0.026135226321821015,-1.0145093332717487,-0.005242987969163381,0.8544336853728419,SLC40A1,0.9999987608558472,0
GTPBP6,0.9999987608558472,0.8453637255221746,-0.020987216197869918,-1.0167870742789522,-0.0056445804844730925,0.8414659833779808,SLC44A3,0.9999987608558472,0
HNRNPF,0.9999987608558472,0.8456801110238402,-0.02463838090181376,-1.018117881414007,-0.00647156130543837,0.8143079632295893,SLC4A2,0.9999987608558472,0
RANBP3L,0.9999987608558472,0.8465436210904372,-0.025764893468373302,-1.0217592599002736,-0.006125464251303457,0.8253566376359279,SLU7,0.9999987608558472,0
GOSR2,0.9999987608558472,0.847446949184558,-0.021702019746699983,-1.0255831053054236,-0.008741278503950047,0.7340633884323486,SMAD3,0.9999987608558472,0
ATG9B,0.9999987608558472,0.8478033473828845,-0.02449117975730896,-1.0270958935005765,-0.006426165244093585,0.8148327403903924,SMAD5,0.9999987608558472,0
EPS15,0.9999987608558472,0.8484285161332803,-0.026266432792944907,-1.0297552138002433,-0.005393208152458727,0.8482712814072226,SMARCA4,0.9999987608558472,0
ITGAM,0.9999987608558472,0.8485669908344153,-0.02247394043530556,-1.0303452382980631,-0.006676052880817139,0.806089198519266,SMARCA5,0.9999987608558472,0
BID,0.9999987608558472,0.8505628666472481,-0.022866021441761177,-1.0388896204803948,-0.00543703657885287,0.8460242699444744,SMARCA5.AS1,0.9999987608558472,0
TFCP2L1,0.9999987608558472,0.8509414174379129,-0.024727973396540114,-1.0405187763396109,-0.006125444545416661,0.8234087661898934,SMARCC2,0.9999987608558472,0
TBCA,0.9999987608558472,0.8520640094995271,-0.02271020936560347,-1.0453663556590114,-0.007054256159680224,0.7914682827194905,SMARCD1,0.9999987608558472,0
IRF2BP1,0.9999987608558472,0.8526258119027277,-0.023923824001221092,-1.0478015789959585,-0.005940376751017591,0.8287895667614051,SMARCD2,0.9999987608558472,0
SSR2,0.9999987608558472,0.852914201672366,-0.02911674722275983,-1.049054067862646,-0.0047878908829970925,0.8657434976392934,SMARCD3,0.9999987608558472,0
CDKAL1,0.9999987608558472,0.8537690398834362,-0.025194965223628765,-1.05277637187005,-0.00504434224117262,0.8573400009359258,SMC1A,0.9999987608558472,0
ST13P4,0.9999987608558472,0.8545956675665527,-0.024488858841807938,-1.056389761518703,-0.005981105971451305,0.826592519299016,SMC5.AS1,0.9999987608558472,0
RHOB,0.9999987608558472,0.855543137377305,-0.027355082932304705,-1.0605484202453912,-0.004997676928733547,0.8581711441115851,SMCO2,0.9999987608558472,0
GGPS1,0.9999987608558472,0.8556675857608026,-0.025118166143221675,-1.0610960160265048,-0.004313928006578691,0.8795667301936794,SMCR9,0.9999987608558472,0
DDX19B,0.9999987608558472,0.8566887888059114,-0.022407496890685604,-1.06560157085922,-0.004847601044087331,0.8625242122782744,SMEK2,0.9999987608558472,0
CSRP2,0.9999987608558472,0.857041256945832,-0.024647580440433747,-1.0671616931976222,-0.004102316309343263,0.8856520073442636,SMEK3P,0.9999987608558472,0
CRTC3,0.9999987608558472,0.8587507712863538,-0.029164695286726397,-1.074765620749023,-0.004760932028678089,0.8645444827218844,SMG7.AS1,0.9999987608558472,0
TP53,0.9999987608558472,0.8596837289217725,-0.023306233503317585,-1.0789417533976773,-0.004792781403919279,0.8632040438751334,SMIM13,0.9999987608558472,0
RBAK,0.9999987608558472,0.8609016735841941,-0.029127450733990867,-1.0844220356493954,-0.003943791805117308,0.889367859782634,SMUG1,0.9999987608558472,0
KLHDC2,0.9999987608558472,0.8610937135975535,-0.025816108154537394,-1.0852891178116917,-0.004647760290242146,0.867322977574446,SNAP25,0.9999987608558472,0
DCPS,0.9999987608558472,0.8614918099853096,-0.026703374485893626,-1.0870891714127833,-0.003507428404373477,0.9024916718561956,SND1.IT1,0.9999987608558472,0
PIK3R6,0.9999987608558472,0.8616357037588332,-0.023597715591394057,-1.0877406764264401,-0.004717904979815514,0.8649060305110187,SNRNP25,0.9999987608558472,0
CHGA,0.9999987608558472,0.8618641860352082,-0.026238361340995938,-1.0887761207754865,-0.004596011899748287,0.8687015376266931,SNRPB2,0.9999987608558472,0
CHD5,0.9999987608558472,0.86242714331958,-0.024306639341762738,-1.091332345988853,-0.004701944565227292,0.8651407013090264,SNRPE,0.9999987608558472,0
USP48,0.9999987608558472,0.8626947346677502,-0.02740400160307713,-1.0925499043287166,-0.004240950170137191,0.8796115360076895,SNX1,0.9999987608558472,0
CELF2.AS2,0.9999987608558472,0.8635352709211397,-0.02613166178985025,-1.0963849763367386,-0.004324006791660101,0.8767403972325865,SNX10,0.9999987608558472,0
DHRS1,0.9999987608558472,0.8637727522431465,-0.02921003103022372,-1.097471445822775,-0.004506997871474758,0.870883735391663,SNX15,0.9999987608558472,0
POLE4,0.9999987608558472,0.864171372887559,-0.024225367377977907,-1.09929804047517,-0.004610314157483618,0.867464084398408,SNX18,0.9999987608558472,0
SRSF7,0.9999987608558472,0.8643917127459216,-0.025370177358521425,-1.1003092770082434,-0.004127137677415598,0.882642358136287,SNX30,0.9999987608558472,0
TBC1D3,0.9999987608558472,0.864623616071911,-0.023921638860496634,-1.101374800082466,-0.003634972107573833,0.8977849147866249,SNX7,0.9999987608558472,0
DNPH1,0.9999987608558472,0.8657276010142277,-0.02540528072549745,-1.1064645019218966,-0.0040776184990463085,0.8837830999294467,SORBS1,0.9999987608558472,0
PDIK1L,0.9999987608558472,0.8658855694108051,-0.024964398311934075,-1.1071951302858078,-0.004957216996775032,0.8556945715162656,SP100,0.9999987608558472,0
RNF5,0.9999987608558472,0.8660996292468967,-0.02973704858772436,-1.1081861343709232,-0.004415540066510617,0.8730186773366937,SP110,0.9999987608558472,0
MTA3,0.9999987608558472,0.8672829478165118,-0.027113070255042244,-1.113684136264063,-0.0032246640039932345,0.9095712279810042,SP140,0.9999987608558472,0
CNPY1,0.9999987608558472,0.8674528758266612,-0.026575839154296184,-1.1144764330131554,-0.003972097315499856,0.8865644477629168,SP3,0.9999987608558472,0
TRIP13,0.9999987608558472,0.8681753980526752,-0.02976427476006001,-1.11785306348737,-0.0031254061037579643,0.9123532816610566,SP4,0.9999987608558472,0
P4HTM,0.9999987608558472,0.8686357236582813,-0.026984636278316158,-1.1200110093872957,-0.003183914500021692,0.9104780990766567,SPATA13.AS1,0.9999987608558472,0
STRIP2,0.9999987608558472,0.8690087950253715,-0.02559329379896688,-1.1217637528246498,-0.004433180947245306,0.87150431686375,SPDEF,0.9999987608558472,0
PSMD6.AS2,0.9999987608558472,0.869369329946955,-0.025640138859627404,-1.1234608788335554,-0.004906711091346577,0.8560765799193144,SPG20,0.9999987608558472,0
AKT1S1,0.9999987608558472,0.8694304808377049,-0.02823298968777485,-1.1237490521193005,-0.002929668268268786,0.9179488786029103,SPIN1,0.9999987608558472,0
PRKX,0.9999987608558472,0.8698816442538916,-0.027804155494854682,-1.1258780481484942,-0.00308055721194421,0.913308467213021,SPOPL,0.9999987608558472,0
PPP2CA,0.9999987608558472,0.8706007806054197,-0.028743384514913137,-1.129282171456423,-0.0038873806360215516,0.8882939780204153,SPR,0.9999987608558472,0
THUMPD2,0.9999987608558472,0.8707473265336555,-0.028907884000867527,-1.1299774718759927,-0.00237673514835582,0.9340706528426059,SPTLC2,0.9999987608558472,0
GNB2L1,0.9999987608558472,0.8717898012152683,-0.03315953521968641,-1.1349394351036246,-0.002679356753053777,0.9249287671659829,SRA1,0.9999987608558472,0
CCDC116,0.9999987608558472,0.8731225368067806,-0.024482295205755827,-1.141323967265182,-0.0033311721835369433,0.9048885301002144,SRCIN1,0.9999987608558472,0
GAR1,0.9999987608558472,0.8733352313599005,-0.028304142860532254,-1.1423472022354626,-0.002281931248762203,0.9363965674378995,SREK1,0.9999987608558472,0
TLE6,0.9999987608558472,0.8744307030319672,-0.025256721076432165,-1.1476363691388058,-0.002772139511651956,0.9216064217039881,SRFBP1,0.9999987608558472,0
HARS2,0.9999987608558472,0.8746264083295359,-0.027355833153077793,-1.1485846604284646,-0.0049732610406311405,0.8519767760427546,SRP14.AS1,0.9999987608558472,0
DDX19A,0.9999987608558472,0.8756149756398389,-0.028646297997443993,-1.1533906369993392,-0.0033791226599560508,0.9027783123399893,SRP72,0.9999987608558472,0
KPRP,0.9999987608558472,0.8758398460771825,-0.02652121880809617,-1.1544875826067538,-0.002667321169139184,0.9244711574800979,SRP9,0.9999987608558472,0
RTKN,0.9999987608558472,0.8758998424277542,-0.027162371928286,-1.1547804870281637,-0.0023363210899667876,0.9343429402317707,SRPK1,0.9999987608558472,0
RALGDS,0.9999987608558472,0.8759604107733903,-0.0298456502454186,-1.1550762844760774,-0.0031423457975619665,0.9100031101265834,SRPK3,0.9999987608558472,0
ATXN1L,0.9999987608558472,0.8775320317685659,-0.025370184582864965,-1.1627872294179291,-0.005443067983305776,0.8351268903555554,SRPRB,0.9999987608558472,0
AP3M1,0.9999987608558472,0.87799891182531975,-0.027587849259391804,-1.1650912756045608,-0.00211177471992272,0.940627542405643,SRRM2,0.9999987608558472,0
SRSF3,0.9999987608558472,0.87809222668128,-0.02674047808938666,-1.1655525251970342,-0.0029102890352791567,0.9166275780742235,SRRM2.AS1,0.9999987608558472,0
ILF3,0.9999987608558472,0.8784656124546878,-0.02608550746878665,-1.1674006342754493,-0.0031807690440895245,0.9082201405186078,SRSF10,0.9999987608558472,0
TM9SF3,0.9999987608558472,0.8787173436114493,-0.03083605395032551,-1.1686488556320216,-0.0025647435004494488,0.9269893351320421,SRSF11,0.9999987608558472,0
KCTD19,0.9999987608558472,0.879183138730754,-0.024912400334937346,-1.1709633377571045,-0.0025512542316491007,0.9273056900039116,SRSF3,0.9999987608558472,0
PSMD5,0.9999987608558472,0.8791912606893092,-0.028772231956092957,-1.171003750486052,-0.003420862854404754,0.9005614166388736,SRSF4,0.9999987608558472,0
SECISBP2L,0.9999987608558472,0.8792594899407259,-0.02782736265038329,-1.1713433168305127,-0.0026854925926313843,0.9232277933256107,SRSF6,0.9999987608558472,0
FAM104B,0.9999987608558472,0.8803202061269357,-0.0258113447884133,-1.176639805754591,-0.0026466443468945024,0.9241925791877956,SRSF7,0.9999987608558472,0
BIRC3,0.9999987608558472,0.8807436444732116,-0.029060053315263755,-1.1787634108144551,-0.0019470358584075436,0.9450609291046381,SRSF8,0.9999987608558472,0
TMX1,0.9999987608558472,0.8815005920026735,-0.027679635571593152,-1.1825729148694,-0.002292847369563513,0.9346523930420155,SRXN1,0.9999987608558472,0
MTMR4,0.9999987608558472,0.8815749136395785,-0.027331676673740077,-1.1829478807592355,-0.0036523200057728936,0.8926172000885011,SS18L1,0.9999987608558472,0
NACA2,0.9999987608558472,0.8830737872154187,-0.026942773804814284,-1.190545755937395,-0.003082542256805508,0.9101781993989919,SSBP2,0.9999987608558472,0
YTHDF2,0.9999987608558472,0.8831505542590258,-0.026763221641839117,-1.1909367449165817,-0.0034296066148891595,0.8992610718972668,SSR2,0.9999987608558472,0
CREB3,0.9999987608558472,0.8831565223146767,-0.027781255989878642,-1.190967148973021,-0.0018548339687327556,0.9474310889093993,SSR3,0.9999987608558472,0
DENND1A,0.9999987608558472,0.8836689777488838,-0.02931895078168465,-1.1935819530773262,-0.0033189426996592906,0.9026223416185912,SSSCA1,0.9999987608558472,0
ATP5H,0.9999987608558472,0.8851246647626632,-0.027438846558051233,-1.201054484016463,-0.0015443688298918748,0.9563072405587527,SSUH2,0.9999987608558472,0
HERC4,0.9999987608558472,0.8856072718865393,-0.028061354486417105,-1.203546724364602,-0.002043716947743942,0.9414414679960171,ST13P4,0.9999987608558472,0
TAF10,0.9999987608558472,0.8857190906894306,-0.030121535916655704,-1.2041252375569726,-0.001834639095629705,0.9476656840669527,STAG3,0.9999987608558472,0
RNU11,0.9999987608558472,0.8859167379249717,-0.028422316421664616,-1.2051487852573535,-0.0013425081826749401,0.9621112462305792,STAMBPL1,0.9999987608558472,0
PAPD5,0.9999987608558472,0.8862581011235409,-0.030611115734113074,-1.2069195683861293,-0.001872148193560336,0.9464723633811086,STARD7.AS1,0.9999987608558472,0
PPP2R5A,0.9999987608558472,0.8867083978796242,-0.02708827047776231,-1.2092612365678137,-0.001809777407008066,0.9482660948912556,STAT4,0.9999987608558472,0
KPNA7,0.9999987608558472,0.8870088796710286,-0.02835814643924443,-1.2108275212582218,-0.0019327657825048083,0.9445510330256597,STAT5B,0.9999987608558472,0
MAN2A2,0.9999987608558472,0.8874320269369907,-0.030684531771715796,-1.2130382590963262,-9.425734690798675e-4,0.9735302371347069,STAT6,0.9999987608558472,0
DDX28,0.9999987608558472,0.887543296374181,-0.028016311865367106,-1.2136205728867127,-0.0013005738088980564,0.9631661297075418,STATH,0.9999987608558472,0
KIAA1024,0.9999987608558472,0.8879415162699984,-0.031918939622948866,-1.2157079833772126,-0.0013164055607985253,0.9626636395705195,STAU2,0.9999987608558472,0
TNFRSF10C,0.9999987608558472,0.8886307765128729,-0.026905053488797896,-1.2193335562646637,-0.0018574991971465821,0.9465685194862058,STIM2,0.9999987608558472,0
MARCH7,0.9999987608558472,0.8887748678570117,-0.030316184884735392,-1.2200935182536023,-0.001050706405399314,0.970311000345097,STK11,0.9999987608558472,0
IGBP1P1,0.9999987608558472,0.888902733739152,-0.027601054820317265,-1.2207684949993132,-9.17350672246819e-4,0.974148519912142,STK17A,0.9999987608558472,0
DNMT3A,0.9999987608558472,0.8890676692261952,-0.02978849007109545,-1.221639976521529,-0.0010528864621502474,0.9702240040301211,STK25,0.9999987608558472,0
PTP4A3,0.9999987608558472,0.8898757230161376,-0.03015708090260958,-1.2259230198236832,-0.001541234709974291,0.955832245175407,STK38L,0.9999987608558472,0
ADSS,0.9999987608558472,0.8899099983369677,-0.0263789787816701,-1.2261051917775558,-0.004585976890676207,0.8594829929092375,STK4.AS1,0.9999987608558472,0
ZNF208,0.9999987608558472,0.8899799909644759,-0.02849713646498731,-1.226477326218503,-6.693862905267946e-4,0.9811861868906796,STL,0.9999987608558472,0
TBL1Y,0.9999987608558472,0.8900382203089758,-0.028570764781850656,-1.2267870475069307,-8.389391315865743e-4,0.9763260217094628,STRBP,0.9999987608558472,0
HSPA6,0.9999987608558472,0.8905697648747366,-0.026687369360110413,-1.2296197847704033,-0.0012607935135092673,0.9640285202005046,STRIP2,0.9999987608558472,0
NUP188,0.9999987608558472,0.8906272919352728,-0.030829518659469177,-1.2299269533501407,-8.792253629399645e-4,0.9751261639770357,STUB1,0.9999987608558472,0
FTSJ2,0.9999987608558472,0.8911444944418135,-0.030364623969994224,-1.2326938091923054,-0.001845828882846196,0.9465584605295675,STX16.NPEPL1,0.9999987608558472,0
UNC45A,0.9999987608558472,0.8912925559510407,-0.03088215090259299,-1.2334876270028816,-0.0032112374182680075,0.9041438137961213,STX6,0.9999987608558472,0
ACAA2,0.9999987608558472,0.8916502377016468,-0.03220713750879011,-1.2354085178593495,-2.4670993814943467e-4,0.9931000596180333,STXBP3,0.9999987608558472,0
ACTR3B,0.9999987608558472,0.8933674588996762,-0.0312698869112214,-1.2446948071566482,-9.347759386118887e-4,0.9733208065887768,STXBP4,0.9999987608558472,0
FES,0.9999987608558472,0.8942867855945267,-0.03125757001249493,-1.2497107038265345,-9.603667905564651e-4,0.9725053162326748,SUCLG2,0.9999987608558472,0
THOC3,0.9999987608558472,0.8969912014520042,-0.0343741580615344,-1.2646515886280705,-5.794212994292242e-4,0.9834285505059137,SUFU,0.9999987608558472,0
SMCR9,0.9999987608558472,0.8971289806936507,-0.02788383661573684,-1.2654203486947642,-0.0023879234383418326,0.9289135483242884,SUGT1,0.9999987608558472,0
SF3B4,0.9999987608558472,0.8976615326205433,-0.029469205478232872,-1.2683988581577335,-1.8320069498041838e-4,0.9947967342418127,SUMO1,0.9999987608558472,0
STK17A,0.9999987608558472,0.8982762612902946,-0.028013964173805198,-1.2718510247135377,6.870840679241369e-4,0.9808274876153241,SUN3,0.9999987608558472,0
ATF5,0.9999987608558472,0.8987541559853486,-0.02889450260706376,-1.2745452736161353,6.939202583239701e-4,0.9806132319421803,SUPT20H,0.9999987608558472,0
CSNK1A1L,0.9999987608558472,0.8992833043684931,-0.031005645393422966,-1.2775393115084708,5.197289220167861e-4,0.985401225918597,SUPT20HL1,0.9999987608558472,0
EIF5,0.9999987608558472,0.899480113679423,-0.02539730707046713,-1.278655828669089,-0.004065077009768711,0.8738702354436607,SUPT5H,0.9999987608558472,0
SNRPE,0.9999987608558472,0.899754393341091,-0.0290317103843372,-1.2802145058178156,8.101654751868475e-4,0.9773595400311125,SUPT6H,0.9999987608558472,0
MFNG,0.9999987608558472,0.9000059337790288,-0.024593227262347167,-1.281646699549234,-0.0021855335109991327,0.9347306626976585,SUPT7L,0.9999987608558472,0
CAPN10,0.9999987608558472,0.9000822160120154,-0.029331939393487,-1.28208154693002,-0.002070465058705352,0.9383062202212192,SURF6,0.9999987608558472,0
CDX1,0.9999987608558472,0.9002176035847196,-0.03278997463274101,-1.282853922193022,3.758965658195009e-4,0.9893794210505121,SUV420H2,0.9999987608558472,0
CLK4,0.9999987608558472,0.9008787038503911,-0.032000713060355165,-1.286636486064593,-4.166250275483051e-5,0.9988097297363875,SUZ12P1,0.9999987608558472,0
GHR,0.9999987608558472,0.9011008178402857,-0.032452961689371465,-1.2879114775191163,3.8894814001954486e-4,0.9889863211277176,SYK,0.9999987608558472,0
RNMTL1,0.9999987608558472,0.9013232582638331,-0.031897401024446236,-1.2891904443939823,-3.1367764650766554e-4,0.9909734100893843,SYN1,0.9999987608558472,0
CTNND1,0.9999987608558472,0.9021520487359017,-0.030317215428646235,-1.2939744142131249,4.966060988033947e-4,0.9859292946866098,SYNDIG1,0.9999987608558472,0
TMEM215,0.9999987608558472,0.9022648445999053,-0.028412273679464826,-1.2946277909032424,-4.8521565059185697e-4,0.9859479286825267,SYS1.DBNDD2,0.9999987608558472,0
PXN.AS1,0.9999987608558472,0.9024500484025608,-0.028770378446798434,-1.2957017950970058,-2.957173371157711e-4,0.991466907279904,SZT2,0.9999987608558472,0
ILKAP,0.9999987608558472,0.9026470859841517,-0.03006187986417419,-1.2968460670463793,-4.3672503055059456e-4,0.9873522242927604,TAC1,0.9999987608558472,0
KIAA0226L,0.9999987608558472,0.9027796769762417,-0.02884713145445216,-1.297617029964103,-5.095099125283946e-5,0.9985362911993056,TACC2,0.9999987608558472,0
PPM1D,0.9999987608558472,0.9029117323351266,-0.029357616865232857,-1.2983856457340217,3.0935334612352427e-4,0.9911796905815123,TAF1,0.9999987608558472,0
NAP1L5,0.9999987608558472,0.9036134046268628,-0.031841448041750375,-1.302482589435811,-1.6683763307788818e-4,0.9951837378317347,TAF10,0.9999987608558472,0
MBD2,0.9999987608558472,0.9044188619105324,-0.03278904356132218,-1.3072126295652424,-9.072053475971051e-4,0.9733275843071492,TAF1A,0.9999987608558472,0
DNAJC8,0.9999987608558472,0.9047490035511442,-0.03239963235754671,-1.3091598590684477,0.0018483411580479208,0.9487889010787591,TAF4B,0.9999987608558472,0
CRKL,0.9999987608558472,0.9061297660954615,-0.029524350160374444,-1.3173581336901248,0.001221058922800405,0.9655597593419685,TAF6,0.9999987608558472,0
VCPIP1,0.9999987608558472,0.9072082752926516,-0.029199151580018453,-1.3238239124917934,5.49873470709573e-4,0.984213000479246,TAOK1,0.9999987608558472,0
GNPDA1,0.9999987608558472,0.9073879407721555,-0.030069405928956853,-1.324906417014185,0.002216055784308584,0.9386221995376084,TAP1,0.9999987608558472,0
KAT6A,0.9999987608558472,0.9076901724443993,-0.03143894848444511,-1.326730906798106,8.584998022637712e-4,0.9754833805075089,TAPBPL,0.9999987608558472,0
XRRA1,0.9999987608558472,0.908502368855105,-0.034256363285446116,-1.3316559242204586,8.441998768218615e-4,0.9758280723437778,TAPT1,0.9999987608558472,0
ANKK1,0.9999987608558472,0.9104350128826588,-0.03400522871760873,-1.3435068962976922,0.0017508546253028178,0.9505697259712991,TATDN3,0.9999987608558472,0
N4BP2L2.IT2,0.9999987608558472,0.9112328249363737,-0.034762285132964796,-1.3484545418034777,0.002341381517395794,0.934588273458951,TAX1BP3,0.9999987608558472,0
GLOD5,0.9999987608558472,0.9123897435446975,-0.029089215994592032,-1.3556883761861847,1.3172585026236872e-4,0.9961276345296013,TBC1D10A,0.9999987608558472,0
SLC25A5.AS1,0.9999987608558472,0.9126620591778688,-0.031542097676387514,-1.357401426220406,0.0010581513839910252,0.9694790026991789,TBC1D15,0.9999987608558472,0
POLR2B,0.9999987608558472,0.9131590167078594,-0.03174465002342743,-1.360537933982385,0.0017678753708666296,0.9497079079608949,TBC1D21,0.9999987608558472,0
DBP,0.9999987608558472,0.9137016430582736,-0.03451388356821756,-1.3639780326589286,0.0020345497467449502,0.9423615918252181,TBC1D3,0.9999987608558472,0
MAPKAP1,0.9999987608558472,0.9138977589354547,-0.03149844138638343,-1.3652253317977765,0.0022192999182851212,0.9373413925846992,TBCA,0.9999987608558472,0
MAU2,0.9999987608558472,0.9139108499543791,-0.03635937937391418,-1.365308666465242,0.0026278288306228765,0.9264567910896987,TBL1Y,0.9999987608558472,0
TRAPPC9,0.9999987608558472,0.9149913563486325,-0.034094988956870874,-1.3722198909953593,0.0019781449087078033,0.9436775082583336,TBRG4,0.9999987608558472,0
STK11,0.9999987608558472,0.9152878773256,-0.032555268429891794,-1.3741280262493163,0.0016566499560051176,0.9524633361947268,TCERG1L,0.9999987608558472,0
DIAPH1,0.9999987608558472,0.9164084637701997,-0.028401254830240003,-1.3813846639976963,0.0011499592485625628,0.966535692021405,TCF3,0.9999987608558472,0
ANKRD44.IT1,0.9999987608558472,0.9165162974558871,-0.033902755993561795,-1.3820868137338016,0.0019280027843612557,0.9447983348433071,TCIRG1,0.9999987608558472,0
MB,0.9999987608558472,0.9168317226834102,-0.03547074865822928,-1.384144599225035,3.622544313165442e-4,0.9892686183372229,TCP1,0.9999987608558472,0
DHX29,0.9999987608558472,0.9170653668577043,-0.03411755421763199,-1.385672644625432,0.0018072545595173586,0.948038237778348,TCP10,0.9999987608558472,0
RNF168,0.9999987608558472,0.9170900837394487,-0.0329446223425946,-1.3858344836819247,0.0027896757622017164,0.9214543435820244,TERT,0.9999987608558472,0
CRCT1,0.9999987608558472,0.9171166948912833,-0.02956015412178534,-1.386008766459866,0.0024015029586734993,0.9318129548305712,TESC,0.9999987608558472,0
MAP4K1,0.9999987608558472,0.9173482356881145,-0.029369018682898856,-1.38752696216176,0.0031607206186623116,0.9116452924716831,TEX264,0.9999987608558472,0
UBXN10,0.9999987608558472,0.9182109540451088,-0.036592305930975136,-1.3932120947168,0.0020831186686100602,0.9402555475609967,TFCP2L1,0.9999987608558472,0
PIGT,0.9999987608558472,0.9183707263911769,-0.034072660436096414,-1.3942699148362836,0.00349784140397404,0.9026245049760122,TFDP2,0.9999987608558472,0
ZNF248,0.9999987608558472,0.9189831480883155,-0.03356671324665892,-1.3983391568934103,0.001993677926698177,0.9425807402285453,TFIP11,0.9999987608558472,0
TOP1MT,0.9999987608558472,0.919222932161138,-0.0312026603672496,-1.3999387295063648,0.0015692341641093028,0.9543644720877085,TGFBR3,0.9999987608558472,0
NUP155,0.9999987608558472,0.9195045217466569,-0.03417474933916864,-1.401821766563085,0.0023713069899645475,0.9321452570136045,TGS1,0.9999987608558472,0
MARCH8,0.9999987608558472,0.919866245499396,-0.034440800867942815,-1.4042479914136072,0.0032879036261463947,0.9076361947739494,THAP1,0.9999987608558472,0
ZSWIM8.AS1,0.9999987608558472,0.9200576113438668,-0.03443946086976331,-1.4055349081613815,0.0025462232464389632,0.927289822811802,THOC3,0.9999987608558472,0
EIF3M,0.9999987608558472,0.9215076205789238,-0.0304004207082828,-1.4153626169578621,-5.190178186022026e-4,0.9841350734137791,THOC6,0.9999987608558472,0
PCBP2.OT1,0.9999987608558472,0.9219453063282632,-0.02976842058819069,-1.4183561285415192,0.0036253126075172968,0.8982422347227108,THRB,0.9999987608558472,0
EIF3J.AS1,0.9999987608558472,0.9221961860650869,-0.03320479402682195,-1.420077743473721,0.0014555533481553204,0.9571986541670178,THUMPD2,0.9999987608558472,0
BIN3,0.9999987608558472,0.9222957719813363,-0.0298172998402005,-1.4207623013889994,0.0023111664188334843,0.9332270890179472,TIAF1,0.9999987608558472,0
HNRNPH1,0.9999987608558472,0.9229356959173555,-0.032853608773313045,-1.4251771358960392,0.00398292908815477,0.8887119759076667,TIAM1,0.9999987608558472,0
WIPF2,0.9999987608558472,0.9238941170525552,-0.03309999188077446,-1.431841701626595,0.0039049234871572362,0.8903852085756441,TIPARP,0.9999987608558472,0
ANAPC1P1,0.9999987608558472,0.924163153975727,-0.03417306296397677,-1.4337239767282655,0.0012225770971235445,0.9636662733128112,TIRAP,0.9999987608558472,0
SPATA13.AS1,0.9999987608558472,0.9246262867833723,-0.034519558346394294,-1.4369761628234832,0.004150436529482849,0.8838343097834407,TLE6,0.9999987608558472,0
CHD1L,0.9999987608558472,0.9246403984478211,-0.03687492657487897,-1.4370754957942562,0.004020263436206356,0.8871616747421882,TLN2,0.9999987608558472,0
CCDC89,0.9999987608558472,0.9250379649401117,-0.03425500100861273,-1.4398798397169783,0.004243119571787624,0.8813204225830348,TM9SF1,0.9999987608558472,0
DLGAP5,0.9999987608558472,0.9251449557906546,-0.03180970007898114,-1.4406364655984294,0.00317364686643546,0.9091771949551715,TM9SF3,0.9999987608558472,0
CDC6,0.9999987608558472,0.9254627445672464,-0.03283163385411198,-1.4428887044962737,0.0026519615135355864,0.9231973372516774,TM9SF4,0.9999987608558472,0
NUP210,0.9999987608558472,0.9256589478677115,-0.03612457473821841,-1.4442829026685862,0.003817460046409227,0.8920526337599893,TMA16,0.9999987608558472,0
CLOCK,0.9999987608558472,0.9259822441453524,-0.03245129920527839,-1.4465863516263389,0.002831492653444641,0.9181771522292662,TMBIM4,0.9999987608558472,0
RAC1,0.9999987608558472,0.9260985050919069,-0.03984811665830679,-1.4474165767329243,0.004429024461596353,0.8761959652086272,TMC1,0.9999987608558472,0
ZYG11A,0.9999987608558472,0.9266093742472645,-0.030767666294200382,-1.451076595478561,0.003965522410083295,0.8878841408166227,TMCO2,0.9999987608558472,0
FAM208B,0.9999987608558472,0.9267622849333621,-0.037198063864552676,-1.452175881155759,0.0038184553091986564,0.8916562770056587,TMED10P1,0.9999987608558472,0
AIM1L,0.9999987608558472,0.9272396991714656,-0.03462301041154966,-1.4556193872294003,0.004608764978973764,0.8711972733554987,TMED3,0.9999987608558472,0
RBMS1,0.9999987608558472,0.9272423333669608,-0.032379575414727746,-1.4556384351447744,0.0019785530869768386,0.9415807883118631,TMED5,0.9999987608558472,0
GPC1,0.9999987608558472,0.9278156985290995,-0.03340176525496819,-1.4597970791893586,0.004189547560944134,0.8816614241394425,TMED6,0.9999987608558472,0
GIMAP1,0.9999987608558472,0.9278186283599794,-0.03440816217033954,-1.459818394286369,0.004289462206293157,0.8790920133166071,TMEFF1,0.9999987608558472,0
DNAJA3,0.9999987608558472,0.9279763595075778,-0.03360690733265261,-1.4609668997529157,0.004057126458292392,0.8850245340899159,TMEM11,0.9999987608558472,0
MYL1,0.9999987608558472,0.928537921449692,-0.033642784809273504,-1.4650715882582763,0.003045861765166147,0.9116868334322143,TMEM132A,0.9999987608558472,0
SNX18,0.9999987608558472,0.9288479373392049,-0.03438728206969714,-1.4673482371834006,0.004381229879120422,0.8763424056289344,TMEM174,0.9999987608558472,0
SFT2D1,0.9999987608558472,0.9294688730482499,-0.03793194838628188,-1.4719311834692566,0.00407909981944258,0.8839125125593634,TMEM204,0.9999987608558472,0
TFDP2,0.9999987608558472,0.9295784956618204,-0.030718789127138334,-1.4727434937008665,0.0028342420340630617,0.9171970927178732,TMEM215,0.9999987608558472,0
FXYD6,0.9999987608558472,0.9308336010371182,-0.033399349798863213,-1.482113956088653,0.0034068222589985334,0.9012597111445333,TMEM231,0.9999987608558472,0
EMC6,0.9999987608558472,0.9309285894615549,-0.03164481510012569,-1.4828284426680904,0.0047848749574692295,0.8651981012732894,TMEM249,0.9999987608558472,0
SUMO1,0.9999987608558472,0.9309293591915742,-0.03437193563190698,-1.4828342355370348,0.004103084669980641,0.8827504911257682,TMEM30B,0.9999987608558472,0
RPS6KB2,0.9999987608558472,0.9311556509749793,-0.036724284114600804,-1.4845394344176461,0.004441500670970317,0.8738807848716842,TMEM44,0.9999987608558472,0
REV3L,0.9999987608558472,0.931617410015644,-0.03609535188531697,-1.4880324258704978,0.005273882923344103,0.8526063186722505,TMEM50B,0.9999987608558472,0
PWP2,0.9999987608558472,0.9321341133010576,-0.03365939230885362,-1.491962691002244,0.0065392305959613055,0.8217213832580105,TMEM59L,0.9999987608558472,0
SNX1,0.9999987608558472,0.9324244097064454,-0.034451411567736345,-1.4941809576082004,0.0044103070523744,0.8741778080231688,TMEM67,0.9999987608558472,0
MYOC,0.9999987608558472,0.9326793596240788,-0.03678185604738629,-1.4961352097952905,0.005726983816066421,0.8409039187888073,TMEM87B,0.9999987608558472,0
SMARCD1,0.9999987608558472,0.9339294158371402,-0.03573930992822106,-1.5058008999817774,0.0043565442231993205,0.8749747265631999,TMIE,0.9999987608558472,0
FAM169A,0.9999987608558472,0.9346228899782051,-0.03474526774362584,-1.5112242161385019,0.004043722368557499,0.8829437900515623,TMPO.AS1,0.9999987608558472,0
FBXO3,0.9999987608558472,0.9361858786088649,-0.03602780158275832,-1.5236132946104246,0.005775260839434569,0.83787020277798,TMSB15A,0.9999987608558472,0
PTPRCAP,0.9999987608558472,0.9363231905135728,-0.037585577973909816,-1.5247129307253973,0.004061273938581663,0.8818397649213702,TMSB4Y,0.9999987608558472,0
MTMR2,0.9999987608558472,0.9379109864162773,-0.03641075533555949,-1.5375645851404312,0.005444288757114145,0.8452363373670693,TMX1,0.9999987608558472,0
POLR2H,0.9999987608558472,0.938004931788186,-0.03600182134769459,-1.5383329753234798,0.004212157512785954,0.877163151652894,TMX4,0.9999987608558472,0
AKNAD1,0.9999987608558472,0.9382099893202952,-0.03859877744943625,-1.5400133267465093,0.0064440741049882405,0.8203730404134731,TNFRSF10C,0.9999987608558472,0
PPP1R12B,0.9999987608558472,0.9382699512911419,-0.04097635265096808,-1.5405055098029852,0.006127497963892009,0.8280441610695605,TNIP2,0.9999987608558472,0
SLC30A6,0.9999987608558472,0.9383312829917093,-0.036403511495783254,-1.5410093222709385,0.006944931740505329,0.8083274086513177,TNKS2.AS1,0.9999987608558472,0
SIL1,0.9999987608558472,0.9397158802219049,-0.03788710634677301,-1.552488762026037,0.006250219351443101,0.8241921542119607,TNPO2,0.9999987608558472,0
RCCD1,0.9999987608558472,0.9401700203631396,-0.03407124110056912,-1.5562988725772409,0.004924341606105106,0.8574635028360115,TNR,0.9999987608558472,0
ACTR1B,0.9999987608558472,0.9401993128926722,-0.03754017488886254,-1.5565454055054353,0.006994198213418793,0.8059369247192268,TNRC6B,0.9999987608558472,0
CDC14A,0.9999987608558472,0.9402292363047507,-0.03523069811490761,-1.5567973458026716,0.005902854514558716,0.8324872355153464,TOMM20L,0.9999987608558472,0
CCNDBP1,0.9999987608558472,0.9402570446793361,-0.03462862156612347,-1.5570315671423762,0.006078213432321936,0.8281138035876294,TOP1MT,0.9999987608558472,0
UGT1A1,0.9999987608558472,0.9403432498976001,-0.039429094148171535,-1.5577581903389381,0.00563974991125615,0.8390283853443853,TOP3A,0.9999987608558472,0
CCNI2,0.9999987608558472,0.94046767688948,-0.03549020342329206,-1.5588084369951145,0.005093640870974715,0.8529260091828716,TOPORS,0.9999987608558472,0
SMCO2,0.9999987608558472,0.9409832319006189,-0.04174770396904768,-1.5631784905492492,0.006577120518727936,0.8154460461917636,TOR1AIP1,0.9999987608558472,0
AP1B1P1,0.9999987608558472,0.9411442956229684,-0.03816138643825119,-1.5645498700688294,0.00680506606534341,0.8098368132307346,TP53,0.9999987608558472,0
ELF5,0.9999987608558472,0.9423875323452977,-0.03868070733541109,-1.5752358110455529,0.007391966149447818,0.7950362578975465,TP53I11,0.9999987608558472,0
LRR1,0.9999987608558472,0.9431381676131657,-0.03925503963526051,-1.5817758079520348,0.007325343280452383,0.7960763054086034,TPD52L3,0.9999987608558472,0
ALDOB,0.9999987608558472,0.9436802907633087,-0.035829835615882606,-1.5865415312470639,0.0016387987350480477,0.9487930325207828,TPI1P2,0.9999987608558472,0
AANAT,0.9999987608558472,0.9437107161000602,-0.040205559727754185,-1.5868100655869182,0.007907401130557136,0.7820451620012536,TPM3P9,0.9999987608558472,0
CTDSP2,0.9999987608558472,0.9444566204813136,-0.04071905440740792,-1.5934295155010765,0.007450383357025658,0.792174486520313,TPPP,0.9999987608558472,0
STK25,0.9999987608558472,0.9450197317843836,-0.03533078557291628,-1.5984734294272835,0.007900521427576544,0.7812005426457147,TPRA1,0.9999987608558472,0
ACAD11,0.9999987608558472,0.9453740414907519,-0.035461482287622866,-1.6016680211821175,0.007941792765498324,0.7799677239432797,TPT1.AS1,0.9999987608558472,0
BSG,0.9999987608558472,0.9458215932323049,-0.038271509009976494,-1.605726825902783,0.007168557033852966,0.7979230409334496,TRA2B,0.9999987608558472,0
TPD52L3,0.9999987608558472,0.9458450252222421,-0.03972407056744763,-1.6059400582332204,0.0068951906885696785,0.8045301336028832,TRABD,0.9999987608558472,0
DENND5B,0.9999987608558472,0.9459783341967589,-0.03653380939786141,-1.6071545683553263,0.007134496341592505,0.7986342506879391,TRAF3IP1,0.9999987608558472,0
VRTN,0.9999987608558472,0.9462766971663717,-0.03168422910484892,-1.6098814240807204,0.0014447904785886258,0.9543244895141161,TRAFD1,0.9999987608558472,0
DIABLO,0.9999987608558472,0.9465491781254306,-0.04060258517407163,-1.6123822338147267,0.006824968639838698,0.8057708465831485,TRAM1L1,0.9999987608558472,0
SCAI,0.9999987608558472,0.9470148303178814,-0.03979020676257097,-1.616679441324185,0.006500825752783125,0.8134782600024653,TRAPPC10,0.9999987608558472,0
KY,0.9999987608558472,0.9474821672782625,-0.042046055652791965,-1.6210224195906684,0.00754603021674158,0.7876658931827281,TRAPPC11,0.9999987608558472,0
HBQ1,0.9999987608558472,0.9476698046642387,-0.03632910253411739,-1.6227747734670759,0.008376524408069543,0.76807775764824,TRAPPC12,0.9999987608558472,0
C7orf31,0.9999987608558472,0.949184395398824,-0.03876860058019534,-1.637105538073839,0.008165087117891667,0.7717202495170026,TRAPPC3L,0.9999987608558472,0
VPS51,0.9999987608558472,0.9493540253622035,-0.03818941012265392,-1.6387316242914711,0.00900529238052282,0.7523216401256952,TRAPPC9,0.9999987608558472,0
PRR11,0.9999987608558472,0.9494296518903182,-0.034841207310341495,-1.6394579846258064,0.003900767137828442,0.88116550223509,TRIM23,0.9999987608558472,0
YIPF4,0.9999987608558472,0.9495578044837556,-0.038045865976374375,-1.640690813430961,0.0071995168738708945,0.7944841595981704,TRIM27,0.9999987608558472,0
AP2S1,0.9999987608558472,0.9503046388345215,-0.03774520488623428,-1.647925457991123,0.0076482969524676835,0.7830556411806114,TRIM29,0.9999987608558472,0
ENOSF1,0.9999987608558472,0.9503104891589051,-0.036912091316951355,-1.6479824718682587,0.007663255009939666,0.7826915548697665,TRIM34,0.9999987608558472,0
ARHGEF10,0.9999987608558472,0.9503463110278818,-0.04375893014507532,-1.6483316879421965,0.008286699721983213,0.7679143463657762,TRIM39,0.9999987608558472,0
NOP14.AS1,0.9999987608558472,0.9513037183269831,-0.036364711134783526,-1.6577405483352758,0.00784121682569743,0.777642362369874,TRIM45,0.9999987608558472,0
CTCFL,0.9999987608558472,0.9514778806775704,-0.03893231470875905,-1.659467979987139,0.008270353934616033,0.7673356200498104,TRIP13,0.9999987608558472,0
FAM135A,0.9999987608558472,0.9515365542165102,-0.038837472589701515,-1.660051050798056,0.008714469004384244,0.7569715579166831,TRPC5,0.9999987608558472,0
MKRN2,0.9999987608558472,0.9515787081406816,-0.036327385747487694,-1.660470305837179,0.008597759011773906,0.7596247464662579,TRPM8,0.9999987608558472,0
MDK,0.9999987608558472,0.9529579359315434,-0.04024080317125157,-1.674351800838376,0.007160880197576814,0.7929124621731731,TRPV3,0.9999987608558472,0
SS18L1,0.9999987608558472,0.9531540946896021,-0.036169310636884444,-1.6763524801604626,0.0076200045674047565,0.7814854811789307,TSNARE1,0.9999987608558472,0
MYO1H,0.9999987608558472,0.9533055528312264,-0.039165103842066236,-1.6779018477658219,0.007859957025178279,0.7755569730705755,TSPAN15,0.9999987608558472,0
QRICH2,0.9999987608558472,0.9535055922506234,-0.04218714031363608,-1.6799543784431,0.009139642064992641,0.7454283869868135,TSR2,0.9999987608558472,0
ABCF2,0.9999987608558472,0.9535925629254063,-0.036822281694607446,-1.680848963824083,0.01040333829981696,0.7173949297022957,TTC18,0.9999987608558472,0
GPIHBP1,0.9999987608558472,0.9537694109938787,-0.03658172164133379,-1.6826721926555497,0.008212233752204505,0.7667424511300418,TUBB1,0.9999987608558472,0
NENF,0.9999987608558472,0.9538108326020396,-0.04171097027389123,-1.6831000412950545,0.009463941923673856,0.7378001744295863,TUBGCP3,0.9999987608558472,0
RFC2,0.9999987608558472,0.9540971869527131,-0.04218767697692347,-1.6860662894274887,0.008751659888943306,0.7537853545106828,TUBGCP4,0.9999987608558472,0
MLH1,0.9999987608558472,0.9542911686119134,-0.0405388270793204,-1.6880841391491874,0.009114028404177568,0.7452565801179281,TULP1,0.9999987608558472,0
POLR2C,0.9999987608558472,0.9545972993361781,-0.03952087146847148,-1.691282644348039,0.007581654943181415,0.7812595780337664,TXLNB,0.9999987608558472,0
ACAP3,0.9999987608558472,0.9546301100099104,-0.043937340026025486,-1.691626483920309,0.008230792589830853,0.7655489471086488,TXNDC11,0.9999987608558472,0
CLIC2,0.9999987608558472,0.9552069399127108,-0.042352572548894386,-1.697704303297446,0.007998956847452153,0.7706072799485238,TXNDC15,0.9999987608558472,0
UFSP1,0.9999987608558472,0.9563893872566354,-0.04267770473146999,-1.71036304625011,0.009696086380721104,0.7299726222926444,TYMP,0.9999987608558472,0
SUPT20H,0.9999987608558472,0.9567885227173927,-0.0419746433512732,-1.7146985249536997,0.010278325814904522,0.716626907981646,U2AF1L4,0.9999987608558472,0
CTNNBIP1,0.9999987608558472,0.9569142520087497,-0.037088368131535356,-1.7160709159682097,0.008671631282294881,0.7530342974853,U2SURP,0.9999987608558472,0
OSBP,0.9999987608558472,0.9570751419245043,-0.043430525866928645,-1.7178318280582385,0.009215315990726877,0.7402055703862098,UACA,0.9999987608558472,0
GORAB,0.9999987608558472,0.958031190199911,-0.04489577453922638,-1.7284071043530365,0.01178664597964272,0.683123189140022,UBA2,0.9999987608558472,0
PCBP1.AS1,0.9999987608558472,0.9583356175302519,-0.03901634323511437,-1.7318154310933436,0.008881778704334741,0.7467202859179874,UBA3,0.9999987608558472,0
BTG2,0.9999987608558472,0.9586762931902519,-0.038363065675430075,-1.7356535944501112,0.00984437327243609,0.7242100222014541,UBA5,0.9999987608558472,0
SNX7,0.9999987608558472,0.9587772207879175,-0.042958501102901295,-1.7367956014300838,0.00879947587174187,0.7482284778665613,UBA6,0.9999987608558472,0
CDK14,0.9999987608558472,0.9598006268594012,-0.039945785018990064,-1.7485055628174198,0.010675481479464016,0.7045044452285556,UBAC2.AS1,0.9999987608558472,0
MPHOSPH9,0.9999987608558472,0.9600064779962757,-0.041845598115418776,-1.7508901275185642,0.011459269745593775,0.6874440720770701,UBAP1L,0.9999987608558472,0
UBQLN1,0.9999987608558472,0.9602137602155079,-0.041395061997060396,-1.7533013705742329,0.009297316076813562,0.7350996790368504,UBASH3A,0.9999987608558472,0
HSPA1A,0.9999987608558472,0.961868371531847,-0.039605987666944974,-1.7729245245101894,0.010653279995757093,0.7025176364034686,UBC,0.9999987608558472,0
GTF3C2,0.9999987608558472,0.961905507429185,-0.03971259161125912,-1.773372842921254,0.011383018866348849,0.6866392982307714,UBE2D3,0.9999987608558472,0
XPO6,0.9999987608558472,0.9619380800546808,-0.040086898921099186,-1.7737663654002886,0.01069117712588964,0.7015978972544468,UBE2D4,0.9999987608558472,0
UACA,0.9999987608558472,0.9619692548732792,-0.046673765424489214,-1.7741432578243128,0.01107953712747406,0.6930798554234425,UBE2E2,0.9999987608558472,0
PITPNA.AS1,0.9999987608558472,0.9619867316817836,-0.036588642583818165,-1.7743546564710535,0.009827661644171745,0.7209368640186361,UBE2G2,0.9999987608558472,0
COG3,0.9999987608558472,0.9623500263567342,-0.03828740550187486,-1.7787671154527125,0.010339939568987763,0.7089073427354986,UBE2H,0.9999987608558472,0
RPN2,0.9999987608558472,0.9624478368507947,-0.04088672762543726,-1.7799610265032926,0.010868376018238864,0.6970778493450034,UBE2I,0.9999987608558472,0
MAFA,0.9999987608558472,0.9624855461598822,-0.04585177413319455,-1.7804219985714242,0.010243970875403923,0.7109028421507206,UBE2J1,0.9999987608558472,0
XPO4,0.9999987608558472,0.9631449755785865,-0.042474000326537746,-1.788544942603169,0.010517862729574962,0.7039716662725983,UBE2L3,0.9999987608558472,0
UBL7.AS1,0.9999987608558472,0.9640164399311225,-0.04066959914171205,-1.7994641178356705,0.011917431144745846,0.6725072726778354,UBE2L6,0.9999987608558472,0
RBM34,0.9999987608558472,0.9649425879196551,-0.043137223140895284,-1.8113085486984573,0.011286488805535582,0.6847456800843054,UBE2NL,0.9999987608558472,0
NAP1L2,0.9999987608558472,0.9654710334673553,-0.04213938211211019,-1.8181822999369779,0.011844553246663328,0.6720249964730964,UBE2Q1,0.9999987608558472,0
GABARAPL3,0.9999987608558472,0.9655706844877809,-0.04264256468996104,-1.819488181001254,0.011489741466592266,0.6794919534018595,UBE2Q2,0.9999987608558472,0
KIAA0391,0.9999987608558472,0.9656101404955177,-0.04508379167241557,-1.8200060923772359,0.011321704584048749,0.6830853690391187,UBE3A,0.9999987608558472,0
EIF2AK1,0.9999987608558472,0.9656395916092775,-0.041190427704149726,-1.8203929949014523,0.011043639249059028,0.6891419466190278,UBE3B,0.9999987608558472,0
DGCR5,0.9999987608558472,0.9656499673520611,-0.04398579123033211,-1.8205293671017209,0.013202426267298187,0.643767462801307,UBE3C,0.9999987608558472,0
ABCF3,0.9999987608558472,0.9657364405581106,-0.038952118846877534,-1.8216672350893988,0.012246401614585416,0.6631777736853068,UBE3D,0.9999987608558472,0
RAB6A,0.9999987608558472,0.9660909296613116,-0.048748058069627544,-1.8263566446939412,0.01193280163306559,0.6692721733133682,UBE4B,0.9999987608558472,0
PHKA2.AS1,0.9999987608558472,0.9662339537729171,-0.03952251481137104,-1.8282600817390564,0.005310325047243509,0.8327129076806368,UBFD1,0.9999987608558472,0
CLTCL1,0.9999987608558472,0.9670433351807426,-0.048571348324541803,-1.8391585463996833,0.012664440377318233,0.6525559360501758,UBL7.AS1,0.9999987608558472,0
CSE1L,0.9999987608558472,0.9676885474117922,-0.0513974165779807,-1.848005597606224,0.013729198699972191,0.6300574503689198,UBN2,0.9999987608558472,0
PDCD4.AS1,0.9999987608558472,0.9678380206048256,-0.0423731763081736,-1.8500759235174287,0.010926157968196862,0.6888159809212981,UBQLN1,0.9999987608558472,0
KDM5B,0.9999987608558472,0.9683792270605982,-0.04498368533940407,-1.8576391727732748,0.012906360252095168,0.6455030064189902,UBQLN2,0.9999987608558472,0
INTS12,0.9999987608558472,0.9684868898052432,-0.039090584751889056,-1.8591564767911537,0.013519458499560473,0.6329050412849266,UBR7,0.9999987608558472,0
MAN2C1,0.9999987608558472,0.9687195304298228,-0.04080479701971391,-1.8624498015205369,0.010680556384035873,0.693178309368178,UBXN10,0.9999987608558472,0
SLC25A30,0.9999987608558472,0.9689666666678014,-0.04096723449219887,-1.8659705966694038,0.01274223967186921,0.6479626325074387,UBXN6,0.9999987608558472,0
PUM1,0.9999987608558472,0.9696039333717996,-0.049732600258612994,-1.8751576101932235,0.013292769923315932,0.6356264719456579,UFD1L,0.9999987608558472,0
COPS4,0.9999987608558472,0.9700103585567091,-0.041614717378667024,-1.881100433289422,0.012541529466535325,0.6505100801633619,UFL1,0.9999987608558472,0
MAP3K5,0.9999987608558472,0.9701763298479162,-0.04260487091699426,-1.8835465149181072,0.014289657016740896,0.6148210963958797,UFSP1,0.9999987608558472,0
MAPK15,0.9999987608558472,0.9704880154041662,-0.04419654401016878,-1.8881708156955093,0.01400959678874218,0.6197595346859698,UGGT2,0.9999987608558472,0
CCNL1,0.9999987608558472,0.9706471484727265,-0.04245285363287646,-1.8905474350450402,0.013411231968564988,0.6314669003246021,UGT1A1,0.9999987608558472,0
TOP3A,0.9999987608558472,0.9711235322817686,-0.0507290331641022,-1.8977266793703844,0.014397321139570719,0.611019880636114,UNC45A,0.9999987608558472,0
PDHX,0.9999987608558472,0.9711721647971867,-0.04301967395949126,-1.8984651109215123,0.014493271668734065,0.609067638513741,UNC45B,0.9999987608558472,0
ERBB3,0.9999987608558472,0.9712543176051531,-0.05102787549639838,-1.8997148674085231,0.0120140124329764,0.659827951882118,UPF2,0.9999987608558472,0
ENTHD1,0.9999987608558472,0.9713187199970281,-0.044947225497674964,-1.9006966726935273,0.009928839808110358,0.7072393878922856,UPF3A,0.9999987608558472,0
CUL5,0.9999987608558472,0.9713769303279973,-0.0491788124336287,-1.9015856597212246,0.013742478224104411,0.6235129073602268,UQCRBP1,0.9999987608558472,0
AREG,0.9999987608558472,0.9724141631707368,-0.04512557050616633,-1.9176841996763916,0.014419880281767513,0.6081973182646565,UQCRFS1,0.9999987608558472,0
PRRC2C,0.9999987608558472,0.9737660277274522,-0.048054161123062544,-1.9394415007285446,0.015121031790349255,0.5920264045675854,URM1,0.9999987608558472,0
TMEFF1,0.9999987608558472,0.9739449078506555,-0.04657164234663746,-1.9423902258670305,0.014657211085773073,0.600629227771617,UROC1,0.9999987608558472,0
DERL2,0.9999987608558472,0.974012344779464,-0.04432218761348286,-1.9435062769551623,0.014442653045772493,0.604703728686408,USP11,0.9999987608558472,0
RPP14,0.9999987608558472,0.9745727926674685,-0.04000283261870664,-1.952876424196857,0.011868645942246207,0.6576957380988011,USP2,0.9999987608558472,0
ASB7,0.9999987608558472,0.9746730183434089,-0.04661446987422545,-1.9545702967487428,0.0161061816407248,0.5717138593734937,USP24,0.9999987608558472,0
NFKB2,0.9999987608558472,0.9752760157224138,-0.04166169318440001,-1.9648815569991513,0.015401355270953277,0.5835955251926968,USP26,0.9999987608558472,0
MAPRE2,0.9999987608558472,0.9756226452156668,-0.04998247336830546,-1.970904788926898,0.017045562992833788,0.5527134493212646,USP34,0.9999987608558472,0
SMAD5,0.9999987608558472,0.9764748572434391,-0.04800569845082626,-1.9860250407552313,0.015578887867028978,0.577661987774648,USP4,0.9999987608558472,0
TUBB1,0.9999987608558472,0.976785738908444,-0.040316028689767525,-1.9916556221898913,0.005615521494824964,0.8161417850815795,USP40,0.9999987608558472,0
SMARCD3,0.9999987608558472,0.9780661109695563,-0.046356241108816316,-2.0155367421730137,0.01741601448771401,0.5403855104460717,USP48,0.9999987608558472,0
ARPC3,0.9999987608558472,0.9782318481405597,-0.04605242740134164,-2.018713457526565,0.01562577002935372,0.5728569419978217,USP49,0.9999987608558472,0
MED25,0.9999987608558472,0.978387566479973,-0.048473608256749366,-2.0217168122121287,0.01688343087707288,0.5490982038217531,USP50,0.9999987608558472,0
POGLUT1,0.9999987608558472,0.9786701308276984,-0.04427997450769389,-2.027213676721517,0.01784250534187597,0.5314282048601976,USP8,0.9999987608558472,0
SMEK2,0.9999987608558472,0.9787434752542276,-0.05299085322387329,-2.0286505431685646,0.017945283997453668,0.5294638274410697,VAMP3,0.9999987608558472,0
DNM3,0.9999987608558472,0.9789808944154709,-0.05386845085144876,-2.033330685255904,0.017497106774948545,0.5366697270038172,VAPB,0.9999987608558472,0
TMA16,0.9999987608558472,0.9791629499067868,-0.05027715248131764,-2.0369498692177705,0.016672112515845074,0.5510440455883319,VAV2,0.9999987608558472,0
TMED10P1,0.9999987608558472,0.9792655191490578,-0.04849543650238166,-2.039000707550453,0.017512132619266735,0.5356773033798641,VCPIP1,0.9999987608558472,0
PSMA8,0.9999987608558472,0.9793946556021067,-0.05283611419974704,-2.0415950024942795,0.01648569834888838,0.5539063519989949,VDR,0.9999987608558472,0
COLGALT2,0.9999987608558472,0.9794264944388397,-0.04828632314809544,-2.0422367467646105,0.01764556918415608,0.5329158126850604,VEZT,0.9999987608558472,0
HADHB,0.9999987608558472,0.9806642315926299,-0.049412115875526776,-2.067862499986546,0.01757086325905879,0.5309835013165595,VHLL,0.9999987608558472,0
WDR11,0.9999987608558472,0.9814008648399577,-0.0467645183192079,-2.083782820520678,0.018970845559180848,0.5048364151263353,VIM.AS1,0.9999987608558472,0
LRRC42,0.9999987608558472,0.9823510752578715,-0.04772833304648792,-2.105131860386794,0.014360587233344794,0.5884965434553383,VPS13A,0.9999987608558472,0
TRABD,0.9999987608558472,0.9827083205358629,-0.04520665895424321,-2.11341259376702,0.01875139541795811,0.5046932709980242,VPS28,0.9999987608558472,0
GAPDHS,0.9999987608558472,0.9828855492662856,-0.05042180382344313,-2.1175750131967708,0.015894315743396222,0.5562441904900722,VPS37A,0.9999987608558472,0
QDPR,0.9999987608558472,0.9831573921378375,-0.05062307243250825,-2.12403172125813,0.016872848043282936,0.5368478310426783,VPS41,0.9999987608558472,0
SF3B1,0.9999987608558472,0.9831922839570757,-0.04616581729682242,-2.124866900227462,0.015381896108055237,0.5655466286715578,VPS4B,0.9999987608558472,0
MAN2B2,0.9999987608558472,0.983369293907856,-0.052782209674198693,-2.1291268432259796,0.018300696376660257,0.5104715001373117,VPS51,0.9999987608558472,0
RBM23,0.9999987608558472,0.9834074275351394,-0.04609603086060036,-2.1300496482198823,0.019053284910832132,0.49745325138782825,VRTN,0.9999987608558472,0
SCAF8,0.9999987608558472,0.9836331335476448,-0.05060927927304159,-2.135549036434843,0.01975771268345582,0.48506211321219495,VTN,0.9999987608558472,0
DYRK1B,0.9999987608558472,0.9841398809135407,-0.05097216946842449,-2.1481367457437957,0.01883155773670259,0.49892719379551775,WAC.AS1,0.9999987608558472,0
CAP1,0.9999987608558472,0.9842887399281047,-0.05878341965260786,-2.151899942737052,0.019267760116786957,0.4910590506526858,WARS,0.9999987608558472,0
SMUG1,0.9999987608558472,0.9849681488121488,-0.05020953588212572,-2.1694742164260514,0.019240715274515745,0.48929410949767715,WASF1,0.9999987608558472,0
ELOVL2,0.9999987608558472,0.9850587666684584,-0.05077980239492671,-2.1718695648194086,0.019548466113821193,0.48383438611476,WASF3,0.9999987608558472,0
PRRG1,0.9999987608558472,0.9861228080141504,-0.05839117201313299,-2.200973592937642,0.019705616393829353,0.47756223744664156,WBP11P1,0.9999987608558472,0
GART,0.9999987608558472,0.9862313542160092,-0.051148881112725246,-2.204049667004062,0.017107407097056302,0.5232571894690082,WBP2NL,0.9999987608558472,0
BSN,0.9999987608558472,0.9869937728357887,-0.0530945386647236,-2.226265840582418,0.019797416467910577,0.4728944205371423,WDR11,0.9999987608558472,0
ATXN3,0.9999987608558472,0.9870506347362216,-0.0549472529987836,-2.227967467730107,0.019666035527450443,0.4748830343901418,WDR27,0.9999987608558472,0
RNF115,0.9999987608558472,0.9870999663391706,-0.04876513074361675,-2.229448988791992,0.021967471121818783,0.43808395663440336,WDR34,0.9999987608558472,0
LMAN2L,0.9999987608558472,0.9871811103778348,-0.053916934986590496,-2.231896590624015,0.01799972627064555,0.5035450906338185,WDR38,0.9999987608558472,0
PROSER2,0.9999987608558472,0.9871983892906023,-0.049444614474172144,-2.232419516238034,0.015439749177157536,0.5529957204135976,WDR46,0.9999987608558472,0
EIF4A3,0.9999987608558472,0.9874488614821351,-0.05380872684268627,-2.240069184415342,0.022010479628886543,0.4360466277853345,WDR47,0.9999987608558472,0
EIF4A1,0.9999987608558472,0.9877119173679703,-0.05354963295284472,-2.2482468145115413,0.02279146444046123,0.42341171873591077,WDR49,0.9999987608558472,0
GNAL,0.9999987608558472,0.9878858060744564,-0.058637234844318244,-2.253736175133419,0.022430592526914327,0.42798380931200236,WDR52,0.9999987608558472,0
HNRNPU.AS1,0.9999987608558472,0.9879134201470379,-0.0577959531625929,-2.254614179419328,0.02172361631081762,0.43851904261747915,WDR62,0.9999987608558472,0
CNTROB,0.9999987608558472,0.9880445783346818,-0.053917297670409585,-2.258808327447395,0.02040363369389672,0.4588666005455147,WDR83,0.9999987608558472,0
TRIM34,0.9999987608558472,0.9880494762391789,-0.05691593235538669,-2.2589657231171616,0.021345432031282953,0.4438130014887074,WDR86,0.9999987608558472,0
CAND1,0.9999987608558472,0.9885305702515785,-0.055802326258529884,-2.2747056635974396,0.021946772881180816,0.43253870594674915,WDYHV1,0.9999987608558472,0
KTN1.AS1,0.9999987608558472,0.9886749129421808,-0.06156271980589769,-2.279539946063319,0.02277097364265482,0.4196065468139645,WHSC1L1,0.9999987608558472,0
ATP2A3,0.9999987608558472,0.9893696386256813,-0.05328083605122796,-2.30358517276653,0.02219324754601389,0.4251367041556599,WI2.2373I1.2,0.9999987608558472,0
E2F5,0.9999987608558472,0.9893848712926291,-0.059931490130124436,-2.3041275480208014,0.02345900314802412,0.4064660361010714,WIPF2,0.9999987608558472,0
GTF3C4,0.9999987608558472,0.9895006576300918,-0.053954504633064906,-2.3082725559279225,0.023910975223621903,0.3995601849103928,WISP1,0.9999987608558472,0
NUP62CL,0.9999987608558472,0.9896623678862193,-0.053912063951432165,-2.3141287650687548,0.023424756637161752,0.40566564650733294,WNK2,0.9999987608558472,0
APELA,0.9999987608558472,0.9903508551128399,-0.05801792840479904,-2.3399926112344254,0.02082418494965294,0.4421738536188923,WSB1,0.9999987608558472,0
DLG1.AS1,0.9999987608558472,0.9904190709762886,-0.0606704200105198,-2.3426422288558317,0.023836909348892696,0.39614684747864154,WTAPP1,0.9999987608558472,0
ENO1.AS1,0.9999987608558472,0.9907603890243184,-0.05334130066804157,-2.3561526900934697,0.022841038782408625,0.4088598670872846,WWTR1,0.9999987608558472,0
SASH1,0.9999987608558472,0.9907808581429012,-0.05079338322361001,-2.3569767269556734,0.023374042807626866,0.40093464559410974,XPNPEP2,0.9999987608558472,0
PEG10,0.9999987608558472,0.9909237783005034,-0.05344886497480827,-2.362775398440786,0.0251149756235082,0.3760476002916996,XPO4,0.9999987608558472,0
SHMT1,0.9999987608558472,0.9911269401130839,-0.06455004470924723,-2.37115743008486,0.026657907121558858,0.3551568281570219,XPO6,0.9999987608558472,0
TMED5,0.9999987608558472,0.9916554631302008,-0.05534147159418951,-2.3937786256215077,0.02429348444662024,0.3832883877806123,XPO7,0.9999987608558472,0
CNOT8,0.9999987608558472,0.9917014728183571,-0.060486531876463925,-2.395806891091118,0.023873853845745106,0.3889492232681383,XPOT,0.9999987608558472,0
SENP7,0.9999987608558472,0.9919612419158979,-0.056737968397143554,-2.407447276604886,0.02340114429407671,0.39433553844360464,XPR1,0.9999987608558472,0
HEXA.AS1,0.9999987608558472,0.9919830142403452,-0.05246616382456613,-2.408437857127198,0.023776876257119956,0.3887831176906746,XRCC6,0.9999987608558472,0
PAPOLB,0.9999987608558472,0.9923211030821257,-0.0619815728330497,-2.424131738349003,0.026917627706439164,0.3450517435230339,XRCC6BP1,0.9999987608558472,0
LDHAL6A,0.9999987608558472,0.9925574053849138,-0.0563424966952727,-2.4354660113531272,0.024444266679538015,0.3760420461863876,XRRA1,0.9999987608558472,0
STAT4,0.9999987608558472,0.9930376238166655,-0.055336331711550925,-2.459512561301714,0.02511165860157329,0.3639640024664878,YARS2,0.9999987608558472,0
PPP2CB,0.9999987608558472,0.9932072104910761,-0.05887779252377469,-2.4683552125160775,0.025888071516463093,0.3525510377154126,YBX2,0.9999987608558472,0
PTBP2,0.9999987608558472,0.993247341463134,-0.0628397069202691,-2.4704762460817866,0.027217056715437525,0.3355128988487174,YEATS4,0.9999987608558472,0
ETFA,0.9999987608558472,0.993344641651865,-0.061911477950522494,-2.475665451523962,0.023772209813808,0.3808086925017153,YIPF4,0.9999987608558472,0
PSMD3,0.9999987608558472,0.9938386116730491,-0.055499645162137325,-2.5030929764102363,0.026565747009584684,0.3396120865175883,YLPM1,0.9999987608558472,0
SRPRB,0.9999987608558472,0.9938748094577655,-0.04999164496506007,-2.5051785868614806,0.025478007304577027,0.3535545467339885,YME1L1,0.9999987608558472,0
PPP1R26,0.9999987608558472,0.9939404022946384,-0.0559725018052225,-2.5089858390474298,0.027437721220006026,0.3280701067251451,YOD1,0.9999987608558472,0
OAZ2,0.9999987608558472,0.9940287610372839,-0.06159824106773009,-2.51417267494786,0.026654188245659446,0.33715889045926833,YTHDC2,0.9999987608558472,0
LARS2,0.9999987608558472,0.9944925874667849,-0.061351107228064,-2.5425717163495225,0.027902117069302075,0.3184068388621853,YTHDF2,0.9999987608558472,0
PSMB8,0.9999987608558472,0.994771614244705,-0.060574859486288046,-2.5606972455637442,0.028677637790901527,0.30714001720714096,YTHDF3,0.9999987608558472,0
FLII,0.9999987608558472,0.9947743815514455,-0.059185170442360754,-2.5608812778169474,0.027725671030879903,0.3183419800018794,YTHDF3.AS1,0.9999987608558472,0
ARIH2OS,0.9999987608558472,0.9948075770354914,-0.05950914417195556,-2.5630956397385942,0.02909226061660379,0.30212787323248436,YWHAE,0.9999987608558472,0
XPR1,0.9999987608558472,0.9948881065749902,-0.0609163368853806,-2.5685203132327166,0.026173145800309886,0.33695448407209,YWHAZ,0.9999987608558472,0
HSPB1,0.9999987608558472,0.9952230395603809,-0.05971593888818578,-2.5919317500909282,0.02833462150022745,0.30744073775530056,YY1,0.9999987608558472,0
SASS6,0.9999987608558472,0.9954869236334976,-0.05796498602129953,-2.611431653568757,0.02953214921686484,0.2914778034393976,YY1AP1,0.9999987608558472,0
PHGDH,0.9999987608558472,0.9956829857718683,-0.06058746014071795,-2.626590482773118,0.03029533202857851,0.2814059135506381,YY1P2,0.9999987608558472,0
CCDC94,0.9999987608558472,0.9957720703392183,-0.061622552088672546,-2.633682489363017,0.028125356415431943,0.30511525020599234,ZBTB11.AS1,0.9999987608558472,0
UBR7,0.9999987608558472,0.9960749510931923,-0.06930433028768963,-2.6588384674892196,0.030996591637879753,0.27030048191338024,ZC3H12A,0.9999987608558472,0
YY1,0.9999987608558472,0.9962898136990204,-0.0650881708065521,-2.677761144747835,0.032692252062855726,0.25131944856862665,ZC3H18,0.9999987608558472,0
UBA3,0.9999987608558472,0.9964268974702315,-0.06411239984275136,-2.6903543449376772,0.0317316151694799,0.25925805583273265,ZC3H3,0.9999987608558472,0
HECTD2,0.9999987608558472,0.9969409326956709,-0.07175293623432855,-2.741804656799967,0.033503139015802576,0.23659103870959827,ZC3H7B,0.9999987608558472,0
EIF4E,0.9999987608558472,0.9969560148707975,-0.05961399140485543,-2.743428727240065,0.03066245746407114,0.2644287246729946,ZC3H8,0.9999987608558472,0
RSL24D1,0.9999987608558472,0.9969818326068314,-0.06253488664248626,-2.7462257191668025,0.030789698155516822,0.2627892611302244,ZCCHC9,0.9999987608558472,0
TMEM67,0.9999987608558472,0.9971350037409572,-0.06664611522348013,-2.7632772100222147,0.03593099851351478,0.2133247607277531,ZDHHC4,0.9999987608558472,0
GPATCH3,0.9999987608558472,0.9972440298612154,-0.06777748627131494,-2.7759226804389354,0.0318361271397972,0.24886301822266738,ZDHHC6,0.9999987608558472,0
ITGA5,0.9999987608558472,0.9975763115902174,-0.06781840440735769,-2.81746085971705,0.03303863753483916,0.23286293691716656,ZDHHC7,0.9999987608558472,0
SND1.IT1,0.9999987608558472,0.9978646148859265,-0.0629708332080818,-2.8579115414586873,0.03435873969264291,0.21670482433659022,ZFP91.CNTF,0.9999987608558472,0
RTFDC1,0.9999987608558472,0.9983076834384638,-0.07222464044568677,-2.930966287104304,0.03755240193450534,0.18365395675039253,ZFR2,0.9999987608558472,0
SRSF6,0.9999987608558472,0.9984762198751704,-0.07134227018944968,-2.963424231003523,0.03826473403196141,0.17539339441296556,ZMAT3,0.9999987608558472,0
SERF1A,0.9999987608558472,0.9986241292384959,-0.06800380017861919,-2.9947307683126634,0.040093524565341335,0.16006113458815174,ZNF208,0.9999987608558472,0
RRP7A,0.9999987608558472,0.9986450434033448,-0.06336275313668885,-2.9994032531070878,0.03927354705885209,0.16507991349989898,ZNF248,0.9999987608558472,0
TCP10,0.9999987608558472,0.9988161262846077,-0.07206955366604574,-3.040313529240463,0.03782115725236683,0.17166165077575402,ZNF318,0.9999987608558472,0
SLC39A8,0.9999987608558472,0.9989849089391893,-0.06958806639568704,-3.0863691220911393,0.04119936108162335,0.14516486696406783,ZNF385A,0.9999987608558472,0
THRB,0.9999987608558472,0.9989996548512625,-0.07089399575797103,-3.0907201537809588,0.039940577370005385,0.15271932873047922,ZNF414,0.9999987608558472,0
BCMO1,0.9999987608558472,0.9990405636595108,-0.08563743247843132,-3.103106697654935,0.04140114521228031,0.14255680812713362,ZNF593,0.9999987608558472,0
ARPC2,0.9999987608558472,0.9991244050395494,-0.08279022813487595,-3.1300866940333676,0.042438941814567824,0.13432560300807084,ZNF639,0.9999987608558472,0
CHMP4C,0.9999987608558472,0.9992042086430117,-0.07318695074477707,-3.15807222455626,0.04159816586542801,0.13697537357148257,ZNF658,0.9999987608558472,0
PKMYT1,0.9999987608558472,0.9995851347403271,-0.07963917449017185,-3.3434185251803243,0.04756800177219172,0.0941018768006065,ZNF664.FAM101A,0.9999987608558472,0
FOXK1,0.9999987608558472,0.9997380039110457,-0.06729785393345043,-3.469000370569204,0.02858757363599696,0.22678872360628655,ZNF76,0.9999987608558472,0
SYNDIG1,0.9999987608558472,0.9997553943950033,-0.0952091714796597,-3.4874259619535914,0.04969038048479663,0.0775191110605828,ZNHIT1,0.9999987608558472,0
USP49,0.9999987608558472,0.99994981445408,-0.09612859876650741,-3.8908293671245797,0.05749237655753282,0.03928045633799865,ZRANB1,0.9999987608558472,0
CDC42SE2,0.9999987608558472,0.9999751221047253,-0.09669384423388605,-4.058053845148767,0.060622956511138644,0.02909227210961707,ZSWIM8.AS1,0.9999987608558472,0
LRPPRC,0.9999987608558472,0.9999906136039557,-0.11061525596221519,-4.280504804847259,0.06982058725111966,0.014577694764911713,ZYG11A,0.9999987608558472,0
AMDHD1,0.9999987608558472,0.9999987608558472,-0.1081543550841036,-4.711885656515952,0.07551628293497036,0.006729999573708086,ZZZ3,0.9999987608558472,0
